participantName,userOpenid,final_rank,final_item_id,questionIndex,item_title,scenarioText,optionA,optionB,optionC,optionD,priorityOption,priorityPair,priorityOptionText,priorityPairText,safeInterviewPrompt,forbiddenDisclosureReminder
教师01,sim_openid_001_867882,1,Q6,6,材料选择无层次,大班上学期，张老师在建构区投放了按图搭建的游戏材料，并提供了不同星级难度的任务卡供幼儿选择，但有的幼儿一上来就选择高难度的三星级任务卡，结果不能顺利完成任务；而有的幼儿始终选择低难度的一星级任务卡。这天，浩浩又连续选择了几张一星级任务卡，很快就完成了任务。,调整任务卡提供方式，在游戏开始前根据幼儿的能力水平有针对性地发放任务卡。,暂不介入，尊重幼儿的自主选择和游戏体验，只要完成任务就是一种经验积累。,调整任务卡呈现方式，如增加“我想挑战”等提示，鼓励幼儿选择不同星级的挑战。,和浩浩回顾已完成的任务，比较不同星级的难度，邀请他选择稍有挑战的任务。,A,B/C,教师A：调整任务卡提供方式，在游戏开始前根据幼儿的能力水平有针对性地发放任务卡。,教师B：暂不介入，尊重幼儿的自主选择和游戏体验，只要完成任务就是一种经验积累。；教师C：调整任务卡呈现方式，如增加“我想挑战”等提示，鼓励幼儿选择不同星级的挑战。,请回忆第6题这个情境。当时的情境是：大班上学期，张老师在建构区投放了按图搭建的游戏材料，并提供了不同星级难度的任务卡供幼儿选择，但有的幼儿一上来就选择高难度的三星级任务卡，结果不能顺利完成任务；而有的幼儿始终选择低难度的一星级任务卡。这天，浩浩又连续选择了几张一星级任务卡，很快就完成了任务。当时提供的做法包括：教师A：调整任务卡提供方式，在游戏开始前根据幼儿的能力水平有针对性地发放任务卡；教师B：暂不介入，尊重幼儿的自主选择和游戏体验，只要完成任务就是一种经验积累；教师C：调整任务卡呈现方式，如增加“我想挑战”等提示，鼓励幼儿选择不同星级的挑战；教师D：和浩浩回顾已完成的任务，比较不同星级的难度，邀请他选择稍有挑战的任务。可以先从这个情境本身追问：浩浩反复选择一星任务卡时，你当时更想尊重他的自主选择，还是推动他尝试更有挑战的任务？；你觉得教师应该怎样判断幼儿是需要安全感、缺少挑战意识，还是任务卡呈现方式本身需要调整？。然后可围绕其作答过程中的重点比较追问：你当时是怎样比较以下两种做法的：教师B：暂不介入，尊重幼儿的自主选择和游戏体验，只要完成任务就是一种经验积累；教师C：调整任务卡呈现方式，如增加“我想挑战”等提示，鼓励幼儿选择不同星级的挑战？如果教师提到调整过顺序，再追问：是什么信息或想法让你改变了当时的排序？请只围绕情境理解、判断依据和选项比较提问，不要提及任何内部计算指标、得分、排名、入选原因或评价性判断。,访谈提醒：本表仅供生成中性访谈提问。访谈时不得向教师透露任何内部计算指标、得分、排名、题目入选原因或评价性判断。
教师01,sim_openid_001_867882,2,Q9,9,飞行棋各走各的,大班区域游戏中，轩轩和小宇一起玩飞行棋，他们将棋子摆好后，各自拿了一个骰子开始投，小宇说：“该我走。”轩轩说：“明明该我走！”相持不下，于是两人各拿一个骰子，自顾自地走自己的棋。,耐心讲解共同游戏的规则，再以“棋手”身份加入游戏进行示范引导。,暂不介入，继续观察游戏进展，待区域小结时请幼儿分享游戏中的体验和问题。,拿走一个骰子，请幼儿商量只有一个骰子的共同游戏规则，达成一致后再开始游戏。,待幼儿体验一轮各走各的游戏后，询问幼儿的游戏体验，提示共同游戏规则的作用。,,B/C,,教师B：暂不介入，继续观察游戏进展，待区域小结时请幼儿分享游戏中的体验和问题。；教师C：拿走一个骰子，请幼儿商量只有一个骰子的共同游戏规则，达成一致后再开始游戏。,请回忆第9题这个情境。当时的情境是：大班区域游戏中，轩轩和小宇一起玩飞行棋，他们将棋子摆好后，各自拿了一个骰子开始投，小宇说：“该我走。”轩轩说：“明明该我走！”相持不下，于是两人各拿一个骰子，自顾自地走自己的棋。当时提供的做法包括：教师A：耐心讲解共同游戏的规则，再以“棋手”身份加入游戏进行示范引导；教师B：暂不介入，继续观察游戏进展，待区域小结时请幼儿分享游戏中的体验和问题；教师C：拿走一个骰子，请幼儿商量只有一个骰子的共同游戏规则，达成一致后再开始游戏；教师D：待幼儿体验一轮各走各的游戏后，询问幼儿的游戏体验，提示共同游戏规则的作用。可以先从这个情境本身追问：两个孩子各走各的棋时，你当时更关注共同游戏规则的建立，还是先让他们体验这种玩法会带来什么问题？；你觉得教师怎样帮助幼儿从各玩各的，过渡到真正的共同游戏？。然后可围绕其作答过程中的重点比较追问：你当时是怎样比较以下两种做法的：教师B：暂不介入，继续观察游戏进展，待区域小结时请幼儿分享游戏中的体验和问题；教师C：拿走一个骰子，请幼儿商量只有一个骰子的共同游戏规则，达成一致后再开始游戏？如果教师提到调整过顺序，再追问：是什么信息或想法让你改变了当时的排序？请只围绕情境理解、判断依据和选项比较提问，不要提及任何内部计算指标、得分、排名、入选原因或评价性判断。,访谈提醒：本表仅供生成中性访谈提问。访谈时不得向教师透露任何内部计算指标、得分、排名、题目入选原因或评价性判断。
教师01,sim_openid_001_867882,3,Q2,2,频繁求助,中班区域活动时，小明选择了建构区。玩了一会儿，他跑到老师面前说“老师，我不会搭……帮帮我吧”，教师问他需要什么帮助时，他一边说我不会搭，一边却很快地将房子从一层积木加高到了两层。看小明专注搭建后，老师就离开建构区了。可是没一会，小明又找了老师好几次，说“老师，帮帮我吧，我不会搭”。,鼓励小明独立搭建，引导他思考接下来如何搭建，及时表扬他的努力。,先示范搭建关键部分，请小明观察方法，再鼓励他照着继续搭建。,在旁观察小明的搭建过程，并适时反馈，帮助他理清搭建步骤。,帮小明回顾已搭建完成的部分，指导他设定小目标，尝试自己实现。,B,A/C,教师B：先示范搭建关键部分，请小明观察方法，再鼓励他照着继续搭建。,教师A：鼓励小明独立搭建，引导他思考接下来如何搭建，及时表扬他的努力。；教师C：在旁观察小明的搭建过程，并适时反馈，帮助他理清搭建步骤。,请回忆第2题这个情境。当时的情境是：中班区域活动时，小明选择了建构区。玩了一会儿，他跑到老师面前说“老师，我不会搭……帮帮我吧”，教师问他需要什么帮助时，他一边说我不会搭，一边却很快地将房子从一层积木加高到了两层。看小明专注搭建后，老师就离开建构区了。可是没一会，小明又找了老师好几次，说“老师，帮帮我吧，我不会搭”。当时提供的做法包括：教师A：鼓励小明独立搭建，引导他思考接下来如何搭建，及时表扬他的努力；教师B：先示范搭建关键部分，请小明观察方法，再鼓励他照着继续搭建；教师C：在旁观察小明的搭建过程，并适时反馈，帮助他理清搭建步骤；教师D：帮小明回顾已搭建完成的部分，指导他设定小目标，尝试自己实现。可以先从这个情境本身追问：小明一边说不会搭，一边又能继续加高房子，你当时怎样判断他真正需要的帮助是什么？；面对幼儿反复求助，你觉得教师怎样支持，既不替代幼儿完成，又能帮助他继续推进游戏？。然后可围绕其作答过程中的重点比较追问：你当时是怎样比较以下两种做法的：教师A：鼓励小明独立搭建，引导他思考接下来如何搭建，及时表扬他的努力；教师C：在旁观察小明的搭建过程，并适时反馈，帮助他理清搭建步骤？如果教师提到调整过顺序，再追问：是什么信息或想法让你改变了当时的排序？请只围绕情境理解、判断依据和选项比较提问，不要提及任何内部计算指标、得分、排名、入选原因或评价性判断。,访谈提醒：本表仅供生成中性访谈提问。访谈时不得向教师透露任何内部计算指标、得分、排名、题目入选原因或评价性判断。
教师02,sim_openid_002_963914,1,Q1,1,篮球架玩水,操场上新安装了一些篮球架，幼儿经常在这里投篮。某天户外活动时，几名幼儿带着画笔和水桶来到这里，他们先是快乐地粉刷篮球架，之后开始往篮框里灌水，有的从上面灌，有的在下面接，忙的不亦乐乎，俨然这里成为了玩水的场地。,看到幼儿玩得很开心，不干预他们的玩水行为，待兴趣减弱后再讨论玩水的适宜性。,表扬幼儿的新发现，并询问在篮球架旁玩水是否合适，提议幼儿可以换个地方玩水。,参与到幼儿的“粉刷”游戏中，逐步引导幼儿到适宜玩水的地方继续开展游戏。,提醒幼儿篮球架是用于开展运动的，与其他幼儿一起召唤他们打篮球，转移他们的关注点。,B,B/C,教师B：表扬幼儿的新发现，并询问在篮球架旁玩水是否合适，提议幼儿可以换个地方玩水。,教师B：表扬幼儿的新发现，并询问在篮球架旁玩水是否合适，提议幼儿可以换个地方玩水。；教师C：参与到幼儿的“粉刷”游戏中，逐步引导幼儿到适宜玩水的地方继续开展游戏。,请回忆第1题这个情境。当时的情境是：操场上新安装了一些篮球架，幼儿经常在这里投篮。某天户外活动时，几名幼儿带着画笔和水桶来到这里，他们先是快乐地粉刷篮球架，之后开始往篮框里灌水，有的从上面灌，有的在下面接，忙的不亦乐乎，俨然这里成为了玩水的场地。当时提供的做法包括：教师A：看到幼儿玩得很开心，不干预他们的玩水行为，待兴趣减弱后再讨论玩水的适宜性；教师B：表扬幼儿的新发现，并询问在篮球架旁玩水是否合适，提议幼儿可以换个地方玩水；教师C：参与到幼儿的“粉刷”游戏中，逐步引导幼儿到适宜玩水的地方继续开展游戏；教师D：提醒幼儿篮球架是用于开展运动的，与其他幼儿一起召唤他们打篮球，转移他们的关注点。可以先从这个情境本身追问：这个情境里，孩子把篮球架变成玩水场地，你当时更关注他们的游戏兴趣、器械用途，还是安全与场地适宜性？；如果既想保护孩子的探索兴趣，又要回应篮球架原本的运动功能，你觉得教师可以怎样衔接？。然后可围绕其作答过程中的重点比较追问：你当时是怎样比较以下两种做法的：教师B：表扬幼儿的新发现，并询问在篮球架旁玩水是否合适，提议幼儿可以换个地方玩水；教师C：参与到幼儿的“粉刷”游戏中，逐步引导幼儿到适宜玩水的地方继续开展游戏？如果教师提到调整过顺序，再追问：是什么信息或想法让你改变了当时的排序？请只围绕情境理解、判断依据和选项比较提问，不要提及任何内部计算指标、得分、排名、入选原因或评价性判断。,访谈提醒：本表仅供生成中性访谈提问。访谈时不得向教师透露任何内部计算指标、得分、排名、题目入选原因或评价性判断。
教师02,sim_openid_002_963914,2,Q4,4,未参与小组建构,大班建构活动中，睿睿和其他幼儿计划一起搭积木大桥，他们讨论了搭建方法，并进入区域开始搭建。就在其他幼儿在认真搭建时，睿睿发现了一块长条木板，他一会儿在地上推着走，一会儿当枪使，没有再参与小组的搭建。,继续观察，后续分享中支持睿睿思考如何把长条木板融入小组的建构中。,肯定睿睿的创造性玩法，询问他长条板能否当桥面，引导他参与到搭桥任务中。,引导睿睿回顾计划，建议他先完成共同任务，长条木板可以等自由游戏时再玩。,看到睿睿玩得开心，暂不介入，等下一次活动时再提醒他根据计划开展游戏。,B,B/C,教师B：肯定睿睿的创造性玩法，询问他长条板能否当桥面，引导他参与到搭桥任务中。,教师B：肯定睿睿的创造性玩法，询问他长条板能否当桥面，引导他参与到搭桥任务中。；教师C：引导睿睿回顾计划，建议他先完成共同任务，长条木板可以等自由游戏时再玩。,请回忆第4题这个情境。当时的情境是：大班建构活动中，睿睿和其他幼儿计划一起搭积木大桥，他们讨论了搭建方法，并进入区域开始搭建。就在其他幼儿在认真搭建时，睿睿发现了一块长条木板，他一会儿在地上推着走，一会儿当枪使，没有再参与小组的搭建。当时提供的做法包括：教师A：继续观察，后续分享中支持睿睿思考如何把长条木板融入小组的建构中；教师B：肯定睿睿的创造性玩法，询问他长条板能否当桥面，引导他参与到搭桥任务中；教师C：引导睿睿回顾计划，建议他先完成共同任务，长条木板可以等自由游戏时再玩；教师D：看到睿睿玩得开心，暂不介入，等下一次活动时再提醒他根据计划开展游戏。可以先从这个情境本身追问：睿睿离开了原来的搭桥计划去玩长条木板，你当时怎样理解他的行为：是偏离共同任务，还是出现了新的游戏线索？；面对共同建构计划和幼儿临时兴趣之间的变化，你觉得教师什么时候应该介入，什么时候可以继续观察？。然后可围绕其作答过程中的重点比较追问：你当时是怎样比较以下两种做法的：教师B：肯定睿睿的创造性玩法，询问他长条板能否当桥面，引导他参与到搭桥任务中；教师C：引导睿睿回顾计划，建议他先完成共同任务，长条木板可以等自由游戏时再玩？如果教师提到调整过顺序，再追问：是什么信息或想法让你改变了当时的排序？请只围绕情境理解、判断依据和选项比较提问，不要提及任何内部计算指标、得分、排名、入选原因或评价性判断。,访谈提醒：本表仅供生成中性访谈提问。访谈时不得向教师透露任何内部计算指标、得分、排名、题目入选原因或评价性判断。
教师02,sim_openid_002_963914,3,Q9,9,飞行棋各走各的,大班区域游戏中，轩轩和小宇一起玩飞行棋，他们将棋子摆好后，各自拿了一个骰子开始投，小宇说：“该我走。”轩轩说：“明明该我走！”相持不下，于是两人各拿一个骰子，自顾自地走自己的棋。,耐心讲解共同游戏的规则，再以“棋手”身份加入游戏进行示范引导。,暂不介入，继续观察游戏进展，待区域小结时请幼儿分享游戏中的体验和问题。,拿走一个骰子，请幼儿商量只有一个骰子的共同游戏规则，达成一致后再开始游戏。,待幼儿体验一轮各走各的游戏后，询问幼儿的游戏体验，提示共同游戏规则的作用。,C,A/B,教师C：拿走一个骰子，请幼儿商量只有一个骰子的共同游戏规则，达成一致后再开始游戏。,教师A：耐心讲解共同游戏的规则，再以“棋手”身份加入游戏进行示范引导。；教师B：暂不介入，继续观察游戏进展，待区域小结时请幼儿分享游戏中的体验和问题。,请回忆第9题这个情境。当时的情境是：大班区域游戏中，轩轩和小宇一起玩飞行棋，他们将棋子摆好后，各自拿了一个骰子开始投，小宇说：“该我走。”轩轩说：“明明该我走！”相持不下，于是两人各拿一个骰子，自顾自地走自己的棋。当时提供的做法包括：教师A：耐心讲解共同游戏的规则，再以“棋手”身份加入游戏进行示范引导；教师B：暂不介入，继续观察游戏进展，待区域小结时请幼儿分享游戏中的体验和问题；教师C：拿走一个骰子，请幼儿商量只有一个骰子的共同游戏规则，达成一致后再开始游戏；教师D：待幼儿体验一轮各走各的游戏后，询问幼儿的游戏体验，提示共同游戏规则的作用。可以先从这个情境本身追问：两个孩子各走各的棋时，你当时更关注共同游戏规则的建立，还是先让他们体验这种玩法会带来什么问题？；你觉得教师怎样帮助幼儿从各玩各的，过渡到真正的共同游戏？。然后可围绕其作答过程中的重点比较追问：你当时是怎样比较以下两种做法的：教师A：耐心讲解共同游戏的规则，再以“棋手”身份加入游戏进行示范引导；教师B：暂不介入，继续观察游戏进展，待区域小结时请幼儿分享游戏中的体验和问题？如果教师提到调整过顺序，再追问：是什么信息或想法让你改变了当时的排序？请只围绕情境理解、判断依据和选项比较提问，不要提及任何内部计算指标、得分、排名、入选原因或评价性判断。,访谈提醒：本表仅供生成中性访谈提问。访谈时不得向教师透露任何内部计算指标、得分、排名、题目入选原因或评价性判断。
教师03,sim_openid_003_147733,1,Q7,7,艾莎公主不运动,小班的一次户外运动，有几个女孩子从一开始就没有选择任何体育活动项目，而是聚在一起坐在地上玩“艾莎公主”的游戏，比一比谁的鞋子最漂亮，谁的魔法最厉害。,询问幼儿没有参与运动的原因，提供丰富的活动材料吸引幼儿参与运动活动。,提醒幼儿现在是运动时间，请他们等自由游戏时间再一起玩“艾莎公主”的游戏。,利用艾莎公主的鞋子设计走、跑、跳等活动，并以参与者的身份邀请幼儿一起参与运动。,肯定幼儿自主游戏的行为，言语引导幼儿穿着“漂亮的鞋子”参与运动。,A,B/C,教师A：询问幼儿没有参与运动的原因，提供丰富的活动材料吸引幼儿参与运动活动。,教师B：提醒幼儿现在是运动时间，请他们等自由游戏时间再一起玩“艾莎公主”的游戏。；教师C：利用艾莎公主的鞋子设计走、跑、跳等活动，并以参与者的身份邀请幼儿一起参与运动。,请回忆第7题这个情境。当时的情境是：小班的一次户外运动，有几个女孩子从一开始就没有选择任何体育活动项目，而是聚在一起坐在地上玩“艾莎公主”的游戏，比一比谁的鞋子最漂亮，谁的魔法最厉害。当时提供的做法包括：教师A：询问幼儿没有参与运动的原因，提供丰富的活动材料吸引幼儿参与运动活动；教师B：提醒幼儿现在是运动时间，请他们等自由游戏时间再一起玩“艾莎公主”的游戏；教师C：利用艾莎公主的鞋子设计走、跑、跳等活动，并以参与者的身份邀请幼儿一起参与运动；教师D：肯定幼儿自主游戏的行为，言语引导幼儿穿着“漂亮的鞋子”参与运动。可以先从这个情境本身追问：几个女孩在户外运动时间玩艾莎公主时，你当时更关注运动目标，还是关注她们正在生成的角色游戏兴趣？；如果要把艾莎公主游戏和运动活动连接起来，你觉得教师可以怎样做才不显得生硬？。然后可围绕其作答过程中的重点比较追问：你当时是怎样比较以下两种做法的：教师B：提醒幼儿现在是运动时间，请他们等自由游戏时间再一起玩“艾莎公主”的游戏；教师C：利用艾莎公主的鞋子设计走、跑、跳等活动，并以参与者的身份邀请幼儿一起参与运动？如果教师提到调整过顺序，再追问：是什么信息或想法让你改变了当时的排序？请只围绕情境理解、判断依据和选项比较提问，不要提及任何内部计算指标、得分、排名、入选原因或评价性判断。,访谈提醒：本表仅供生成中性访谈提问。访谈时不得向教师透露任何内部计算指标、得分、排名、题目入选原因或评价性判断。
教师03,sim_openid_003_147733,2,Q5,5,消防员救火开心,近几天，中班的幼儿十分热衷于在区域游戏时间玩“消防员救火”的游戏。游戏结束后的交流活动中，老师问幼儿最想分享什么时，阳阳说“娃娃家着火了，好开心啊！”。,抓住教育契机，向幼儿耐心解释真实的火灾会造成物品损失和人员伤亡。,询问幼儿开心的是“着火”本身，还是消防员成功救火、娃娃家的人得救？,引导幼儿思考“娃娃家着火”值不值得开心，帮助他们认识真实火灾是危险的。,请阳阳讲讲娃娃家着火后发生了什么、为什么开心，借此理解幼儿的游戏体验。,C,A/B,教师C：引导幼儿思考“娃娃家着火”值不值得开心，帮助他们认识真实火灾是危险的。,教师A：抓住教育契机，向幼儿耐心解释真实的火灾会造成物品损失和人员伤亡。；教师B：询问幼儿开心的是“着火”本身，还是消防员成功救火、娃娃家的人得救？,请回忆第5题这个情境。当时的情境是：近几天，中班的幼儿十分热衷于在区域游戏时间玩“消防员救火”的游戏。游戏结束后的交流活动中，老师问幼儿最想分享什么时，阳阳说“娃娃家着火了，好开心啊！”。当时提供的做法包括：教师A：抓住教育契机，向幼儿耐心解释真实的火灾会造成物品损失和人员伤亡；教师B：询问幼儿开心的是“着火”本身，还是消防员成功救火、娃娃家的人得救；教师C：引导幼儿思考“娃娃家着火”值不值得开心，帮助他们认识真实火灾是危险的；教师D：请阳阳讲讲娃娃家着火后发生了什么、为什么开心，借此理解幼儿的游戏体验。可以先从这个情境本身追问：阳阳说娃娃家着火了很开心时，你当时更关注真实火灾的危险教育，还是先理解他在游戏里的开心来自哪里？；你觉得教师怎样回应，既不否定幼儿的游戏体验，又能引导他们理解真实火灾的意义？。然后可围绕其作答过程中的重点比较追问：你当时是怎样比较以下两种做法的：教师A：抓住教育契机，向幼儿耐心解释真实的火灾会造成物品损失和人员伤亡；教师B：询问幼儿开心的是“着火”本身，还是消防员成功救火、娃娃家的人得救？如果教师提到调整过顺序，再追问：是什么信息或想法让你改变了当时的排序？请只围绕情境理解、判断依据和选项比较提问，不要提及任何内部计算指标、得分、排名、入选原因或评价性判断。,访谈提醒：本表仅供生成中性访谈提问。访谈时不得向教师透露任何内部计算指标、得分、排名、题目入选原因或评价性判断。
教师03,sim_openid_003_147733,3,Q4,4,未参与小组建构,大班建构活动中，睿睿和其他幼儿计划一起搭积木大桥，他们讨论了搭建方法，并进入区域开始搭建。就在其他幼儿在认真搭建时，睿睿发现了一块长条木板，他一会儿在地上推着走，一会儿当枪使，没有再参与小组的搭建。,继续观察，后续分享中支持睿睿思考如何把长条木板融入小组的建构中。,肯定睿睿的创造性玩法，询问他长条板能否当桥面，引导他参与到搭桥任务中。,引导睿睿回顾计划，建议他先完成共同任务，长条木板可以等自由游戏时再玩。,看到睿睿玩得开心，暂不介入，等下一次活动时再提醒他根据计划开展游戏。,A,A/B,教师A：继续观察，后续分享中支持睿睿思考如何把长条木板融入小组的建构中。,教师A：继续观察，后续分享中支持睿睿思考如何把长条木板融入小组的建构中。；教师B：肯定睿睿的创造性玩法，询问他长条板能否当桥面，引导他参与到搭桥任务中。,请回忆第4题这个情境。当时的情境是：大班建构活动中，睿睿和其他幼儿计划一起搭积木大桥，他们讨论了搭建方法，并进入区域开始搭建。就在其他幼儿在认真搭建时，睿睿发现了一块长条木板，他一会儿在地上推着走，一会儿当枪使，没有再参与小组的搭建。当时提供的做法包括：教师A：继续观察，后续分享中支持睿睿思考如何把长条木板融入小组的建构中；教师B：肯定睿睿的创造性玩法，询问他长条板能否当桥面，引导他参与到搭桥任务中；教师C：引导睿睿回顾计划，建议他先完成共同任务，长条木板可以等自由游戏时再玩；教师D：看到睿睿玩得开心，暂不介入，等下一次活动时再提醒他根据计划开展游戏。可以先从这个情境本身追问：睿睿离开了原来的搭桥计划去玩长条木板，你当时怎样理解他的行为：是偏离共同任务，还是出现了新的游戏线索？；面对共同建构计划和幼儿临时兴趣之间的变化，你觉得教师什么时候应该介入，什么时候可以继续观察？。然后可围绕其作答过程中的重点比较追问：你当时是怎样比较以下两种做法的：教师A：继续观察，后续分享中支持睿睿思考如何把长条木板融入小组的建构中；教师B：肯定睿睿的创造性玩法，询问他长条板能否当桥面，引导他参与到搭桥任务中？如果教师提到调整过顺序，再追问：是什么信息或想法让你改变了当时的排序？请只围绕情境理解、判断依据和选项比较提问，不要提及任何内部计算指标、得分、排名、入选原因或评价性判断。,访谈提醒：本表仅供生成中性访谈提问。访谈时不得向教师透露任何内部计算指标、得分、排名、题目入选原因或评价性判断。
教师04,sim_openid_004_774211,1,Q8,8,引水难题未解,中班上学期，幼儿在“引水游戏”中遇到了难题——水无法被引到竹片管道上。他们不断调整竹片拼接的方式，却始终没能成功，即竹片一头高于出水管道，阻碍了引流。渐渐地幼儿的探索兴趣也减弱了，有的开始玩水，有的甚至离开了水池。,示范正确的引水方法，请幼儿注意观察并说说引水的要领，再自己试一试。,加入幼儿的探索，引导他们观察水流受阻的位置，一起尝试调整竹片的摆放方式。,组织幼儿就游戏困难进行讨论，寻找解决问题的方案，引导幼儿再次尝试。,投放更多辅助引水的材料，重新激起幼儿的探索兴趣，继续观察游戏进展。,D,B/C,教师D：投放更多辅助引水的材料，重新激起幼儿的探索兴趣，继续观察游戏进展。,教师B：加入幼儿的探索，引导他们观察水流受阻的位置，一起尝试调整竹片的摆放方式。；教师C：组织幼儿就游戏困难进行讨论，寻找解决问题的方案，引导幼儿再次尝试。,请回忆第8题这个情境。当时的情境是：中班上学期，幼儿在“引水游戏”中遇到了难题——水无法被引到竹片管道上。他们不断调整竹片拼接的方式，却始终没能成功，即竹片一头高于出水管道，阻碍了引流。渐渐地幼儿的探索兴趣也减弱了，有的开始玩水，有的甚至离开了水池。当时提供的做法包括：教师A：示范正确的引水方法，请幼儿注意观察并说说引水的要领，再自己试一试；教师B：加入幼儿的探索，引导他们观察水流受阻的位置，一起尝试调整竹片的摆放方式；教师C：组织幼儿就游戏困难进行讨论，寻找解决问题的方案，引导幼儿再次尝试；教师D：投放更多辅助引水的材料，重新激起幼儿的探索兴趣，继续观察游戏进展。可以先从这个情境本身追问：孩子们引水失败、兴趣减弱时，你当时更倾向于直接示范方法，还是继续支持他们自己发现水流受阻的原因？；你觉得教师怎样提供支架，既能帮助问题解决，又保留幼儿继续探究的空间？。然后可围绕其作答过程中的重点比较追问：你当时是怎样比较以下两种做法的：教师B：加入幼儿的探索，引导他们观察水流受阻的位置，一起尝试调整竹片的摆放方式；教师C：组织幼儿就游戏困难进行讨论，寻找解决问题的方案，引导幼儿再次尝试？如果教师提到调整过顺序，再追问：是什么信息或想法让你改变了当时的排序？请只围绕情境理解、判断依据和选项比较提问，不要提及任何内部计算指标、得分、排名、入选原因或评价性判断。,访谈提醒：本表仅供生成中性访谈提问。访谈时不得向教师透露任何内部计算指标、得分、排名、题目入选原因或评价性判断。
教师04,sim_openid_004_774211,2,Q4,4,未参与小组建构,大班建构活动中，睿睿和其他幼儿计划一起搭积木大桥，他们讨论了搭建方法，并进入区域开始搭建。就在其他幼儿在认真搭建时，睿睿发现了一块长条木板，他一会儿在地上推着走，一会儿当枪使，没有再参与小组的搭建。,继续观察，后续分享中支持睿睿思考如何把长条木板融入小组的建构中。,肯定睿睿的创造性玩法，询问他长条板能否当桥面，引导他参与到搭桥任务中。,引导睿睿回顾计划，建议他先完成共同任务，长条木板可以等自由游戏时再玩。,看到睿睿玩得开心，暂不介入，等下一次活动时再提醒他根据计划开展游戏。,C,C/D,教师C：引导睿睿回顾计划，建议他先完成共同任务，长条木板可以等自由游戏时再玩。,教师C：引导睿睿回顾计划，建议他先完成共同任务，长条木板可以等自由游戏时再玩。；教师D：看到睿睿玩得开心，暂不介入，等下一次活动时再提醒他根据计划开展游戏。,请回忆第4题这个情境。当时的情境是：大班建构活动中，睿睿和其他幼儿计划一起搭积木大桥，他们讨论了搭建方法，并进入区域开始搭建。就在其他幼儿在认真搭建时，睿睿发现了一块长条木板，他一会儿在地上推着走，一会儿当枪使，没有再参与小组的搭建。当时提供的做法包括：教师A：继续观察，后续分享中支持睿睿思考如何把长条木板融入小组的建构中；教师B：肯定睿睿的创造性玩法，询问他长条板能否当桥面，引导他参与到搭桥任务中；教师C：引导睿睿回顾计划，建议他先完成共同任务，长条木板可以等自由游戏时再玩；教师D：看到睿睿玩得开心，暂不介入，等下一次活动时再提醒他根据计划开展游戏。可以先从这个情境本身追问：睿睿离开了原来的搭桥计划去玩长条木板，你当时怎样理解他的行为：是偏离共同任务，还是出现了新的游戏线索？；面对共同建构计划和幼儿临时兴趣之间的变化，你觉得教师什么时候应该介入，什么时候可以继续观察？。然后可围绕其作答过程中的重点比较追问：你当时是怎样比较以下两种做法的：教师C：引导睿睿回顾计划，建议他先完成共同任务，长条木板可以等自由游戏时再玩；教师D：看到睿睿玩得开心，暂不介入，等下一次活动时再提醒他根据计划开展游戏？如果教师提到调整过顺序，再追问：是什么信息或想法让你改变了当时的排序？请只围绕情境理解、判断依据和选项比较提问，不要提及任何内部计算指标、得分、排名、入选原因或评价性判断。,访谈提醒：本表仅供生成中性访谈提问。访谈时不得向教师透露任何内部计算指标、得分、排名、题目入选原因或评价性判断。
教师04,sim_openid_004_774211,3,Q9,9,飞行棋各走各的,大班区域游戏中，轩轩和小宇一起玩飞行棋，他们将棋子摆好后，各自拿了一个骰子开始投，小宇说：“该我走。”轩轩说：“明明该我走！”相持不下，于是两人各拿一个骰子，自顾自地走自己的棋。,耐心讲解共同游戏的规则，再以“棋手”身份加入游戏进行示范引导。,暂不介入，继续观察游戏进展，待区域小结时请幼儿分享游戏中的体验和问题。,拿走一个骰子，请幼儿商量只有一个骰子的共同游戏规则，达成一致后再开始游戏。,待幼儿体验一轮各走各的游戏后，询问幼儿的游戏体验，提示共同游戏规则的作用。,A,B/C,教师A：耐心讲解共同游戏的规则，再以“棋手”身份加入游戏进行示范引导。,教师B：暂不介入，继续观察游戏进展，待区域小结时请幼儿分享游戏中的体验和问题。；教师C：拿走一个骰子，请幼儿商量只有一个骰子的共同游戏规则，达成一致后再开始游戏。,请回忆第9题这个情境。当时的情境是：大班区域游戏中，轩轩和小宇一起玩飞行棋，他们将棋子摆好后，各自拿了一个骰子开始投，小宇说：“该我走。”轩轩说：“明明该我走！”相持不下，于是两人各拿一个骰子，自顾自地走自己的棋。当时提供的做法包括：教师A：耐心讲解共同游戏的规则，再以“棋手”身份加入游戏进行示范引导；教师B：暂不介入，继续观察游戏进展，待区域小结时请幼儿分享游戏中的体验和问题；教师C：拿走一个骰子，请幼儿商量只有一个骰子的共同游戏规则，达成一致后再开始游戏；教师D：待幼儿体验一轮各走各的游戏后，询问幼儿的游戏体验，提示共同游戏规则的作用。可以先从这个情境本身追问：两个孩子各走各的棋时，你当时更关注共同游戏规则的建立，还是先让他们体验这种玩法会带来什么问题？；你觉得教师怎样帮助幼儿从各玩各的，过渡到真正的共同游戏？。然后可围绕其作答过程中的重点比较追问：你当时是怎样比较以下两种做法的：教师B：暂不介入，继续观察游戏进展，待区域小结时请幼儿分享游戏中的体验和问题；教师C：拿走一个骰子，请幼儿商量只有一个骰子的共同游戏规则，达成一致后再开始游戏？如果教师提到调整过顺序，再追问：是什么信息或想法让你改变了当时的排序？请只围绕情境理解、判断依据和选项比较提问，不要提及任何内部计算指标、得分、排名、入选原因或评价性判断。,访谈提醒：本表仅供生成中性访谈提问。访谈时不得向教师透露任何内部计算指标、得分、排名、题目入选原因或评价性判断。
教师05,sim_openid_005_597917,1,Q2,2,频繁求助,中班区域活动时，小明选择了建构区。玩了一会儿，他跑到老师面前说“老师，我不会搭……帮帮我吧”，教师问他需要什么帮助时，他一边说我不会搭，一边却很快地将房子从一层积木加高到了两层。看小明专注搭建后，老师就离开建构区了。可是没一会，小明又找了老师好几次，说“老师，帮帮我吧，我不会搭”。,鼓励小明独立搭建，引导他思考接下来如何搭建，及时表扬他的努力。,先示范搭建关键部分，请小明观察方法，再鼓励他照着继续搭建。,在旁观察小明的搭建过程，并适时反馈，帮助他理清搭建步骤。,帮小明回顾已搭建完成的部分，指导他设定小目标，尝试自己实现。,B,B/C,教师B：先示范搭建关键部分，请小明观察方法，再鼓励他照着继续搭建。,教师B：先示范搭建关键部分，请小明观察方法，再鼓励他照着继续搭建。；教师C：在旁观察小明的搭建过程，并适时反馈，帮助他理清搭建步骤。,请回忆第2题这个情境。当时的情境是：中班区域活动时，小明选择了建构区。玩了一会儿，他跑到老师面前说“老师，我不会搭……帮帮我吧”，教师问他需要什么帮助时，他一边说我不会搭，一边却很快地将房子从一层积木加高到了两层。看小明专注搭建后，老师就离开建构区了。可是没一会，小明又找了老师好几次，说“老师，帮帮我吧，我不会搭”。当时提供的做法包括：教师A：鼓励小明独立搭建，引导他思考接下来如何搭建，及时表扬他的努力；教师B：先示范搭建关键部分，请小明观察方法，再鼓励他照着继续搭建；教师C：在旁观察小明的搭建过程，并适时反馈，帮助他理清搭建步骤；教师D：帮小明回顾已搭建完成的部分，指导他设定小目标，尝试自己实现。可以先从这个情境本身追问：小明一边说不会搭，一边又能继续加高房子，你当时怎样判断他真正需要的帮助是什么？；面对幼儿反复求助，你觉得教师怎样支持，既不替代幼儿完成，又能帮助他继续推进游戏？。然后可围绕其作答过程中的重点比较追问：你当时是怎样比较以下两种做法的：教师B：先示范搭建关键部分，请小明观察方法，再鼓励他照着继续搭建；教师C：在旁观察小明的搭建过程，并适时反馈，帮助他理清搭建步骤？如果教师提到调整过顺序，再追问：是什么信息或想法让你改变了当时的排序？请只围绕情境理解、判断依据和选项比较提问，不要提及任何内部计算指标、得分、排名、入选原因或评价性判断。,访谈提醒：本表仅供生成中性访谈提问。访谈时不得向教师透露任何内部计算指标、得分、排名、题目入选原因或评价性判断。
教师05,sim_openid_005_597917,2,Q10,10,跳绳秩序混乱,周三下午，大五班的幼儿正自发进行跳绳游戏。李老师观察后发现，挤在一起跳绳的幼儿人数较多，整个场面十分混乱，幼儿很容易出现碰撞现象。此外，由于当“柱子”的幼儿很久才能轮上跳绳，因此也显得很不耐烦。,请幼儿暂停游戏，将幼儿分成多个小组并引导他们以小组为单位分区域开展游戏。,请幼儿说一说跳绳活动中存在的问题，并邀请幼儿一起设置跳绳的规则。,提供更多数量和不同种类的跳绳，并言语引导幼儿分组分区同时进行跳绳游戏。,暂不介入，活动分享时通过照片或视频回放引导幼儿发现问题并商议解决办法。,,,,,请回忆第10题这个情境。当时的情境是：周三下午，大五班的幼儿正自发进行跳绳游戏。李老师观察后发现，挤在一起跳绳的幼儿人数较多，整个场面十分混乱，幼儿很容易出现碰撞现象。此外，由于当“柱子”的幼儿很久才能轮上跳绳，因此也显得很不耐烦。当时提供的做法包括：教师A：请幼儿暂停游戏，将幼儿分成多个小组并引导他们以小组为单位分区域开展游戏；教师B：请幼儿说一说跳绳活动中存在的问题，并邀请幼儿一起设置跳绳的规则；教师C：提供更多数量和不同种类的跳绳，并言语引导幼儿分组分区同时进行跳绳游戏；教师D：暂不介入，活动分享时通过照片或视频回放引导幼儿发现问题并商议解决办法。可以先从这个情境本身追问：跳绳现场混乱且可能碰撞时，你当时更倾向于立即组织秩序，还是先让幼儿自己发现问题？；在安全风险和幼儿自主制定规则之间，你觉得教师应该怎样把握介入时机？。然后可追问：你当时主要依据什么来排列这些做法？如果教师提到调整过顺序，再追问：是什么信息或想法让你改变了当时的排序？请只围绕情境理解、判断依据和选项比较提问，不要提及任何内部计算指标、得分、排名、入选原因或评价性判断。,访谈提醒：本表仅供生成中性访谈提问。访谈时不得向教师透露任何内部计算指标、得分、排名、题目入选原因或评价性判断。
教师05,sim_openid_005_597917,3,Q9,9,飞行棋各走各的,大班区域游戏中，轩轩和小宇一起玩飞行棋，他们将棋子摆好后，各自拿了一个骰子开始投，小宇说：“该我走。”轩轩说：“明明该我走！”相持不下，于是两人各拿一个骰子，自顾自地走自己的棋。,耐心讲解共同游戏的规则，再以“棋手”身份加入游戏进行示范引导。,暂不介入，继续观察游戏进展，待区域小结时请幼儿分享游戏中的体验和问题。,拿走一个骰子，请幼儿商量只有一个骰子的共同游戏规则，达成一致后再开始游戏。,待幼儿体验一轮各走各的游戏后，询问幼儿的游戏体验，提示共同游戏规则的作用。,B,B/C,教师B：暂不介入，继续观察游戏进展，待区域小结时请幼儿分享游戏中的体验和问题。,教师B：暂不介入，继续观察游戏进展，待区域小结时请幼儿分享游戏中的体验和问题。；教师C：拿走一个骰子，请幼儿商量只有一个骰子的共同游戏规则，达成一致后再开始游戏。,请回忆第9题这个情境。当时的情境是：大班区域游戏中，轩轩和小宇一起玩飞行棋，他们将棋子摆好后，各自拿了一个骰子开始投，小宇说：“该我走。”轩轩说：“明明该我走！”相持不下，于是两人各拿一个骰子，自顾自地走自己的棋。当时提供的做法包括：教师A：耐心讲解共同游戏的规则，再以“棋手”身份加入游戏进行示范引导；教师B：暂不介入，继续观察游戏进展，待区域小结时请幼儿分享游戏中的体验和问题；教师C：拿走一个骰子，请幼儿商量只有一个骰子的共同游戏规则，达成一致后再开始游戏；教师D：待幼儿体验一轮各走各的游戏后，询问幼儿的游戏体验，提示共同游戏规则的作用。可以先从这个情境本身追问：两个孩子各走各的棋时，你当时更关注共同游戏规则的建立，还是先让他们体验这种玩法会带来什么问题？；你觉得教师怎样帮助幼儿从各玩各的，过渡到真正的共同游戏？。然后可围绕其作答过程中的重点比较追问：你当时是怎样比较以下两种做法的：教师B：暂不介入，继续观察游戏进展，待区域小结时请幼儿分享游戏中的体验和问题；教师C：拿走一个骰子，请幼儿商量只有一个骰子的共同游戏规则，达成一致后再开始游戏？如果教师提到调整过顺序，再追问：是什么信息或想法让你改变了当时的排序？请只围绕情境理解、判断依据和选项比较提问，不要提及任何内部计算指标、得分、排名、入选原因或评价性判断。,访谈提醒：本表仅供生成中性访谈提问。访谈时不得向教师透露任何内部计算指标、得分、排名、题目入选原因或评价性判断。
教师06,sim_openid_006_270790,1,Q4,4,未参与小组建构,大班建构活动中，睿睿和其他幼儿计划一起搭积木大桥，他们讨论了搭建方法，并进入区域开始搭建。就在其他幼儿在认真搭建时，睿睿发现了一块长条木板，他一会儿在地上推着走，一会儿当枪使，没有再参与小组的搭建。,继续观察，后续分享中支持睿睿思考如何把长条木板融入小组的建构中。,肯定睿睿的创造性玩法，询问他长条板能否当桥面，引导他参与到搭桥任务中。,引导睿睿回顾计划，建议他先完成共同任务，长条木板可以等自由游戏时再玩。,看到睿睿玩得开心，暂不介入，等下一次活动时再提醒他根据计划开展游戏。,A,C/D,教师A：继续观察，后续分享中支持睿睿思考如何把长条木板融入小组的建构中。,教师C：引导睿睿回顾计划，建议他先完成共同任务，长条木板可以等自由游戏时再玩。；教师D：看到睿睿玩得开心，暂不介入，等下一次活动时再提醒他根据计划开展游戏。,请回忆第4题这个情境。当时的情境是：大班建构活动中，睿睿和其他幼儿计划一起搭积木大桥，他们讨论了搭建方法，并进入区域开始搭建。就在其他幼儿在认真搭建时，睿睿发现了一块长条木板，他一会儿在地上推着走，一会儿当枪使，没有再参与小组的搭建。当时提供的做法包括：教师A：继续观察，后续分享中支持睿睿思考如何把长条木板融入小组的建构中；教师B：肯定睿睿的创造性玩法，询问他长条板能否当桥面，引导他参与到搭桥任务中；教师C：引导睿睿回顾计划，建议他先完成共同任务，长条木板可以等自由游戏时再玩；教师D：看到睿睿玩得开心，暂不介入，等下一次活动时再提醒他根据计划开展游戏。可以先从这个情境本身追问：睿睿离开了原来的搭桥计划去玩长条木板，你当时怎样理解他的行为：是偏离共同任务，还是出现了新的游戏线索？；面对共同建构计划和幼儿临时兴趣之间的变化，你觉得教师什么时候应该介入，什么时候可以继续观察？。然后可围绕其作答过程中的重点比较追问：你当时是怎样比较以下两种做法的：教师C：引导睿睿回顾计划，建议他先完成共同任务，长条木板可以等自由游戏时再玩；教师D：看到睿睿玩得开心，暂不介入，等下一次活动时再提醒他根据计划开展游戏？如果教师提到调整过顺序，再追问：是什么信息或想法让你改变了当时的排序？请只围绕情境理解、判断依据和选项比较提问，不要提及任何内部计算指标、得分、排名、入选原因或评价性判断。,访谈提醒：本表仅供生成中性访谈提问。访谈时不得向教师透露任何内部计算指标、得分、排名、题目入选原因或评价性判断。
教师06,sim_openid_006_270790,2,Q8,8,引水难题未解,中班上学期，幼儿在“引水游戏”中遇到了难题——水无法被引到竹片管道上。他们不断调整竹片拼接的方式，却始终没能成功，即竹片一头高于出水管道，阻碍了引流。渐渐地幼儿的探索兴趣也减弱了，有的开始玩水，有的甚至离开了水池。,示范正确的引水方法，请幼儿注意观察并说说引水的要领，再自己试一试。,加入幼儿的探索，引导他们观察水流受阻的位置，一起尝试调整竹片的摆放方式。,组织幼儿就游戏困难进行讨论，寻找解决问题的方案，引导幼儿再次尝试。,投放更多辅助引水的材料，重新激起幼儿的探索兴趣，继续观察游戏进展。,A,B/D,教师A：示范正确的引水方法，请幼儿注意观察并说说引水的要领，再自己试一试。,教师B：加入幼儿的探索，引导他们观察水流受阻的位置，一起尝试调整竹片的摆放方式。；教师D：投放更多辅助引水的材料，重新激起幼儿的探索兴趣，继续观察游戏进展。,请回忆第8题这个情境。当时的情境是：中班上学期，幼儿在“引水游戏”中遇到了难题——水无法被引到竹片管道上。他们不断调整竹片拼接的方式，却始终没能成功，即竹片一头高于出水管道，阻碍了引流。渐渐地幼儿的探索兴趣也减弱了，有的开始玩水，有的甚至离开了水池。当时提供的做法包括：教师A：示范正确的引水方法，请幼儿注意观察并说说引水的要领，再自己试一试；教师B：加入幼儿的探索，引导他们观察水流受阻的位置，一起尝试调整竹片的摆放方式；教师C：组织幼儿就游戏困难进行讨论，寻找解决问题的方案，引导幼儿再次尝试；教师D：投放更多辅助引水的材料，重新激起幼儿的探索兴趣，继续观察游戏进展。可以先从这个情境本身追问：孩子们引水失败、兴趣减弱时，你当时更倾向于直接示范方法，还是继续支持他们自己发现水流受阻的原因？；你觉得教师怎样提供支架，既能帮助问题解决，又保留幼儿继续探究的空间？。然后可围绕其作答过程中的重点比较追问：你当时是怎样比较以下两种做法的：教师B：加入幼儿的探索，引导他们观察水流受阻的位置，一起尝试调整竹片的摆放方式；教师D：投放更多辅助引水的材料，重新激起幼儿的探索兴趣，继续观察游戏进展？如果教师提到调整过顺序，再追问：是什么信息或想法让你改变了当时的排序？请只围绕情境理解、判断依据和选项比较提问，不要提及任何内部计算指标、得分、排名、入选原因或评价性判断。,访谈提醒：本表仅供生成中性访谈提问。访谈时不得向教师透露任何内部计算指标、得分、排名、题目入选原因或评价性判断。
教师06,sim_openid_006_270790,3,Q7,7,艾莎公主不运动,小班的一次户外运动，有几个女孩子从一开始就没有选择任何体育活动项目，而是聚在一起坐在地上玩“艾莎公主”的游戏，比一比谁的鞋子最漂亮，谁的魔法最厉害。,询问幼儿没有参与运动的原因，提供丰富的活动材料吸引幼儿参与运动活动。,提醒幼儿现在是运动时间，请他们等自由游戏时间再一起玩“艾莎公主”的游戏。,利用艾莎公主的鞋子设计走、跑、跳等活动，并以参与者的身份邀请幼儿一起参与运动。,肯定幼儿自主游戏的行为，言语引导幼儿穿着“漂亮的鞋子”参与运动。,,,,,请回忆第7题这个情境。当时的情境是：小班的一次户外运动，有几个女孩子从一开始就没有选择任何体育活动项目，而是聚在一起坐在地上玩“艾莎公主”的游戏，比一比谁的鞋子最漂亮，谁的魔法最厉害。当时提供的做法包括：教师A：询问幼儿没有参与运动的原因，提供丰富的活动材料吸引幼儿参与运动活动；教师B：提醒幼儿现在是运动时间，请他们等自由游戏时间再一起玩“艾莎公主”的游戏；教师C：利用艾莎公主的鞋子设计走、跑、跳等活动，并以参与者的身份邀请幼儿一起参与运动；教师D：肯定幼儿自主游戏的行为，言语引导幼儿穿着“漂亮的鞋子”参与运动。可以先从这个情境本身追问：几个女孩在户外运动时间玩艾莎公主时，你当时更关注运动目标，还是关注她们正在生成的角色游戏兴趣？；如果要把艾莎公主游戏和运动活动连接起来，你觉得教师可以怎样做才不显得生硬？。然后可追问：你当时主要依据什么来排列这些做法？如果教师提到调整过顺序，再追问：是什么信息或想法让你改变了当时的排序？请只围绕情境理解、判断依据和选项比较提问，不要提及任何内部计算指标、得分、排名、入选原因或评价性判断。,访谈提醒：本表仅供生成中性访谈提问。访谈时不得向教师透露任何内部计算指标、得分、排名、题目入选原因或评价性判断。
教师07,sim_openid_007_148978,1,Q3,3,区域停留短,小班幼儿瑶瑶在区域活动时，一会儿在娃娃家切切菜，一会儿到美工区搓搓橡皮泥，一会儿又开心地跑到其它区域游戏，在任何一个区域停留时间都不超过三分钟。,提议瑶瑶完成某项游戏任务，如在娃娃家做菜，请他活动小结时分享。,游戏前提醒区域活动规则，活动结束后表扬区域游戏规则遵守得好的小朋友。,仔细观察瑶瑶在不同区域的游戏情况，分析他发生迅速转移的原因。,以同伴的身份陪伴瑶瑶在某一区域游戏，待他专注游戏后再离开。,A,A/D,教师A：提议瑶瑶完成某项游戏任务，如在娃娃家做菜，请他活动小结时分享。,教师A：提议瑶瑶完成某项游戏任务，如在娃娃家做菜，请他活动小结时分享。；教师D：以同伴的身份陪伴瑶瑶在某一区域游戏，待他专注游戏后再离开。,请回忆第3题这个情境。当时的情境是：小班幼儿瑶瑶在区域活动时，一会儿在娃娃家切切菜，一会儿到美工区搓搓橡皮泥，一会儿又开心地跑到其它区域游戏，在任何一个区域停留时间都不超过三分钟。当时提供的做法包括：教师A：提议瑶瑶完成某项游戏任务，如在娃娃家做菜，请他活动小结时分享；教师B：游戏前提醒区域活动规则，活动结束后表扬区域游戏规则遵守得好的小朋友；教师C：仔细观察瑶瑶在不同区域的游戏情况，分析他发生迅速转移的原因；教师D：以同伴的身份陪伴瑶瑶在某一区域游戏，待他专注游戏后再离开。可以先从这个情境本身追问：瑶瑶在多个区域快速转换时，你当时会先把它看作注意力不集中、规则问题，还是一种探索不同材料的方式？；如果你在现场，你会先观察哪些信息来判断是否需要介入？。然后可围绕其作答过程中的重点比较追问：你当时是怎样比较以下两种做法的：教师A：提议瑶瑶完成某项游戏任务，如在娃娃家做菜，请他活动小结时分享；教师D：以同伴的身份陪伴瑶瑶在某一区域游戏，待他专注游戏后再离开？如果教师提到调整过顺序，再追问：是什么信息或想法让你改变了当时的排序？请只围绕情境理解、判断依据和选项比较提问，不要提及任何内部计算指标、得分、排名、入选原因或评价性判断。,访谈提醒：本表仅供生成中性访谈提问。访谈时不得向教师透露任何内部计算指标、得分、排名、题目入选原因或评价性判断。
教师07,sim_openid_007_148978,2,Q1,1,篮球架玩水,操场上新安装了一些篮球架，幼儿经常在这里投篮。某天户外活动时，几名幼儿带着画笔和水桶来到这里，他们先是快乐地粉刷篮球架，之后开始往篮框里灌水，有的从上面灌，有的在下面接，忙的不亦乐乎，俨然这里成为了玩水的场地。,看到幼儿玩得很开心，不干预他们的玩水行为，待兴趣减弱后再讨论玩水的适宜性。,表扬幼儿的新发现，并询问在篮球架旁玩水是否合适，提议幼儿可以换个地方玩水。,参与到幼儿的“粉刷”游戏中，逐步引导幼儿到适宜玩水的地方继续开展游戏。,提醒幼儿篮球架是用于开展运动的，与其他幼儿一起召唤他们打篮球，转移他们的关注点。,C,B/D,教师C：参与到幼儿的“粉刷”游戏中，逐步引导幼儿到适宜玩水的地方继续开展游戏。,教师B：表扬幼儿的新发现，并询问在篮球架旁玩水是否合适，提议幼儿可以换个地方玩水。；教师D：提醒幼儿篮球架是用于开展运动的，与其他幼儿一起召唤他们打篮球，转移他们的关注点。,请回忆第1题这个情境。当时的情境是：操场上新安装了一些篮球架，幼儿经常在这里投篮。某天户外活动时，几名幼儿带着画笔和水桶来到这里，他们先是快乐地粉刷篮球架，之后开始往篮框里灌水，有的从上面灌，有的在下面接，忙的不亦乐乎，俨然这里成为了玩水的场地。当时提供的做法包括：教师A：看到幼儿玩得很开心，不干预他们的玩水行为，待兴趣减弱后再讨论玩水的适宜性；教师B：表扬幼儿的新发现，并询问在篮球架旁玩水是否合适，提议幼儿可以换个地方玩水；教师C：参与到幼儿的“粉刷”游戏中，逐步引导幼儿到适宜玩水的地方继续开展游戏；教师D：提醒幼儿篮球架是用于开展运动的，与其他幼儿一起召唤他们打篮球，转移他们的关注点。可以先从这个情境本身追问：这个情境里，孩子把篮球架变成玩水场地，你当时更关注他们的游戏兴趣、器械用途，还是安全与场地适宜性？；如果既想保护孩子的探索兴趣，又要回应篮球架原本的运动功能，你觉得教师可以怎样衔接？。然后可围绕其作答过程中的重点比较追问：你当时是怎样比较以下两种做法的：教师B：表扬幼儿的新发现，并询问在篮球架旁玩水是否合适，提议幼儿可以换个地方玩水；教师D：提醒幼儿篮球架是用于开展运动的，与其他幼儿一起召唤他们打篮球，转移他们的关注点？如果教师提到调整过顺序，再追问：是什么信息或想法让你改变了当时的排序？请只围绕情境理解、判断依据和选项比较提问，不要提及任何内部计算指标、得分、排名、入选原因或评价性判断。,访谈提醒：本表仅供生成中性访谈提问。访谈时不得向教师透露任何内部计算指标、得分、排名、题目入选原因或评价性判断。
教师07,sim_openid_007_148978,3,Q6,6,材料选择无层次,大班上学期，张老师在建构区投放了按图搭建的游戏材料，并提供了不同星级难度的任务卡供幼儿选择，但有的幼儿一上来就选择高难度的三星级任务卡，结果不能顺利完成任务；而有的幼儿始终选择低难度的一星级任务卡。这天，浩浩又连续选择了几张一星级任务卡，很快就完成了任务。,调整任务卡提供方式，在游戏开始前根据幼儿的能力水平有针对性地发放任务卡。,暂不介入，尊重幼儿的自主选择和游戏体验，只要完成任务就是一种经验积累。,调整任务卡呈现方式，如增加“我想挑战”等提示，鼓励幼儿选择不同星级的挑战。,和浩浩回顾已完成的任务，比较不同星级的难度，邀请他选择稍有挑战的任务。,D,B/C,教师D：和浩浩回顾已完成的任务，比较不同星级的难度，邀请他选择稍有挑战的任务。,教师B：暂不介入，尊重幼儿的自主选择和游戏体验，只要完成任务就是一种经验积累。；教师C：调整任务卡呈现方式，如增加“我想挑战”等提示，鼓励幼儿选择不同星级的挑战。,请回忆第6题这个情境。当时的情境是：大班上学期，张老师在建构区投放了按图搭建的游戏材料，并提供了不同星级难度的任务卡供幼儿选择，但有的幼儿一上来就选择高难度的三星级任务卡，结果不能顺利完成任务；而有的幼儿始终选择低难度的一星级任务卡。这天，浩浩又连续选择了几张一星级任务卡，很快就完成了任务。当时提供的做法包括：教师A：调整任务卡提供方式，在游戏开始前根据幼儿的能力水平有针对性地发放任务卡；教师B：暂不介入，尊重幼儿的自主选择和游戏体验，只要完成任务就是一种经验积累；教师C：调整任务卡呈现方式，如增加“我想挑战”等提示，鼓励幼儿选择不同星级的挑战；教师D：和浩浩回顾已完成的任务，比较不同星级的难度，邀请他选择稍有挑战的任务。可以先从这个情境本身追问：浩浩反复选择一星任务卡时，你当时更想尊重他的自主选择，还是推动他尝试更有挑战的任务？；你觉得教师应该怎样判断幼儿是需要安全感、缺少挑战意识，还是任务卡呈现方式本身需要调整？。然后可围绕其作答过程中的重点比较追问：你当时是怎样比较以下两种做法的：教师B：暂不介入，尊重幼儿的自主选择和游戏体验，只要完成任务就是一种经验积累；教师C：调整任务卡呈现方式，如增加“我想挑战”等提示，鼓励幼儿选择不同星级的挑战？如果教师提到调整过顺序，再追问：是什么信息或想法让你改变了当时的排序？请只围绕情境理解、判断依据和选项比较提问，不要提及任何内部计算指标、得分、排名、入选原因或评价性判断。,访谈提醒：本表仅供生成中性访谈提问。访谈时不得向教师透露任何内部计算指标、得分、排名、题目入选原因或评价性判断。
教师08,sim_openid_008_921296,1,Q9,9,飞行棋各走各的,大班区域游戏中，轩轩和小宇一起玩飞行棋，他们将棋子摆好后，各自拿了一个骰子开始投，小宇说：“该我走。”轩轩说：“明明该我走！”相持不下，于是两人各拿一个骰子，自顾自地走自己的棋。,耐心讲解共同游戏的规则，再以“棋手”身份加入游戏进行示范引导。,暂不介入，继续观察游戏进展，待区域小结时请幼儿分享游戏中的体验和问题。,拿走一个骰子，请幼儿商量只有一个骰子的共同游戏规则，达成一致后再开始游戏。,待幼儿体验一轮各走各的游戏后，询问幼儿的游戏体验，提示共同游戏规则的作用。,D,B/C,教师D：待幼儿体验一轮各走各的游戏后，询问幼儿的游戏体验，提示共同游戏规则的作用。,教师B：暂不介入，继续观察游戏进展，待区域小结时请幼儿分享游戏中的体验和问题。；教师C：拿走一个骰子，请幼儿商量只有一个骰子的共同游戏规则，达成一致后再开始游戏。,请回忆第9题这个情境。当时的情境是：大班区域游戏中，轩轩和小宇一起玩飞行棋，他们将棋子摆好后，各自拿了一个骰子开始投，小宇说：“该我走。”轩轩说：“明明该我走！”相持不下，于是两人各拿一个骰子，自顾自地走自己的棋。当时提供的做法包括：教师A：耐心讲解共同游戏的规则，再以“棋手”身份加入游戏进行示范引导；教师B：暂不介入，继续观察游戏进展，待区域小结时请幼儿分享游戏中的体验和问题；教师C：拿走一个骰子，请幼儿商量只有一个骰子的共同游戏规则，达成一致后再开始游戏；教师D：待幼儿体验一轮各走各的游戏后，询问幼儿的游戏体验，提示共同游戏规则的作用。可以先从这个情境本身追问：两个孩子各走各的棋时，你当时更关注共同游戏规则的建立，还是先让他们体验这种玩法会带来什么问题？；你觉得教师怎样帮助幼儿从各玩各的，过渡到真正的共同游戏？。然后可围绕其作答过程中的重点比较追问：你当时是怎样比较以下两种做法的：教师B：暂不介入，继续观察游戏进展，待区域小结时请幼儿分享游戏中的体验和问题；教师C：拿走一个骰子，请幼儿商量只有一个骰子的共同游戏规则，达成一致后再开始游戏？如果教师提到调整过顺序，再追问：是什么信息或想法让你改变了当时的排序？请只围绕情境理解、判断依据和选项比较提问，不要提及任何内部计算指标、得分、排名、入选原因或评价性判断。,访谈提醒：本表仅供生成中性访谈提问。访谈时不得向教师透露任何内部计算指标、得分、排名、题目入选原因或评价性判断。
教师08,sim_openid_008_921296,2,Q1,1,篮球架玩水,操场上新安装了一些篮球架，幼儿经常在这里投篮。某天户外活动时，几名幼儿带着画笔和水桶来到这里，他们先是快乐地粉刷篮球架，之后开始往篮框里灌水，有的从上面灌，有的在下面接，忙的不亦乐乎，俨然这里成为了玩水的场地。,看到幼儿玩得很开心，不干预他们的玩水行为，待兴趣减弱后再讨论玩水的适宜性。,表扬幼儿的新发现，并询问在篮球架旁玩水是否合适，提议幼儿可以换个地方玩水。,参与到幼儿的“粉刷”游戏中，逐步引导幼儿到适宜玩水的地方继续开展游戏。,提醒幼儿篮球架是用于开展运动的，与其他幼儿一起召唤他们打篮球，转移他们的关注点。,C,B/D,教师C：参与到幼儿的“粉刷”游戏中，逐步引导幼儿到适宜玩水的地方继续开展游戏。,教师B：表扬幼儿的新发现，并询问在篮球架旁玩水是否合适，提议幼儿可以换个地方玩水。；教师D：提醒幼儿篮球架是用于开展运动的，与其他幼儿一起召唤他们打篮球，转移他们的关注点。,请回忆第1题这个情境。当时的情境是：操场上新安装了一些篮球架，幼儿经常在这里投篮。某天户外活动时，几名幼儿带着画笔和水桶来到这里，他们先是快乐地粉刷篮球架，之后开始往篮框里灌水，有的从上面灌，有的在下面接，忙的不亦乐乎，俨然这里成为了玩水的场地。当时提供的做法包括：教师A：看到幼儿玩得很开心，不干预他们的玩水行为，待兴趣减弱后再讨论玩水的适宜性；教师B：表扬幼儿的新发现，并询问在篮球架旁玩水是否合适，提议幼儿可以换个地方玩水；教师C：参与到幼儿的“粉刷”游戏中，逐步引导幼儿到适宜玩水的地方继续开展游戏；教师D：提醒幼儿篮球架是用于开展运动的，与其他幼儿一起召唤他们打篮球，转移他们的关注点。可以先从这个情境本身追问：这个情境里，孩子把篮球架变成玩水场地，你当时更关注他们的游戏兴趣、器械用途，还是安全与场地适宜性？；如果既想保护孩子的探索兴趣，又要回应篮球架原本的运动功能，你觉得教师可以怎样衔接？。然后可围绕其作答过程中的重点比较追问：你当时是怎样比较以下两种做法的：教师B：表扬幼儿的新发现，并询问在篮球架旁玩水是否合适，提议幼儿可以换个地方玩水；教师D：提醒幼儿篮球架是用于开展运动的，与其他幼儿一起召唤他们打篮球，转移他们的关注点？如果教师提到调整过顺序，再追问：是什么信息或想法让你改变了当时的排序？请只围绕情境理解、判断依据和选项比较提问，不要提及任何内部计算指标、得分、排名、入选原因或评价性判断。,访谈提醒：本表仅供生成中性访谈提问。访谈时不得向教师透露任何内部计算指标、得分、排名、题目入选原因或评价性判断。
教师08,sim_openid_008_921296,3,Q5,5,消防员救火开心,近几天，中班的幼儿十分热衷于在区域游戏时间玩“消防员救火”的游戏。游戏结束后的交流活动中，老师问幼儿最想分享什么时，阳阳说“娃娃家着火了，好开心啊！”。,抓住教育契机，向幼儿耐心解释真实的火灾会造成物品损失和人员伤亡。,询问幼儿开心的是“着火”本身，还是消防员成功救火、娃娃家的人得救？,引导幼儿思考“娃娃家着火”值不值得开心，帮助他们认识真实火灾是危险的。,请阳阳讲讲娃娃家着火后发生了什么、为什么开心，借此理解幼儿的游戏体验。,A,A/D,教师A：抓住教育契机，向幼儿耐心解释真实的火灾会造成物品损失和人员伤亡。,教师A：抓住教育契机，向幼儿耐心解释真实的火灾会造成物品损失和人员伤亡。；教师D：请阳阳讲讲娃娃家着火后发生了什么、为什么开心，借此理解幼儿的游戏体验。,请回忆第5题这个情境。当时的情境是：近几天，中班的幼儿十分热衷于在区域游戏时间玩“消防员救火”的游戏。游戏结束后的交流活动中，老师问幼儿最想分享什么时，阳阳说“娃娃家着火了，好开心啊！”。当时提供的做法包括：教师A：抓住教育契机，向幼儿耐心解释真实的火灾会造成物品损失和人员伤亡；教师B：询问幼儿开心的是“着火”本身，还是消防员成功救火、娃娃家的人得救；教师C：引导幼儿思考“娃娃家着火”值不值得开心，帮助他们认识真实火灾是危险的；教师D：请阳阳讲讲娃娃家着火后发生了什么、为什么开心，借此理解幼儿的游戏体验。可以先从这个情境本身追问：阳阳说娃娃家着火了很开心时，你当时更关注真实火灾的危险教育，还是先理解他在游戏里的开心来自哪里？；你觉得教师怎样回应，既不否定幼儿的游戏体验，又能引导他们理解真实火灾的意义？。然后可围绕其作答过程中的重点比较追问：你当时是怎样比较以下两种做法的：教师A：抓住教育契机，向幼儿耐心解释真实的火灾会造成物品损失和人员伤亡；教师D：请阳阳讲讲娃娃家着火后发生了什么、为什么开心，借此理解幼儿的游戏体验？如果教师提到调整过顺序，再追问：是什么信息或想法让你改变了当时的排序？请只围绕情境理解、判断依据和选项比较提问，不要提及任何内部计算指标、得分、排名、入选原因或评价性判断。,访谈提醒：本表仅供生成中性访谈提问。访谈时不得向教师透露任何内部计算指标、得分、排名、题目入选原因或评价性判断。
教师09,sim_openid_009_149687,1,Q3,3,区域停留短,小班幼儿瑶瑶在区域活动时，一会儿在娃娃家切切菜，一会儿到美工区搓搓橡皮泥，一会儿又开心地跑到其它区域游戏，在任何一个区域停留时间都不超过三分钟。,提议瑶瑶完成某项游戏任务，如在娃娃家做菜，请他活动小结时分享。,游戏前提醒区域活动规则，活动结束后表扬区域游戏规则遵守得好的小朋友。,仔细观察瑶瑶在不同区域的游戏情况，分析他发生迅速转移的原因。,以同伴的身份陪伴瑶瑶在某一区域游戏，待他专注游戏后再离开。,D,A/B,教师D：以同伴的身份陪伴瑶瑶在某一区域游戏，待他专注游戏后再离开。,教师A：提议瑶瑶完成某项游戏任务，如在娃娃家做菜，请他活动小结时分享。；教师B：游戏前提醒区域活动规则，活动结束后表扬区域游戏规则遵守得好的小朋友。,请回忆第3题这个情境。当时的情境是：小班幼儿瑶瑶在区域活动时，一会儿在娃娃家切切菜，一会儿到美工区搓搓橡皮泥，一会儿又开心地跑到其它区域游戏，在任何一个区域停留时间都不超过三分钟。当时提供的做法包括：教师A：提议瑶瑶完成某项游戏任务，如在娃娃家做菜，请他活动小结时分享；教师B：游戏前提醒区域活动规则，活动结束后表扬区域游戏规则遵守得好的小朋友；教师C：仔细观察瑶瑶在不同区域的游戏情况，分析他发生迅速转移的原因；教师D：以同伴的身份陪伴瑶瑶在某一区域游戏，待他专注游戏后再离开。可以先从这个情境本身追问：瑶瑶在多个区域快速转换时，你当时会先把它看作注意力不集中、规则问题，还是一种探索不同材料的方式？；如果你在现场，你会先观察哪些信息来判断是否需要介入？。然后可围绕其作答过程中的重点比较追问：你当时是怎样比较以下两种做法的：教师A：提议瑶瑶完成某项游戏任务，如在娃娃家做菜，请他活动小结时分享；教师B：游戏前提醒区域活动规则，活动结束后表扬区域游戏规则遵守得好的小朋友？如果教师提到调整过顺序，再追问：是什么信息或想法让你改变了当时的排序？请只围绕情境理解、判断依据和选项比较提问，不要提及任何内部计算指标、得分、排名、入选原因或评价性判断。,访谈提醒：本表仅供生成中性访谈提问。访谈时不得向教师透露任何内部计算指标、得分、排名、题目入选原因或评价性判断。
教师09,sim_openid_009_149687,2,Q9,9,飞行棋各走各的,大班区域游戏中，轩轩和小宇一起玩飞行棋，他们将棋子摆好后，各自拿了一个骰子开始投，小宇说：“该我走。”轩轩说：“明明该我走！”相持不下，于是两人各拿一个骰子，自顾自地走自己的棋。,耐心讲解共同游戏的规则，再以“棋手”身份加入游戏进行示范引导。,暂不介入，继续观察游戏进展，待区域小结时请幼儿分享游戏中的体验和问题。,拿走一个骰子，请幼儿商量只有一个骰子的共同游戏规则，达成一致后再开始游戏。,待幼儿体验一轮各走各的游戏后，询问幼儿的游戏体验，提示共同游戏规则的作用。,C,B/D,教师C：拿走一个骰子，请幼儿商量只有一个骰子的共同游戏规则，达成一致后再开始游戏。,教师B：暂不介入，继续观察游戏进展，待区域小结时请幼儿分享游戏中的体验和问题。；教师D：待幼儿体验一轮各走各的游戏后，询问幼儿的游戏体验，提示共同游戏规则的作用。,请回忆第9题这个情境。当时的情境是：大班区域游戏中，轩轩和小宇一起玩飞行棋，他们将棋子摆好后，各自拿了一个骰子开始投，小宇说：“该我走。”轩轩说：“明明该我走！”相持不下，于是两人各拿一个骰子，自顾自地走自己的棋。当时提供的做法包括：教师A：耐心讲解共同游戏的规则，再以“棋手”身份加入游戏进行示范引导；教师B：暂不介入，继续观察游戏进展，待区域小结时请幼儿分享游戏中的体验和问题；教师C：拿走一个骰子，请幼儿商量只有一个骰子的共同游戏规则，达成一致后再开始游戏；教师D：待幼儿体验一轮各走各的游戏后，询问幼儿的游戏体验，提示共同游戏规则的作用。可以先从这个情境本身追问：两个孩子各走各的棋时，你当时更关注共同游戏规则的建立，还是先让他们体验这种玩法会带来什么问题？；你觉得教师怎样帮助幼儿从各玩各的，过渡到真正的共同游戏？。然后可围绕其作答过程中的重点比较追问：你当时是怎样比较以下两种做法的：教师B：暂不介入，继续观察游戏进展，待区域小结时请幼儿分享游戏中的体验和问题；教师D：待幼儿体验一轮各走各的游戏后，询问幼儿的游戏体验，提示共同游戏规则的作用？如果教师提到调整过顺序，再追问：是什么信息或想法让你改变了当时的排序？请只围绕情境理解、判断依据和选项比较提问，不要提及任何内部计算指标、得分、排名、入选原因或评价性判断。,访谈提醒：本表仅供生成中性访谈提问。访谈时不得向教师透露任何内部计算指标、得分、排名、题目入选原因或评价性判断。
教师09,sim_openid_009_149687,3,Q7,7,艾莎公主不运动,小班的一次户外运动，有几个女孩子从一开始就没有选择任何体育活动项目，而是聚在一起坐在地上玩“艾莎公主”的游戏，比一比谁的鞋子最漂亮，谁的魔法最厉害。,询问幼儿没有参与运动的原因，提供丰富的活动材料吸引幼儿参与运动活动。,提醒幼儿现在是运动时间，请他们等自由游戏时间再一起玩“艾莎公主”的游戏。,利用艾莎公主的鞋子设计走、跑、跳等活动，并以参与者的身份邀请幼儿一起参与运动。,肯定幼儿自主游戏的行为，言语引导幼儿穿着“漂亮的鞋子”参与运动。,B,A/C,教师B：提醒幼儿现在是运动时间，请他们等自由游戏时间再一起玩“艾莎公主”的游戏。,教师A：询问幼儿没有参与运动的原因，提供丰富的活动材料吸引幼儿参与运动活动。；教师C：利用艾莎公主的鞋子设计走、跑、跳等活动，并以参与者的身份邀请幼儿一起参与运动。,请回忆第7题这个情境。当时的情境是：小班的一次户外运动，有几个女孩子从一开始就没有选择任何体育活动项目，而是聚在一起坐在地上玩“艾莎公主”的游戏，比一比谁的鞋子最漂亮，谁的魔法最厉害。当时提供的做法包括：教师A：询问幼儿没有参与运动的原因，提供丰富的活动材料吸引幼儿参与运动活动；教师B：提醒幼儿现在是运动时间，请他们等自由游戏时间再一起玩“艾莎公主”的游戏；教师C：利用艾莎公主的鞋子设计走、跑、跳等活动，并以参与者的身份邀请幼儿一起参与运动；教师D：肯定幼儿自主游戏的行为，言语引导幼儿穿着“漂亮的鞋子”参与运动。可以先从这个情境本身追问：几个女孩在户外运动时间玩艾莎公主时，你当时更关注运动目标，还是关注她们正在生成的角色游戏兴趣？；如果要把艾莎公主游戏和运动活动连接起来，你觉得教师可以怎样做才不显得生硬？。然后可围绕其作答过程中的重点比较追问：你当时是怎样比较以下两种做法的：教师A：询问幼儿没有参与运动的原因，提供丰富的活动材料吸引幼儿参与运动活动；教师C：利用艾莎公主的鞋子设计走、跑、跳等活动，并以参与者的身份邀请幼儿一起参与运动？如果教师提到调整过顺序，再追问：是什么信息或想法让你改变了当时的排序？请只围绕情境理解、判断依据和选项比较提问，不要提及任何内部计算指标、得分、排名、入选原因或评价性判断。,访谈提醒：本表仅供生成中性访谈提问。访谈时不得向教师透露任何内部计算指标、得分、排名、题目入选原因或评价性判断。
教师10,sim_openid_010_681499,1,Q7,7,艾莎公主不运动,小班的一次户外运动，有几个女孩子从一开始就没有选择任何体育活动项目，而是聚在一起坐在地上玩“艾莎公主”的游戏，比一比谁的鞋子最漂亮，谁的魔法最厉害。,询问幼儿没有参与运动的原因，提供丰富的活动材料吸引幼儿参与运动活动。,提醒幼儿现在是运动时间，请他们等自由游戏时间再一起玩“艾莎公主”的游戏。,利用艾莎公主的鞋子设计走、跑、跳等活动，并以参与者的身份邀请幼儿一起参与运动。,肯定幼儿自主游戏的行为，言语引导幼儿穿着“漂亮的鞋子”参与运动。,A,A/B,教师A：询问幼儿没有参与运动的原因，提供丰富的活动材料吸引幼儿参与运动活动。,教师A：询问幼儿没有参与运动的原因，提供丰富的活动材料吸引幼儿参与运动活动。；教师B：提醒幼儿现在是运动时间，请他们等自由游戏时间再一起玩“艾莎公主”的游戏。,请回忆第7题这个情境。当时的情境是：小班的一次户外运动，有几个女孩子从一开始就没有选择任何体育活动项目，而是聚在一起坐在地上玩“艾莎公主”的游戏，比一比谁的鞋子最漂亮，谁的魔法最厉害。当时提供的做法包括：教师A：询问幼儿没有参与运动的原因，提供丰富的活动材料吸引幼儿参与运动活动；教师B：提醒幼儿现在是运动时间，请他们等自由游戏时间再一起玩“艾莎公主”的游戏；教师C：利用艾莎公主的鞋子设计走、跑、跳等活动，并以参与者的身份邀请幼儿一起参与运动；教师D：肯定幼儿自主游戏的行为，言语引导幼儿穿着“漂亮的鞋子”参与运动。可以先从这个情境本身追问：几个女孩在户外运动时间玩艾莎公主时，你当时更关注运动目标，还是关注她们正在生成的角色游戏兴趣？；如果要把艾莎公主游戏和运动活动连接起来，你觉得教师可以怎样做才不显得生硬？。然后可围绕其作答过程中的重点比较追问：你当时是怎样比较以下两种做法的：教师A：询问幼儿没有参与运动的原因，提供丰富的活动材料吸引幼儿参与运动活动；教师B：提醒幼儿现在是运动时间，请他们等自由游戏时间再一起玩“艾莎公主”的游戏？如果教师提到调整过顺序，再追问：是什么信息或想法让你改变了当时的排序？请只围绕情境理解、判断依据和选项比较提问，不要提及任何内部计算指标、得分、排名、入选原因或评价性判断。,访谈提醒：本表仅供生成中性访谈提问。访谈时不得向教师透露任何内部计算指标、得分、排名、题目入选原因或评价性判断。
教师10,sim_openid_010_681499,2,Q2,2,频繁求助,中班区域活动时，小明选择了建构区。玩了一会儿，他跑到老师面前说“老师，我不会搭……帮帮我吧”，教师问他需要什么帮助时，他一边说我不会搭，一边却很快地将房子从一层积木加高到了两层。看小明专注搭建后，老师就离开建构区了。可是没一会，小明又找了老师好几次，说“老师，帮帮我吧，我不会搭”。,鼓励小明独立搭建，引导他思考接下来如何搭建，及时表扬他的努力。,先示范搭建关键部分，请小明观察方法，再鼓励他照着继续搭建。,在旁观察小明的搭建过程，并适时反馈，帮助他理清搭建步骤。,帮小明回顾已搭建完成的部分，指导他设定小目标，尝试自己实现。,A,B/C,教师A：鼓励小明独立搭建，引导他思考接下来如何搭建，及时表扬他的努力。,教师B：先示范搭建关键部分，请小明观察方法，再鼓励他照着继续搭建。；教师C：在旁观察小明的搭建过程，并适时反馈，帮助他理清搭建步骤。,请回忆第2题这个情境。当时的情境是：中班区域活动时，小明选择了建构区。玩了一会儿，他跑到老师面前说“老师，我不会搭……帮帮我吧”，教师问他需要什么帮助时，他一边说我不会搭，一边却很快地将房子从一层积木加高到了两层。看小明专注搭建后，老师就离开建构区了。可是没一会，小明又找了老师好几次，说“老师，帮帮我吧，我不会搭”。当时提供的做法包括：教师A：鼓励小明独立搭建，引导他思考接下来如何搭建，及时表扬他的努力；教师B：先示范搭建关键部分，请小明观察方法，再鼓励他照着继续搭建；教师C：在旁观察小明的搭建过程，并适时反馈，帮助他理清搭建步骤；教师D：帮小明回顾已搭建完成的部分，指导他设定小目标，尝试自己实现。可以先从这个情境本身追问：小明一边说不会搭，一边又能继续加高房子，你当时怎样判断他真正需要的帮助是什么？；面对幼儿反复求助，你觉得教师怎样支持，既不替代幼儿完成，又能帮助他继续推进游戏？。然后可围绕其作答过程中的重点比较追问：你当时是怎样比较以下两种做法的：教师B：先示范搭建关键部分，请小明观察方法，再鼓励他照着继续搭建；教师C：在旁观察小明的搭建过程，并适时反馈，帮助他理清搭建步骤？如果教师提到调整过顺序，再追问：是什么信息或想法让你改变了当时的排序？请只围绕情境理解、判断依据和选项比较提问，不要提及任何内部计算指标、得分、排名、入选原因或评价性判断。,访谈提醒：本表仅供生成中性访谈提问。访谈时不得向教师透露任何内部计算指标、得分、排名、题目入选原因或评价性判断。
教师10,sim_openid_010_681499,3,Q10,10,跳绳秩序混乱,周三下午，大五班的幼儿正自发进行跳绳游戏。李老师观察后发现，挤在一起跳绳的幼儿人数较多，整个场面十分混乱，幼儿很容易出现碰撞现象。此外，由于当“柱子”的幼儿很久才能轮上跳绳，因此也显得很不耐烦。,请幼儿暂停游戏，将幼儿分成多个小组并引导他们以小组为单位分区域开展游戏。,请幼儿说一说跳绳活动中存在的问题，并邀请幼儿一起设置跳绳的规则。,提供更多数量和不同种类的跳绳，并言语引导幼儿分组分区同时进行跳绳游戏。,暂不介入，活动分享时通过照片或视频回放引导幼儿发现问题并商议解决办法。,A,A/D,教师A：请幼儿暂停游戏，将幼儿分成多个小组并引导他们以小组为单位分区域开展游戏。,教师A：请幼儿暂停游戏，将幼儿分成多个小组并引导他们以小组为单位分区域开展游戏。；教师D：暂不介入，活动分享时通过照片或视频回放引导幼儿发现问题并商议解决办法。,请回忆第10题这个情境。当时的情境是：周三下午，大五班的幼儿正自发进行跳绳游戏。李老师观察后发现，挤在一起跳绳的幼儿人数较多，整个场面十分混乱，幼儿很容易出现碰撞现象。此外，由于当“柱子”的幼儿很久才能轮上跳绳，因此也显得很不耐烦。当时提供的做法包括：教师A：请幼儿暂停游戏，将幼儿分成多个小组并引导他们以小组为单位分区域开展游戏；教师B：请幼儿说一说跳绳活动中存在的问题，并邀请幼儿一起设置跳绳的规则；教师C：提供更多数量和不同种类的跳绳，并言语引导幼儿分组分区同时进行跳绳游戏；教师D：暂不介入，活动分享时通过照片或视频回放引导幼儿发现问题并商议解决办法。可以先从这个情境本身追问：跳绳现场混乱且可能碰撞时，你当时更倾向于立即组织秩序，还是先让幼儿自己发现问题？；在安全风险和幼儿自主制定规则之间，你觉得教师应该怎样把握介入时机？。然后可围绕其作答过程中的重点比较追问：你当时是怎样比较以下两种做法的：教师A：请幼儿暂停游戏，将幼儿分成多个小组并引导他们以小组为单位分区域开展游戏；教师D：暂不介入，活动分享时通过照片或视频回放引导幼儿发现问题并商议解决办法？如果教师提到调整过顺序，再追问：是什么信息或想法让你改变了当时的排序？请只围绕情境理解、判断依据和选项比较提问，不要提及任何内部计算指标、得分、排名、入选原因或评价性判断。,访谈提醒：本表仅供生成中性访谈提问。访谈时不得向教师透露任何内部计算指标、得分、排名、题目入选原因或评价性判断。
教师11,sim_openid_011_656566,1,Q6,6,材料选择无层次,大班上学期，张老师在建构区投放了按图搭建的游戏材料，并提供了不同星级难度的任务卡供幼儿选择，但有的幼儿一上来就选择高难度的三星级任务卡，结果不能顺利完成任务；而有的幼儿始终选择低难度的一星级任务卡。这天，浩浩又连续选择了几张一星级任务卡，很快就完成了任务。,调整任务卡提供方式，在游戏开始前根据幼儿的能力水平有针对性地发放任务卡。,暂不介入，尊重幼儿的自主选择和游戏体验，只要完成任务就是一种经验积累。,调整任务卡呈现方式，如增加“我想挑战”等提示，鼓励幼儿选择不同星级的挑战。,和浩浩回顾已完成的任务，比较不同星级的难度，邀请他选择稍有挑战的任务。,D,A/D,教师D：和浩浩回顾已完成的任务，比较不同星级的难度，邀请他选择稍有挑战的任务。,教师A：调整任务卡提供方式，在游戏开始前根据幼儿的能力水平有针对性地发放任务卡。；教师D：和浩浩回顾已完成的任务，比较不同星级的难度，邀请他选择稍有挑战的任务。,请回忆第6题这个情境。当时的情境是：大班上学期，张老师在建构区投放了按图搭建的游戏材料，并提供了不同星级难度的任务卡供幼儿选择，但有的幼儿一上来就选择高难度的三星级任务卡，结果不能顺利完成任务；而有的幼儿始终选择低难度的一星级任务卡。这天，浩浩又连续选择了几张一星级任务卡，很快就完成了任务。当时提供的做法包括：教师A：调整任务卡提供方式，在游戏开始前根据幼儿的能力水平有针对性地发放任务卡；教师B：暂不介入，尊重幼儿的自主选择和游戏体验，只要完成任务就是一种经验积累；教师C：调整任务卡呈现方式，如增加“我想挑战”等提示，鼓励幼儿选择不同星级的挑战；教师D：和浩浩回顾已完成的任务，比较不同星级的难度，邀请他选择稍有挑战的任务。可以先从这个情境本身追问：浩浩反复选择一星任务卡时，你当时更想尊重他的自主选择，还是推动他尝试更有挑战的任务？；你觉得教师应该怎样判断幼儿是需要安全感、缺少挑战意识，还是任务卡呈现方式本身需要调整？。然后可围绕其作答过程中的重点比较追问：你当时是怎样比较以下两种做法的：教师A：调整任务卡提供方式，在游戏开始前根据幼儿的能力水平有针对性地发放任务卡；教师D：和浩浩回顾已完成的任务，比较不同星级的难度，邀请他选择稍有挑战的任务？如果教师提到调整过顺序，再追问：是什么信息或想法让你改变了当时的排序？请只围绕情境理解、判断依据和选项比较提问，不要提及任何内部计算指标、得分、排名、入选原因或评价性判断。,访谈提醒：本表仅供生成中性访谈提问。访谈时不得向教师透露任何内部计算指标、得分、排名、题目入选原因或评价性判断。
教师11,sim_openid_011_656566,2,Q5,5,消防员救火开心,近几天，中班的幼儿十分热衷于在区域游戏时间玩“消防员救火”的游戏。游戏结束后的交流活动中，老师问幼儿最想分享什么时，阳阳说“娃娃家着火了，好开心啊！”。,抓住教育契机，向幼儿耐心解释真实的火灾会造成物品损失和人员伤亡。,询问幼儿开心的是“着火”本身，还是消防员成功救火、娃娃家的人得救？,引导幼儿思考“娃娃家着火”值不值得开心，帮助他们认识真实火灾是危险的。,请阳阳讲讲娃娃家着火后发生了什么、为什么开心，借此理解幼儿的游戏体验。,A,C/D,教师A：抓住教育契机，向幼儿耐心解释真实的火灾会造成物品损失和人员伤亡。,教师C：引导幼儿思考“娃娃家着火”值不值得开心，帮助他们认识真实火灾是危险的。；教师D：请阳阳讲讲娃娃家着火后发生了什么、为什么开心，借此理解幼儿的游戏体验。,请回忆第5题这个情境。当时的情境是：近几天，中班的幼儿十分热衷于在区域游戏时间玩“消防员救火”的游戏。游戏结束后的交流活动中，老师问幼儿最想分享什么时，阳阳说“娃娃家着火了，好开心啊！”。当时提供的做法包括：教师A：抓住教育契机，向幼儿耐心解释真实的火灾会造成物品损失和人员伤亡；教师B：询问幼儿开心的是“着火”本身，还是消防员成功救火、娃娃家的人得救；教师C：引导幼儿思考“娃娃家着火”值不值得开心，帮助他们认识真实火灾是危险的；教师D：请阳阳讲讲娃娃家着火后发生了什么、为什么开心，借此理解幼儿的游戏体验。可以先从这个情境本身追问：阳阳说娃娃家着火了很开心时，你当时更关注真实火灾的危险教育，还是先理解他在游戏里的开心来自哪里？；你觉得教师怎样回应，既不否定幼儿的游戏体验，又能引导他们理解真实火灾的意义？。然后可围绕其作答过程中的重点比较追问：你当时是怎样比较以下两种做法的：教师C：引导幼儿思考“娃娃家着火”值不值得开心，帮助他们认识真实火灾是危险的；教师D：请阳阳讲讲娃娃家着火后发生了什么、为什么开心，借此理解幼儿的游戏体验？如果教师提到调整过顺序，再追问：是什么信息或想法让你改变了当时的排序？请只围绕情境理解、判断依据和选项比较提问，不要提及任何内部计算指标、得分、排名、入选原因或评价性判断。,访谈提醒：本表仅供生成中性访谈提问。访谈时不得向教师透露任何内部计算指标、得分、排名、题目入选原因或评价性判断。
教师11,sim_openid_011_656566,3,Q9,9,飞行棋各走各的,大班区域游戏中，轩轩和小宇一起玩飞行棋，他们将棋子摆好后，各自拿了一个骰子开始投，小宇说：“该我走。”轩轩说：“明明该我走！”相持不下，于是两人各拿一个骰子，自顾自地走自己的棋。,耐心讲解共同游戏的规则，再以“棋手”身份加入游戏进行示范引导。,暂不介入，继续观察游戏进展，待区域小结时请幼儿分享游戏中的体验和问题。,拿走一个骰子，请幼儿商量只有一个骰子的共同游戏规则，达成一致后再开始游戏。,待幼儿体验一轮各走各的游戏后，询问幼儿的游戏体验，提示共同游戏规则的作用。,C,C/D,教师C：拿走一个骰子，请幼儿商量只有一个骰子的共同游戏规则，达成一致后再开始游戏。,教师C：拿走一个骰子，请幼儿商量只有一个骰子的共同游戏规则，达成一致后再开始游戏。；教师D：待幼儿体验一轮各走各的游戏后，询问幼儿的游戏体验，提示共同游戏规则的作用。,请回忆第9题这个情境。当时的情境是：大班区域游戏中，轩轩和小宇一起玩飞行棋，他们将棋子摆好后，各自拿了一个骰子开始投，小宇说：“该我走。”轩轩说：“明明该我走！”相持不下，于是两人各拿一个骰子，自顾自地走自己的棋。当时提供的做法包括：教师A：耐心讲解共同游戏的规则，再以“棋手”身份加入游戏进行示范引导；教师B：暂不介入，继续观察游戏进展，待区域小结时请幼儿分享游戏中的体验和问题；教师C：拿走一个骰子，请幼儿商量只有一个骰子的共同游戏规则，达成一致后再开始游戏；教师D：待幼儿体验一轮各走各的游戏后，询问幼儿的游戏体验，提示共同游戏规则的作用。可以先从这个情境本身追问：两个孩子各走各的棋时，你当时更关注共同游戏规则的建立，还是先让他们体验这种玩法会带来什么问题？；你觉得教师怎样帮助幼儿从各玩各的，过渡到真正的共同游戏？。然后可围绕其作答过程中的重点比较追问：你当时是怎样比较以下两种做法的：教师C：拿走一个骰子，请幼儿商量只有一个骰子的共同游戏规则，达成一致后再开始游戏；教师D：待幼儿体验一轮各走各的游戏后，询问幼儿的游戏体验，提示共同游戏规则的作用？如果教师提到调整过顺序，再追问：是什么信息或想法让你改变了当时的排序？请只围绕情境理解、判断依据和选项比较提问，不要提及任何内部计算指标、得分、排名、入选原因或评价性判断。,访谈提醒：本表仅供生成中性访谈提问。访谈时不得向教师透露任何内部计算指标、得分、排名、题目入选原因或评价性判断。
教师12,sim_openid_012_439268,1,Q9,9,飞行棋各走各的,大班区域游戏中，轩轩和小宇一起玩飞行棋，他们将棋子摆好后，各自拿了一个骰子开始投，小宇说：“该我走。”轩轩说：“明明该我走！”相持不下，于是两人各拿一个骰子，自顾自地走自己的棋。,耐心讲解共同游戏的规则，再以“棋手”身份加入游戏进行示范引导。,暂不介入，继续观察游戏进展，待区域小结时请幼儿分享游戏中的体验和问题。,拿走一个骰子，请幼儿商量只有一个骰子的共同游戏规则，达成一致后再开始游戏。,待幼儿体验一轮各走各的游戏后，询问幼儿的游戏体验，提示共同游戏规则的作用。,A,B/C,教师A：耐心讲解共同游戏的规则，再以“棋手”身份加入游戏进行示范引导。,教师B：暂不介入，继续观察游戏进展，待区域小结时请幼儿分享游戏中的体验和问题。；教师C：拿走一个骰子，请幼儿商量只有一个骰子的共同游戏规则，达成一致后再开始游戏。,请回忆第9题这个情境。当时的情境是：大班区域游戏中，轩轩和小宇一起玩飞行棋，他们将棋子摆好后，各自拿了一个骰子开始投，小宇说：“该我走。”轩轩说：“明明该我走！”相持不下，于是两人各拿一个骰子，自顾自地走自己的棋。当时提供的做法包括：教师A：耐心讲解共同游戏的规则，再以“棋手”身份加入游戏进行示范引导；教师B：暂不介入，继续观察游戏进展，待区域小结时请幼儿分享游戏中的体验和问题；教师C：拿走一个骰子，请幼儿商量只有一个骰子的共同游戏规则，达成一致后再开始游戏；教师D：待幼儿体验一轮各走各的游戏后，询问幼儿的游戏体验，提示共同游戏规则的作用。可以先从这个情境本身追问：两个孩子各走各的棋时，你当时更关注共同游戏规则的建立，还是先让他们体验这种玩法会带来什么问题？；你觉得教师怎样帮助幼儿从各玩各的，过渡到真正的共同游戏？。然后可围绕其作答过程中的重点比较追问：你当时是怎样比较以下两种做法的：教师B：暂不介入，继续观察游戏进展，待区域小结时请幼儿分享游戏中的体验和问题；教师C：拿走一个骰子，请幼儿商量只有一个骰子的共同游戏规则，达成一致后再开始游戏？如果教师提到调整过顺序，再追问：是什么信息或想法让你改变了当时的排序？请只围绕情境理解、判断依据和选项比较提问，不要提及任何内部计算指标、得分、排名、入选原因或评价性判断。,访谈提醒：本表仅供生成中性访谈提问。访谈时不得向教师透露任何内部计算指标、得分、排名、题目入选原因或评价性判断。
教师12,sim_openid_012_439268,2,Q4,4,未参与小组建构,大班建构活动中，睿睿和其他幼儿计划一起搭积木大桥，他们讨论了搭建方法，并进入区域开始搭建。就在其他幼儿在认真搭建时，睿睿发现了一块长条木板，他一会儿在地上推着走，一会儿当枪使，没有再参与小组的搭建。,继续观察，后续分享中支持睿睿思考如何把长条木板融入小组的建构中。,肯定睿睿的创造性玩法，询问他长条板能否当桥面，引导他参与到搭桥任务中。,引导睿睿回顾计划，建议他先完成共同任务，长条木板可以等自由游戏时再玩。,看到睿睿玩得开心，暂不介入，等下一次活动时再提醒他根据计划开展游戏。,,B/C,,教师B：肯定睿睿的创造性玩法，询问他长条板能否当桥面，引导他参与到搭桥任务中。；教师C：引导睿睿回顾计划，建议他先完成共同任务，长条木板可以等自由游戏时再玩。,请回忆第4题这个情境。当时的情境是：大班建构活动中，睿睿和其他幼儿计划一起搭积木大桥，他们讨论了搭建方法，并进入区域开始搭建。就在其他幼儿在认真搭建时，睿睿发现了一块长条木板，他一会儿在地上推着走，一会儿当枪使，没有再参与小组的搭建。当时提供的做法包括：教师A：继续观察，后续分享中支持睿睿思考如何把长条木板融入小组的建构中；教师B：肯定睿睿的创造性玩法，询问他长条板能否当桥面，引导他参与到搭桥任务中；教师C：引导睿睿回顾计划，建议他先完成共同任务，长条木板可以等自由游戏时再玩；教师D：看到睿睿玩得开心，暂不介入，等下一次活动时再提醒他根据计划开展游戏。可以先从这个情境本身追问：睿睿离开了原来的搭桥计划去玩长条木板，你当时怎样理解他的行为：是偏离共同任务，还是出现了新的游戏线索？；面对共同建构计划和幼儿临时兴趣之间的变化，你觉得教师什么时候应该介入，什么时候可以继续观察？。然后可围绕其作答过程中的重点比较追问：你当时是怎样比较以下两种做法的：教师B：肯定睿睿的创造性玩法，询问他长条板能否当桥面，引导他参与到搭桥任务中；教师C：引导睿睿回顾计划，建议他先完成共同任务，长条木板可以等自由游戏时再玩？如果教师提到调整过顺序，再追问：是什么信息或想法让你改变了当时的排序？请只围绕情境理解、判断依据和选项比较提问，不要提及任何内部计算指标、得分、排名、入选原因或评价性判断。,访谈提醒：本表仅供生成中性访谈提问。访谈时不得向教师透露任何内部计算指标、得分、排名、题目入选原因或评价性判断。
教师12,sim_openid_012_439268,3,Q8,8,引水难题未解,中班上学期，幼儿在“引水游戏”中遇到了难题——水无法被引到竹片管道上。他们不断调整竹片拼接的方式，却始终没能成功，即竹片一头高于出水管道，阻碍了引流。渐渐地幼儿的探索兴趣也减弱了，有的开始玩水，有的甚至离开了水池。,示范正确的引水方法，请幼儿注意观察并说说引水的要领，再自己试一试。,加入幼儿的探索，引导他们观察水流受阻的位置，一起尝试调整竹片的摆放方式。,组织幼儿就游戏困难进行讨论，寻找解决问题的方案，引导幼儿再次尝试。,投放更多辅助引水的材料，重新激起幼儿的探索兴趣，继续观察游戏进展。,D,C/D,教师D：投放更多辅助引水的材料，重新激起幼儿的探索兴趣，继续观察游戏进展。,教师C：组织幼儿就游戏困难进行讨论，寻找解决问题的方案，引导幼儿再次尝试。；教师D：投放更多辅助引水的材料，重新激起幼儿的探索兴趣，继续观察游戏进展。,请回忆第8题这个情境。当时的情境是：中班上学期，幼儿在“引水游戏”中遇到了难题——水无法被引到竹片管道上。他们不断调整竹片拼接的方式，却始终没能成功，即竹片一头高于出水管道，阻碍了引流。渐渐地幼儿的探索兴趣也减弱了，有的开始玩水，有的甚至离开了水池。当时提供的做法包括：教师A：示范正确的引水方法，请幼儿注意观察并说说引水的要领，再自己试一试；教师B：加入幼儿的探索，引导他们观察水流受阻的位置，一起尝试调整竹片的摆放方式；教师C：组织幼儿就游戏困难进行讨论，寻找解决问题的方案，引导幼儿再次尝试；教师D：投放更多辅助引水的材料，重新激起幼儿的探索兴趣，继续观察游戏进展。可以先从这个情境本身追问：孩子们引水失败、兴趣减弱时，你当时更倾向于直接示范方法，还是继续支持他们自己发现水流受阻的原因？；你觉得教师怎样提供支架，既能帮助问题解决，又保留幼儿继续探究的空间？。然后可围绕其作答过程中的重点比较追问：你当时是怎样比较以下两种做法的：教师C：组织幼儿就游戏困难进行讨论，寻找解决问题的方案，引导幼儿再次尝试；教师D：投放更多辅助引水的材料，重新激起幼儿的探索兴趣，继续观察游戏进展？如果教师提到调整过顺序，再追问：是什么信息或想法让你改变了当时的排序？请只围绕情境理解、判断依据和选项比较提问，不要提及任何内部计算指标、得分、排名、入选原因或评价性判断。,访谈提醒：本表仅供生成中性访谈提问。访谈时不得向教师透露任何内部计算指标、得分、排名、题目入选原因或评价性判断。
教师13,sim_openid_013_622833,1,Q2,2,频繁求助,中班区域活动时，小明选择了建构区。玩了一会儿，他跑到老师面前说“老师，我不会搭……帮帮我吧”，教师问他需要什么帮助时，他一边说我不会搭，一边却很快地将房子从一层积木加高到了两层。看小明专注搭建后，老师就离开建构区了。可是没一会，小明又找了老师好几次，说“老师，帮帮我吧，我不会搭”。,鼓励小明独立搭建，引导他思考接下来如何搭建，及时表扬他的努力。,先示范搭建关键部分，请小明观察方法，再鼓励他照着继续搭建。,在旁观察小明的搭建过程，并适时反馈，帮助他理清搭建步骤。,帮小明回顾已搭建完成的部分，指导他设定小目标，尝试自己实现。,D,A/C,教师D：帮小明回顾已搭建完成的部分，指导他设定小目标，尝试自己实现。,教师A：鼓励小明独立搭建，引导他思考接下来如何搭建，及时表扬他的努力。；教师C：在旁观察小明的搭建过程，并适时反馈，帮助他理清搭建步骤。,请回忆第2题这个情境。当时的情境是：中班区域活动时，小明选择了建构区。玩了一会儿，他跑到老师面前说“老师，我不会搭……帮帮我吧”，教师问他需要什么帮助时，他一边说我不会搭，一边却很快地将房子从一层积木加高到了两层。看小明专注搭建后，老师就离开建构区了。可是没一会，小明又找了老师好几次，说“老师，帮帮我吧，我不会搭”。当时提供的做法包括：教师A：鼓励小明独立搭建，引导他思考接下来如何搭建，及时表扬他的努力；教师B：先示范搭建关键部分，请小明观察方法，再鼓励他照着继续搭建；教师C：在旁观察小明的搭建过程，并适时反馈，帮助他理清搭建步骤；教师D：帮小明回顾已搭建完成的部分，指导他设定小目标，尝试自己实现。可以先从这个情境本身追问：小明一边说不会搭，一边又能继续加高房子，你当时怎样判断他真正需要的帮助是什么？；面对幼儿反复求助，你觉得教师怎样支持，既不替代幼儿完成，又能帮助他继续推进游戏？。然后可围绕其作答过程中的重点比较追问：你当时是怎样比较以下两种做法的：教师A：鼓励小明独立搭建，引导他思考接下来如何搭建，及时表扬他的努力；教师C：在旁观察小明的搭建过程，并适时反馈，帮助他理清搭建步骤？如果教师提到调整过顺序，再追问：是什么信息或想法让你改变了当时的排序？请只围绕情境理解、判断依据和选项比较提问，不要提及任何内部计算指标、得分、排名、入选原因或评价性判断。,访谈提醒：本表仅供生成中性访谈提问。访谈时不得向教师透露任何内部计算指标、得分、排名、题目入选原因或评价性判断。
教师13,sim_openid_013_622833,2,Q3,3,区域停留短,小班幼儿瑶瑶在区域活动时，一会儿在娃娃家切切菜，一会儿到美工区搓搓橡皮泥，一会儿又开心地跑到其它区域游戏，在任何一个区域停留时间都不超过三分钟。,提议瑶瑶完成某项游戏任务，如在娃娃家做菜，请他活动小结时分享。,游戏前提醒区域活动规则，活动结束后表扬区域游戏规则遵守得好的小朋友。,仔细观察瑶瑶在不同区域的游戏情况，分析他发生迅速转移的原因。,以同伴的身份陪伴瑶瑶在某一区域游戏，待他专注游戏后再离开。,A,A/B,教师A：提议瑶瑶完成某项游戏任务，如在娃娃家做菜，请他活动小结时分享。,教师A：提议瑶瑶完成某项游戏任务，如在娃娃家做菜，请他活动小结时分享。；教师B：游戏前提醒区域活动规则，活动结束后表扬区域游戏规则遵守得好的小朋友。,请回忆第3题这个情境。当时的情境是：小班幼儿瑶瑶在区域活动时，一会儿在娃娃家切切菜，一会儿到美工区搓搓橡皮泥，一会儿又开心地跑到其它区域游戏，在任何一个区域停留时间都不超过三分钟。当时提供的做法包括：教师A：提议瑶瑶完成某项游戏任务，如在娃娃家做菜，请他活动小结时分享；教师B：游戏前提醒区域活动规则，活动结束后表扬区域游戏规则遵守得好的小朋友；教师C：仔细观察瑶瑶在不同区域的游戏情况，分析他发生迅速转移的原因；教师D：以同伴的身份陪伴瑶瑶在某一区域游戏，待他专注游戏后再离开。可以先从这个情境本身追问：瑶瑶在多个区域快速转换时，你当时会先把它看作注意力不集中、规则问题，还是一种探索不同材料的方式？；如果你在现场，你会先观察哪些信息来判断是否需要介入？。然后可围绕其作答过程中的重点比较追问：你当时是怎样比较以下两种做法的：教师A：提议瑶瑶完成某项游戏任务，如在娃娃家做菜，请他活动小结时分享；教师B：游戏前提醒区域活动规则，活动结束后表扬区域游戏规则遵守得好的小朋友？如果教师提到调整过顺序，再追问：是什么信息或想法让你改变了当时的排序？请只围绕情境理解、判断依据和选项比较提问，不要提及任何内部计算指标、得分、排名、入选原因或评价性判断。,访谈提醒：本表仅供生成中性访谈提问。访谈时不得向教师透露任何内部计算指标、得分、排名、题目入选原因或评价性判断。
教师13,sim_openid_013_622833,3,Q8,8,引水难题未解,中班上学期，幼儿在“引水游戏”中遇到了难题——水无法被引到竹片管道上。他们不断调整竹片拼接的方式，却始终没能成功，即竹片一头高于出水管道，阻碍了引流。渐渐地幼儿的探索兴趣也减弱了，有的开始玩水，有的甚至离开了水池。,示范正确的引水方法，请幼儿注意观察并说说引水的要领，再自己试一试。,加入幼儿的探索，引导他们观察水流受阻的位置，一起尝试调整竹片的摆放方式。,组织幼儿就游戏困难进行讨论，寻找解决问题的方案，引导幼儿再次尝试。,投放更多辅助引水的材料，重新激起幼儿的探索兴趣，继续观察游戏进展。,D,A/B,教师D：投放更多辅助引水的材料，重新激起幼儿的探索兴趣，继续观察游戏进展。,教师A：示范正确的引水方法，请幼儿注意观察并说说引水的要领，再自己试一试。；教师B：加入幼儿的探索，引导他们观察水流受阻的位置，一起尝试调整竹片的摆放方式。,请回忆第8题这个情境。当时的情境是：中班上学期，幼儿在“引水游戏”中遇到了难题——水无法被引到竹片管道上。他们不断调整竹片拼接的方式，却始终没能成功，即竹片一头高于出水管道，阻碍了引流。渐渐地幼儿的探索兴趣也减弱了，有的开始玩水，有的甚至离开了水池。当时提供的做法包括：教师A：示范正确的引水方法，请幼儿注意观察并说说引水的要领，再自己试一试；教师B：加入幼儿的探索，引导他们观察水流受阻的位置，一起尝试调整竹片的摆放方式；教师C：组织幼儿就游戏困难进行讨论，寻找解决问题的方案，引导幼儿再次尝试；教师D：投放更多辅助引水的材料，重新激起幼儿的探索兴趣，继续观察游戏进展。可以先从这个情境本身追问：孩子们引水失败、兴趣减弱时，你当时更倾向于直接示范方法，还是继续支持他们自己发现水流受阻的原因？；你觉得教师怎样提供支架，既能帮助问题解决，又保留幼儿继续探究的空间？。然后可围绕其作答过程中的重点比较追问：你当时是怎样比较以下两种做法的：教师A：示范正确的引水方法，请幼儿注意观察并说说引水的要领，再自己试一试；教师B：加入幼儿的探索，引导他们观察水流受阻的位置，一起尝试调整竹片的摆放方式？如果教师提到调整过顺序，再追问：是什么信息或想法让你改变了当时的排序？请只围绕情境理解、判断依据和选项比较提问，不要提及任何内部计算指标、得分、排名、入选原因或评价性判断。,访谈提醒：本表仅供生成中性访谈提问。访谈时不得向教师透露任何内部计算指标、得分、排名、题目入选原因或评价性判断。
教师14,sim_openid_014_601439,1,Q4,4,未参与小组建构,大班建构活动中，睿睿和其他幼儿计划一起搭积木大桥，他们讨论了搭建方法，并进入区域开始搭建。就在其他幼儿在认真搭建时，睿睿发现了一块长条木板，他一会儿在地上推着走，一会儿当枪使，没有再参与小组的搭建。,继续观察，后续分享中支持睿睿思考如何把长条木板融入小组的建构中。,肯定睿睿的创造性玩法，询问他长条板能否当桥面，引导他参与到搭桥任务中。,引导睿睿回顾计划，建议他先完成共同任务，长条木板可以等自由游戏时再玩。,看到睿睿玩得开心，暂不介入，等下一次活动时再提醒他根据计划开展游戏。,A,C/D,教师A：继续观察，后续分享中支持睿睿思考如何把长条木板融入小组的建构中。,教师C：引导睿睿回顾计划，建议他先完成共同任务，长条木板可以等自由游戏时再玩。；教师D：看到睿睿玩得开心，暂不介入，等下一次活动时再提醒他根据计划开展游戏。,请回忆第4题这个情境。当时的情境是：大班建构活动中，睿睿和其他幼儿计划一起搭积木大桥，他们讨论了搭建方法，并进入区域开始搭建。就在其他幼儿在认真搭建时，睿睿发现了一块长条木板，他一会儿在地上推着走，一会儿当枪使，没有再参与小组的搭建。当时提供的做法包括：教师A：继续观察，后续分享中支持睿睿思考如何把长条木板融入小组的建构中；教师B：肯定睿睿的创造性玩法，询问他长条板能否当桥面，引导他参与到搭桥任务中；教师C：引导睿睿回顾计划，建议他先完成共同任务，长条木板可以等自由游戏时再玩；教师D：看到睿睿玩得开心，暂不介入，等下一次活动时再提醒他根据计划开展游戏。可以先从这个情境本身追问：睿睿离开了原来的搭桥计划去玩长条木板，你当时怎样理解他的行为：是偏离共同任务，还是出现了新的游戏线索？；面对共同建构计划和幼儿临时兴趣之间的变化，你觉得教师什么时候应该介入，什么时候可以继续观察？。然后可围绕其作答过程中的重点比较追问：你当时是怎样比较以下两种做法的：教师C：引导睿睿回顾计划，建议他先完成共同任务，长条木板可以等自由游戏时再玩；教师D：看到睿睿玩得开心，暂不介入，等下一次活动时再提醒他根据计划开展游戏？如果教师提到调整过顺序，再追问：是什么信息或想法让你改变了当时的排序？请只围绕情境理解、判断依据和选项比较提问，不要提及任何内部计算指标、得分、排名、入选原因或评价性判断。,访谈提醒：本表仅供生成中性访谈提问。访谈时不得向教师透露任何内部计算指标、得分、排名、题目入选原因或评价性判断。
教师14,sim_openid_014_601439,2,Q7,7,艾莎公主不运动,小班的一次户外运动，有几个女孩子从一开始就没有选择任何体育活动项目，而是聚在一起坐在地上玩“艾莎公主”的游戏，比一比谁的鞋子最漂亮，谁的魔法最厉害。,询问幼儿没有参与运动的原因，提供丰富的活动材料吸引幼儿参与运动活动。,提醒幼儿现在是运动时间，请他们等自由游戏时间再一起玩“艾莎公主”的游戏。,利用艾莎公主的鞋子设计走、跑、跳等活动，并以参与者的身份邀请幼儿一起参与运动。,肯定幼儿自主游戏的行为，言语引导幼儿穿着“漂亮的鞋子”参与运动。,B,C/D,教师B：提醒幼儿现在是运动时间，请他们等自由游戏时间再一起玩“艾莎公主”的游戏。,教师C：利用艾莎公主的鞋子设计走、跑、跳等活动，并以参与者的身份邀请幼儿一起参与运动。；教师D：肯定幼儿自主游戏的行为，言语引导幼儿穿着“漂亮的鞋子”参与运动。,请回忆第7题这个情境。当时的情境是：小班的一次户外运动，有几个女孩子从一开始就没有选择任何体育活动项目，而是聚在一起坐在地上玩“艾莎公主”的游戏，比一比谁的鞋子最漂亮，谁的魔法最厉害。当时提供的做法包括：教师A：询问幼儿没有参与运动的原因，提供丰富的活动材料吸引幼儿参与运动活动；教师B：提醒幼儿现在是运动时间，请他们等自由游戏时间再一起玩“艾莎公主”的游戏；教师C：利用艾莎公主的鞋子设计走、跑、跳等活动，并以参与者的身份邀请幼儿一起参与运动；教师D：肯定幼儿自主游戏的行为，言语引导幼儿穿着“漂亮的鞋子”参与运动。可以先从这个情境本身追问：几个女孩在户外运动时间玩艾莎公主时，你当时更关注运动目标，还是关注她们正在生成的角色游戏兴趣？；如果要把艾莎公主游戏和运动活动连接起来，你觉得教师可以怎样做才不显得生硬？。然后可围绕其作答过程中的重点比较追问：你当时是怎样比较以下两种做法的：教师C：利用艾莎公主的鞋子设计走、跑、跳等活动，并以参与者的身份邀请幼儿一起参与运动；教师D：肯定幼儿自主游戏的行为，言语引导幼儿穿着“漂亮的鞋子”参与运动？如果教师提到调整过顺序，再追问：是什么信息或想法让你改变了当时的排序？请只围绕情境理解、判断依据和选项比较提问，不要提及任何内部计算指标、得分、排名、入选原因或评价性判断。,访谈提醒：本表仅供生成中性访谈提问。访谈时不得向教师透露任何内部计算指标、得分、排名、题目入选原因或评价性判断。
教师14,sim_openid_014_601439,3,Q9,9,飞行棋各走各的,大班区域游戏中，轩轩和小宇一起玩飞行棋，他们将棋子摆好后，各自拿了一个骰子开始投，小宇说：“该我走。”轩轩说：“明明该我走！”相持不下，于是两人各拿一个骰子，自顾自地走自己的棋。,耐心讲解共同游戏的规则，再以“棋手”身份加入游戏进行示范引导。,暂不介入，继续观察游戏进展，待区域小结时请幼儿分享游戏中的体验和问题。,拿走一个骰子，请幼儿商量只有一个骰子的共同游戏规则，达成一致后再开始游戏。,待幼儿体验一轮各走各的游戏后，询问幼儿的游戏体验，提示共同游戏规则的作用。,C,A/D,教师C：拿走一个骰子，请幼儿商量只有一个骰子的共同游戏规则，达成一致后再开始游戏。,教师A：耐心讲解共同游戏的规则，再以“棋手”身份加入游戏进行示范引导。；教师D：待幼儿体验一轮各走各的游戏后，询问幼儿的游戏体验，提示共同游戏规则的作用。,请回忆第9题这个情境。当时的情境是：大班区域游戏中，轩轩和小宇一起玩飞行棋，他们将棋子摆好后，各自拿了一个骰子开始投，小宇说：“该我走。”轩轩说：“明明该我走！”相持不下，于是两人各拿一个骰子，自顾自地走自己的棋。当时提供的做法包括：教师A：耐心讲解共同游戏的规则，再以“棋手”身份加入游戏进行示范引导；教师B：暂不介入，继续观察游戏进展，待区域小结时请幼儿分享游戏中的体验和问题；教师C：拿走一个骰子，请幼儿商量只有一个骰子的共同游戏规则，达成一致后再开始游戏；教师D：待幼儿体验一轮各走各的游戏后，询问幼儿的游戏体验，提示共同游戏规则的作用。可以先从这个情境本身追问：两个孩子各走各的棋时，你当时更关注共同游戏规则的建立，还是先让他们体验这种玩法会带来什么问题？；你觉得教师怎样帮助幼儿从各玩各的，过渡到真正的共同游戏？。然后可围绕其作答过程中的重点比较追问：你当时是怎样比较以下两种做法的：教师A：耐心讲解共同游戏的规则，再以“棋手”身份加入游戏进行示范引导；教师D：待幼儿体验一轮各走各的游戏后，询问幼儿的游戏体验，提示共同游戏规则的作用？如果教师提到调整过顺序，再追问：是什么信息或想法让你改变了当时的排序？请只围绕情境理解、判断依据和选项比较提问，不要提及任何内部计算指标、得分、排名、入选原因或评价性判断。,访谈提醒：本表仅供生成中性访谈提问。访谈时不得向教师透露任何内部计算指标、得分、排名、题目入选原因或评价性判断。
教师15,sim_openid_015_459012,1,Q3,3,区域停留短,小班幼儿瑶瑶在区域活动时，一会儿在娃娃家切切菜，一会儿到美工区搓搓橡皮泥，一会儿又开心地跑到其它区域游戏，在任何一个区域停留时间都不超过三分钟。,提议瑶瑶完成某项游戏任务，如在娃娃家做菜，请他活动小结时分享。,游戏前提醒区域活动规则，活动结束后表扬区域游戏规则遵守得好的小朋友。,仔细观察瑶瑶在不同区域的游戏情况，分析他发生迅速转移的原因。,以同伴的身份陪伴瑶瑶在某一区域游戏，待他专注游戏后再离开。,D,B/C,教师D：以同伴的身份陪伴瑶瑶在某一区域游戏，待他专注游戏后再离开。,教师B：游戏前提醒区域活动规则，活动结束后表扬区域游戏规则遵守得好的小朋友。；教师C：仔细观察瑶瑶在不同区域的游戏情况，分析他发生迅速转移的原因。,请回忆第3题这个情境。当时的情境是：小班幼儿瑶瑶在区域活动时，一会儿在娃娃家切切菜，一会儿到美工区搓搓橡皮泥，一会儿又开心地跑到其它区域游戏，在任何一个区域停留时间都不超过三分钟。当时提供的做法包括：教师A：提议瑶瑶完成某项游戏任务，如在娃娃家做菜，请他活动小结时分享；教师B：游戏前提醒区域活动规则，活动结束后表扬区域游戏规则遵守得好的小朋友；教师C：仔细观察瑶瑶在不同区域的游戏情况，分析他发生迅速转移的原因；教师D：以同伴的身份陪伴瑶瑶在某一区域游戏，待他专注游戏后再离开。可以先从这个情境本身追问：瑶瑶在多个区域快速转换时，你当时会先把它看作注意力不集中、规则问题，还是一种探索不同材料的方式？；如果你在现场，你会先观察哪些信息来判断是否需要介入？。然后可围绕其作答过程中的重点比较追问：你当时是怎样比较以下两种做法的：教师B：游戏前提醒区域活动规则，活动结束后表扬区域游戏规则遵守得好的小朋友；教师C：仔细观察瑶瑶在不同区域的游戏情况，分析他发生迅速转移的原因？如果教师提到调整过顺序，再追问：是什么信息或想法让你改变了当时的排序？请只围绕情境理解、判断依据和选项比较提问，不要提及任何内部计算指标、得分、排名、入选原因或评价性判断。,访谈提醒：本表仅供生成中性访谈提问。访谈时不得向教师透露任何内部计算指标、得分、排名、题目入选原因或评价性判断。
教师15,sim_openid_015_459012,2,Q9,9,飞行棋各走各的,大班区域游戏中，轩轩和小宇一起玩飞行棋，他们将棋子摆好后，各自拿了一个骰子开始投，小宇说：“该我走。”轩轩说：“明明该我走！”相持不下，于是两人各拿一个骰子，自顾自地走自己的棋。,耐心讲解共同游戏的规则，再以“棋手”身份加入游戏进行示范引导。,暂不介入，继续观察游戏进展，待区域小结时请幼儿分享游戏中的体验和问题。,拿走一个骰子，请幼儿商量只有一个骰子的共同游戏规则，达成一致后再开始游戏。,待幼儿体验一轮各走各的游戏后，询问幼儿的游戏体验，提示共同游戏规则的作用。,C,C/D,教师C：拿走一个骰子，请幼儿商量只有一个骰子的共同游戏规则，达成一致后再开始游戏。,教师C：拿走一个骰子，请幼儿商量只有一个骰子的共同游戏规则，达成一致后再开始游戏。；教师D：待幼儿体验一轮各走各的游戏后，询问幼儿的游戏体验，提示共同游戏规则的作用。,请回忆第9题这个情境。当时的情境是：大班区域游戏中，轩轩和小宇一起玩飞行棋，他们将棋子摆好后，各自拿了一个骰子开始投，小宇说：“该我走。”轩轩说：“明明该我走！”相持不下，于是两人各拿一个骰子，自顾自地走自己的棋。当时提供的做法包括：教师A：耐心讲解共同游戏的规则，再以“棋手”身份加入游戏进行示范引导；教师B：暂不介入，继续观察游戏进展，待区域小结时请幼儿分享游戏中的体验和问题；教师C：拿走一个骰子，请幼儿商量只有一个骰子的共同游戏规则，达成一致后再开始游戏；教师D：待幼儿体验一轮各走各的游戏后，询问幼儿的游戏体验，提示共同游戏规则的作用。可以先从这个情境本身追问：两个孩子各走各的棋时，你当时更关注共同游戏规则的建立，还是先让他们体验这种玩法会带来什么问题？；你觉得教师怎样帮助幼儿从各玩各的，过渡到真正的共同游戏？。然后可围绕其作答过程中的重点比较追问：你当时是怎样比较以下两种做法的：教师C：拿走一个骰子，请幼儿商量只有一个骰子的共同游戏规则，达成一致后再开始游戏；教师D：待幼儿体验一轮各走各的游戏后，询问幼儿的游戏体验，提示共同游戏规则的作用？如果教师提到调整过顺序，再追问：是什么信息或想法让你改变了当时的排序？请只围绕情境理解、判断依据和选项比较提问，不要提及任何内部计算指标、得分、排名、入选原因或评价性判断。,访谈提醒：本表仅供生成中性访谈提问。访谈时不得向教师透露任何内部计算指标、得分、排名、题目入选原因或评价性判断。
教师15,sim_openid_015_459012,3,Q1,1,篮球架玩水,操场上新安装了一些篮球架，幼儿经常在这里投篮。某天户外活动时，几名幼儿带着画笔和水桶来到这里，他们先是快乐地粉刷篮球架，之后开始往篮框里灌水，有的从上面灌，有的在下面接，忙的不亦乐乎，俨然这里成为了玩水的场地。,看到幼儿玩得很开心，不干预他们的玩水行为，待兴趣减弱后再讨论玩水的适宜性。,表扬幼儿的新发现，并询问在篮球架旁玩水是否合适，提议幼儿可以换个地方玩水。,参与到幼儿的“粉刷”游戏中，逐步引导幼儿到适宜玩水的地方继续开展游戏。,提醒幼儿篮球架是用于开展运动的，与其他幼儿一起召唤他们打篮球，转移他们的关注点。,A,A/B,教师A：看到幼儿玩得很开心，不干预他们的玩水行为，待兴趣减弱后再讨论玩水的适宜性。,教师A：看到幼儿玩得很开心，不干预他们的玩水行为，待兴趣减弱后再讨论玩水的适宜性。；教师B：表扬幼儿的新发现，并询问在篮球架旁玩水是否合适，提议幼儿可以换个地方玩水。,请回忆第1题这个情境。当时的情境是：操场上新安装了一些篮球架，幼儿经常在这里投篮。某天户外活动时，几名幼儿带着画笔和水桶来到这里，他们先是快乐地粉刷篮球架，之后开始往篮框里灌水，有的从上面灌，有的在下面接，忙的不亦乐乎，俨然这里成为了玩水的场地。当时提供的做法包括：教师A：看到幼儿玩得很开心，不干预他们的玩水行为，待兴趣减弱后再讨论玩水的适宜性；教师B：表扬幼儿的新发现，并询问在篮球架旁玩水是否合适，提议幼儿可以换个地方玩水；教师C：参与到幼儿的“粉刷”游戏中，逐步引导幼儿到适宜玩水的地方继续开展游戏；教师D：提醒幼儿篮球架是用于开展运动的，与其他幼儿一起召唤他们打篮球，转移他们的关注点。可以先从这个情境本身追问：这个情境里，孩子把篮球架变成玩水场地，你当时更关注他们的游戏兴趣、器械用途，还是安全与场地适宜性？；如果既想保护孩子的探索兴趣，又要回应篮球架原本的运动功能，你觉得教师可以怎样衔接？。然后可围绕其作答过程中的重点比较追问：你当时是怎样比较以下两种做法的：教师A：看到幼儿玩得很开心，不干预他们的玩水行为，待兴趣减弱后再讨论玩水的适宜性；教师B：表扬幼儿的新发现，并询问在篮球架旁玩水是否合适，提议幼儿可以换个地方玩水？如果教师提到调整过顺序，再追问：是什么信息或想法让你改变了当时的排序？请只围绕情境理解、判断依据和选项比较提问，不要提及任何内部计算指标、得分、排名、入选原因或评价性判断。,访谈提醒：本表仅供生成中性访谈提问。访谈时不得向教师透露任何内部计算指标、得分、排名、题目入选原因或评价性判断。
教师16,sim_openid_016_686881,1,Q5,5,消防员救火开心,近几天，中班的幼儿十分热衷于在区域游戏时间玩“消防员救火”的游戏。游戏结束后的交流活动中，老师问幼儿最想分享什么时，阳阳说“娃娃家着火了，好开心啊！”。,抓住教育契机，向幼儿耐心解释真实的火灾会造成物品损失和人员伤亡。,询问幼儿开心的是“着火”本身，还是消防员成功救火、娃娃家的人得救？,引导幼儿思考“娃娃家着火”值不值得开心，帮助他们认识真实火灾是危险的。,请阳阳讲讲娃娃家着火后发生了什么、为什么开心，借此理解幼儿的游戏体验。,A,A/D,教师A：抓住教育契机，向幼儿耐心解释真实的火灾会造成物品损失和人员伤亡。,教师A：抓住教育契机，向幼儿耐心解释真实的火灾会造成物品损失和人员伤亡。；教师D：请阳阳讲讲娃娃家着火后发生了什么、为什么开心，借此理解幼儿的游戏体验。,请回忆第5题这个情境。当时的情境是：近几天，中班的幼儿十分热衷于在区域游戏时间玩“消防员救火”的游戏。游戏结束后的交流活动中，老师问幼儿最想分享什么时，阳阳说“娃娃家着火了，好开心啊！”。当时提供的做法包括：教师A：抓住教育契机，向幼儿耐心解释真实的火灾会造成物品损失和人员伤亡；教师B：询问幼儿开心的是“着火”本身，还是消防员成功救火、娃娃家的人得救；教师C：引导幼儿思考“娃娃家着火”值不值得开心，帮助他们认识真实火灾是危险的；教师D：请阳阳讲讲娃娃家着火后发生了什么、为什么开心，借此理解幼儿的游戏体验。可以先从这个情境本身追问：阳阳说娃娃家着火了很开心时，你当时更关注真实火灾的危险教育，还是先理解他在游戏里的开心来自哪里？；你觉得教师怎样回应，既不否定幼儿的游戏体验，又能引导他们理解真实火灾的意义？。然后可围绕其作答过程中的重点比较追问：你当时是怎样比较以下两种做法的：教师A：抓住教育契机，向幼儿耐心解释真实的火灾会造成物品损失和人员伤亡；教师D：请阳阳讲讲娃娃家着火后发生了什么、为什么开心，借此理解幼儿的游戏体验？如果教师提到调整过顺序，再追问：是什么信息或想法让你改变了当时的排序？请只围绕情境理解、判断依据和选项比较提问，不要提及任何内部计算指标、得分、排名、入选原因或评价性判断。,访谈提醒：本表仅供生成中性访谈提问。访谈时不得向教师透露任何内部计算指标、得分、排名、题目入选原因或评价性判断。
教师16,sim_openid_016_686881,2,Q4,4,未参与小组建构,大班建构活动中，睿睿和其他幼儿计划一起搭积木大桥，他们讨论了搭建方法，并进入区域开始搭建。就在其他幼儿在认真搭建时，睿睿发现了一块长条木板，他一会儿在地上推着走，一会儿当枪使，没有再参与小组的搭建。,继续观察，后续分享中支持睿睿思考如何把长条木板融入小组的建构中。,肯定睿睿的创造性玩法，询问他长条板能否当桥面，引导他参与到搭桥任务中。,引导睿睿回顾计划，建议他先完成共同任务，长条木板可以等自由游戏时再玩。,看到睿睿玩得开心，暂不介入，等下一次活动时再提醒他根据计划开展游戏。,,C/D,,教师C：引导睿睿回顾计划，建议他先完成共同任务，长条木板可以等自由游戏时再玩。；教师D：看到睿睿玩得开心，暂不介入，等下一次活动时再提醒他根据计划开展游戏。,请回忆第4题这个情境。当时的情境是：大班建构活动中，睿睿和其他幼儿计划一起搭积木大桥，他们讨论了搭建方法，并进入区域开始搭建。就在其他幼儿在认真搭建时，睿睿发现了一块长条木板，他一会儿在地上推着走，一会儿当枪使，没有再参与小组的搭建。当时提供的做法包括：教师A：继续观察，后续分享中支持睿睿思考如何把长条木板融入小组的建构中；教师B：肯定睿睿的创造性玩法，询问他长条板能否当桥面，引导他参与到搭桥任务中；教师C：引导睿睿回顾计划，建议他先完成共同任务，长条木板可以等自由游戏时再玩；教师D：看到睿睿玩得开心，暂不介入，等下一次活动时再提醒他根据计划开展游戏。可以先从这个情境本身追问：睿睿离开了原来的搭桥计划去玩长条木板，你当时怎样理解他的行为：是偏离共同任务，还是出现了新的游戏线索？；面对共同建构计划和幼儿临时兴趣之间的变化，你觉得教师什么时候应该介入，什么时候可以继续观察？。然后可围绕其作答过程中的重点比较追问：你当时是怎样比较以下两种做法的：教师C：引导睿睿回顾计划，建议他先完成共同任务，长条木板可以等自由游戏时再玩；教师D：看到睿睿玩得开心，暂不介入，等下一次活动时再提醒他根据计划开展游戏？如果教师提到调整过顺序，再追问：是什么信息或想法让你改变了当时的排序？请只围绕情境理解、判断依据和选项比较提问，不要提及任何内部计算指标、得分、排名、入选原因或评价性判断。,访谈提醒：本表仅供生成中性访谈提问。访谈时不得向教师透露任何内部计算指标、得分、排名、题目入选原因或评价性判断。
教师16,sim_openid_016_686881,3,Q1,1,篮球架玩水,操场上新安装了一些篮球架，幼儿经常在这里投篮。某天户外活动时，几名幼儿带着画笔和水桶来到这里，他们先是快乐地粉刷篮球架，之后开始往篮框里灌水，有的从上面灌，有的在下面接，忙的不亦乐乎，俨然这里成为了玩水的场地。,看到幼儿玩得很开心，不干预他们的玩水行为，待兴趣减弱后再讨论玩水的适宜性。,表扬幼儿的新发现，并询问在篮球架旁玩水是否合适，提议幼儿可以换个地方玩水。,参与到幼儿的“粉刷”游戏中，逐步引导幼儿到适宜玩水的地方继续开展游戏。,提醒幼儿篮球架是用于开展运动的，与其他幼儿一起召唤他们打篮球，转移他们的关注点。,A,C/D,教师A：看到幼儿玩得很开心，不干预他们的玩水行为，待兴趣减弱后再讨论玩水的适宜性。,教师C：参与到幼儿的“粉刷”游戏中，逐步引导幼儿到适宜玩水的地方继续开展游戏。；教师D：提醒幼儿篮球架是用于开展运动的，与其他幼儿一起召唤他们打篮球，转移他们的关注点。,请回忆第1题这个情境。当时的情境是：操场上新安装了一些篮球架，幼儿经常在这里投篮。某天户外活动时，几名幼儿带着画笔和水桶来到这里，他们先是快乐地粉刷篮球架，之后开始往篮框里灌水，有的从上面灌，有的在下面接，忙的不亦乐乎，俨然这里成为了玩水的场地。当时提供的做法包括：教师A：看到幼儿玩得很开心，不干预他们的玩水行为，待兴趣减弱后再讨论玩水的适宜性；教师B：表扬幼儿的新发现，并询问在篮球架旁玩水是否合适，提议幼儿可以换个地方玩水；教师C：参与到幼儿的“粉刷”游戏中，逐步引导幼儿到适宜玩水的地方继续开展游戏；教师D：提醒幼儿篮球架是用于开展运动的，与其他幼儿一起召唤他们打篮球，转移他们的关注点。可以先从这个情境本身追问：这个情境里，孩子把篮球架变成玩水场地，你当时更关注他们的游戏兴趣、器械用途，还是安全与场地适宜性？；如果既想保护孩子的探索兴趣，又要回应篮球架原本的运动功能，你觉得教师可以怎样衔接？。然后可围绕其作答过程中的重点比较追问：你当时是怎样比较以下两种做法的：教师C：参与到幼儿的“粉刷”游戏中，逐步引导幼儿到适宜玩水的地方继续开展游戏；教师D：提醒幼儿篮球架是用于开展运动的，与其他幼儿一起召唤他们打篮球，转移他们的关注点？如果教师提到调整过顺序，再追问：是什么信息或想法让你改变了当时的排序？请只围绕情境理解、判断依据和选项比较提问，不要提及任何内部计算指标、得分、排名、入选原因或评价性判断。,访谈提醒：本表仅供生成中性访谈提问。访谈时不得向教师透露任何内部计算指标、得分、排名、题目入选原因或评价性判断。
教师17,sim_openid_017_558366,1,Q2,2,频繁求助,中班区域活动时，小明选择了建构区。玩了一会儿，他跑到老师面前说“老师，我不会搭……帮帮我吧”，教师问他需要什么帮助时，他一边说我不会搭，一边却很快地将房子从一层积木加高到了两层。看小明专注搭建后，老师就离开建构区了。可是没一会，小明又找了老师好几次，说“老师，帮帮我吧，我不会搭”。,鼓励小明独立搭建，引导他思考接下来如何搭建，及时表扬他的努力。,先示范搭建关键部分，请小明观察方法，再鼓励他照着继续搭建。,在旁观察小明的搭建过程，并适时反馈，帮助他理清搭建步骤。,帮小明回顾已搭建完成的部分，指导他设定小目标，尝试自己实现。,,,,,请回忆第2题这个情境。当时的情境是：中班区域活动时，小明选择了建构区。玩了一会儿，他跑到老师面前说“老师，我不会搭……帮帮我吧”，教师问他需要什么帮助时，他一边说我不会搭，一边却很快地将房子从一层积木加高到了两层。看小明专注搭建后，老师就离开建构区了。可是没一会，小明又找了老师好几次，说“老师，帮帮我吧，我不会搭”。当时提供的做法包括：教师A：鼓励小明独立搭建，引导他思考接下来如何搭建，及时表扬他的努力；教师B：先示范搭建关键部分，请小明观察方法，再鼓励他照着继续搭建；教师C：在旁观察小明的搭建过程，并适时反馈，帮助他理清搭建步骤；教师D：帮小明回顾已搭建完成的部分，指导他设定小目标，尝试自己实现。可以先从这个情境本身追问：小明一边说不会搭，一边又能继续加高房子，你当时怎样判断他真正需要的帮助是什么？；面对幼儿反复求助，你觉得教师怎样支持，既不替代幼儿完成，又能帮助他继续推进游戏？。然后可追问：你当时主要依据什么来排列这些做法？如果教师提到调整过顺序，再追问：是什么信息或想法让你改变了当时的排序？请只围绕情境理解、判断依据和选项比较提问，不要提及任何内部计算指标、得分、排名、入选原因或评价性判断。,访谈提醒：本表仅供生成中性访谈提问。访谈时不得向教师透露任何内部计算指标、得分、排名、题目入选原因或评价性判断。
教师17,sim_openid_017_558366,2,Q9,9,飞行棋各走各的,大班区域游戏中，轩轩和小宇一起玩飞行棋，他们将棋子摆好后，各自拿了一个骰子开始投，小宇说：“该我走。”轩轩说：“明明该我走！”相持不下，于是两人各拿一个骰子，自顾自地走自己的棋。,耐心讲解共同游戏的规则，再以“棋手”身份加入游戏进行示范引导。,暂不介入，继续观察游戏进展，待区域小结时请幼儿分享游戏中的体验和问题。,拿走一个骰子，请幼儿商量只有一个骰子的共同游戏规则，达成一致后再开始游戏。,待幼儿体验一轮各走各的游戏后，询问幼儿的游戏体验，提示共同游戏规则的作用。,A,C/D,教师A：耐心讲解共同游戏的规则，再以“棋手”身份加入游戏进行示范引导。,教师C：拿走一个骰子，请幼儿商量只有一个骰子的共同游戏规则，达成一致后再开始游戏。；教师D：待幼儿体验一轮各走各的游戏后，询问幼儿的游戏体验，提示共同游戏规则的作用。,请回忆第9题这个情境。当时的情境是：大班区域游戏中，轩轩和小宇一起玩飞行棋，他们将棋子摆好后，各自拿了一个骰子开始投，小宇说：“该我走。”轩轩说：“明明该我走！”相持不下，于是两人各拿一个骰子，自顾自地走自己的棋。当时提供的做法包括：教师A：耐心讲解共同游戏的规则，再以“棋手”身份加入游戏进行示范引导；教师B：暂不介入，继续观察游戏进展，待区域小结时请幼儿分享游戏中的体验和问题；教师C：拿走一个骰子，请幼儿商量只有一个骰子的共同游戏规则，达成一致后再开始游戏；教师D：待幼儿体验一轮各走各的游戏后，询问幼儿的游戏体验，提示共同游戏规则的作用。可以先从这个情境本身追问：两个孩子各走各的棋时，你当时更关注共同游戏规则的建立，还是先让他们体验这种玩法会带来什么问题？；你觉得教师怎样帮助幼儿从各玩各的，过渡到真正的共同游戏？。然后可围绕其作答过程中的重点比较追问：你当时是怎样比较以下两种做法的：教师C：拿走一个骰子，请幼儿商量只有一个骰子的共同游戏规则，达成一致后再开始游戏；教师D：待幼儿体验一轮各走各的游戏后，询问幼儿的游戏体验，提示共同游戏规则的作用？如果教师提到调整过顺序，再追问：是什么信息或想法让你改变了当时的排序？请只围绕情境理解、判断依据和选项比较提问，不要提及任何内部计算指标、得分、排名、入选原因或评价性判断。,访谈提醒：本表仅供生成中性访谈提问。访谈时不得向教师透露任何内部计算指标、得分、排名、题目入选原因或评价性判断。
教师17,sim_openid_017_558366,3,Q8,8,引水难题未解,中班上学期，幼儿在“引水游戏”中遇到了难题——水无法被引到竹片管道上。他们不断调整竹片拼接的方式，却始终没能成功，即竹片一头高于出水管道，阻碍了引流。渐渐地幼儿的探索兴趣也减弱了，有的开始玩水，有的甚至离开了水池。,示范正确的引水方法，请幼儿注意观察并说说引水的要领，再自己试一试。,加入幼儿的探索，引导他们观察水流受阻的位置，一起尝试调整竹片的摆放方式。,组织幼儿就游戏困难进行讨论，寻找解决问题的方案，引导幼儿再次尝试。,投放更多辅助引水的材料，重新激起幼儿的探索兴趣，继续观察游戏进展。,B,B/D,教师B：加入幼儿的探索，引导他们观察水流受阻的位置，一起尝试调整竹片的摆放方式。,教师B：加入幼儿的探索，引导他们观察水流受阻的位置，一起尝试调整竹片的摆放方式。；教师D：投放更多辅助引水的材料，重新激起幼儿的探索兴趣，继续观察游戏进展。,请回忆第8题这个情境。当时的情境是：中班上学期，幼儿在“引水游戏”中遇到了难题——水无法被引到竹片管道上。他们不断调整竹片拼接的方式，却始终没能成功，即竹片一头高于出水管道，阻碍了引流。渐渐地幼儿的探索兴趣也减弱了，有的开始玩水，有的甚至离开了水池。当时提供的做法包括：教师A：示范正确的引水方法，请幼儿注意观察并说说引水的要领，再自己试一试；教师B：加入幼儿的探索，引导他们观察水流受阻的位置，一起尝试调整竹片的摆放方式；教师C：组织幼儿就游戏困难进行讨论，寻找解决问题的方案，引导幼儿再次尝试；教师D：投放更多辅助引水的材料，重新激起幼儿的探索兴趣，继续观察游戏进展。可以先从这个情境本身追问：孩子们引水失败、兴趣减弱时，你当时更倾向于直接示范方法，还是继续支持他们自己发现水流受阻的原因？；你觉得教师怎样提供支架，既能帮助问题解决，又保留幼儿继续探究的空间？。然后可围绕其作答过程中的重点比较追问：你当时是怎样比较以下两种做法的：教师B：加入幼儿的探索，引导他们观察水流受阻的位置，一起尝试调整竹片的摆放方式；教师D：投放更多辅助引水的材料，重新激起幼儿的探索兴趣，继续观察游戏进展？如果教师提到调整过顺序，再追问：是什么信息或想法让你改变了当时的排序？请只围绕情境理解、判断依据和选项比较提问，不要提及任何内部计算指标、得分、排名、入选原因或评价性判断。,访谈提醒：本表仅供生成中性访谈提问。访谈时不得向教师透露任何内部计算指标、得分、排名、题目入选原因或评价性判断。
教师18,sim_openid_018_547359,1,Q2,2,频繁求助,中班区域活动时，小明选择了建构区。玩了一会儿，他跑到老师面前说“老师，我不会搭……帮帮我吧”，教师问他需要什么帮助时，他一边说我不会搭，一边却很快地将房子从一层积木加高到了两层。看小明专注搭建后，老师就离开建构区了。可是没一会，小明又找了老师好几次，说“老师，帮帮我吧，我不会搭”。,鼓励小明独立搭建，引导他思考接下来如何搭建，及时表扬他的努力。,先示范搭建关键部分，请小明观察方法，再鼓励他照着继续搭建。,在旁观察小明的搭建过程，并适时反馈，帮助他理清搭建步骤。,帮小明回顾已搭建完成的部分，指导他设定小目标，尝试自己实现。,B,B/C,教师B：先示范搭建关键部分，请小明观察方法，再鼓励他照着继续搭建。,教师B：先示范搭建关键部分，请小明观察方法，再鼓励他照着继续搭建。；教师C：在旁观察小明的搭建过程，并适时反馈，帮助他理清搭建步骤。,请回忆第2题这个情境。当时的情境是：中班区域活动时，小明选择了建构区。玩了一会儿，他跑到老师面前说“老师，我不会搭……帮帮我吧”，教师问他需要什么帮助时，他一边说我不会搭，一边却很快地将房子从一层积木加高到了两层。看小明专注搭建后，老师就离开建构区了。可是没一会，小明又找了老师好几次，说“老师，帮帮我吧，我不会搭”。当时提供的做法包括：教师A：鼓励小明独立搭建，引导他思考接下来如何搭建，及时表扬他的努力；教师B：先示范搭建关键部分，请小明观察方法，再鼓励他照着继续搭建；教师C：在旁观察小明的搭建过程，并适时反馈，帮助他理清搭建步骤；教师D：帮小明回顾已搭建完成的部分，指导他设定小目标，尝试自己实现。可以先从这个情境本身追问：小明一边说不会搭，一边又能继续加高房子，你当时怎样判断他真正需要的帮助是什么？；面对幼儿反复求助，你觉得教师怎样支持，既不替代幼儿完成，又能帮助他继续推进游戏？。然后可围绕其作答过程中的重点比较追问：你当时是怎样比较以下两种做法的：教师B：先示范搭建关键部分，请小明观察方法，再鼓励他照着继续搭建；教师C：在旁观察小明的搭建过程，并适时反馈，帮助他理清搭建步骤？如果教师提到调整过顺序，再追问：是什么信息或想法让你改变了当时的排序？请只围绕情境理解、判断依据和选项比较提问，不要提及任何内部计算指标、得分、排名、入选原因或评价性判断。,访谈提醒：本表仅供生成中性访谈提问。访谈时不得向教师透露任何内部计算指标、得分、排名、题目入选原因或评价性判断。
教师18,sim_openid_018_547359,2,Q4,4,未参与小组建构,大班建构活动中，睿睿和其他幼儿计划一起搭积木大桥，他们讨论了搭建方法，并进入区域开始搭建。就在其他幼儿在认真搭建时，睿睿发现了一块长条木板，他一会儿在地上推着走，一会儿当枪使，没有再参与小组的搭建。,继续观察，后续分享中支持睿睿思考如何把长条木板融入小组的建构中。,肯定睿睿的创造性玩法，询问他长条板能否当桥面，引导他参与到搭桥任务中。,引导睿睿回顾计划，建议他先完成共同任务，长条木板可以等自由游戏时再玩。,看到睿睿玩得开心，暂不介入，等下一次活动时再提醒他根据计划开展游戏。,A,A/C,教师A：继续观察，后续分享中支持睿睿思考如何把长条木板融入小组的建构中。,教师A：继续观察，后续分享中支持睿睿思考如何把长条木板融入小组的建构中。；教师C：引导睿睿回顾计划，建议他先完成共同任务，长条木板可以等自由游戏时再玩。,请回忆第4题这个情境。当时的情境是：大班建构活动中，睿睿和其他幼儿计划一起搭积木大桥，他们讨论了搭建方法，并进入区域开始搭建。就在其他幼儿在认真搭建时，睿睿发现了一块长条木板，他一会儿在地上推着走，一会儿当枪使，没有再参与小组的搭建。当时提供的做法包括：教师A：继续观察，后续分享中支持睿睿思考如何把长条木板融入小组的建构中；教师B：肯定睿睿的创造性玩法，询问他长条板能否当桥面，引导他参与到搭桥任务中；教师C：引导睿睿回顾计划，建议他先完成共同任务，长条木板可以等自由游戏时再玩；教师D：看到睿睿玩得开心，暂不介入，等下一次活动时再提醒他根据计划开展游戏。可以先从这个情境本身追问：睿睿离开了原来的搭桥计划去玩长条木板，你当时怎样理解他的行为：是偏离共同任务，还是出现了新的游戏线索？；面对共同建构计划和幼儿临时兴趣之间的变化，你觉得教师什么时候应该介入，什么时候可以继续观察？。然后可围绕其作答过程中的重点比较追问：你当时是怎样比较以下两种做法的：教师A：继续观察，后续分享中支持睿睿思考如何把长条木板融入小组的建构中；教师C：引导睿睿回顾计划，建议他先完成共同任务，长条木板可以等自由游戏时再玩？如果教师提到调整过顺序，再追问：是什么信息或想法让你改变了当时的排序？请只围绕情境理解、判断依据和选项比较提问，不要提及任何内部计算指标、得分、排名、入选原因或评价性判断。,访谈提醒：本表仅供生成中性访谈提问。访谈时不得向教师透露任何内部计算指标、得分、排名、题目入选原因或评价性判断。
教师18,sim_openid_018_547359,3,Q6,6,材料选择无层次,大班上学期，张老师在建构区投放了按图搭建的游戏材料，并提供了不同星级难度的任务卡供幼儿选择，但有的幼儿一上来就选择高难度的三星级任务卡，结果不能顺利完成任务；而有的幼儿始终选择低难度的一星级任务卡。这天，浩浩又连续选择了几张一星级任务卡，很快就完成了任务。,调整任务卡提供方式，在游戏开始前根据幼儿的能力水平有针对性地发放任务卡。,暂不介入，尊重幼儿的自主选择和游戏体验，只要完成任务就是一种经验积累。,调整任务卡呈现方式，如增加“我想挑战”等提示，鼓励幼儿选择不同星级的挑战。,和浩浩回顾已完成的任务，比较不同星级的难度，邀请他选择稍有挑战的任务。,A,B/C,教师A：调整任务卡提供方式，在游戏开始前根据幼儿的能力水平有针对性地发放任务卡。,教师B：暂不介入，尊重幼儿的自主选择和游戏体验，只要完成任务就是一种经验积累。；教师C：调整任务卡呈现方式，如增加“我想挑战”等提示，鼓励幼儿选择不同星级的挑战。,请回忆第6题这个情境。当时的情境是：大班上学期，张老师在建构区投放了按图搭建的游戏材料，并提供了不同星级难度的任务卡供幼儿选择，但有的幼儿一上来就选择高难度的三星级任务卡，结果不能顺利完成任务；而有的幼儿始终选择低难度的一星级任务卡。这天，浩浩又连续选择了几张一星级任务卡，很快就完成了任务。当时提供的做法包括：教师A：调整任务卡提供方式，在游戏开始前根据幼儿的能力水平有针对性地发放任务卡；教师B：暂不介入，尊重幼儿的自主选择和游戏体验，只要完成任务就是一种经验积累；教师C：调整任务卡呈现方式，如增加“我想挑战”等提示，鼓励幼儿选择不同星级的挑战；教师D：和浩浩回顾已完成的任务，比较不同星级的难度，邀请他选择稍有挑战的任务。可以先从这个情境本身追问：浩浩反复选择一星任务卡时，你当时更想尊重他的自主选择，还是推动他尝试更有挑战的任务？；你觉得教师应该怎样判断幼儿是需要安全感、缺少挑战意识，还是任务卡呈现方式本身需要调整？。然后可围绕其作答过程中的重点比较追问：你当时是怎样比较以下两种做法的：教师B：暂不介入，尊重幼儿的自主选择和游戏体验，只要完成任务就是一种经验积累；教师C：调整任务卡呈现方式，如增加“我想挑战”等提示，鼓励幼儿选择不同星级的挑战？如果教师提到调整过顺序，再追问：是什么信息或想法让你改变了当时的排序？请只围绕情境理解、判断依据和选项比较提问，不要提及任何内部计算指标、得分、排名、入选原因或评价性判断。,访谈提醒：本表仅供生成中性访谈提问。访谈时不得向教师透露任何内部计算指标、得分、排名、题目入选原因或评价性判断。
教师19,sim_openid_019_623976,1,Q7,7,艾莎公主不运动,小班的一次户外运动，有几个女孩子从一开始就没有选择任何体育活动项目，而是聚在一起坐在地上玩“艾莎公主”的游戏，比一比谁的鞋子最漂亮，谁的魔法最厉害。,询问幼儿没有参与运动的原因，提供丰富的活动材料吸引幼儿参与运动活动。,提醒幼儿现在是运动时间，请他们等自由游戏时间再一起玩“艾莎公主”的游戏。,利用艾莎公主的鞋子设计走、跑、跳等活动，并以参与者的身份邀请幼儿一起参与运动。,肯定幼儿自主游戏的行为，言语引导幼儿穿着“漂亮的鞋子”参与运动。,B,B/D,教师B：提醒幼儿现在是运动时间，请他们等自由游戏时间再一起玩“艾莎公主”的游戏。,教师B：提醒幼儿现在是运动时间，请他们等自由游戏时间再一起玩“艾莎公主”的游戏。；教师D：肯定幼儿自主游戏的行为，言语引导幼儿穿着“漂亮的鞋子”参与运动。,请回忆第7题这个情境。当时的情境是：小班的一次户外运动，有几个女孩子从一开始就没有选择任何体育活动项目，而是聚在一起坐在地上玩“艾莎公主”的游戏，比一比谁的鞋子最漂亮，谁的魔法最厉害。当时提供的做法包括：教师A：询问幼儿没有参与运动的原因，提供丰富的活动材料吸引幼儿参与运动活动；教师B：提醒幼儿现在是运动时间，请他们等自由游戏时间再一起玩“艾莎公主”的游戏；教师C：利用艾莎公主的鞋子设计走、跑、跳等活动，并以参与者的身份邀请幼儿一起参与运动；教师D：肯定幼儿自主游戏的行为，言语引导幼儿穿着“漂亮的鞋子”参与运动。可以先从这个情境本身追问：几个女孩在户外运动时间玩艾莎公主时，你当时更关注运动目标，还是关注她们正在生成的角色游戏兴趣？；如果要把艾莎公主游戏和运动活动连接起来，你觉得教师可以怎样做才不显得生硬？。然后可围绕其作答过程中的重点比较追问：你当时是怎样比较以下两种做法的：教师B：提醒幼儿现在是运动时间，请他们等自由游戏时间再一起玩“艾莎公主”的游戏；教师D：肯定幼儿自主游戏的行为，言语引导幼儿穿着“漂亮的鞋子”参与运动？如果教师提到调整过顺序，再追问：是什么信息或想法让你改变了当时的排序？请只围绕情境理解、判断依据和选项比较提问，不要提及任何内部计算指标、得分、排名、入选原因或评价性判断。,访谈提醒：本表仅供生成中性访谈提问。访谈时不得向教师透露任何内部计算指标、得分、排名、题目入选原因或评价性判断。
教师19,sim_openid_019_623976,2,Q5,5,消防员救火开心,近几天，中班的幼儿十分热衷于在区域游戏时间玩“消防员救火”的游戏。游戏结束后的交流活动中，老师问幼儿最想分享什么时，阳阳说“娃娃家着火了，好开心啊！”。,抓住教育契机，向幼儿耐心解释真实的火灾会造成物品损失和人员伤亡。,询问幼儿开心的是“着火”本身，还是消防员成功救火、娃娃家的人得救？,引导幼儿思考“娃娃家着火”值不值得开心，帮助他们认识真实火灾是危险的。,请阳阳讲讲娃娃家着火后发生了什么、为什么开心，借此理解幼儿的游戏体验。,A,B/C,教师A：抓住教育契机，向幼儿耐心解释真实的火灾会造成物品损失和人员伤亡。,教师B：询问幼儿开心的是“着火”本身，还是消防员成功救火、娃娃家的人得救？；教师C：引导幼儿思考“娃娃家着火”值不值得开心，帮助他们认识真实火灾是危险的。,请回忆第5题这个情境。当时的情境是：近几天，中班的幼儿十分热衷于在区域游戏时间玩“消防员救火”的游戏。游戏结束后的交流活动中，老师问幼儿最想分享什么时，阳阳说“娃娃家着火了，好开心啊！”。当时提供的做法包括：教师A：抓住教育契机，向幼儿耐心解释真实的火灾会造成物品损失和人员伤亡；教师B：询问幼儿开心的是“着火”本身，还是消防员成功救火、娃娃家的人得救；教师C：引导幼儿思考“娃娃家着火”值不值得开心，帮助他们认识真实火灾是危险的；教师D：请阳阳讲讲娃娃家着火后发生了什么、为什么开心，借此理解幼儿的游戏体验。可以先从这个情境本身追问：阳阳说娃娃家着火了很开心时，你当时更关注真实火灾的危险教育，还是先理解他在游戏里的开心来自哪里？；你觉得教师怎样回应，既不否定幼儿的游戏体验，又能引导他们理解真实火灾的意义？。然后可围绕其作答过程中的重点比较追问：你当时是怎样比较以下两种做法的：教师B：询问幼儿开心的是“着火”本身，还是消防员成功救火、娃娃家的人得救；教师C：引导幼儿思考“娃娃家着火”值不值得开心，帮助他们认识真实火灾是危险的？如果教师提到调整过顺序，再追问：是什么信息或想法让你改变了当时的排序？请只围绕情境理解、判断依据和选项比较提问，不要提及任何内部计算指标、得分、排名、入选原因或评价性判断。,访谈提醒：本表仅供生成中性访谈提问。访谈时不得向教师透露任何内部计算指标、得分、排名、题目入选原因或评价性判断。
教师19,sim_openid_019_623976,3,Q10,10,跳绳秩序混乱,周三下午，大五班的幼儿正自发进行跳绳游戏。李老师观察后发现，挤在一起跳绳的幼儿人数较多，整个场面十分混乱，幼儿很容易出现碰撞现象。此外，由于当“柱子”的幼儿很久才能轮上跳绳，因此也显得很不耐烦。,请幼儿暂停游戏，将幼儿分成多个小组并引导他们以小组为单位分区域开展游戏。,请幼儿说一说跳绳活动中存在的问题，并邀请幼儿一起设置跳绳的规则。,提供更多数量和不同种类的跳绳，并言语引导幼儿分组分区同时进行跳绳游戏。,暂不介入，活动分享时通过照片或视频回放引导幼儿发现问题并商议解决办法。,,B/D,,教师B：请幼儿说一说跳绳活动中存在的问题，并邀请幼儿一起设置跳绳的规则。；教师D：暂不介入，活动分享时通过照片或视频回放引导幼儿发现问题并商议解决办法。,请回忆第10题这个情境。当时的情境是：周三下午，大五班的幼儿正自发进行跳绳游戏。李老师观察后发现，挤在一起跳绳的幼儿人数较多，整个场面十分混乱，幼儿很容易出现碰撞现象。此外，由于当“柱子”的幼儿很久才能轮上跳绳，因此也显得很不耐烦。当时提供的做法包括：教师A：请幼儿暂停游戏，将幼儿分成多个小组并引导他们以小组为单位分区域开展游戏；教师B：请幼儿说一说跳绳活动中存在的问题，并邀请幼儿一起设置跳绳的规则；教师C：提供更多数量和不同种类的跳绳，并言语引导幼儿分组分区同时进行跳绳游戏；教师D：暂不介入，活动分享时通过照片或视频回放引导幼儿发现问题并商议解决办法。可以先从这个情境本身追问：跳绳现场混乱且可能碰撞时，你当时更倾向于立即组织秩序，还是先让幼儿自己发现问题？；在安全风险和幼儿自主制定规则之间，你觉得教师应该怎样把握介入时机？。然后可围绕其作答过程中的重点比较追问：你当时是怎样比较以下两种做法的：教师B：请幼儿说一说跳绳活动中存在的问题，并邀请幼儿一起设置跳绳的规则；教师D：暂不介入，活动分享时通过照片或视频回放引导幼儿发现问题并商议解决办法？如果教师提到调整过顺序，再追问：是什么信息或想法让你改变了当时的排序？请只围绕情境理解、判断依据和选项比较提问，不要提及任何内部计算指标、得分、排名、入选原因或评价性判断。,访谈提醒：本表仅供生成中性访谈提问。访谈时不得向教师透露任何内部计算指标、得分、排名、题目入选原因或评价性判断。
教师20,sim_openid_020_495370,1,Q3,3,区域停留短,小班幼儿瑶瑶在区域活动时，一会儿在娃娃家切切菜，一会儿到美工区搓搓橡皮泥，一会儿又开心地跑到其它区域游戏，在任何一个区域停留时间都不超过三分钟。,提议瑶瑶完成某项游戏任务，如在娃娃家做菜，请他活动小结时分享。,游戏前提醒区域活动规则，活动结束后表扬区域游戏规则遵守得好的小朋友。,仔细观察瑶瑶在不同区域的游戏情况，分析他发生迅速转移的原因。,以同伴的身份陪伴瑶瑶在某一区域游戏，待他专注游戏后再离开。,A,B/C,教师A：提议瑶瑶完成某项游戏任务，如在娃娃家做菜，请他活动小结时分享。,教师B：游戏前提醒区域活动规则，活动结束后表扬区域游戏规则遵守得好的小朋友。；教师C：仔细观察瑶瑶在不同区域的游戏情况，分析他发生迅速转移的原因。,请回忆第3题这个情境。当时的情境是：小班幼儿瑶瑶在区域活动时，一会儿在娃娃家切切菜，一会儿到美工区搓搓橡皮泥，一会儿又开心地跑到其它区域游戏，在任何一个区域停留时间都不超过三分钟。当时提供的做法包括：教师A：提议瑶瑶完成某项游戏任务，如在娃娃家做菜，请他活动小结时分享；教师B：游戏前提醒区域活动规则，活动结束后表扬区域游戏规则遵守得好的小朋友；教师C：仔细观察瑶瑶在不同区域的游戏情况，分析他发生迅速转移的原因；教师D：以同伴的身份陪伴瑶瑶在某一区域游戏，待他专注游戏后再离开。可以先从这个情境本身追问：瑶瑶在多个区域快速转换时，你当时会先把它看作注意力不集中、规则问题，还是一种探索不同材料的方式？；如果你在现场，你会先观察哪些信息来判断是否需要介入？。然后可围绕其作答过程中的重点比较追问：你当时是怎样比较以下两种做法的：教师B：游戏前提醒区域活动规则，活动结束后表扬区域游戏规则遵守得好的小朋友；教师C：仔细观察瑶瑶在不同区域的游戏情况，分析他发生迅速转移的原因？如果教师提到调整过顺序，再追问：是什么信息或想法让你改变了当时的排序？请只围绕情境理解、判断依据和选项比较提问，不要提及任何内部计算指标、得分、排名、入选原因或评价性判断。,访谈提醒：本表仅供生成中性访谈提问。访谈时不得向教师透露任何内部计算指标、得分、排名、题目入选原因或评价性判断。
教师20,sim_openid_020_495370,2,Q9,9,飞行棋各走各的,大班区域游戏中，轩轩和小宇一起玩飞行棋，他们将棋子摆好后，各自拿了一个骰子开始投，小宇说：“该我走。”轩轩说：“明明该我走！”相持不下，于是两人各拿一个骰子，自顾自地走自己的棋。,耐心讲解共同游戏的规则，再以“棋手”身份加入游戏进行示范引导。,暂不介入，继续观察游戏进展，待区域小结时请幼儿分享游戏中的体验和问题。,拿走一个骰子，请幼儿商量只有一个骰子的共同游戏规则，达成一致后再开始游戏。,待幼儿体验一轮各走各的游戏后，询问幼儿的游戏体验，提示共同游戏规则的作用。,,B/D,,教师B：暂不介入，继续观察游戏进展，待区域小结时请幼儿分享游戏中的体验和问题。；教师D：待幼儿体验一轮各走各的游戏后，询问幼儿的游戏体验，提示共同游戏规则的作用。,请回忆第9题这个情境。当时的情境是：大班区域游戏中，轩轩和小宇一起玩飞行棋，他们将棋子摆好后，各自拿了一个骰子开始投，小宇说：“该我走。”轩轩说：“明明该我走！”相持不下，于是两人各拿一个骰子，自顾自地走自己的棋。当时提供的做法包括：教师A：耐心讲解共同游戏的规则，再以“棋手”身份加入游戏进行示范引导；教师B：暂不介入，继续观察游戏进展，待区域小结时请幼儿分享游戏中的体验和问题；教师C：拿走一个骰子，请幼儿商量只有一个骰子的共同游戏规则，达成一致后再开始游戏；教师D：待幼儿体验一轮各走各的游戏后，询问幼儿的游戏体验，提示共同游戏规则的作用。可以先从这个情境本身追问：两个孩子各走各的棋时，你当时更关注共同游戏规则的建立，还是先让他们体验这种玩法会带来什么问题？；你觉得教师怎样帮助幼儿从各玩各的，过渡到真正的共同游戏？。然后可围绕其作答过程中的重点比较追问：你当时是怎样比较以下两种做法的：教师B：暂不介入，继续观察游戏进展，待区域小结时请幼儿分享游戏中的体验和问题；教师D：待幼儿体验一轮各走各的游戏后，询问幼儿的游戏体验，提示共同游戏规则的作用？如果教师提到调整过顺序，再追问：是什么信息或想法让你改变了当时的排序？请只围绕情境理解、判断依据和选项比较提问，不要提及任何内部计算指标、得分、排名、入选原因或评价性判断。,访谈提醒：本表仅供生成中性访谈提问。访谈时不得向教师透露任何内部计算指标、得分、排名、题目入选原因或评价性判断。
教师20,sim_openid_020_495370,3,Q7,7,艾莎公主不运动,小班的一次户外运动，有几个女孩子从一开始就没有选择任何体育活动项目，而是聚在一起坐在地上玩“艾莎公主”的游戏，比一比谁的鞋子最漂亮，谁的魔法最厉害。,询问幼儿没有参与运动的原因，提供丰富的活动材料吸引幼儿参与运动活动。,提醒幼儿现在是运动时间，请他们等自由游戏时间再一起玩“艾莎公主”的游戏。,利用艾莎公主的鞋子设计走、跑、跳等活动，并以参与者的身份邀请幼儿一起参与运动。,肯定幼儿自主游戏的行为，言语引导幼儿穿着“漂亮的鞋子”参与运动。,D,A/C,教师D：肯定幼儿自主游戏的行为，言语引导幼儿穿着“漂亮的鞋子”参与运动。,教师A：询问幼儿没有参与运动的原因，提供丰富的活动材料吸引幼儿参与运动活动。；教师C：利用艾莎公主的鞋子设计走、跑、跳等活动，并以参与者的身份邀请幼儿一起参与运动。,请回忆第7题这个情境。当时的情境是：小班的一次户外运动，有几个女孩子从一开始就没有选择任何体育活动项目，而是聚在一起坐在地上玩“艾莎公主”的游戏，比一比谁的鞋子最漂亮，谁的魔法最厉害。当时提供的做法包括：教师A：询问幼儿没有参与运动的原因，提供丰富的活动材料吸引幼儿参与运动活动；教师B：提醒幼儿现在是运动时间，请他们等自由游戏时间再一起玩“艾莎公主”的游戏；教师C：利用艾莎公主的鞋子设计走、跑、跳等活动，并以参与者的身份邀请幼儿一起参与运动；教师D：肯定幼儿自主游戏的行为，言语引导幼儿穿着“漂亮的鞋子”参与运动。可以先从这个情境本身追问：几个女孩在户外运动时间玩艾莎公主时，你当时更关注运动目标，还是关注她们正在生成的角色游戏兴趣？；如果要把艾莎公主游戏和运动活动连接起来，你觉得教师可以怎样做才不显得生硬？。然后可围绕其作答过程中的重点比较追问：你当时是怎样比较以下两种做法的：教师A：询问幼儿没有参与运动的原因，提供丰富的活动材料吸引幼儿参与运动活动；教师C：利用艾莎公主的鞋子设计走、跑、跳等活动，并以参与者的身份邀请幼儿一起参与运动？如果教师提到调整过顺序，再追问：是什么信息或想法让你改变了当时的排序？请只围绕情境理解、判断依据和选项比较提问，不要提及任何内部计算指标、得分、排名、入选原因或评价性判断。,访谈提醒：本表仅供生成中性访谈提问。访谈时不得向教师透露任何内部计算指标、得分、排名、题目入选原因或评价性判断。
教师21,sim_openid_021_366613,1,Q4,4,未参与小组建构,大班建构活动中，睿睿和其他幼儿计划一起搭积木大桥，他们讨论了搭建方法，并进入区域开始搭建。就在其他幼儿在认真搭建时，睿睿发现了一块长条木板，他一会儿在地上推着走，一会儿当枪使，没有再参与小组的搭建。,继续观察，后续分享中支持睿睿思考如何把长条木板融入小组的建构中。,肯定睿睿的创造性玩法，询问他长条板能否当桥面，引导他参与到搭桥任务中。,引导睿睿回顾计划，建议他先完成共同任务，长条木板可以等自由游戏时再玩。,看到睿睿玩得开心，暂不介入，等下一次活动时再提醒他根据计划开展游戏。,A,C/D,教师A：继续观察，后续分享中支持睿睿思考如何把长条木板融入小组的建构中。,教师C：引导睿睿回顾计划，建议他先完成共同任务，长条木板可以等自由游戏时再玩。；教师D：看到睿睿玩得开心，暂不介入，等下一次活动时再提醒他根据计划开展游戏。,请回忆第4题这个情境。当时的情境是：大班建构活动中，睿睿和其他幼儿计划一起搭积木大桥，他们讨论了搭建方法，并进入区域开始搭建。就在其他幼儿在认真搭建时，睿睿发现了一块长条木板，他一会儿在地上推着走，一会儿当枪使，没有再参与小组的搭建。当时提供的做法包括：教师A：继续观察，后续分享中支持睿睿思考如何把长条木板融入小组的建构中；教师B：肯定睿睿的创造性玩法，询问他长条板能否当桥面，引导他参与到搭桥任务中；教师C：引导睿睿回顾计划，建议他先完成共同任务，长条木板可以等自由游戏时再玩；教师D：看到睿睿玩得开心，暂不介入，等下一次活动时再提醒他根据计划开展游戏。可以先从这个情境本身追问：睿睿离开了原来的搭桥计划去玩长条木板，你当时怎样理解他的行为：是偏离共同任务，还是出现了新的游戏线索？；面对共同建构计划和幼儿临时兴趣之间的变化，你觉得教师什么时候应该介入，什么时候可以继续观察？。然后可围绕其作答过程中的重点比较追问：你当时是怎样比较以下两种做法的：教师C：引导睿睿回顾计划，建议他先完成共同任务，长条木板可以等自由游戏时再玩；教师D：看到睿睿玩得开心，暂不介入，等下一次活动时再提醒他根据计划开展游戏？如果教师提到调整过顺序，再追问：是什么信息或想法让你改变了当时的排序？请只围绕情境理解、判断依据和选项比较提问，不要提及任何内部计算指标、得分、排名、入选原因或评价性判断。,访谈提醒：本表仅供生成中性访谈提问。访谈时不得向教师透露任何内部计算指标、得分、排名、题目入选原因或评价性判断。
教师21,sim_openid_021_366613,2,Q10,10,跳绳秩序混乱,周三下午，大五班的幼儿正自发进行跳绳游戏。李老师观察后发现，挤在一起跳绳的幼儿人数较多，整个场面十分混乱，幼儿很容易出现碰撞现象。此外，由于当“柱子”的幼儿很久才能轮上跳绳，因此也显得很不耐烦。,请幼儿暂停游戏，将幼儿分成多个小组并引导他们以小组为单位分区域开展游戏。,请幼儿说一说跳绳活动中存在的问题，并邀请幼儿一起设置跳绳的规则。,提供更多数量和不同种类的跳绳，并言语引导幼儿分组分区同时进行跳绳游戏。,暂不介入，活动分享时通过照片或视频回放引导幼儿发现问题并商议解决办法。,C,B/D,教师C：提供更多数量和不同种类的跳绳，并言语引导幼儿分组分区同时进行跳绳游戏。,教师B：请幼儿说一说跳绳活动中存在的问题，并邀请幼儿一起设置跳绳的规则。；教师D：暂不介入，活动分享时通过照片或视频回放引导幼儿发现问题并商议解决办法。,请回忆第10题这个情境。当时的情境是：周三下午，大五班的幼儿正自发进行跳绳游戏。李老师观察后发现，挤在一起跳绳的幼儿人数较多，整个场面十分混乱，幼儿很容易出现碰撞现象。此外，由于当“柱子”的幼儿很久才能轮上跳绳，因此也显得很不耐烦。当时提供的做法包括：教师A：请幼儿暂停游戏，将幼儿分成多个小组并引导他们以小组为单位分区域开展游戏；教师B：请幼儿说一说跳绳活动中存在的问题，并邀请幼儿一起设置跳绳的规则；教师C：提供更多数量和不同种类的跳绳，并言语引导幼儿分组分区同时进行跳绳游戏；教师D：暂不介入，活动分享时通过照片或视频回放引导幼儿发现问题并商议解决办法。可以先从这个情境本身追问：跳绳现场混乱且可能碰撞时，你当时更倾向于立即组织秩序，还是先让幼儿自己发现问题？；在安全风险和幼儿自主制定规则之间，你觉得教师应该怎样把握介入时机？。然后可围绕其作答过程中的重点比较追问：你当时是怎样比较以下两种做法的：教师B：请幼儿说一说跳绳活动中存在的问题，并邀请幼儿一起设置跳绳的规则；教师D：暂不介入，活动分享时通过照片或视频回放引导幼儿发现问题并商议解决办法？如果教师提到调整过顺序，再追问：是什么信息或想法让你改变了当时的排序？请只围绕情境理解、判断依据和选项比较提问，不要提及任何内部计算指标、得分、排名、入选原因或评价性判断。,访谈提醒：本表仅供生成中性访谈提问。访谈时不得向教师透露任何内部计算指标、得分、排名、题目入选原因或评价性判断。
教师21,sim_openid_021_366613,3,Q5,5,消防员救火开心,近几天，中班的幼儿十分热衷于在区域游戏时间玩“消防员救火”的游戏。游戏结束后的交流活动中，老师问幼儿最想分享什么时，阳阳说“娃娃家着火了，好开心啊！”。,抓住教育契机，向幼儿耐心解释真实的火灾会造成物品损失和人员伤亡。,询问幼儿开心的是“着火”本身，还是消防员成功救火、娃娃家的人得救？,引导幼儿思考“娃娃家着火”值不值得开心，帮助他们认识真实火灾是危险的。,请阳阳讲讲娃娃家着火后发生了什么、为什么开心，借此理解幼儿的游戏体验。,C,C/D,教师C：引导幼儿思考“娃娃家着火”值不值得开心，帮助他们认识真实火灾是危险的。,教师C：引导幼儿思考“娃娃家着火”值不值得开心，帮助他们认识真实火灾是危险的。；教师D：请阳阳讲讲娃娃家着火后发生了什么、为什么开心，借此理解幼儿的游戏体验。,请回忆第5题这个情境。当时的情境是：近几天，中班的幼儿十分热衷于在区域游戏时间玩“消防员救火”的游戏。游戏结束后的交流活动中，老师问幼儿最想分享什么时，阳阳说“娃娃家着火了，好开心啊！”。当时提供的做法包括：教师A：抓住教育契机，向幼儿耐心解释真实的火灾会造成物品损失和人员伤亡；教师B：询问幼儿开心的是“着火”本身，还是消防员成功救火、娃娃家的人得救；教师C：引导幼儿思考“娃娃家着火”值不值得开心，帮助他们认识真实火灾是危险的；教师D：请阳阳讲讲娃娃家着火后发生了什么、为什么开心，借此理解幼儿的游戏体验。可以先从这个情境本身追问：阳阳说娃娃家着火了很开心时，你当时更关注真实火灾的危险教育，还是先理解他在游戏里的开心来自哪里？；你觉得教师怎样回应，既不否定幼儿的游戏体验，又能引导他们理解真实火灾的意义？。然后可围绕其作答过程中的重点比较追问：你当时是怎样比较以下两种做法的：教师C：引导幼儿思考“娃娃家着火”值不值得开心，帮助他们认识真实火灾是危险的；教师D：请阳阳讲讲娃娃家着火后发生了什么、为什么开心，借此理解幼儿的游戏体验？如果教师提到调整过顺序，再追问：是什么信息或想法让你改变了当时的排序？请只围绕情境理解、判断依据和选项比较提问，不要提及任何内部计算指标、得分、排名、入选原因或评价性判断。,访谈提醒：本表仅供生成中性访谈提问。访谈时不得向教师透露任何内部计算指标、得分、排名、题目入选原因或评价性判断。
教师22,sim_openid_022_632137,1,Q10,10,跳绳秩序混乱,周三下午，大五班的幼儿正自发进行跳绳游戏。李老师观察后发现，挤在一起跳绳的幼儿人数较多，整个场面十分混乱，幼儿很容易出现碰撞现象。此外，由于当“柱子”的幼儿很久才能轮上跳绳，因此也显得很不耐烦。,请幼儿暂停游戏，将幼儿分成多个小组并引导他们以小组为单位分区域开展游戏。,请幼儿说一说跳绳活动中存在的问题，并邀请幼儿一起设置跳绳的规则。,提供更多数量和不同种类的跳绳，并言语引导幼儿分组分区同时进行跳绳游戏。,暂不介入，活动分享时通过照片或视频回放引导幼儿发现问题并商议解决办法。,A,B/D,教师A：请幼儿暂停游戏，将幼儿分成多个小组并引导他们以小组为单位分区域开展游戏。,教师B：请幼儿说一说跳绳活动中存在的问题，并邀请幼儿一起设置跳绳的规则。；教师D：暂不介入，活动分享时通过照片或视频回放引导幼儿发现问题并商议解决办法。,请回忆第10题这个情境。当时的情境是：周三下午，大五班的幼儿正自发进行跳绳游戏。李老师观察后发现，挤在一起跳绳的幼儿人数较多，整个场面十分混乱，幼儿很容易出现碰撞现象。此外，由于当“柱子”的幼儿很久才能轮上跳绳，因此也显得很不耐烦。当时提供的做法包括：教师A：请幼儿暂停游戏，将幼儿分成多个小组并引导他们以小组为单位分区域开展游戏；教师B：请幼儿说一说跳绳活动中存在的问题，并邀请幼儿一起设置跳绳的规则；教师C：提供更多数量和不同种类的跳绳，并言语引导幼儿分组分区同时进行跳绳游戏；教师D：暂不介入，活动分享时通过照片或视频回放引导幼儿发现问题并商议解决办法。可以先从这个情境本身追问：跳绳现场混乱且可能碰撞时，你当时更倾向于立即组织秩序，还是先让幼儿自己发现问题？；在安全风险和幼儿自主制定规则之间，你觉得教师应该怎样把握介入时机？。然后可围绕其作答过程中的重点比较追问：你当时是怎样比较以下两种做法的：教师B：请幼儿说一说跳绳活动中存在的问题，并邀请幼儿一起设置跳绳的规则；教师D：暂不介入，活动分享时通过照片或视频回放引导幼儿发现问题并商议解决办法？如果教师提到调整过顺序，再追问：是什么信息或想法让你改变了当时的排序？请只围绕情境理解、判断依据和选项比较提问，不要提及任何内部计算指标、得分、排名、入选原因或评价性判断。,访谈提醒：本表仅供生成中性访谈提问。访谈时不得向教师透露任何内部计算指标、得分、排名、题目入选原因或评价性判断。
教师22,sim_openid_022_632137,2,Q6,6,材料选择无层次,大班上学期，张老师在建构区投放了按图搭建的游戏材料，并提供了不同星级难度的任务卡供幼儿选择，但有的幼儿一上来就选择高难度的三星级任务卡，结果不能顺利完成任务；而有的幼儿始终选择低难度的一星级任务卡。这天，浩浩又连续选择了几张一星级任务卡，很快就完成了任务。,调整任务卡提供方式，在游戏开始前根据幼儿的能力水平有针对性地发放任务卡。,暂不介入，尊重幼儿的自主选择和游戏体验，只要完成任务就是一种经验积累。,调整任务卡呈现方式，如增加“我想挑战”等提示，鼓励幼儿选择不同星级的挑战。,和浩浩回顾已完成的任务，比较不同星级的难度，邀请他选择稍有挑战的任务。,C,B/D,教师C：调整任务卡呈现方式，如增加“我想挑战”等提示，鼓励幼儿选择不同星级的挑战。,教师B：暂不介入，尊重幼儿的自主选择和游戏体验，只要完成任务就是一种经验积累。；教师D：和浩浩回顾已完成的任务，比较不同星级的难度，邀请他选择稍有挑战的任务。,请回忆第6题这个情境。当时的情境是：大班上学期，张老师在建构区投放了按图搭建的游戏材料，并提供了不同星级难度的任务卡供幼儿选择，但有的幼儿一上来就选择高难度的三星级任务卡，结果不能顺利完成任务；而有的幼儿始终选择低难度的一星级任务卡。这天，浩浩又连续选择了几张一星级任务卡，很快就完成了任务。当时提供的做法包括：教师A：调整任务卡提供方式，在游戏开始前根据幼儿的能力水平有针对性地发放任务卡；教师B：暂不介入，尊重幼儿的自主选择和游戏体验，只要完成任务就是一种经验积累；教师C：调整任务卡呈现方式，如增加“我想挑战”等提示，鼓励幼儿选择不同星级的挑战；教师D：和浩浩回顾已完成的任务，比较不同星级的难度，邀请他选择稍有挑战的任务。可以先从这个情境本身追问：浩浩反复选择一星任务卡时，你当时更想尊重他的自主选择，还是推动他尝试更有挑战的任务？；你觉得教师应该怎样判断幼儿是需要安全感、缺少挑战意识，还是任务卡呈现方式本身需要调整？。然后可围绕其作答过程中的重点比较追问：你当时是怎样比较以下两种做法的：教师B：暂不介入，尊重幼儿的自主选择和游戏体验，只要完成任务就是一种经验积累；教师D：和浩浩回顾已完成的任务，比较不同星级的难度，邀请他选择稍有挑战的任务？如果教师提到调整过顺序，再追问：是什么信息或想法让你改变了当时的排序？请只围绕情境理解、判断依据和选项比较提问，不要提及任何内部计算指标、得分、排名、入选原因或评价性判断。,访谈提醒：本表仅供生成中性访谈提问。访谈时不得向教师透露任何内部计算指标、得分、排名、题目入选原因或评价性判断。
教师22,sim_openid_022_632137,3,Q7,7,艾莎公主不运动,小班的一次户外运动，有几个女孩子从一开始就没有选择任何体育活动项目，而是聚在一起坐在地上玩“艾莎公主”的游戏，比一比谁的鞋子最漂亮，谁的魔法最厉害。,询问幼儿没有参与运动的原因，提供丰富的活动材料吸引幼儿参与运动活动。,提醒幼儿现在是运动时间，请他们等自由游戏时间再一起玩“艾莎公主”的游戏。,利用艾莎公主的鞋子设计走、跑、跳等活动，并以参与者的身份邀请幼儿一起参与运动。,肯定幼儿自主游戏的行为，言语引导幼儿穿着“漂亮的鞋子”参与运动。,C,A/B,教师C：利用艾莎公主的鞋子设计走、跑、跳等活动，并以参与者的身份邀请幼儿一起参与运动。,教师A：询问幼儿没有参与运动的原因，提供丰富的活动材料吸引幼儿参与运动活动。；教师B：提醒幼儿现在是运动时间，请他们等自由游戏时间再一起玩“艾莎公主”的游戏。,请回忆第7题这个情境。当时的情境是：小班的一次户外运动，有几个女孩子从一开始就没有选择任何体育活动项目，而是聚在一起坐在地上玩“艾莎公主”的游戏，比一比谁的鞋子最漂亮，谁的魔法最厉害。当时提供的做法包括：教师A：询问幼儿没有参与运动的原因，提供丰富的活动材料吸引幼儿参与运动活动；教师B：提醒幼儿现在是运动时间，请他们等自由游戏时间再一起玩“艾莎公主”的游戏；教师C：利用艾莎公主的鞋子设计走、跑、跳等活动，并以参与者的身份邀请幼儿一起参与运动；教师D：肯定幼儿自主游戏的行为，言语引导幼儿穿着“漂亮的鞋子”参与运动。可以先从这个情境本身追问：几个女孩在户外运动时间玩艾莎公主时，你当时更关注运动目标，还是关注她们正在生成的角色游戏兴趣？；如果要把艾莎公主游戏和运动活动连接起来，你觉得教师可以怎样做才不显得生硬？。然后可围绕其作答过程中的重点比较追问：你当时是怎样比较以下两种做法的：教师A：询问幼儿没有参与运动的原因，提供丰富的活动材料吸引幼儿参与运动活动；教师B：提醒幼儿现在是运动时间，请他们等自由游戏时间再一起玩“艾莎公主”的游戏？如果教师提到调整过顺序，再追问：是什么信息或想法让你改变了当时的排序？请只围绕情境理解、判断依据和选项比较提问，不要提及任何内部计算指标、得分、排名、入选原因或评价性判断。,访谈提醒：本表仅供生成中性访谈提问。访谈时不得向教师透露任何内部计算指标、得分、排名、题目入选原因或评价性判断。
教师23,sim_openid_023_844087,1,Q6,6,材料选择无层次,大班上学期，张老师在建构区投放了按图搭建的游戏材料，并提供了不同星级难度的任务卡供幼儿选择，但有的幼儿一上来就选择高难度的三星级任务卡，结果不能顺利完成任务；而有的幼儿始终选择低难度的一星级任务卡。这天，浩浩又连续选择了几张一星级任务卡，很快就完成了任务。,调整任务卡提供方式，在游戏开始前根据幼儿的能力水平有针对性地发放任务卡。,暂不介入，尊重幼儿的自主选择和游戏体验，只要完成任务就是一种经验积累。,调整任务卡呈现方式，如增加“我想挑战”等提示，鼓励幼儿选择不同星级的挑战。,和浩浩回顾已完成的任务，比较不同星级的难度，邀请他选择稍有挑战的任务。,A,B/C,教师A：调整任务卡提供方式，在游戏开始前根据幼儿的能力水平有针对性地发放任务卡。,教师B：暂不介入，尊重幼儿的自主选择和游戏体验，只要完成任务就是一种经验积累。；教师C：调整任务卡呈现方式，如增加“我想挑战”等提示，鼓励幼儿选择不同星级的挑战。,请回忆第6题这个情境。当时的情境是：大班上学期，张老师在建构区投放了按图搭建的游戏材料，并提供了不同星级难度的任务卡供幼儿选择，但有的幼儿一上来就选择高难度的三星级任务卡，结果不能顺利完成任务；而有的幼儿始终选择低难度的一星级任务卡。这天，浩浩又连续选择了几张一星级任务卡，很快就完成了任务。当时提供的做法包括：教师A：调整任务卡提供方式，在游戏开始前根据幼儿的能力水平有针对性地发放任务卡；教师B：暂不介入，尊重幼儿的自主选择和游戏体验，只要完成任务就是一种经验积累；教师C：调整任务卡呈现方式，如增加“我想挑战”等提示，鼓励幼儿选择不同星级的挑战；教师D：和浩浩回顾已完成的任务，比较不同星级的难度，邀请他选择稍有挑战的任务。可以先从这个情境本身追问：浩浩反复选择一星任务卡时，你当时更想尊重他的自主选择，还是推动他尝试更有挑战的任务？；你觉得教师应该怎样判断幼儿是需要安全感、缺少挑战意识，还是任务卡呈现方式本身需要调整？。然后可围绕其作答过程中的重点比较追问：你当时是怎样比较以下两种做法的：教师B：暂不介入，尊重幼儿的自主选择和游戏体验，只要完成任务就是一种经验积累；教师C：调整任务卡呈现方式，如增加“我想挑战”等提示，鼓励幼儿选择不同星级的挑战？如果教师提到调整过顺序，再追问：是什么信息或想法让你改变了当时的排序？请只围绕情境理解、判断依据和选项比较提问，不要提及任何内部计算指标、得分、排名、入选原因或评价性判断。,访谈提醒：本表仅供生成中性访谈提问。访谈时不得向教师透露任何内部计算指标、得分、排名、题目入选原因或评价性判断。
教师23,sim_openid_023_844087,2,Q10,10,跳绳秩序混乱,周三下午，大五班的幼儿正自发进行跳绳游戏。李老师观察后发现，挤在一起跳绳的幼儿人数较多，整个场面十分混乱，幼儿很容易出现碰撞现象。此外，由于当“柱子”的幼儿很久才能轮上跳绳，因此也显得很不耐烦。,请幼儿暂停游戏，将幼儿分成多个小组并引导他们以小组为单位分区域开展游戏。,请幼儿说一说跳绳活动中存在的问题，并邀请幼儿一起设置跳绳的规则。,提供更多数量和不同种类的跳绳，并言语引导幼儿分组分区同时进行跳绳游戏。,暂不介入，活动分享时通过照片或视频回放引导幼儿发现问题并商议解决办法。,D,C/D,教师D：暂不介入，活动分享时通过照片或视频回放引导幼儿发现问题并商议解决办法。,教师C：提供更多数量和不同种类的跳绳，并言语引导幼儿分组分区同时进行跳绳游戏。；教师D：暂不介入，活动分享时通过照片或视频回放引导幼儿发现问题并商议解决办法。,请回忆第10题这个情境。当时的情境是：周三下午，大五班的幼儿正自发进行跳绳游戏。李老师观察后发现，挤在一起跳绳的幼儿人数较多，整个场面十分混乱，幼儿很容易出现碰撞现象。此外，由于当“柱子”的幼儿很久才能轮上跳绳，因此也显得很不耐烦。当时提供的做法包括：教师A：请幼儿暂停游戏，将幼儿分成多个小组并引导他们以小组为单位分区域开展游戏；教师B：请幼儿说一说跳绳活动中存在的问题，并邀请幼儿一起设置跳绳的规则；教师C：提供更多数量和不同种类的跳绳，并言语引导幼儿分组分区同时进行跳绳游戏；教师D：暂不介入，活动分享时通过照片或视频回放引导幼儿发现问题并商议解决办法。可以先从这个情境本身追问：跳绳现场混乱且可能碰撞时，你当时更倾向于立即组织秩序，还是先让幼儿自己发现问题？；在安全风险和幼儿自主制定规则之间，你觉得教师应该怎样把握介入时机？。然后可围绕其作答过程中的重点比较追问：你当时是怎样比较以下两种做法的：教师C：提供更多数量和不同种类的跳绳，并言语引导幼儿分组分区同时进行跳绳游戏；教师D：暂不介入，活动分享时通过照片或视频回放引导幼儿发现问题并商议解决办法？如果教师提到调整过顺序，再追问：是什么信息或想法让你改变了当时的排序？请只围绕情境理解、判断依据和选项比较提问，不要提及任何内部计算指标、得分、排名、入选原因或评价性判断。,访谈提醒：本表仅供生成中性访谈提问。访谈时不得向教师透露任何内部计算指标、得分、排名、题目入选原因或评价性判断。
教师23,sim_openid_023_844087,3,Q2,2,频繁求助,中班区域活动时，小明选择了建构区。玩了一会儿，他跑到老师面前说“老师，我不会搭……帮帮我吧”，教师问他需要什么帮助时，他一边说我不会搭，一边却很快地将房子从一层积木加高到了两层。看小明专注搭建后，老师就离开建构区了。可是没一会，小明又找了老师好几次，说“老师，帮帮我吧，我不会搭”。,鼓励小明独立搭建，引导他思考接下来如何搭建，及时表扬他的努力。,先示范搭建关键部分，请小明观察方法，再鼓励他照着继续搭建。,在旁观察小明的搭建过程，并适时反馈，帮助他理清搭建步骤。,帮小明回顾已搭建完成的部分，指导他设定小目标，尝试自己实现。,B,B/D,教师B：先示范搭建关键部分，请小明观察方法，再鼓励他照着继续搭建。,教师B：先示范搭建关键部分，请小明观察方法，再鼓励他照着继续搭建。；教师D：帮小明回顾已搭建完成的部分，指导他设定小目标，尝试自己实现。,请回忆第2题这个情境。当时的情境是：中班区域活动时，小明选择了建构区。玩了一会儿，他跑到老师面前说“老师，我不会搭……帮帮我吧”，教师问他需要什么帮助时，他一边说我不会搭，一边却很快地将房子从一层积木加高到了两层。看小明专注搭建后，老师就离开建构区了。可是没一会，小明又找了老师好几次，说“老师，帮帮我吧，我不会搭”。当时提供的做法包括：教师A：鼓励小明独立搭建，引导他思考接下来如何搭建，及时表扬他的努力；教师B：先示范搭建关键部分，请小明观察方法，再鼓励他照着继续搭建；教师C：在旁观察小明的搭建过程，并适时反馈，帮助他理清搭建步骤；教师D：帮小明回顾已搭建完成的部分，指导他设定小目标，尝试自己实现。可以先从这个情境本身追问：小明一边说不会搭，一边又能继续加高房子，你当时怎样判断他真正需要的帮助是什么？；面对幼儿反复求助，你觉得教师怎样支持，既不替代幼儿完成，又能帮助他继续推进游戏？。然后可围绕其作答过程中的重点比较追问：你当时是怎样比较以下两种做法的：教师B：先示范搭建关键部分，请小明观察方法，再鼓励他照着继续搭建；教师D：帮小明回顾已搭建完成的部分，指导他设定小目标，尝试自己实现？如果教师提到调整过顺序，再追问：是什么信息或想法让你改变了当时的排序？请只围绕情境理解、判断依据和选项比较提问，不要提及任何内部计算指标、得分、排名、入选原因或评价性判断。,访谈提醒：本表仅供生成中性访谈提问。访谈时不得向教师透露任何内部计算指标、得分、排名、题目入选原因或评价性判断。
教师24,sim_openid_024_664191,1,Q2,2,频繁求助,中班区域活动时，小明选择了建构区。玩了一会儿，他跑到老师面前说“老师，我不会搭……帮帮我吧”，教师问他需要什么帮助时，他一边说我不会搭，一边却很快地将房子从一层积木加高到了两层。看小明专注搭建后，老师就离开建构区了。可是没一会，小明又找了老师好几次，说“老师，帮帮我吧，我不会搭”。,鼓励小明独立搭建，引导他思考接下来如何搭建，及时表扬他的努力。,先示范搭建关键部分，请小明观察方法，再鼓励他照着继续搭建。,在旁观察小明的搭建过程，并适时反馈，帮助他理清搭建步骤。,帮小明回顾已搭建完成的部分，指导他设定小目标，尝试自己实现。,B,B/C,教师B：先示范搭建关键部分，请小明观察方法，再鼓励他照着继续搭建。,教师B：先示范搭建关键部分，请小明观察方法，再鼓励他照着继续搭建。；教师C：在旁观察小明的搭建过程，并适时反馈，帮助他理清搭建步骤。,请回忆第2题这个情境。当时的情境是：中班区域活动时，小明选择了建构区。玩了一会儿，他跑到老师面前说“老师，我不会搭……帮帮我吧”，教师问他需要什么帮助时，他一边说我不会搭，一边却很快地将房子从一层积木加高到了两层。看小明专注搭建后，老师就离开建构区了。可是没一会，小明又找了老师好几次，说“老师，帮帮我吧，我不会搭”。当时提供的做法包括：教师A：鼓励小明独立搭建，引导他思考接下来如何搭建，及时表扬他的努力；教师B：先示范搭建关键部分，请小明观察方法，再鼓励他照着继续搭建；教师C：在旁观察小明的搭建过程，并适时反馈，帮助他理清搭建步骤；教师D：帮小明回顾已搭建完成的部分，指导他设定小目标，尝试自己实现。可以先从这个情境本身追问：小明一边说不会搭，一边又能继续加高房子，你当时怎样判断他真正需要的帮助是什么？；面对幼儿反复求助，你觉得教师怎样支持，既不替代幼儿完成，又能帮助他继续推进游戏？。然后可围绕其作答过程中的重点比较追问：你当时是怎样比较以下两种做法的：教师B：先示范搭建关键部分，请小明观察方法，再鼓励他照着继续搭建；教师C：在旁观察小明的搭建过程，并适时反馈，帮助他理清搭建步骤？如果教师提到调整过顺序，再追问：是什么信息或想法让你改变了当时的排序？请只围绕情境理解、判断依据和选项比较提问，不要提及任何内部计算指标、得分、排名、入选原因或评价性判断。,访谈提醒：本表仅供生成中性访谈提问。访谈时不得向教师透露任何内部计算指标、得分、排名、题目入选原因或评价性判断。
教师24,sim_openid_024_664191,2,Q6,6,材料选择无层次,大班上学期，张老师在建构区投放了按图搭建的游戏材料，并提供了不同星级难度的任务卡供幼儿选择，但有的幼儿一上来就选择高难度的三星级任务卡，结果不能顺利完成任务；而有的幼儿始终选择低难度的一星级任务卡。这天，浩浩又连续选择了几张一星级任务卡，很快就完成了任务。,调整任务卡提供方式，在游戏开始前根据幼儿的能力水平有针对性地发放任务卡。,暂不介入，尊重幼儿的自主选择和游戏体验，只要完成任务就是一种经验积累。,调整任务卡呈现方式，如增加“我想挑战”等提示，鼓励幼儿选择不同星级的挑战。,和浩浩回顾已完成的任务，比较不同星级的难度，邀请他选择稍有挑战的任务。,A,A/B,教师A：调整任务卡提供方式，在游戏开始前根据幼儿的能力水平有针对性地发放任务卡。,教师A：调整任务卡提供方式，在游戏开始前根据幼儿的能力水平有针对性地发放任务卡。；教师B：暂不介入，尊重幼儿的自主选择和游戏体验，只要完成任务就是一种经验积累。,请回忆第6题这个情境。当时的情境是：大班上学期，张老师在建构区投放了按图搭建的游戏材料，并提供了不同星级难度的任务卡供幼儿选择，但有的幼儿一上来就选择高难度的三星级任务卡，结果不能顺利完成任务；而有的幼儿始终选择低难度的一星级任务卡。这天，浩浩又连续选择了几张一星级任务卡，很快就完成了任务。当时提供的做法包括：教师A：调整任务卡提供方式，在游戏开始前根据幼儿的能力水平有针对性地发放任务卡；教师B：暂不介入，尊重幼儿的自主选择和游戏体验，只要完成任务就是一种经验积累；教师C：调整任务卡呈现方式，如增加“我想挑战”等提示，鼓励幼儿选择不同星级的挑战；教师D：和浩浩回顾已完成的任务，比较不同星级的难度，邀请他选择稍有挑战的任务。可以先从这个情境本身追问：浩浩反复选择一星任务卡时，你当时更想尊重他的自主选择，还是推动他尝试更有挑战的任务？；你觉得教师应该怎样判断幼儿是需要安全感、缺少挑战意识，还是任务卡呈现方式本身需要调整？。然后可围绕其作答过程中的重点比较追问：你当时是怎样比较以下两种做法的：教师A：调整任务卡提供方式，在游戏开始前根据幼儿的能力水平有针对性地发放任务卡；教师B：暂不介入，尊重幼儿的自主选择和游戏体验，只要完成任务就是一种经验积累？如果教师提到调整过顺序，再追问：是什么信息或想法让你改变了当时的排序？请只围绕情境理解、判断依据和选项比较提问，不要提及任何内部计算指标、得分、排名、入选原因或评价性判断。,访谈提醒：本表仅供生成中性访谈提问。访谈时不得向教师透露任何内部计算指标、得分、排名、题目入选原因或评价性判断。
教师24,sim_openid_024_664191,3,Q9,9,飞行棋各走各的,大班区域游戏中，轩轩和小宇一起玩飞行棋，他们将棋子摆好后，各自拿了一个骰子开始投，小宇说：“该我走。”轩轩说：“明明该我走！”相持不下，于是两人各拿一个骰子，自顾自地走自己的棋。,耐心讲解共同游戏的规则，再以“棋手”身份加入游戏进行示范引导。,暂不介入，继续观察游戏进展，待区域小结时请幼儿分享游戏中的体验和问题。,拿走一个骰子，请幼儿商量只有一个骰子的共同游戏规则，达成一致后再开始游戏。,待幼儿体验一轮各走各的游戏后，询问幼儿的游戏体验，提示共同游戏规则的作用。,A,B/C,教师A：耐心讲解共同游戏的规则，再以“棋手”身份加入游戏进行示范引导。,教师B：暂不介入，继续观察游戏进展，待区域小结时请幼儿分享游戏中的体验和问题。；教师C：拿走一个骰子，请幼儿商量只有一个骰子的共同游戏规则，达成一致后再开始游戏。,请回忆第9题这个情境。当时的情境是：大班区域游戏中，轩轩和小宇一起玩飞行棋，他们将棋子摆好后，各自拿了一个骰子开始投，小宇说：“该我走。”轩轩说：“明明该我走！”相持不下，于是两人各拿一个骰子，自顾自地走自己的棋。当时提供的做法包括：教师A：耐心讲解共同游戏的规则，再以“棋手”身份加入游戏进行示范引导；教师B：暂不介入，继续观察游戏进展，待区域小结时请幼儿分享游戏中的体验和问题；教师C：拿走一个骰子，请幼儿商量只有一个骰子的共同游戏规则，达成一致后再开始游戏；教师D：待幼儿体验一轮各走各的游戏后，询问幼儿的游戏体验，提示共同游戏规则的作用。可以先从这个情境本身追问：两个孩子各走各的棋时，你当时更关注共同游戏规则的建立，还是先让他们体验这种玩法会带来什么问题？；你觉得教师怎样帮助幼儿从各玩各的，过渡到真正的共同游戏？。然后可围绕其作答过程中的重点比较追问：你当时是怎样比较以下两种做法的：教师B：暂不介入，继续观察游戏进展，待区域小结时请幼儿分享游戏中的体验和问题；教师C：拿走一个骰子，请幼儿商量只有一个骰子的共同游戏规则，达成一致后再开始游戏？如果教师提到调整过顺序，再追问：是什么信息或想法让你改变了当时的排序？请只围绕情境理解、判断依据和选项比较提问，不要提及任何内部计算指标、得分、排名、入选原因或评价性判断。,访谈提醒：本表仅供生成中性访谈提问。访谈时不得向教师透露任何内部计算指标、得分、排名、题目入选原因或评价性判断。
教师25,sim_openid_025_365395,1,Q3,3,区域停留短,小班幼儿瑶瑶在区域活动时，一会儿在娃娃家切切菜，一会儿到美工区搓搓橡皮泥，一会儿又开心地跑到其它区域游戏，在任何一个区域停留时间都不超过三分钟。,提议瑶瑶完成某项游戏任务，如在娃娃家做菜，请他活动小结时分享。,游戏前提醒区域活动规则，活动结束后表扬区域游戏规则遵守得好的小朋友。,仔细观察瑶瑶在不同区域的游戏情况，分析他发生迅速转移的原因。,以同伴的身份陪伴瑶瑶在某一区域游戏，待他专注游戏后再离开。,A,A/D,教师A：提议瑶瑶完成某项游戏任务，如在娃娃家做菜，请他活动小结时分享。,教师A：提议瑶瑶完成某项游戏任务，如在娃娃家做菜，请他活动小结时分享。；教师D：以同伴的身份陪伴瑶瑶在某一区域游戏，待他专注游戏后再离开。,请回忆第3题这个情境。当时的情境是：小班幼儿瑶瑶在区域活动时，一会儿在娃娃家切切菜，一会儿到美工区搓搓橡皮泥，一会儿又开心地跑到其它区域游戏，在任何一个区域停留时间都不超过三分钟。当时提供的做法包括：教师A：提议瑶瑶完成某项游戏任务，如在娃娃家做菜，请他活动小结时分享；教师B：游戏前提醒区域活动规则，活动结束后表扬区域游戏规则遵守得好的小朋友；教师C：仔细观察瑶瑶在不同区域的游戏情况，分析他发生迅速转移的原因；教师D：以同伴的身份陪伴瑶瑶在某一区域游戏，待他专注游戏后再离开。可以先从这个情境本身追问：瑶瑶在多个区域快速转换时，你当时会先把它看作注意力不集中、规则问题，还是一种探索不同材料的方式？；如果你在现场，你会先观察哪些信息来判断是否需要介入？。然后可围绕其作答过程中的重点比较追问：你当时是怎样比较以下两种做法的：教师A：提议瑶瑶完成某项游戏任务，如在娃娃家做菜，请他活动小结时分享；教师D：以同伴的身份陪伴瑶瑶在某一区域游戏，待他专注游戏后再离开？如果教师提到调整过顺序，再追问：是什么信息或想法让你改变了当时的排序？请只围绕情境理解、判断依据和选项比较提问，不要提及任何内部计算指标、得分、排名、入选原因或评价性判断。,访谈提醒：本表仅供生成中性访谈提问。访谈时不得向教师透露任何内部计算指标、得分、排名、题目入选原因或评价性判断。
教师25,sim_openid_025_365395,2,Q8,8,引水难题未解,中班上学期，幼儿在“引水游戏”中遇到了难题——水无法被引到竹片管道上。他们不断调整竹片拼接的方式，却始终没能成功，即竹片一头高于出水管道，阻碍了引流。渐渐地幼儿的探索兴趣也减弱了，有的开始玩水，有的甚至离开了水池。,示范正确的引水方法，请幼儿注意观察并说说引水的要领，再自己试一试。,加入幼儿的探索，引导他们观察水流受阻的位置，一起尝试调整竹片的摆放方式。,组织幼儿就游戏困难进行讨论，寻找解决问题的方案，引导幼儿再次尝试。,投放更多辅助引水的材料，重新激起幼儿的探索兴趣，继续观察游戏进展。,B,B/D,教师B：加入幼儿的探索，引导他们观察水流受阻的位置，一起尝试调整竹片的摆放方式。,教师B：加入幼儿的探索，引导他们观察水流受阻的位置，一起尝试调整竹片的摆放方式。；教师D：投放更多辅助引水的材料，重新激起幼儿的探索兴趣，继续观察游戏进展。,请回忆第8题这个情境。当时的情境是：中班上学期，幼儿在“引水游戏”中遇到了难题——水无法被引到竹片管道上。他们不断调整竹片拼接的方式，却始终没能成功，即竹片一头高于出水管道，阻碍了引流。渐渐地幼儿的探索兴趣也减弱了，有的开始玩水，有的甚至离开了水池。当时提供的做法包括：教师A：示范正确的引水方法，请幼儿注意观察并说说引水的要领，再自己试一试；教师B：加入幼儿的探索，引导他们观察水流受阻的位置，一起尝试调整竹片的摆放方式；教师C：组织幼儿就游戏困难进行讨论，寻找解决问题的方案，引导幼儿再次尝试；教师D：投放更多辅助引水的材料，重新激起幼儿的探索兴趣，继续观察游戏进展。可以先从这个情境本身追问：孩子们引水失败、兴趣减弱时，你当时更倾向于直接示范方法，还是继续支持他们自己发现水流受阻的原因？；你觉得教师怎样提供支架，既能帮助问题解决，又保留幼儿继续探究的空间？。然后可围绕其作答过程中的重点比较追问：你当时是怎样比较以下两种做法的：教师B：加入幼儿的探索，引导他们观察水流受阻的位置，一起尝试调整竹片的摆放方式；教师D：投放更多辅助引水的材料，重新激起幼儿的探索兴趣，继续观察游戏进展？如果教师提到调整过顺序，再追问：是什么信息或想法让你改变了当时的排序？请只围绕情境理解、判断依据和选项比较提问，不要提及任何内部计算指标、得分、排名、入选原因或评价性判断。,访谈提醒：本表仅供生成中性访谈提问。访谈时不得向教师透露任何内部计算指标、得分、排名、题目入选原因或评价性判断。
教师25,sim_openid_025_365395,3,Q4,4,未参与小组建构,大班建构活动中，睿睿和其他幼儿计划一起搭积木大桥，他们讨论了搭建方法，并进入区域开始搭建。就在其他幼儿在认真搭建时，睿睿发现了一块长条木板，他一会儿在地上推着走，一会儿当枪使，没有再参与小组的搭建。,继续观察，后续分享中支持睿睿思考如何把长条木板融入小组的建构中。,肯定睿睿的创造性玩法，询问他长条板能否当桥面，引导他参与到搭桥任务中。,引导睿睿回顾计划，建议他先完成共同任务，长条木板可以等自由游戏时再玩。,看到睿睿玩得开心，暂不介入，等下一次活动时再提醒他根据计划开展游戏。,A,A/B,教师A：继续观察，后续分享中支持睿睿思考如何把长条木板融入小组的建构中。,教师A：继续观察，后续分享中支持睿睿思考如何把长条木板融入小组的建构中。；教师B：肯定睿睿的创造性玩法，询问他长条板能否当桥面，引导他参与到搭桥任务中。,请回忆第4题这个情境。当时的情境是：大班建构活动中，睿睿和其他幼儿计划一起搭积木大桥，他们讨论了搭建方法，并进入区域开始搭建。就在其他幼儿在认真搭建时，睿睿发现了一块长条木板，他一会儿在地上推着走，一会儿当枪使，没有再参与小组的搭建。当时提供的做法包括：教师A：继续观察，后续分享中支持睿睿思考如何把长条木板融入小组的建构中；教师B：肯定睿睿的创造性玩法，询问他长条板能否当桥面，引导他参与到搭桥任务中；教师C：引导睿睿回顾计划，建议他先完成共同任务，长条木板可以等自由游戏时再玩；教师D：看到睿睿玩得开心，暂不介入，等下一次活动时再提醒他根据计划开展游戏。可以先从这个情境本身追问：睿睿离开了原来的搭桥计划去玩长条木板，你当时怎样理解他的行为：是偏离共同任务，还是出现了新的游戏线索？；面对共同建构计划和幼儿临时兴趣之间的变化，你觉得教师什么时候应该介入，什么时候可以继续观察？。然后可围绕其作答过程中的重点比较追问：你当时是怎样比较以下两种做法的：教师A：继续观察，后续分享中支持睿睿思考如何把长条木板融入小组的建构中；教师B：肯定睿睿的创造性玩法，询问他长条板能否当桥面，引导他参与到搭桥任务中？如果教师提到调整过顺序，再追问：是什么信息或想法让你改变了当时的排序？请只围绕情境理解、判断依据和选项比较提问，不要提及任何内部计算指标、得分、排名、入选原因或评价性判断。,访谈提醒：本表仅供生成中性访谈提问。访谈时不得向教师透露任何内部计算指标、得分、排名、题目入选原因或评价性判断。
教师26,sim_openid_026_708122,1,Q7,7,艾莎公主不运动,小班的一次户外运动，有几个女孩子从一开始就没有选择任何体育活动项目，而是聚在一起坐在地上玩“艾莎公主”的游戏，比一比谁的鞋子最漂亮，谁的魔法最厉害。,询问幼儿没有参与运动的原因，提供丰富的活动材料吸引幼儿参与运动活动。,提醒幼儿现在是运动时间，请他们等自由游戏时间再一起玩“艾莎公主”的游戏。,利用艾莎公主的鞋子设计走、跑、跳等活动，并以参与者的身份邀请幼儿一起参与运动。,肯定幼儿自主游戏的行为，言语引导幼儿穿着“漂亮的鞋子”参与运动。,B,B/C,教师B：提醒幼儿现在是运动时间，请他们等自由游戏时间再一起玩“艾莎公主”的游戏。,教师B：提醒幼儿现在是运动时间，请他们等自由游戏时间再一起玩“艾莎公主”的游戏。；教师C：利用艾莎公主的鞋子设计走、跑、跳等活动，并以参与者的身份邀请幼儿一起参与运动。,请回忆第7题这个情境。当时的情境是：小班的一次户外运动，有几个女孩子从一开始就没有选择任何体育活动项目，而是聚在一起坐在地上玩“艾莎公主”的游戏，比一比谁的鞋子最漂亮，谁的魔法最厉害。当时提供的做法包括：教师A：询问幼儿没有参与运动的原因，提供丰富的活动材料吸引幼儿参与运动活动；教师B：提醒幼儿现在是运动时间，请他们等自由游戏时间再一起玩“艾莎公主”的游戏；教师C：利用艾莎公主的鞋子设计走、跑、跳等活动，并以参与者的身份邀请幼儿一起参与运动；教师D：肯定幼儿自主游戏的行为，言语引导幼儿穿着“漂亮的鞋子”参与运动。可以先从这个情境本身追问：几个女孩在户外运动时间玩艾莎公主时，你当时更关注运动目标，还是关注她们正在生成的角色游戏兴趣？；如果要把艾莎公主游戏和运动活动连接起来，你觉得教师可以怎样做才不显得生硬？。然后可围绕其作答过程中的重点比较追问：你当时是怎样比较以下两种做法的：教师B：提醒幼儿现在是运动时间，请他们等自由游戏时间再一起玩“艾莎公主”的游戏；教师C：利用艾莎公主的鞋子设计走、跑、跳等活动，并以参与者的身份邀请幼儿一起参与运动？如果教师提到调整过顺序，再追问：是什么信息或想法让你改变了当时的排序？请只围绕情境理解、判断依据和选项比较提问，不要提及任何内部计算指标、得分、排名、入选原因或评价性判断。,访谈提醒：本表仅供生成中性访谈提问。访谈时不得向教师透露任何内部计算指标、得分、排名、题目入选原因或评价性判断。
教师26,sim_openid_026_708122,2,Q5,5,消防员救火开心,近几天，中班的幼儿十分热衷于在区域游戏时间玩“消防员救火”的游戏。游戏结束后的交流活动中，老师问幼儿最想分享什么时，阳阳说“娃娃家着火了，好开心啊！”。,抓住教育契机，向幼儿耐心解释真实的火灾会造成物品损失和人员伤亡。,询问幼儿开心的是“着火”本身，还是消防员成功救火、娃娃家的人得救？,引导幼儿思考“娃娃家着火”值不值得开心，帮助他们认识真实火灾是危险的。,请阳阳讲讲娃娃家着火后发生了什么、为什么开心，借此理解幼儿的游戏体验。,,A/B,,教师A：抓住教育契机，向幼儿耐心解释真实的火灾会造成物品损失和人员伤亡。；教师B：询问幼儿开心的是“着火”本身，还是消防员成功救火、娃娃家的人得救？,请回忆第5题这个情境。当时的情境是：近几天，中班的幼儿十分热衷于在区域游戏时间玩“消防员救火”的游戏。游戏结束后的交流活动中，老师问幼儿最想分享什么时，阳阳说“娃娃家着火了，好开心啊！”。当时提供的做法包括：教师A：抓住教育契机，向幼儿耐心解释真实的火灾会造成物品损失和人员伤亡；教师B：询问幼儿开心的是“着火”本身，还是消防员成功救火、娃娃家的人得救；教师C：引导幼儿思考“娃娃家着火”值不值得开心，帮助他们认识真实火灾是危险的；教师D：请阳阳讲讲娃娃家着火后发生了什么、为什么开心，借此理解幼儿的游戏体验。可以先从这个情境本身追问：阳阳说娃娃家着火了很开心时，你当时更关注真实火灾的危险教育，还是先理解他在游戏里的开心来自哪里？；你觉得教师怎样回应，既不否定幼儿的游戏体验，又能引导他们理解真实火灾的意义？。然后可围绕其作答过程中的重点比较追问：你当时是怎样比较以下两种做法的：教师A：抓住教育契机，向幼儿耐心解释真实的火灾会造成物品损失和人员伤亡；教师B：询问幼儿开心的是“着火”本身，还是消防员成功救火、娃娃家的人得救？如果教师提到调整过顺序，再追问：是什么信息或想法让你改变了当时的排序？请只围绕情境理解、判断依据和选项比较提问，不要提及任何内部计算指标、得分、排名、入选原因或评价性判断。,访谈提醒：本表仅供生成中性访谈提问。访谈时不得向教师透露任何内部计算指标、得分、排名、题目入选原因或评价性判断。
教师26,sim_openid_026_708122,3,Q1,1,篮球架玩水,操场上新安装了一些篮球架，幼儿经常在这里投篮。某天户外活动时，几名幼儿带着画笔和水桶来到这里，他们先是快乐地粉刷篮球架，之后开始往篮框里灌水，有的从上面灌，有的在下面接，忙的不亦乐乎，俨然这里成为了玩水的场地。,看到幼儿玩得很开心，不干预他们的玩水行为，待兴趣减弱后再讨论玩水的适宜性。,表扬幼儿的新发现，并询问在篮球架旁玩水是否合适，提议幼儿可以换个地方玩水。,参与到幼儿的“粉刷”游戏中，逐步引导幼儿到适宜玩水的地方继续开展游戏。,提醒幼儿篮球架是用于开展运动的，与其他幼儿一起召唤他们打篮球，转移他们的关注点。,,A/B,,教师A：看到幼儿玩得很开心，不干预他们的玩水行为，待兴趣减弱后再讨论玩水的适宜性。；教师B：表扬幼儿的新发现，并询问在篮球架旁玩水是否合适，提议幼儿可以换个地方玩水。,请回忆第1题这个情境。当时的情境是：操场上新安装了一些篮球架，幼儿经常在这里投篮。某天户外活动时，几名幼儿带着画笔和水桶来到这里，他们先是快乐地粉刷篮球架，之后开始往篮框里灌水，有的从上面灌，有的在下面接，忙的不亦乐乎，俨然这里成为了玩水的场地。当时提供的做法包括：教师A：看到幼儿玩得很开心，不干预他们的玩水行为，待兴趣减弱后再讨论玩水的适宜性；教师B：表扬幼儿的新发现，并询问在篮球架旁玩水是否合适，提议幼儿可以换个地方玩水；教师C：参与到幼儿的“粉刷”游戏中，逐步引导幼儿到适宜玩水的地方继续开展游戏；教师D：提醒幼儿篮球架是用于开展运动的，与其他幼儿一起召唤他们打篮球，转移他们的关注点。可以先从这个情境本身追问：这个情境里，孩子把篮球架变成玩水场地，你当时更关注他们的游戏兴趣、器械用途，还是安全与场地适宜性？；如果既想保护孩子的探索兴趣，又要回应篮球架原本的运动功能，你觉得教师可以怎样衔接？。然后可围绕其作答过程中的重点比较追问：你当时是怎样比较以下两种做法的：教师A：看到幼儿玩得很开心，不干预他们的玩水行为，待兴趣减弱后再讨论玩水的适宜性；教师B：表扬幼儿的新发现，并询问在篮球架旁玩水是否合适，提议幼儿可以换个地方玩水？如果教师提到调整过顺序，再追问：是什么信息或想法让你改变了当时的排序？请只围绕情境理解、判断依据和选项比较提问，不要提及任何内部计算指标、得分、排名、入选原因或评价性判断。,访谈提醒：本表仅供生成中性访谈提问。访谈时不得向教师透露任何内部计算指标、得分、排名、题目入选原因或评价性判断。
教师27,sim_openid_027_120869,1,Q9,9,飞行棋各走各的,大班区域游戏中，轩轩和小宇一起玩飞行棋，他们将棋子摆好后，各自拿了一个骰子开始投，小宇说：“该我走。”轩轩说：“明明该我走！”相持不下，于是两人各拿一个骰子，自顾自地走自己的棋。,耐心讲解共同游戏的规则，再以“棋手”身份加入游戏进行示范引导。,暂不介入，继续观察游戏进展，待区域小结时请幼儿分享游戏中的体验和问题。,拿走一个骰子，请幼儿商量只有一个骰子的共同游戏规则，达成一致后再开始游戏。,待幼儿体验一轮各走各的游戏后，询问幼儿的游戏体验，提示共同游戏规则的作用。,D,B/C,教师D：待幼儿体验一轮各走各的游戏后，询问幼儿的游戏体验，提示共同游戏规则的作用。,教师B：暂不介入，继续观察游戏进展，待区域小结时请幼儿分享游戏中的体验和问题。；教师C：拿走一个骰子，请幼儿商量只有一个骰子的共同游戏规则，达成一致后再开始游戏。,请回忆第9题这个情境。当时的情境是：大班区域游戏中，轩轩和小宇一起玩飞行棋，他们将棋子摆好后，各自拿了一个骰子开始投，小宇说：“该我走。”轩轩说：“明明该我走！”相持不下，于是两人各拿一个骰子，自顾自地走自己的棋。当时提供的做法包括：教师A：耐心讲解共同游戏的规则，再以“棋手”身份加入游戏进行示范引导；教师B：暂不介入，继续观察游戏进展，待区域小结时请幼儿分享游戏中的体验和问题；教师C：拿走一个骰子，请幼儿商量只有一个骰子的共同游戏规则，达成一致后再开始游戏；教师D：待幼儿体验一轮各走各的游戏后，询问幼儿的游戏体验，提示共同游戏规则的作用。可以先从这个情境本身追问：两个孩子各走各的棋时，你当时更关注共同游戏规则的建立，还是先让他们体验这种玩法会带来什么问题？；你觉得教师怎样帮助幼儿从各玩各的，过渡到真正的共同游戏？。然后可围绕其作答过程中的重点比较追问：你当时是怎样比较以下两种做法的：教师B：暂不介入，继续观察游戏进展，待区域小结时请幼儿分享游戏中的体验和问题；教师C：拿走一个骰子，请幼儿商量只有一个骰子的共同游戏规则，达成一致后再开始游戏？如果教师提到调整过顺序，再追问：是什么信息或想法让你改变了当时的排序？请只围绕情境理解、判断依据和选项比较提问，不要提及任何内部计算指标、得分、排名、入选原因或评价性判断。,访谈提醒：本表仅供生成中性访谈提问。访谈时不得向教师透露任何内部计算指标、得分、排名、题目入选原因或评价性判断。
教师27,sim_openid_027_120869,2,Q10,10,跳绳秩序混乱,周三下午，大五班的幼儿正自发进行跳绳游戏。李老师观察后发现，挤在一起跳绳的幼儿人数较多，整个场面十分混乱，幼儿很容易出现碰撞现象。此外，由于当“柱子”的幼儿很久才能轮上跳绳，因此也显得很不耐烦。,请幼儿暂停游戏，将幼儿分成多个小组并引导他们以小组为单位分区域开展游戏。,请幼儿说一说跳绳活动中存在的问题，并邀请幼儿一起设置跳绳的规则。,提供更多数量和不同种类的跳绳，并言语引导幼儿分组分区同时进行跳绳游戏。,暂不介入，活动分享时通过照片或视频回放引导幼儿发现问题并商议解决办法。,,B/C,,教师B：请幼儿说一说跳绳活动中存在的问题，并邀请幼儿一起设置跳绳的规则。；教师C：提供更多数量和不同种类的跳绳，并言语引导幼儿分组分区同时进行跳绳游戏。,请回忆第10题这个情境。当时的情境是：周三下午，大五班的幼儿正自发进行跳绳游戏。李老师观察后发现，挤在一起跳绳的幼儿人数较多，整个场面十分混乱，幼儿很容易出现碰撞现象。此外，由于当“柱子”的幼儿很久才能轮上跳绳，因此也显得很不耐烦。当时提供的做法包括：教师A：请幼儿暂停游戏，将幼儿分成多个小组并引导他们以小组为单位分区域开展游戏；教师B：请幼儿说一说跳绳活动中存在的问题，并邀请幼儿一起设置跳绳的规则；教师C：提供更多数量和不同种类的跳绳，并言语引导幼儿分组分区同时进行跳绳游戏；教师D：暂不介入，活动分享时通过照片或视频回放引导幼儿发现问题并商议解决办法。可以先从这个情境本身追问：跳绳现场混乱且可能碰撞时，你当时更倾向于立即组织秩序，还是先让幼儿自己发现问题？；在安全风险和幼儿自主制定规则之间，你觉得教师应该怎样把握介入时机？。然后可围绕其作答过程中的重点比较追问：你当时是怎样比较以下两种做法的：教师B：请幼儿说一说跳绳活动中存在的问题，并邀请幼儿一起设置跳绳的规则；教师C：提供更多数量和不同种类的跳绳，并言语引导幼儿分组分区同时进行跳绳游戏？如果教师提到调整过顺序，再追问：是什么信息或想法让你改变了当时的排序？请只围绕情境理解、判断依据和选项比较提问，不要提及任何内部计算指标、得分、排名、入选原因或评价性判断。,访谈提醒：本表仅供生成中性访谈提问。访谈时不得向教师透露任何内部计算指标、得分、排名、题目入选原因或评价性判断。
教师27,sim_openid_027_120869,3,Q6,6,材料选择无层次,大班上学期，张老师在建构区投放了按图搭建的游戏材料，并提供了不同星级难度的任务卡供幼儿选择，但有的幼儿一上来就选择高难度的三星级任务卡，结果不能顺利完成任务；而有的幼儿始终选择低难度的一星级任务卡。这天，浩浩又连续选择了几张一星级任务卡，很快就完成了任务。,调整任务卡提供方式，在游戏开始前根据幼儿的能力水平有针对性地发放任务卡。,暂不介入，尊重幼儿的自主选择和游戏体验，只要完成任务就是一种经验积累。,调整任务卡呈现方式，如增加“我想挑战”等提示，鼓励幼儿选择不同星级的挑战。,和浩浩回顾已完成的任务，比较不同星级的难度，邀请他选择稍有挑战的任务。,A,A/B,教师A：调整任务卡提供方式，在游戏开始前根据幼儿的能力水平有针对性地发放任务卡。,教师A：调整任务卡提供方式，在游戏开始前根据幼儿的能力水平有针对性地发放任务卡。；教师B：暂不介入，尊重幼儿的自主选择和游戏体验，只要完成任务就是一种经验积累。,请回忆第6题这个情境。当时的情境是：大班上学期，张老师在建构区投放了按图搭建的游戏材料，并提供了不同星级难度的任务卡供幼儿选择，但有的幼儿一上来就选择高难度的三星级任务卡，结果不能顺利完成任务；而有的幼儿始终选择低难度的一星级任务卡。这天，浩浩又连续选择了几张一星级任务卡，很快就完成了任务。当时提供的做法包括：教师A：调整任务卡提供方式，在游戏开始前根据幼儿的能力水平有针对性地发放任务卡；教师B：暂不介入，尊重幼儿的自主选择和游戏体验，只要完成任务就是一种经验积累；教师C：调整任务卡呈现方式，如增加“我想挑战”等提示，鼓励幼儿选择不同星级的挑战；教师D：和浩浩回顾已完成的任务，比较不同星级的难度，邀请他选择稍有挑战的任务。可以先从这个情境本身追问：浩浩反复选择一星任务卡时，你当时更想尊重他的自主选择，还是推动他尝试更有挑战的任务？；你觉得教师应该怎样判断幼儿是需要安全感、缺少挑战意识，还是任务卡呈现方式本身需要调整？。然后可围绕其作答过程中的重点比较追问：你当时是怎样比较以下两种做法的：教师A：调整任务卡提供方式，在游戏开始前根据幼儿的能力水平有针对性地发放任务卡；教师B：暂不介入，尊重幼儿的自主选择和游戏体验，只要完成任务就是一种经验积累？如果教师提到调整过顺序，再追问：是什么信息或想法让你改变了当时的排序？请只围绕情境理解、判断依据和选项比较提问，不要提及任何内部计算指标、得分、排名、入选原因或评价性判断。,访谈提醒：本表仅供生成中性访谈提问。访谈时不得向教师透露任何内部计算指标、得分、排名、题目入选原因或评价性判断。
教师28,sim_openid_028_602925,1,Q8,8,引水难题未解,中班上学期，幼儿在“引水游戏”中遇到了难题——水无法被引到竹片管道上。他们不断调整竹片拼接的方式，却始终没能成功，即竹片一头高于出水管道，阻碍了引流。渐渐地幼儿的探索兴趣也减弱了，有的开始玩水，有的甚至离开了水池。,示范正确的引水方法，请幼儿注意观察并说说引水的要领，再自己试一试。,加入幼儿的探索，引导他们观察水流受阻的位置，一起尝试调整竹片的摆放方式。,组织幼儿就游戏困难进行讨论，寻找解决问题的方案，引导幼儿再次尝试。,投放更多辅助引水的材料，重新激起幼儿的探索兴趣，继续观察游戏进展。,D,A/B,教师D：投放更多辅助引水的材料，重新激起幼儿的探索兴趣，继续观察游戏进展。,教师A：示范正确的引水方法，请幼儿注意观察并说说引水的要领，再自己试一试。；教师B：加入幼儿的探索，引导他们观察水流受阻的位置，一起尝试调整竹片的摆放方式。,请回忆第8题这个情境。当时的情境是：中班上学期，幼儿在“引水游戏”中遇到了难题——水无法被引到竹片管道上。他们不断调整竹片拼接的方式，却始终没能成功，即竹片一头高于出水管道，阻碍了引流。渐渐地幼儿的探索兴趣也减弱了，有的开始玩水，有的甚至离开了水池。当时提供的做法包括：教师A：示范正确的引水方法，请幼儿注意观察并说说引水的要领，再自己试一试；教师B：加入幼儿的探索，引导他们观察水流受阻的位置，一起尝试调整竹片的摆放方式；教师C：组织幼儿就游戏困难进行讨论，寻找解决问题的方案，引导幼儿再次尝试；教师D：投放更多辅助引水的材料，重新激起幼儿的探索兴趣，继续观察游戏进展。可以先从这个情境本身追问：孩子们引水失败、兴趣减弱时，你当时更倾向于直接示范方法，还是继续支持他们自己发现水流受阻的原因？；你觉得教师怎样提供支架，既能帮助问题解决，又保留幼儿继续探究的空间？。然后可围绕其作答过程中的重点比较追问：你当时是怎样比较以下两种做法的：教师A：示范正确的引水方法，请幼儿注意观察并说说引水的要领，再自己试一试；教师B：加入幼儿的探索，引导他们观察水流受阻的位置，一起尝试调整竹片的摆放方式？如果教师提到调整过顺序，再追问：是什么信息或想法让你改变了当时的排序？请只围绕情境理解、判断依据和选项比较提问，不要提及任何内部计算指标、得分、排名、入选原因或评价性判断。,访谈提醒：本表仅供生成中性访谈提问。访谈时不得向教师透露任何内部计算指标、得分、排名、题目入选原因或评价性判断。
教师28,sim_openid_028_602925,2,Q1,1,篮球架玩水,操场上新安装了一些篮球架，幼儿经常在这里投篮。某天户外活动时，几名幼儿带着画笔和水桶来到这里，他们先是快乐地粉刷篮球架，之后开始往篮框里灌水，有的从上面灌，有的在下面接，忙的不亦乐乎，俨然这里成为了玩水的场地。,看到幼儿玩得很开心，不干预他们的玩水行为，待兴趣减弱后再讨论玩水的适宜性。,表扬幼儿的新发现，并询问在篮球架旁玩水是否合适，提议幼儿可以换个地方玩水。,参与到幼儿的“粉刷”游戏中，逐步引导幼儿到适宜玩水的地方继续开展游戏。,提醒幼儿篮球架是用于开展运动的，与其他幼儿一起召唤他们打篮球，转移他们的关注点。,A,C/D,教师A：看到幼儿玩得很开心，不干预他们的玩水行为，待兴趣减弱后再讨论玩水的适宜性。,教师C：参与到幼儿的“粉刷”游戏中，逐步引导幼儿到适宜玩水的地方继续开展游戏。；教师D：提醒幼儿篮球架是用于开展运动的，与其他幼儿一起召唤他们打篮球，转移他们的关注点。,请回忆第1题这个情境。当时的情境是：操场上新安装了一些篮球架，幼儿经常在这里投篮。某天户外活动时，几名幼儿带着画笔和水桶来到这里，他们先是快乐地粉刷篮球架，之后开始往篮框里灌水，有的从上面灌，有的在下面接，忙的不亦乐乎，俨然这里成为了玩水的场地。当时提供的做法包括：教师A：看到幼儿玩得很开心，不干预他们的玩水行为，待兴趣减弱后再讨论玩水的适宜性；教师B：表扬幼儿的新发现，并询问在篮球架旁玩水是否合适，提议幼儿可以换个地方玩水；教师C：参与到幼儿的“粉刷”游戏中，逐步引导幼儿到适宜玩水的地方继续开展游戏；教师D：提醒幼儿篮球架是用于开展运动的，与其他幼儿一起召唤他们打篮球，转移他们的关注点。可以先从这个情境本身追问：这个情境里，孩子把篮球架变成玩水场地，你当时更关注他们的游戏兴趣、器械用途，还是安全与场地适宜性？；如果既想保护孩子的探索兴趣，又要回应篮球架原本的运动功能，你觉得教师可以怎样衔接？。然后可围绕其作答过程中的重点比较追问：你当时是怎样比较以下两种做法的：教师C：参与到幼儿的“粉刷”游戏中，逐步引导幼儿到适宜玩水的地方继续开展游戏；教师D：提醒幼儿篮球架是用于开展运动的，与其他幼儿一起召唤他们打篮球，转移他们的关注点？如果教师提到调整过顺序，再追问：是什么信息或想法让你改变了当时的排序？请只围绕情境理解、判断依据和选项比较提问，不要提及任何内部计算指标、得分、排名、入选原因或评价性判断。,访谈提醒：本表仅供生成中性访谈提问。访谈时不得向教师透露任何内部计算指标、得分、排名、题目入选原因或评价性判断。
教师28,sim_openid_028_602925,3,Q5,5,消防员救火开心,近几天，中班的幼儿十分热衷于在区域游戏时间玩“消防员救火”的游戏。游戏结束后的交流活动中，老师问幼儿最想分享什么时，阳阳说“娃娃家着火了，好开心啊！”。,抓住教育契机，向幼儿耐心解释真实的火灾会造成物品损失和人员伤亡。,询问幼儿开心的是“着火”本身，还是消防员成功救火、娃娃家的人得救？,引导幼儿思考“娃娃家着火”值不值得开心，帮助他们认识真实火灾是危险的。,请阳阳讲讲娃娃家着火后发生了什么、为什么开心，借此理解幼儿的游戏体验。,,A/B,,教师A：抓住教育契机，向幼儿耐心解释真实的火灾会造成物品损失和人员伤亡。；教师B：询问幼儿开心的是“着火”本身，还是消防员成功救火、娃娃家的人得救？,请回忆第5题这个情境。当时的情境是：近几天，中班的幼儿十分热衷于在区域游戏时间玩“消防员救火”的游戏。游戏结束后的交流活动中，老师问幼儿最想分享什么时，阳阳说“娃娃家着火了，好开心啊！”。当时提供的做法包括：教师A：抓住教育契机，向幼儿耐心解释真实的火灾会造成物品损失和人员伤亡；教师B：询问幼儿开心的是“着火”本身，还是消防员成功救火、娃娃家的人得救；教师C：引导幼儿思考“娃娃家着火”值不值得开心，帮助他们认识真实火灾是危险的；教师D：请阳阳讲讲娃娃家着火后发生了什么、为什么开心，借此理解幼儿的游戏体验。可以先从这个情境本身追问：阳阳说娃娃家着火了很开心时，你当时更关注真实火灾的危险教育，还是先理解他在游戏里的开心来自哪里？；你觉得教师怎样回应，既不否定幼儿的游戏体验，又能引导他们理解真实火灾的意义？。然后可围绕其作答过程中的重点比较追问：你当时是怎样比较以下两种做法的：教师A：抓住教育契机，向幼儿耐心解释真实的火灾会造成物品损失和人员伤亡；教师B：询问幼儿开心的是“着火”本身，还是消防员成功救火、娃娃家的人得救？如果教师提到调整过顺序，再追问：是什么信息或想法让你改变了当时的排序？请只围绕情境理解、判断依据和选项比较提问，不要提及任何内部计算指标、得分、排名、入选原因或评价性判断。,访谈提醒：本表仅供生成中性访谈提问。访谈时不得向教师透露任何内部计算指标、得分、排名、题目入选原因或评价性判断。
教师29,sim_openid_029_918357,1,Q4,4,未参与小组建构,大班建构活动中，睿睿和其他幼儿计划一起搭积木大桥，他们讨论了搭建方法，并进入区域开始搭建。就在其他幼儿在认真搭建时，睿睿发现了一块长条木板，他一会儿在地上推着走，一会儿当枪使，没有再参与小组的搭建。,继续观察，后续分享中支持睿睿思考如何把长条木板融入小组的建构中。,肯定睿睿的创造性玩法，询问他长条板能否当桥面，引导他参与到搭桥任务中。,引导睿睿回顾计划，建议他先完成共同任务，长条木板可以等自由游戏时再玩。,看到睿睿玩得开心，暂不介入，等下一次活动时再提醒他根据计划开展游戏。,A,B/D,教师A：继续观察，后续分享中支持睿睿思考如何把长条木板融入小组的建构中。,教师B：肯定睿睿的创造性玩法，询问他长条板能否当桥面，引导他参与到搭桥任务中。；教师D：看到睿睿玩得开心，暂不介入，等下一次活动时再提醒他根据计划开展游戏。,请回忆第4题这个情境。当时的情境是：大班建构活动中，睿睿和其他幼儿计划一起搭积木大桥，他们讨论了搭建方法，并进入区域开始搭建。就在其他幼儿在认真搭建时，睿睿发现了一块长条木板，他一会儿在地上推着走，一会儿当枪使，没有再参与小组的搭建。当时提供的做法包括：教师A：继续观察，后续分享中支持睿睿思考如何把长条木板融入小组的建构中；教师B：肯定睿睿的创造性玩法，询问他长条板能否当桥面，引导他参与到搭桥任务中；教师C：引导睿睿回顾计划，建议他先完成共同任务，长条木板可以等自由游戏时再玩；教师D：看到睿睿玩得开心，暂不介入，等下一次活动时再提醒他根据计划开展游戏。可以先从这个情境本身追问：睿睿离开了原来的搭桥计划去玩长条木板，你当时怎样理解他的行为：是偏离共同任务，还是出现了新的游戏线索？；面对共同建构计划和幼儿临时兴趣之间的变化，你觉得教师什么时候应该介入，什么时候可以继续观察？。然后可围绕其作答过程中的重点比较追问：你当时是怎样比较以下两种做法的：教师B：肯定睿睿的创造性玩法，询问他长条板能否当桥面，引导他参与到搭桥任务中；教师D：看到睿睿玩得开心，暂不介入，等下一次活动时再提醒他根据计划开展游戏？如果教师提到调整过顺序，再追问：是什么信息或想法让你改变了当时的排序？请只围绕情境理解、判断依据和选项比较提问，不要提及任何内部计算指标、得分、排名、入选原因或评价性判断。,访谈提醒：本表仅供生成中性访谈提问。访谈时不得向教师透露任何内部计算指标、得分、排名、题目入选原因或评价性判断。
教师29,sim_openid_029_918357,2,Q7,7,艾莎公主不运动,小班的一次户外运动，有几个女孩子从一开始就没有选择任何体育活动项目，而是聚在一起坐在地上玩“艾莎公主”的游戏，比一比谁的鞋子最漂亮，谁的魔法最厉害。,询问幼儿没有参与运动的原因，提供丰富的活动材料吸引幼儿参与运动活动。,提醒幼儿现在是运动时间，请他们等自由游戏时间再一起玩“艾莎公主”的游戏。,利用艾莎公主的鞋子设计走、跑、跳等活动，并以参与者的身份邀请幼儿一起参与运动。,肯定幼儿自主游戏的行为，言语引导幼儿穿着“漂亮的鞋子”参与运动。,,B/C,,教师B：提醒幼儿现在是运动时间，请他们等自由游戏时间再一起玩“艾莎公主”的游戏。；教师C：利用艾莎公主的鞋子设计走、跑、跳等活动，并以参与者的身份邀请幼儿一起参与运动。,请回忆第7题这个情境。当时的情境是：小班的一次户外运动，有几个女孩子从一开始就没有选择任何体育活动项目，而是聚在一起坐在地上玩“艾莎公主”的游戏，比一比谁的鞋子最漂亮，谁的魔法最厉害。当时提供的做法包括：教师A：询问幼儿没有参与运动的原因，提供丰富的活动材料吸引幼儿参与运动活动；教师B：提醒幼儿现在是运动时间，请他们等自由游戏时间再一起玩“艾莎公主”的游戏；教师C：利用艾莎公主的鞋子设计走、跑、跳等活动，并以参与者的身份邀请幼儿一起参与运动；教师D：肯定幼儿自主游戏的行为，言语引导幼儿穿着“漂亮的鞋子”参与运动。可以先从这个情境本身追问：几个女孩在户外运动时间玩艾莎公主时，你当时更关注运动目标，还是关注她们正在生成的角色游戏兴趣？；如果要把艾莎公主游戏和运动活动连接起来，你觉得教师可以怎样做才不显得生硬？。然后可围绕其作答过程中的重点比较追问：你当时是怎样比较以下两种做法的：教师B：提醒幼儿现在是运动时间，请他们等自由游戏时间再一起玩“艾莎公主”的游戏；教师C：利用艾莎公主的鞋子设计走、跑、跳等活动，并以参与者的身份邀请幼儿一起参与运动？如果教师提到调整过顺序，再追问：是什么信息或想法让你改变了当时的排序？请只围绕情境理解、判断依据和选项比较提问，不要提及任何内部计算指标、得分、排名、入选原因或评价性判断。,访谈提醒：本表仅供生成中性访谈提问。访谈时不得向教师透露任何内部计算指标、得分、排名、题目入选原因或评价性判断。
教师29,sim_openid_029_918357,3,Q5,5,消防员救火开心,近几天，中班的幼儿十分热衷于在区域游戏时间玩“消防员救火”的游戏。游戏结束后的交流活动中，老师问幼儿最想分享什么时，阳阳说“娃娃家着火了，好开心啊！”。,抓住教育契机，向幼儿耐心解释真实的火灾会造成物品损失和人员伤亡。,询问幼儿开心的是“着火”本身，还是消防员成功救火、娃娃家的人得救？,引导幼儿思考“娃娃家着火”值不值得开心，帮助他们认识真实火灾是危险的。,请阳阳讲讲娃娃家着火后发生了什么、为什么开心，借此理解幼儿的游戏体验。,B,B/D,教师B：询问幼儿开心的是“着火”本身，还是消防员成功救火、娃娃家的人得救？,教师B：询问幼儿开心的是“着火”本身，还是消防员成功救火、娃娃家的人得救？；教师D：请阳阳讲讲娃娃家着火后发生了什么、为什么开心，借此理解幼儿的游戏体验。,请回忆第5题这个情境。当时的情境是：近几天，中班的幼儿十分热衷于在区域游戏时间玩“消防员救火”的游戏。游戏结束后的交流活动中，老师问幼儿最想分享什么时，阳阳说“娃娃家着火了，好开心啊！”。当时提供的做法包括：教师A：抓住教育契机，向幼儿耐心解释真实的火灾会造成物品损失和人员伤亡；教师B：询问幼儿开心的是“着火”本身，还是消防员成功救火、娃娃家的人得救；教师C：引导幼儿思考“娃娃家着火”值不值得开心，帮助他们认识真实火灾是危险的；教师D：请阳阳讲讲娃娃家着火后发生了什么、为什么开心，借此理解幼儿的游戏体验。可以先从这个情境本身追问：阳阳说娃娃家着火了很开心时，你当时更关注真实火灾的危险教育，还是先理解他在游戏里的开心来自哪里？；你觉得教师怎样回应，既不否定幼儿的游戏体验，又能引导他们理解真实火灾的意义？。然后可围绕其作答过程中的重点比较追问：你当时是怎样比较以下两种做法的：教师B：询问幼儿开心的是“着火”本身，还是消防员成功救火、娃娃家的人得救；教师D：请阳阳讲讲娃娃家着火后发生了什么、为什么开心，借此理解幼儿的游戏体验？如果教师提到调整过顺序，再追问：是什么信息或想法让你改变了当时的排序？请只围绕情境理解、判断依据和选项比较提问，不要提及任何内部计算指标、得分、排名、入选原因或评价性判断。,访谈提醒：本表仅供生成中性访谈提问。访谈时不得向教师透露任何内部计算指标、得分、排名、题目入选原因或评价性判断。
教师30,sim_openid_030_839976,1,Q8,8,引水难题未解,中班上学期，幼儿在“引水游戏”中遇到了难题——水无法被引到竹片管道上。他们不断调整竹片拼接的方式，却始终没能成功，即竹片一头高于出水管道，阻碍了引流。渐渐地幼儿的探索兴趣也减弱了，有的开始玩水，有的甚至离开了水池。,示范正确的引水方法，请幼儿注意观察并说说引水的要领，再自己试一试。,加入幼儿的探索，引导他们观察水流受阻的位置，一起尝试调整竹片的摆放方式。,组织幼儿就游戏困难进行讨论，寻找解决问题的方案，引导幼儿再次尝试。,投放更多辅助引水的材料，重新激起幼儿的探索兴趣，继续观察游戏进展。,A,C/D,教师A：示范正确的引水方法，请幼儿注意观察并说说引水的要领，再自己试一试。,教师C：组织幼儿就游戏困难进行讨论，寻找解决问题的方案，引导幼儿再次尝试。；教师D：投放更多辅助引水的材料，重新激起幼儿的探索兴趣，继续观察游戏进展。,请回忆第8题这个情境。当时的情境是：中班上学期，幼儿在“引水游戏”中遇到了难题——水无法被引到竹片管道上。他们不断调整竹片拼接的方式，却始终没能成功，即竹片一头高于出水管道，阻碍了引流。渐渐地幼儿的探索兴趣也减弱了，有的开始玩水，有的甚至离开了水池。当时提供的做法包括：教师A：示范正确的引水方法，请幼儿注意观察并说说引水的要领，再自己试一试；教师B：加入幼儿的探索，引导他们观察水流受阻的位置，一起尝试调整竹片的摆放方式；教师C：组织幼儿就游戏困难进行讨论，寻找解决问题的方案，引导幼儿再次尝试；教师D：投放更多辅助引水的材料，重新激起幼儿的探索兴趣，继续观察游戏进展。可以先从这个情境本身追问：孩子们引水失败、兴趣减弱时，你当时更倾向于直接示范方法，还是继续支持他们自己发现水流受阻的原因？；你觉得教师怎样提供支架，既能帮助问题解决，又保留幼儿继续探究的空间？。然后可围绕其作答过程中的重点比较追问：你当时是怎样比较以下两种做法的：教师C：组织幼儿就游戏困难进行讨论，寻找解决问题的方案，引导幼儿再次尝试；教师D：投放更多辅助引水的材料，重新激起幼儿的探索兴趣，继续观察游戏进展？如果教师提到调整过顺序，再追问：是什么信息或想法让你改变了当时的排序？请只围绕情境理解、判断依据和选项比较提问，不要提及任何内部计算指标、得分、排名、入选原因或评价性判断。,访谈提醒：本表仅供生成中性访谈提问。访谈时不得向教师透露任何内部计算指标、得分、排名、题目入选原因或评价性判断。
教师30,sim_openid_030_839976,2,Q5,5,消防员救火开心,近几天，中班的幼儿十分热衷于在区域游戏时间玩“消防员救火”的游戏。游戏结束后的交流活动中，老师问幼儿最想分享什么时，阳阳说“娃娃家着火了，好开心啊！”。,抓住教育契机，向幼儿耐心解释真实的火灾会造成物品损失和人员伤亡。,询问幼儿开心的是“着火”本身，还是消防员成功救火、娃娃家的人得救？,引导幼儿思考“娃娃家着火”值不值得开心，帮助他们认识真实火灾是危险的。,请阳阳讲讲娃娃家着火后发生了什么、为什么开心，借此理解幼儿的游戏体验。,A,B/D,教师A：抓住教育契机，向幼儿耐心解释真实的火灾会造成物品损失和人员伤亡。,教师B：询问幼儿开心的是“着火”本身，还是消防员成功救火、娃娃家的人得救？；教师D：请阳阳讲讲娃娃家着火后发生了什么、为什么开心，借此理解幼儿的游戏体验。,请回忆第5题这个情境。当时的情境是：近几天，中班的幼儿十分热衷于在区域游戏时间玩“消防员救火”的游戏。游戏结束后的交流活动中，老师问幼儿最想分享什么时，阳阳说“娃娃家着火了，好开心啊！”。当时提供的做法包括：教师A：抓住教育契机，向幼儿耐心解释真实的火灾会造成物品损失和人员伤亡；教师B：询问幼儿开心的是“着火”本身，还是消防员成功救火、娃娃家的人得救；教师C：引导幼儿思考“娃娃家着火”值不值得开心，帮助他们认识真实火灾是危险的；教师D：请阳阳讲讲娃娃家着火后发生了什么、为什么开心，借此理解幼儿的游戏体验。可以先从这个情境本身追问：阳阳说娃娃家着火了很开心时，你当时更关注真实火灾的危险教育，还是先理解他在游戏里的开心来自哪里？；你觉得教师怎样回应，既不否定幼儿的游戏体验，又能引导他们理解真实火灾的意义？。然后可围绕其作答过程中的重点比较追问：你当时是怎样比较以下两种做法的：教师B：询问幼儿开心的是“着火”本身，还是消防员成功救火、娃娃家的人得救；教师D：请阳阳讲讲娃娃家着火后发生了什么、为什么开心，借此理解幼儿的游戏体验？如果教师提到调整过顺序，再追问：是什么信息或想法让你改变了当时的排序？请只围绕情境理解、判断依据和选项比较提问，不要提及任何内部计算指标、得分、排名、入选原因或评价性判断。,访谈提醒：本表仅供生成中性访谈提问。访谈时不得向教师透露任何内部计算指标、得分、排名、题目入选原因或评价性判断。
教师30,sim_openid_030_839976,3,Q6,6,材料选择无层次,大班上学期，张老师在建构区投放了按图搭建的游戏材料，并提供了不同星级难度的任务卡供幼儿选择，但有的幼儿一上来就选择高难度的三星级任务卡，结果不能顺利完成任务；而有的幼儿始终选择低难度的一星级任务卡。这天，浩浩又连续选择了几张一星级任务卡，很快就完成了任务。,调整任务卡提供方式，在游戏开始前根据幼儿的能力水平有针对性地发放任务卡。,暂不介入，尊重幼儿的自主选择和游戏体验，只要完成任务就是一种经验积累。,调整任务卡呈现方式，如增加“我想挑战”等提示，鼓励幼儿选择不同星级的挑战。,和浩浩回顾已完成的任务，比较不同星级的难度，邀请他选择稍有挑战的任务。,D,B/D,教师D：和浩浩回顾已完成的任务，比较不同星级的难度，邀请他选择稍有挑战的任务。,教师B：暂不介入，尊重幼儿的自主选择和游戏体验，只要完成任务就是一种经验积累。；教师D：和浩浩回顾已完成的任务，比较不同星级的难度，邀请他选择稍有挑战的任务。,请回忆第6题这个情境。当时的情境是：大班上学期，张老师在建构区投放了按图搭建的游戏材料，并提供了不同星级难度的任务卡供幼儿选择，但有的幼儿一上来就选择高难度的三星级任务卡，结果不能顺利完成任务；而有的幼儿始终选择低难度的一星级任务卡。这天，浩浩又连续选择了几张一星级任务卡，很快就完成了任务。当时提供的做法包括：教师A：调整任务卡提供方式，在游戏开始前根据幼儿的能力水平有针对性地发放任务卡；教师B：暂不介入，尊重幼儿的自主选择和游戏体验，只要完成任务就是一种经验积累；教师C：调整任务卡呈现方式，如增加“我想挑战”等提示，鼓励幼儿选择不同星级的挑战；教师D：和浩浩回顾已完成的任务，比较不同星级的难度，邀请他选择稍有挑战的任务。可以先从这个情境本身追问：浩浩反复选择一星任务卡时，你当时更想尊重他的自主选择，还是推动他尝试更有挑战的任务？；你觉得教师应该怎样判断幼儿是需要安全感、缺少挑战意识，还是任务卡呈现方式本身需要调整？。然后可围绕其作答过程中的重点比较追问：你当时是怎样比较以下两种做法的：教师B：暂不介入，尊重幼儿的自主选择和游戏体验，只要完成任务就是一种经验积累；教师D：和浩浩回顾已完成的任务，比较不同星级的难度，邀请他选择稍有挑战的任务？如果教师提到调整过顺序，再追问：是什么信息或想法让你改变了当时的排序？请只围绕情境理解、判断依据和选项比较提问，不要提及任何内部计算指标、得分、排名、入选原因或评价性判断。,访谈提醒：本表仅供生成中性访谈提问。访谈时不得向教师透露任何内部计算指标、得分、排名、题目入选原因或评价性判断。
教师31,sim_openid_031_118844,1,Q3,3,区域停留短,小班幼儿瑶瑶在区域活动时，一会儿在娃娃家切切菜，一会儿到美工区搓搓橡皮泥，一会儿又开心地跑到其它区域游戏，在任何一个区域停留时间都不超过三分钟。,提议瑶瑶完成某项游戏任务，如在娃娃家做菜，请他活动小结时分享。,游戏前提醒区域活动规则，活动结束后表扬区域游戏规则遵守得好的小朋友。,仔细观察瑶瑶在不同区域的游戏情况，分析他发生迅速转移的原因。,以同伴的身份陪伴瑶瑶在某一区域游戏，待他专注游戏后再离开。,A,A/B,教师A：提议瑶瑶完成某项游戏任务，如在娃娃家做菜，请他活动小结时分享。,教师A：提议瑶瑶完成某项游戏任务，如在娃娃家做菜，请他活动小结时分享。；教师B：游戏前提醒区域活动规则，活动结束后表扬区域游戏规则遵守得好的小朋友。,请回忆第3题这个情境。当时的情境是：小班幼儿瑶瑶在区域活动时，一会儿在娃娃家切切菜，一会儿到美工区搓搓橡皮泥，一会儿又开心地跑到其它区域游戏，在任何一个区域停留时间都不超过三分钟。当时提供的做法包括：教师A：提议瑶瑶完成某项游戏任务，如在娃娃家做菜，请他活动小结时分享；教师B：游戏前提醒区域活动规则，活动结束后表扬区域游戏规则遵守得好的小朋友；教师C：仔细观察瑶瑶在不同区域的游戏情况，分析他发生迅速转移的原因；教师D：以同伴的身份陪伴瑶瑶在某一区域游戏，待他专注游戏后再离开。可以先从这个情境本身追问：瑶瑶在多个区域快速转换时，你当时会先把它看作注意力不集中、规则问题，还是一种探索不同材料的方式？；如果你在现场，你会先观察哪些信息来判断是否需要介入？。然后可围绕其作答过程中的重点比较追问：你当时是怎样比较以下两种做法的：教师A：提议瑶瑶完成某项游戏任务，如在娃娃家做菜，请他活动小结时分享；教师B：游戏前提醒区域活动规则，活动结束后表扬区域游戏规则遵守得好的小朋友？如果教师提到调整过顺序，再追问：是什么信息或想法让你改变了当时的排序？请只围绕情境理解、判断依据和选项比较提问，不要提及任何内部计算指标、得分、排名、入选原因或评价性判断。,访谈提醒：本表仅供生成中性访谈提问。访谈时不得向教师透露任何内部计算指标、得分、排名、题目入选原因或评价性判断。
教师31,sim_openid_031_118844,2,Q8,8,引水难题未解,中班上学期，幼儿在“引水游戏”中遇到了难题——水无法被引到竹片管道上。他们不断调整竹片拼接的方式，却始终没能成功，即竹片一头高于出水管道，阻碍了引流。渐渐地幼儿的探索兴趣也减弱了，有的开始玩水，有的甚至离开了水池。,示范正确的引水方法，请幼儿注意观察并说说引水的要领，再自己试一试。,加入幼儿的探索，引导他们观察水流受阻的位置，一起尝试调整竹片的摆放方式。,组织幼儿就游戏困难进行讨论，寻找解决问题的方案，引导幼儿再次尝试。,投放更多辅助引水的材料，重新激起幼儿的探索兴趣，继续观察游戏进展。,D,B/C,教师D：投放更多辅助引水的材料，重新激起幼儿的探索兴趣，继续观察游戏进展。,教师B：加入幼儿的探索，引导他们观察水流受阻的位置，一起尝试调整竹片的摆放方式。；教师C：组织幼儿就游戏困难进行讨论，寻找解决问题的方案，引导幼儿再次尝试。,请回忆第8题这个情境。当时的情境是：中班上学期，幼儿在“引水游戏”中遇到了难题——水无法被引到竹片管道上。他们不断调整竹片拼接的方式，却始终没能成功，即竹片一头高于出水管道，阻碍了引流。渐渐地幼儿的探索兴趣也减弱了，有的开始玩水，有的甚至离开了水池。当时提供的做法包括：教师A：示范正确的引水方法，请幼儿注意观察并说说引水的要领，再自己试一试；教师B：加入幼儿的探索，引导他们观察水流受阻的位置，一起尝试调整竹片的摆放方式；教师C：组织幼儿就游戏困难进行讨论，寻找解决问题的方案，引导幼儿再次尝试；教师D：投放更多辅助引水的材料，重新激起幼儿的探索兴趣，继续观察游戏进展。可以先从这个情境本身追问：孩子们引水失败、兴趣减弱时，你当时更倾向于直接示范方法，还是继续支持他们自己发现水流受阻的原因？；你觉得教师怎样提供支架，既能帮助问题解决，又保留幼儿继续探究的空间？。然后可围绕其作答过程中的重点比较追问：你当时是怎样比较以下两种做法的：教师B：加入幼儿的探索，引导他们观察水流受阻的位置，一起尝试调整竹片的摆放方式；教师C：组织幼儿就游戏困难进行讨论，寻找解决问题的方案，引导幼儿再次尝试？如果教师提到调整过顺序，再追问：是什么信息或想法让你改变了当时的排序？请只围绕情境理解、判断依据和选项比较提问，不要提及任何内部计算指标、得分、排名、入选原因或评价性判断。,访谈提醒：本表仅供生成中性访谈提问。访谈时不得向教师透露任何内部计算指标、得分、排名、题目入选原因或评价性判断。
教师31,sim_openid_031_118844,3,Q9,9,飞行棋各走各的,大班区域游戏中，轩轩和小宇一起玩飞行棋，他们将棋子摆好后，各自拿了一个骰子开始投，小宇说：“该我走。”轩轩说：“明明该我走！”相持不下，于是两人各拿一个骰子，自顾自地走自己的棋。,耐心讲解共同游戏的规则，再以“棋手”身份加入游戏进行示范引导。,暂不介入，继续观察游戏进展，待区域小结时请幼儿分享游戏中的体验和问题。,拿走一个骰子，请幼儿商量只有一个骰子的共同游戏规则，达成一致后再开始游戏。,待幼儿体验一轮各走各的游戏后，询问幼儿的游戏体验，提示共同游戏规则的作用。,A,B/D,教师A：耐心讲解共同游戏的规则，再以“棋手”身份加入游戏进行示范引导。,教师B：暂不介入，继续观察游戏进展，待区域小结时请幼儿分享游戏中的体验和问题。；教师D：待幼儿体验一轮各走各的游戏后，询问幼儿的游戏体验，提示共同游戏规则的作用。,请回忆第9题这个情境。当时的情境是：大班区域游戏中，轩轩和小宇一起玩飞行棋，他们将棋子摆好后，各自拿了一个骰子开始投，小宇说：“该我走。”轩轩说：“明明该我走！”相持不下，于是两人各拿一个骰子，自顾自地走自己的棋。当时提供的做法包括：教师A：耐心讲解共同游戏的规则，再以“棋手”身份加入游戏进行示范引导；教师B：暂不介入，继续观察游戏进展，待区域小结时请幼儿分享游戏中的体验和问题；教师C：拿走一个骰子，请幼儿商量只有一个骰子的共同游戏规则，达成一致后再开始游戏；教师D：待幼儿体验一轮各走各的游戏后，询问幼儿的游戏体验，提示共同游戏规则的作用。可以先从这个情境本身追问：两个孩子各走各的棋时，你当时更关注共同游戏规则的建立，还是先让他们体验这种玩法会带来什么问题？；你觉得教师怎样帮助幼儿从各玩各的，过渡到真正的共同游戏？。然后可围绕其作答过程中的重点比较追问：你当时是怎样比较以下两种做法的：教师B：暂不介入，继续观察游戏进展，待区域小结时请幼儿分享游戏中的体验和问题；教师D：待幼儿体验一轮各走各的游戏后，询问幼儿的游戏体验，提示共同游戏规则的作用？如果教师提到调整过顺序，再追问：是什么信息或想法让你改变了当时的排序？请只围绕情境理解、判断依据和选项比较提问，不要提及任何内部计算指标、得分、排名、入选原因或评价性判断。,访谈提醒：本表仅供生成中性访谈提问。访谈时不得向教师透露任何内部计算指标、得分、排名、题目入选原因或评价性判断。
教师32,sim_openid_032_852002,1,Q8,8,引水难题未解,中班上学期，幼儿在“引水游戏”中遇到了难题——水无法被引到竹片管道上。他们不断调整竹片拼接的方式，却始终没能成功，即竹片一头高于出水管道，阻碍了引流。渐渐地幼儿的探索兴趣也减弱了，有的开始玩水，有的甚至离开了水池。,示范正确的引水方法，请幼儿注意观察并说说引水的要领，再自己试一试。,加入幼儿的探索，引导他们观察水流受阻的位置，一起尝试调整竹片的摆放方式。,组织幼儿就游戏困难进行讨论，寻找解决问题的方案，引导幼儿再次尝试。,投放更多辅助引水的材料，重新激起幼儿的探索兴趣，继续观察游戏进展。,D,C/D,教师D：投放更多辅助引水的材料，重新激起幼儿的探索兴趣，继续观察游戏进展。,教师C：组织幼儿就游戏困难进行讨论，寻找解决问题的方案，引导幼儿再次尝试。；教师D：投放更多辅助引水的材料，重新激起幼儿的探索兴趣，继续观察游戏进展。,请回忆第8题这个情境。当时的情境是：中班上学期，幼儿在“引水游戏”中遇到了难题——水无法被引到竹片管道上。他们不断调整竹片拼接的方式，却始终没能成功，即竹片一头高于出水管道，阻碍了引流。渐渐地幼儿的探索兴趣也减弱了，有的开始玩水，有的甚至离开了水池。当时提供的做法包括：教师A：示范正确的引水方法，请幼儿注意观察并说说引水的要领，再自己试一试；教师B：加入幼儿的探索，引导他们观察水流受阻的位置，一起尝试调整竹片的摆放方式；教师C：组织幼儿就游戏困难进行讨论，寻找解决问题的方案，引导幼儿再次尝试；教师D：投放更多辅助引水的材料，重新激起幼儿的探索兴趣，继续观察游戏进展。可以先从这个情境本身追问：孩子们引水失败、兴趣减弱时，你当时更倾向于直接示范方法，还是继续支持他们自己发现水流受阻的原因？；你觉得教师怎样提供支架，既能帮助问题解决，又保留幼儿继续探究的空间？。然后可围绕其作答过程中的重点比较追问：你当时是怎样比较以下两种做法的：教师C：组织幼儿就游戏困难进行讨论，寻找解决问题的方案，引导幼儿再次尝试；教师D：投放更多辅助引水的材料，重新激起幼儿的探索兴趣，继续观察游戏进展？如果教师提到调整过顺序，再追问：是什么信息或想法让你改变了当时的排序？请只围绕情境理解、判断依据和选项比较提问，不要提及任何内部计算指标、得分、排名、入选原因或评价性判断。,访谈提醒：本表仅供生成中性访谈提问。访谈时不得向教师透露任何内部计算指标、得分、排名、题目入选原因或评价性判断。
教师32,sim_openid_032_852002,2,Q7,7,艾莎公主不运动,小班的一次户外运动，有几个女孩子从一开始就没有选择任何体育活动项目，而是聚在一起坐在地上玩“艾莎公主”的游戏，比一比谁的鞋子最漂亮，谁的魔法最厉害。,询问幼儿没有参与运动的原因，提供丰富的活动材料吸引幼儿参与运动活动。,提醒幼儿现在是运动时间，请他们等自由游戏时间再一起玩“艾莎公主”的游戏。,利用艾莎公主的鞋子设计走、跑、跳等活动，并以参与者的身份邀请幼儿一起参与运动。,肯定幼儿自主游戏的行为，言语引导幼儿穿着“漂亮的鞋子”参与运动。,A,C/D,教师A：询问幼儿没有参与运动的原因，提供丰富的活动材料吸引幼儿参与运动活动。,教师C：利用艾莎公主的鞋子设计走、跑、跳等活动，并以参与者的身份邀请幼儿一起参与运动。；教师D：肯定幼儿自主游戏的行为，言语引导幼儿穿着“漂亮的鞋子”参与运动。,请回忆第7题这个情境。当时的情境是：小班的一次户外运动，有几个女孩子从一开始就没有选择任何体育活动项目，而是聚在一起坐在地上玩“艾莎公主”的游戏，比一比谁的鞋子最漂亮，谁的魔法最厉害。当时提供的做法包括：教师A：询问幼儿没有参与运动的原因，提供丰富的活动材料吸引幼儿参与运动活动；教师B：提醒幼儿现在是运动时间，请他们等自由游戏时间再一起玩“艾莎公主”的游戏；教师C：利用艾莎公主的鞋子设计走、跑、跳等活动，并以参与者的身份邀请幼儿一起参与运动；教师D：肯定幼儿自主游戏的行为，言语引导幼儿穿着“漂亮的鞋子”参与运动。可以先从这个情境本身追问：几个女孩在户外运动时间玩艾莎公主时，你当时更关注运动目标，还是关注她们正在生成的角色游戏兴趣？；如果要把艾莎公主游戏和运动活动连接起来，你觉得教师可以怎样做才不显得生硬？。然后可围绕其作答过程中的重点比较追问：你当时是怎样比较以下两种做法的：教师C：利用艾莎公主的鞋子设计走、跑、跳等活动，并以参与者的身份邀请幼儿一起参与运动；教师D：肯定幼儿自主游戏的行为，言语引导幼儿穿着“漂亮的鞋子”参与运动？如果教师提到调整过顺序，再追问：是什么信息或想法让你改变了当时的排序？请只围绕情境理解、判断依据和选项比较提问，不要提及任何内部计算指标、得分、排名、入选原因或评价性判断。,访谈提醒：本表仅供生成中性访谈提问。访谈时不得向教师透露任何内部计算指标、得分、排名、题目入选原因或评价性判断。
教师32,sim_openid_032_852002,3,Q10,10,跳绳秩序混乱,周三下午，大五班的幼儿正自发进行跳绳游戏。李老师观察后发现，挤在一起跳绳的幼儿人数较多，整个场面十分混乱，幼儿很容易出现碰撞现象。此外，由于当“柱子”的幼儿很久才能轮上跳绳，因此也显得很不耐烦。,请幼儿暂停游戏，将幼儿分成多个小组并引导他们以小组为单位分区域开展游戏。,请幼儿说一说跳绳活动中存在的问题，并邀请幼儿一起设置跳绳的规则。,提供更多数量和不同种类的跳绳，并言语引导幼儿分组分区同时进行跳绳游戏。,暂不介入，活动分享时通过照片或视频回放引导幼儿发现问题并商议解决办法。,A,A/C,教师A：请幼儿暂停游戏，将幼儿分成多个小组并引导他们以小组为单位分区域开展游戏。,教师A：请幼儿暂停游戏，将幼儿分成多个小组并引导他们以小组为单位分区域开展游戏。；教师C：提供更多数量和不同种类的跳绳，并言语引导幼儿分组分区同时进行跳绳游戏。,请回忆第10题这个情境。当时的情境是：周三下午，大五班的幼儿正自发进行跳绳游戏。李老师观察后发现，挤在一起跳绳的幼儿人数较多，整个场面十分混乱，幼儿很容易出现碰撞现象。此外，由于当“柱子”的幼儿很久才能轮上跳绳，因此也显得很不耐烦。当时提供的做法包括：教师A：请幼儿暂停游戏，将幼儿分成多个小组并引导他们以小组为单位分区域开展游戏；教师B：请幼儿说一说跳绳活动中存在的问题，并邀请幼儿一起设置跳绳的规则；教师C：提供更多数量和不同种类的跳绳，并言语引导幼儿分组分区同时进行跳绳游戏；教师D：暂不介入，活动分享时通过照片或视频回放引导幼儿发现问题并商议解决办法。可以先从这个情境本身追问：跳绳现场混乱且可能碰撞时，你当时更倾向于立即组织秩序，还是先让幼儿自己发现问题？；在安全风险和幼儿自主制定规则之间，你觉得教师应该怎样把握介入时机？。然后可围绕其作答过程中的重点比较追问：你当时是怎样比较以下两种做法的：教师A：请幼儿暂停游戏，将幼儿分成多个小组并引导他们以小组为单位分区域开展游戏；教师C：提供更多数量和不同种类的跳绳，并言语引导幼儿分组分区同时进行跳绳游戏？如果教师提到调整过顺序，再追问：是什么信息或想法让你改变了当时的排序？请只围绕情境理解、判断依据和选项比较提问，不要提及任何内部计算指标、得分、排名、入选原因或评价性判断。,访谈提醒：本表仅供生成中性访谈提问。访谈时不得向教师透露任何内部计算指标、得分、排名、题目入选原因或评价性判断。
教师33,sim_openid_033_569567,1,Q8,8,引水难题未解,中班上学期，幼儿在“引水游戏”中遇到了难题——水无法被引到竹片管道上。他们不断调整竹片拼接的方式，却始终没能成功，即竹片一头高于出水管道，阻碍了引流。渐渐地幼儿的探索兴趣也减弱了，有的开始玩水，有的甚至离开了水池。,示范正确的引水方法，请幼儿注意观察并说说引水的要领，再自己试一试。,加入幼儿的探索，引导他们观察水流受阻的位置，一起尝试调整竹片的摆放方式。,组织幼儿就游戏困难进行讨论，寻找解决问题的方案，引导幼儿再次尝试。,投放更多辅助引水的材料，重新激起幼儿的探索兴趣，继续观察游戏进展。,D,A/B,教师D：投放更多辅助引水的材料，重新激起幼儿的探索兴趣，继续观察游戏进展。,教师A：示范正确的引水方法，请幼儿注意观察并说说引水的要领，再自己试一试。；教师B：加入幼儿的探索，引导他们观察水流受阻的位置，一起尝试调整竹片的摆放方式。,请回忆第8题这个情境。当时的情境是：中班上学期，幼儿在“引水游戏”中遇到了难题——水无法被引到竹片管道上。他们不断调整竹片拼接的方式，却始终没能成功，即竹片一头高于出水管道，阻碍了引流。渐渐地幼儿的探索兴趣也减弱了，有的开始玩水，有的甚至离开了水池。当时提供的做法包括：教师A：示范正确的引水方法，请幼儿注意观察并说说引水的要领，再自己试一试；教师B：加入幼儿的探索，引导他们观察水流受阻的位置，一起尝试调整竹片的摆放方式；教师C：组织幼儿就游戏困难进行讨论，寻找解决问题的方案，引导幼儿再次尝试；教师D：投放更多辅助引水的材料，重新激起幼儿的探索兴趣，继续观察游戏进展。可以先从这个情境本身追问：孩子们引水失败、兴趣减弱时，你当时更倾向于直接示范方法，还是继续支持他们自己发现水流受阻的原因？；你觉得教师怎样提供支架，既能帮助问题解决，又保留幼儿继续探究的空间？。然后可围绕其作答过程中的重点比较追问：你当时是怎样比较以下两种做法的：教师A：示范正确的引水方法，请幼儿注意观察并说说引水的要领，再自己试一试；教师B：加入幼儿的探索，引导他们观察水流受阻的位置，一起尝试调整竹片的摆放方式？如果教师提到调整过顺序，再追问：是什么信息或想法让你改变了当时的排序？请只围绕情境理解、判断依据和选项比较提问，不要提及任何内部计算指标、得分、排名、入选原因或评价性判断。,访谈提醒：本表仅供生成中性访谈提问。访谈时不得向教师透露任何内部计算指标、得分、排名、题目入选原因或评价性判断。
教师33,sim_openid_033_569567,2,Q5,5,消防员救火开心,近几天，中班的幼儿十分热衷于在区域游戏时间玩“消防员救火”的游戏。游戏结束后的交流活动中，老师问幼儿最想分享什么时，阳阳说“娃娃家着火了，好开心啊！”。,抓住教育契机，向幼儿耐心解释真实的火灾会造成物品损失和人员伤亡。,询问幼儿开心的是“着火”本身，还是消防员成功救火、娃娃家的人得救？,引导幼儿思考“娃娃家着火”值不值得开心，帮助他们认识真实火灾是危险的。,请阳阳讲讲娃娃家着火后发生了什么、为什么开心，借此理解幼儿的游戏体验。,A,A/B,教师A：抓住教育契机，向幼儿耐心解释真实的火灾会造成物品损失和人员伤亡。,教师A：抓住教育契机，向幼儿耐心解释真实的火灾会造成物品损失和人员伤亡。；教师B：询问幼儿开心的是“着火”本身，还是消防员成功救火、娃娃家的人得救？,请回忆第5题这个情境。当时的情境是：近几天，中班的幼儿十分热衷于在区域游戏时间玩“消防员救火”的游戏。游戏结束后的交流活动中，老师问幼儿最想分享什么时，阳阳说“娃娃家着火了，好开心啊！”。当时提供的做法包括：教师A：抓住教育契机，向幼儿耐心解释真实的火灾会造成物品损失和人员伤亡；教师B：询问幼儿开心的是“着火”本身，还是消防员成功救火、娃娃家的人得救；教师C：引导幼儿思考“娃娃家着火”值不值得开心，帮助他们认识真实火灾是危险的；教师D：请阳阳讲讲娃娃家着火后发生了什么、为什么开心，借此理解幼儿的游戏体验。可以先从这个情境本身追问：阳阳说娃娃家着火了很开心时，你当时更关注真实火灾的危险教育，还是先理解他在游戏里的开心来自哪里？；你觉得教师怎样回应，既不否定幼儿的游戏体验，又能引导他们理解真实火灾的意义？。然后可围绕其作答过程中的重点比较追问：你当时是怎样比较以下两种做法的：教师A：抓住教育契机，向幼儿耐心解释真实的火灾会造成物品损失和人员伤亡；教师B：询问幼儿开心的是“着火”本身，还是消防员成功救火、娃娃家的人得救？如果教师提到调整过顺序，再追问：是什么信息或想法让你改变了当时的排序？请只围绕情境理解、判断依据和选项比较提问，不要提及任何内部计算指标、得分、排名、入选原因或评价性判断。,访谈提醒：本表仅供生成中性访谈提问。访谈时不得向教师透露任何内部计算指标、得分、排名、题目入选原因或评价性判断。
教师33,sim_openid_033_569567,3,Q9,9,飞行棋各走各的,大班区域游戏中，轩轩和小宇一起玩飞行棋，他们将棋子摆好后，各自拿了一个骰子开始投，小宇说：“该我走。”轩轩说：“明明该我走！”相持不下，于是两人各拿一个骰子，自顾自地走自己的棋。,耐心讲解共同游戏的规则，再以“棋手”身份加入游戏进行示范引导。,暂不介入，继续观察游戏进展，待区域小结时请幼儿分享游戏中的体验和问题。,拿走一个骰子，请幼儿商量只有一个骰子的共同游戏规则，达成一致后再开始游戏。,待幼儿体验一轮各走各的游戏后，询问幼儿的游戏体验，提示共同游戏规则的作用。,C,A/B,教师C：拿走一个骰子，请幼儿商量只有一个骰子的共同游戏规则，达成一致后再开始游戏。,教师A：耐心讲解共同游戏的规则，再以“棋手”身份加入游戏进行示范引导。；教师B：暂不介入，继续观察游戏进展，待区域小结时请幼儿分享游戏中的体验和问题。,请回忆第9题这个情境。当时的情境是：大班区域游戏中，轩轩和小宇一起玩飞行棋，他们将棋子摆好后，各自拿了一个骰子开始投，小宇说：“该我走。”轩轩说：“明明该我走！”相持不下，于是两人各拿一个骰子，自顾自地走自己的棋。当时提供的做法包括：教师A：耐心讲解共同游戏的规则，再以“棋手”身份加入游戏进行示范引导；教师B：暂不介入，继续观察游戏进展，待区域小结时请幼儿分享游戏中的体验和问题；教师C：拿走一个骰子，请幼儿商量只有一个骰子的共同游戏规则，达成一致后再开始游戏；教师D：待幼儿体验一轮各走各的游戏后，询问幼儿的游戏体验，提示共同游戏规则的作用。可以先从这个情境本身追问：两个孩子各走各的棋时，你当时更关注共同游戏规则的建立，还是先让他们体验这种玩法会带来什么问题？；你觉得教师怎样帮助幼儿从各玩各的，过渡到真正的共同游戏？。然后可围绕其作答过程中的重点比较追问：你当时是怎样比较以下两种做法的：教师A：耐心讲解共同游戏的规则，再以“棋手”身份加入游戏进行示范引导；教师B：暂不介入，继续观察游戏进展，待区域小结时请幼儿分享游戏中的体验和问题？如果教师提到调整过顺序，再追问：是什么信息或想法让你改变了当时的排序？请只围绕情境理解、判断依据和选项比较提问，不要提及任何内部计算指标、得分、排名、入选原因或评价性判断。,访谈提醒：本表仅供生成中性访谈提问。访谈时不得向教师透露任何内部计算指标、得分、排名、题目入选原因或评价性判断。
教师34,sim_openid_034_769373,1,Q7,7,艾莎公主不运动,小班的一次户外运动，有几个女孩子从一开始就没有选择任何体育活动项目，而是聚在一起坐在地上玩“艾莎公主”的游戏，比一比谁的鞋子最漂亮，谁的魔法最厉害。,询问幼儿没有参与运动的原因，提供丰富的活动材料吸引幼儿参与运动活动。,提醒幼儿现在是运动时间，请他们等自由游戏时间再一起玩“艾莎公主”的游戏。,利用艾莎公主的鞋子设计走、跑、跳等活动，并以参与者的身份邀请幼儿一起参与运动。,肯定幼儿自主游戏的行为，言语引导幼儿穿着“漂亮的鞋子”参与运动。,B,B/D,教师B：提醒幼儿现在是运动时间，请他们等自由游戏时间再一起玩“艾莎公主”的游戏。,教师B：提醒幼儿现在是运动时间，请他们等自由游戏时间再一起玩“艾莎公主”的游戏。；教师D：肯定幼儿自主游戏的行为，言语引导幼儿穿着“漂亮的鞋子”参与运动。,请回忆第7题这个情境。当时的情境是：小班的一次户外运动，有几个女孩子从一开始就没有选择任何体育活动项目，而是聚在一起坐在地上玩“艾莎公主”的游戏，比一比谁的鞋子最漂亮，谁的魔法最厉害。当时提供的做法包括：教师A：询问幼儿没有参与运动的原因，提供丰富的活动材料吸引幼儿参与运动活动；教师B：提醒幼儿现在是运动时间，请他们等自由游戏时间再一起玩“艾莎公主”的游戏；教师C：利用艾莎公主的鞋子设计走、跑、跳等活动，并以参与者的身份邀请幼儿一起参与运动；教师D：肯定幼儿自主游戏的行为，言语引导幼儿穿着“漂亮的鞋子”参与运动。可以先从这个情境本身追问：几个女孩在户外运动时间玩艾莎公主时，你当时更关注运动目标，还是关注她们正在生成的角色游戏兴趣？；如果要把艾莎公主游戏和运动活动连接起来，你觉得教师可以怎样做才不显得生硬？。然后可围绕其作答过程中的重点比较追问：你当时是怎样比较以下两种做法的：教师B：提醒幼儿现在是运动时间，请他们等自由游戏时间再一起玩“艾莎公主”的游戏；教师D：肯定幼儿自主游戏的行为，言语引导幼儿穿着“漂亮的鞋子”参与运动？如果教师提到调整过顺序，再追问：是什么信息或想法让你改变了当时的排序？请只围绕情境理解、判断依据和选项比较提问，不要提及任何内部计算指标、得分、排名、入选原因或评价性判断。,访谈提醒：本表仅供生成中性访谈提问。访谈时不得向教师透露任何内部计算指标、得分、排名、题目入选原因或评价性判断。
教师34,sim_openid_034_769373,2,Q3,3,区域停留短,小班幼儿瑶瑶在区域活动时，一会儿在娃娃家切切菜，一会儿到美工区搓搓橡皮泥，一会儿又开心地跑到其它区域游戏，在任何一个区域停留时间都不超过三分钟。,提议瑶瑶完成某项游戏任务，如在娃娃家做菜，请他活动小结时分享。,游戏前提醒区域活动规则，活动结束后表扬区域游戏规则遵守得好的小朋友。,仔细观察瑶瑶在不同区域的游戏情况，分析他发生迅速转移的原因。,以同伴的身份陪伴瑶瑶在某一区域游戏，待他专注游戏后再离开。,A,A/B,教师A：提议瑶瑶完成某项游戏任务，如在娃娃家做菜，请他活动小结时分享。,教师A：提议瑶瑶完成某项游戏任务，如在娃娃家做菜，请他活动小结时分享。；教师B：游戏前提醒区域活动规则，活动结束后表扬区域游戏规则遵守得好的小朋友。,请回忆第3题这个情境。当时的情境是：小班幼儿瑶瑶在区域活动时，一会儿在娃娃家切切菜，一会儿到美工区搓搓橡皮泥，一会儿又开心地跑到其它区域游戏，在任何一个区域停留时间都不超过三分钟。当时提供的做法包括：教师A：提议瑶瑶完成某项游戏任务，如在娃娃家做菜，请他活动小结时分享；教师B：游戏前提醒区域活动规则，活动结束后表扬区域游戏规则遵守得好的小朋友；教师C：仔细观察瑶瑶在不同区域的游戏情况，分析他发生迅速转移的原因；教师D：以同伴的身份陪伴瑶瑶在某一区域游戏，待他专注游戏后再离开。可以先从这个情境本身追问：瑶瑶在多个区域快速转换时，你当时会先把它看作注意力不集中、规则问题，还是一种探索不同材料的方式？；如果你在现场，你会先观察哪些信息来判断是否需要介入？。然后可围绕其作答过程中的重点比较追问：你当时是怎样比较以下两种做法的：教师A：提议瑶瑶完成某项游戏任务，如在娃娃家做菜，请他活动小结时分享；教师B：游戏前提醒区域活动规则，活动结束后表扬区域游戏规则遵守得好的小朋友？如果教师提到调整过顺序，再追问：是什么信息或想法让你改变了当时的排序？请只围绕情境理解、判断依据和选项比较提问，不要提及任何内部计算指标、得分、排名、入选原因或评价性判断。,访谈提醒：本表仅供生成中性访谈提问。访谈时不得向教师透露任何内部计算指标、得分、排名、题目入选原因或评价性判断。
教师34,sim_openid_034_769373,3,Q1,1,篮球架玩水,操场上新安装了一些篮球架，幼儿经常在这里投篮。某天户外活动时，几名幼儿带着画笔和水桶来到这里，他们先是快乐地粉刷篮球架，之后开始往篮框里灌水，有的从上面灌，有的在下面接，忙的不亦乐乎，俨然这里成为了玩水的场地。,看到幼儿玩得很开心，不干预他们的玩水行为，待兴趣减弱后再讨论玩水的适宜性。,表扬幼儿的新发现，并询问在篮球架旁玩水是否合适，提议幼儿可以换个地方玩水。,参与到幼儿的“粉刷”游戏中，逐步引导幼儿到适宜玩水的地方继续开展游戏。,提醒幼儿篮球架是用于开展运动的，与其他幼儿一起召唤他们打篮球，转移他们的关注点。,A,B/D,教师A：看到幼儿玩得很开心，不干预他们的玩水行为，待兴趣减弱后再讨论玩水的适宜性。,教师B：表扬幼儿的新发现，并询问在篮球架旁玩水是否合适，提议幼儿可以换个地方玩水。；教师D：提醒幼儿篮球架是用于开展运动的，与其他幼儿一起召唤他们打篮球，转移他们的关注点。,请回忆第1题这个情境。当时的情境是：操场上新安装了一些篮球架，幼儿经常在这里投篮。某天户外活动时，几名幼儿带着画笔和水桶来到这里，他们先是快乐地粉刷篮球架，之后开始往篮框里灌水，有的从上面灌，有的在下面接，忙的不亦乐乎，俨然这里成为了玩水的场地。当时提供的做法包括：教师A：看到幼儿玩得很开心，不干预他们的玩水行为，待兴趣减弱后再讨论玩水的适宜性；教师B：表扬幼儿的新发现，并询问在篮球架旁玩水是否合适，提议幼儿可以换个地方玩水；教师C：参与到幼儿的“粉刷”游戏中，逐步引导幼儿到适宜玩水的地方继续开展游戏；教师D：提醒幼儿篮球架是用于开展运动的，与其他幼儿一起召唤他们打篮球，转移他们的关注点。可以先从这个情境本身追问：这个情境里，孩子把篮球架变成玩水场地，你当时更关注他们的游戏兴趣、器械用途，还是安全与场地适宜性？；如果既想保护孩子的探索兴趣，又要回应篮球架原本的运动功能，你觉得教师可以怎样衔接？。然后可围绕其作答过程中的重点比较追问：你当时是怎样比较以下两种做法的：教师B：表扬幼儿的新发现，并询问在篮球架旁玩水是否合适，提议幼儿可以换个地方玩水；教师D：提醒幼儿篮球架是用于开展运动的，与其他幼儿一起召唤他们打篮球，转移他们的关注点？如果教师提到调整过顺序，再追问：是什么信息或想法让你改变了当时的排序？请只围绕情境理解、判断依据和选项比较提问，不要提及任何内部计算指标、得分、排名、入选原因或评价性判断。,访谈提醒：本表仅供生成中性访谈提问。访谈时不得向教师透露任何内部计算指标、得分、排名、题目入选原因或评价性判断。
教师35,sim_openid_035_385846,1,Q5,5,消防员救火开心,近几天，中班的幼儿十分热衷于在区域游戏时间玩“消防员救火”的游戏。游戏结束后的交流活动中，老师问幼儿最想分享什么时，阳阳说“娃娃家着火了，好开心啊！”。,抓住教育契机，向幼儿耐心解释真实的火灾会造成物品损失和人员伤亡。,询问幼儿开心的是“着火”本身，还是消防员成功救火、娃娃家的人得救？,引导幼儿思考“娃娃家着火”值不值得开心，帮助他们认识真实火灾是危险的。,请阳阳讲讲娃娃家着火后发生了什么、为什么开心，借此理解幼儿的游戏体验。,D,C/D,教师D：请阳阳讲讲娃娃家着火后发生了什么、为什么开心，借此理解幼儿的游戏体验。,教师C：引导幼儿思考“娃娃家着火”值不值得开心，帮助他们认识真实火灾是危险的。；教师D：请阳阳讲讲娃娃家着火后发生了什么、为什么开心，借此理解幼儿的游戏体验。,请回忆第5题这个情境。当时的情境是：近几天，中班的幼儿十分热衷于在区域游戏时间玩“消防员救火”的游戏。游戏结束后的交流活动中，老师问幼儿最想分享什么时，阳阳说“娃娃家着火了，好开心啊！”。当时提供的做法包括：教师A：抓住教育契机，向幼儿耐心解释真实的火灾会造成物品损失和人员伤亡；教师B：询问幼儿开心的是“着火”本身，还是消防员成功救火、娃娃家的人得救；教师C：引导幼儿思考“娃娃家着火”值不值得开心，帮助他们认识真实火灾是危险的；教师D：请阳阳讲讲娃娃家着火后发生了什么、为什么开心，借此理解幼儿的游戏体验。可以先从这个情境本身追问：阳阳说娃娃家着火了很开心时，你当时更关注真实火灾的危险教育，还是先理解他在游戏里的开心来自哪里？；你觉得教师怎样回应，既不否定幼儿的游戏体验，又能引导他们理解真实火灾的意义？。然后可围绕其作答过程中的重点比较追问：你当时是怎样比较以下两种做法的：教师C：引导幼儿思考“娃娃家着火”值不值得开心，帮助他们认识真实火灾是危险的；教师D：请阳阳讲讲娃娃家着火后发生了什么、为什么开心，借此理解幼儿的游戏体验？如果教师提到调整过顺序，再追问：是什么信息或想法让你改变了当时的排序？请只围绕情境理解、判断依据和选项比较提问，不要提及任何内部计算指标、得分、排名、入选原因或评价性判断。,访谈提醒：本表仅供生成中性访谈提问。访谈时不得向教师透露任何内部计算指标、得分、排名、题目入选原因或评价性判断。
教师35,sim_openid_035_385846,2,Q3,3,区域停留短,小班幼儿瑶瑶在区域活动时，一会儿在娃娃家切切菜，一会儿到美工区搓搓橡皮泥，一会儿又开心地跑到其它区域游戏，在任何一个区域停留时间都不超过三分钟。,提议瑶瑶完成某项游戏任务，如在娃娃家做菜，请他活动小结时分享。,游戏前提醒区域活动规则，活动结束后表扬区域游戏规则遵守得好的小朋友。,仔细观察瑶瑶在不同区域的游戏情况，分析他发生迅速转移的原因。,以同伴的身份陪伴瑶瑶在某一区域游戏，待他专注游戏后再离开。,A,B/C,教师A：提议瑶瑶完成某项游戏任务，如在娃娃家做菜，请他活动小结时分享。,教师B：游戏前提醒区域活动规则，活动结束后表扬区域游戏规则遵守得好的小朋友。；教师C：仔细观察瑶瑶在不同区域的游戏情况，分析他发生迅速转移的原因。,请回忆第3题这个情境。当时的情境是：小班幼儿瑶瑶在区域活动时，一会儿在娃娃家切切菜，一会儿到美工区搓搓橡皮泥，一会儿又开心地跑到其它区域游戏，在任何一个区域停留时间都不超过三分钟。当时提供的做法包括：教师A：提议瑶瑶完成某项游戏任务，如在娃娃家做菜，请他活动小结时分享；教师B：游戏前提醒区域活动规则，活动结束后表扬区域游戏规则遵守得好的小朋友；教师C：仔细观察瑶瑶在不同区域的游戏情况，分析他发生迅速转移的原因；教师D：以同伴的身份陪伴瑶瑶在某一区域游戏，待他专注游戏后再离开。可以先从这个情境本身追问：瑶瑶在多个区域快速转换时，你当时会先把它看作注意力不集中、规则问题，还是一种探索不同材料的方式？；如果你在现场，你会先观察哪些信息来判断是否需要介入？。然后可围绕其作答过程中的重点比较追问：你当时是怎样比较以下两种做法的：教师B：游戏前提醒区域活动规则，活动结束后表扬区域游戏规则遵守得好的小朋友；教师C：仔细观察瑶瑶在不同区域的游戏情况，分析他发生迅速转移的原因？如果教师提到调整过顺序，再追问：是什么信息或想法让你改变了当时的排序？请只围绕情境理解、判断依据和选项比较提问，不要提及任何内部计算指标、得分、排名、入选原因或评价性判断。,访谈提醒：本表仅供生成中性访谈提问。访谈时不得向教师透露任何内部计算指标、得分、排名、题目入选原因或评价性判断。
教师35,sim_openid_035_385846,3,Q7,7,艾莎公主不运动,小班的一次户外运动，有几个女孩子从一开始就没有选择任何体育活动项目，而是聚在一起坐在地上玩“艾莎公主”的游戏，比一比谁的鞋子最漂亮，谁的魔法最厉害。,询问幼儿没有参与运动的原因，提供丰富的活动材料吸引幼儿参与运动活动。,提醒幼儿现在是运动时间，请他们等自由游戏时间再一起玩“艾莎公主”的游戏。,利用艾莎公主的鞋子设计走、跑、跳等活动，并以参与者的身份邀请幼儿一起参与运动。,肯定幼儿自主游戏的行为，言语引导幼儿穿着“漂亮的鞋子”参与运动。,B,C/D,教师B：提醒幼儿现在是运动时间，请他们等自由游戏时间再一起玩“艾莎公主”的游戏。,教师C：利用艾莎公主的鞋子设计走、跑、跳等活动，并以参与者的身份邀请幼儿一起参与运动。；教师D：肯定幼儿自主游戏的行为，言语引导幼儿穿着“漂亮的鞋子”参与运动。,请回忆第7题这个情境。当时的情境是：小班的一次户外运动，有几个女孩子从一开始就没有选择任何体育活动项目，而是聚在一起坐在地上玩“艾莎公主”的游戏，比一比谁的鞋子最漂亮，谁的魔法最厉害。当时提供的做法包括：教师A：询问幼儿没有参与运动的原因，提供丰富的活动材料吸引幼儿参与运动活动；教师B：提醒幼儿现在是运动时间，请他们等自由游戏时间再一起玩“艾莎公主”的游戏；教师C：利用艾莎公主的鞋子设计走、跑、跳等活动，并以参与者的身份邀请幼儿一起参与运动；教师D：肯定幼儿自主游戏的行为，言语引导幼儿穿着“漂亮的鞋子”参与运动。可以先从这个情境本身追问：几个女孩在户外运动时间玩艾莎公主时，你当时更关注运动目标，还是关注她们正在生成的角色游戏兴趣？；如果要把艾莎公主游戏和运动活动连接起来，你觉得教师可以怎样做才不显得生硬？。然后可围绕其作答过程中的重点比较追问：你当时是怎样比较以下两种做法的：教师C：利用艾莎公主的鞋子设计走、跑、跳等活动，并以参与者的身份邀请幼儿一起参与运动；教师D：肯定幼儿自主游戏的行为，言语引导幼儿穿着“漂亮的鞋子”参与运动？如果教师提到调整过顺序，再追问：是什么信息或想法让你改变了当时的排序？请只围绕情境理解、判断依据和选项比较提问，不要提及任何内部计算指标、得分、排名、入选原因或评价性判断。,访谈提醒：本表仅供生成中性访谈提问。访谈时不得向教师透露任何内部计算指标、得分、排名、题目入选原因或评价性判断。
教师36,sim_openid_036_874418,1,Q1,1,篮球架玩水,操场上新安装了一些篮球架，幼儿经常在这里投篮。某天户外活动时，几名幼儿带着画笔和水桶来到这里，他们先是快乐地粉刷篮球架，之后开始往篮框里灌水，有的从上面灌，有的在下面接，忙的不亦乐乎，俨然这里成为了玩水的场地。,看到幼儿玩得很开心，不干预他们的玩水行为，待兴趣减弱后再讨论玩水的适宜性。,表扬幼儿的新发现，并询问在篮球架旁玩水是否合适，提议幼儿可以换个地方玩水。,参与到幼儿的“粉刷”游戏中，逐步引导幼儿到适宜玩水的地方继续开展游戏。,提醒幼儿篮球架是用于开展运动的，与其他幼儿一起召唤他们打篮球，转移他们的关注点。,A,A/B,教师A：看到幼儿玩得很开心，不干预他们的玩水行为，待兴趣减弱后再讨论玩水的适宜性。,教师A：看到幼儿玩得很开心，不干预他们的玩水行为，待兴趣减弱后再讨论玩水的适宜性。；教师B：表扬幼儿的新发现，并询问在篮球架旁玩水是否合适，提议幼儿可以换个地方玩水。,请回忆第1题这个情境。当时的情境是：操场上新安装了一些篮球架，幼儿经常在这里投篮。某天户外活动时，几名幼儿带着画笔和水桶来到这里，他们先是快乐地粉刷篮球架，之后开始往篮框里灌水，有的从上面灌，有的在下面接，忙的不亦乐乎，俨然这里成为了玩水的场地。当时提供的做法包括：教师A：看到幼儿玩得很开心，不干预他们的玩水行为，待兴趣减弱后再讨论玩水的适宜性；教师B：表扬幼儿的新发现，并询问在篮球架旁玩水是否合适，提议幼儿可以换个地方玩水；教师C：参与到幼儿的“粉刷”游戏中，逐步引导幼儿到适宜玩水的地方继续开展游戏；教师D：提醒幼儿篮球架是用于开展运动的，与其他幼儿一起召唤他们打篮球，转移他们的关注点。可以先从这个情境本身追问：这个情境里，孩子把篮球架变成玩水场地，你当时更关注他们的游戏兴趣、器械用途，还是安全与场地适宜性？；如果既想保护孩子的探索兴趣，又要回应篮球架原本的运动功能，你觉得教师可以怎样衔接？。然后可围绕其作答过程中的重点比较追问：你当时是怎样比较以下两种做法的：教师A：看到幼儿玩得很开心，不干预他们的玩水行为，待兴趣减弱后再讨论玩水的适宜性；教师B：表扬幼儿的新发现，并询问在篮球架旁玩水是否合适，提议幼儿可以换个地方玩水？如果教师提到调整过顺序，再追问：是什么信息或想法让你改变了当时的排序？请只围绕情境理解、判断依据和选项比较提问，不要提及任何内部计算指标、得分、排名、入选原因或评价性判断。,访谈提醒：本表仅供生成中性访谈提问。访谈时不得向教师透露任何内部计算指标、得分、排名、题目入选原因或评价性判断。
教师36,sim_openid_036_874418,2,Q5,5,消防员救火开心,近几天，中班的幼儿十分热衷于在区域游戏时间玩“消防员救火”的游戏。游戏结束后的交流活动中，老师问幼儿最想分享什么时，阳阳说“娃娃家着火了，好开心啊！”。,抓住教育契机，向幼儿耐心解释真实的火灾会造成物品损失和人员伤亡。,询问幼儿开心的是“着火”本身，还是消防员成功救火、娃娃家的人得救？,引导幼儿思考“娃娃家着火”值不值得开心，帮助他们认识真实火灾是危险的。,请阳阳讲讲娃娃家着火后发生了什么、为什么开心，借此理解幼儿的游戏体验。,A,B/D,教师A：抓住教育契机，向幼儿耐心解释真实的火灾会造成物品损失和人员伤亡。,教师B：询问幼儿开心的是“着火”本身，还是消防员成功救火、娃娃家的人得救？；教师D：请阳阳讲讲娃娃家着火后发生了什么、为什么开心，借此理解幼儿的游戏体验。,请回忆第5题这个情境。当时的情境是：近几天，中班的幼儿十分热衷于在区域游戏时间玩“消防员救火”的游戏。游戏结束后的交流活动中，老师问幼儿最想分享什么时，阳阳说“娃娃家着火了，好开心啊！”。当时提供的做法包括：教师A：抓住教育契机，向幼儿耐心解释真实的火灾会造成物品损失和人员伤亡；教师B：询问幼儿开心的是“着火”本身，还是消防员成功救火、娃娃家的人得救；教师C：引导幼儿思考“娃娃家着火”值不值得开心，帮助他们认识真实火灾是危险的；教师D：请阳阳讲讲娃娃家着火后发生了什么、为什么开心，借此理解幼儿的游戏体验。可以先从这个情境本身追问：阳阳说娃娃家着火了很开心时，你当时更关注真实火灾的危险教育，还是先理解他在游戏里的开心来自哪里？；你觉得教师怎样回应，既不否定幼儿的游戏体验，又能引导他们理解真实火灾的意义？。然后可围绕其作答过程中的重点比较追问：你当时是怎样比较以下两种做法的：教师B：询问幼儿开心的是“着火”本身，还是消防员成功救火、娃娃家的人得救；教师D：请阳阳讲讲娃娃家着火后发生了什么、为什么开心，借此理解幼儿的游戏体验？如果教师提到调整过顺序，再追问：是什么信息或想法让你改变了当时的排序？请只围绕情境理解、判断依据和选项比较提问，不要提及任何内部计算指标、得分、排名、入选原因或评价性判断。,访谈提醒：本表仅供生成中性访谈提问。访谈时不得向教师透露任何内部计算指标、得分、排名、题目入选原因或评价性判断。
教师36,sim_openid_036_874418,3,Q7,7,艾莎公主不运动,小班的一次户外运动，有几个女孩子从一开始就没有选择任何体育活动项目，而是聚在一起坐在地上玩“艾莎公主”的游戏，比一比谁的鞋子最漂亮，谁的魔法最厉害。,询问幼儿没有参与运动的原因，提供丰富的活动材料吸引幼儿参与运动活动。,提醒幼儿现在是运动时间，请他们等自由游戏时间再一起玩“艾莎公主”的游戏。,利用艾莎公主的鞋子设计走、跑、跳等活动，并以参与者的身份邀请幼儿一起参与运动。,肯定幼儿自主游戏的行为，言语引导幼儿穿着“漂亮的鞋子”参与运动。,A,A/C,教师A：询问幼儿没有参与运动的原因，提供丰富的活动材料吸引幼儿参与运动活动。,教师A：询问幼儿没有参与运动的原因，提供丰富的活动材料吸引幼儿参与运动活动。；教师C：利用艾莎公主的鞋子设计走、跑、跳等活动，并以参与者的身份邀请幼儿一起参与运动。,请回忆第7题这个情境。当时的情境是：小班的一次户外运动，有几个女孩子从一开始就没有选择任何体育活动项目，而是聚在一起坐在地上玩“艾莎公主”的游戏，比一比谁的鞋子最漂亮，谁的魔法最厉害。当时提供的做法包括：教师A：询问幼儿没有参与运动的原因，提供丰富的活动材料吸引幼儿参与运动活动；教师B：提醒幼儿现在是运动时间，请他们等自由游戏时间再一起玩“艾莎公主”的游戏；教师C：利用艾莎公主的鞋子设计走、跑、跳等活动，并以参与者的身份邀请幼儿一起参与运动；教师D：肯定幼儿自主游戏的行为，言语引导幼儿穿着“漂亮的鞋子”参与运动。可以先从这个情境本身追问：几个女孩在户外运动时间玩艾莎公主时，你当时更关注运动目标，还是关注她们正在生成的角色游戏兴趣？；如果要把艾莎公主游戏和运动活动连接起来，你觉得教师可以怎样做才不显得生硬？。然后可围绕其作答过程中的重点比较追问：你当时是怎样比较以下两种做法的：教师A：询问幼儿没有参与运动的原因，提供丰富的活动材料吸引幼儿参与运动活动；教师C：利用艾莎公主的鞋子设计走、跑、跳等活动，并以参与者的身份邀请幼儿一起参与运动？如果教师提到调整过顺序，再追问：是什么信息或想法让你改变了当时的排序？请只围绕情境理解、判断依据和选项比较提问，不要提及任何内部计算指标、得分、排名、入选原因或评价性判断。,访谈提醒：本表仅供生成中性访谈提问。访谈时不得向教师透露任何内部计算指标、得分、排名、题目入选原因或评价性判断。
教师37,sim_openid_037_400000,1,Q3,3,区域停留短,小班幼儿瑶瑶在区域活动时，一会儿在娃娃家切切菜，一会儿到美工区搓搓橡皮泥，一会儿又开心地跑到其它区域游戏，在任何一个区域停留时间都不超过三分钟。,提议瑶瑶完成某项游戏任务，如在娃娃家做菜，请他活动小结时分享。,游戏前提醒区域活动规则，活动结束后表扬区域游戏规则遵守得好的小朋友。,仔细观察瑶瑶在不同区域的游戏情况，分析他发生迅速转移的原因。,以同伴的身份陪伴瑶瑶在某一区域游戏，待他专注游戏后再离开。,,A/D,,教师A：提议瑶瑶完成某项游戏任务，如在娃娃家做菜，请他活动小结时分享。；教师D：以同伴的身份陪伴瑶瑶在某一区域游戏，待他专注游戏后再离开。,请回忆第3题这个情境。当时的情境是：小班幼儿瑶瑶在区域活动时，一会儿在娃娃家切切菜，一会儿到美工区搓搓橡皮泥，一会儿又开心地跑到其它区域游戏，在任何一个区域停留时间都不超过三分钟。当时提供的做法包括：教师A：提议瑶瑶完成某项游戏任务，如在娃娃家做菜，请他活动小结时分享；教师B：游戏前提醒区域活动规则，活动结束后表扬区域游戏规则遵守得好的小朋友；教师C：仔细观察瑶瑶在不同区域的游戏情况，分析他发生迅速转移的原因；教师D：以同伴的身份陪伴瑶瑶在某一区域游戏，待他专注游戏后再离开。可以先从这个情境本身追问：瑶瑶在多个区域快速转换时，你当时会先把它看作注意力不集中、规则问题，还是一种探索不同材料的方式？；如果你在现场，你会先观察哪些信息来判断是否需要介入？。然后可围绕其作答过程中的重点比较追问：你当时是怎样比较以下两种做法的：教师A：提议瑶瑶完成某项游戏任务，如在娃娃家做菜，请他活动小结时分享；教师D：以同伴的身份陪伴瑶瑶在某一区域游戏，待他专注游戏后再离开？如果教师提到调整过顺序，再追问：是什么信息或想法让你改变了当时的排序？请只围绕情境理解、判断依据和选项比较提问，不要提及任何内部计算指标、得分、排名、入选原因或评价性判断。,访谈提醒：本表仅供生成中性访谈提问。访谈时不得向教师透露任何内部计算指标、得分、排名、题目入选原因或评价性判断。
教师37,sim_openid_037_400000,2,Q10,10,跳绳秩序混乱,周三下午，大五班的幼儿正自发进行跳绳游戏。李老师观察后发现，挤在一起跳绳的幼儿人数较多，整个场面十分混乱，幼儿很容易出现碰撞现象。此外，由于当“柱子”的幼儿很久才能轮上跳绳，因此也显得很不耐烦。,请幼儿暂停游戏，将幼儿分成多个小组并引导他们以小组为单位分区域开展游戏。,请幼儿说一说跳绳活动中存在的问题，并邀请幼儿一起设置跳绳的规则。,提供更多数量和不同种类的跳绳，并言语引导幼儿分组分区同时进行跳绳游戏。,暂不介入，活动分享时通过照片或视频回放引导幼儿发现问题并商议解决办法。,A,A/B,教师A：请幼儿暂停游戏，将幼儿分成多个小组并引导他们以小组为单位分区域开展游戏。,教师A：请幼儿暂停游戏，将幼儿分成多个小组并引导他们以小组为单位分区域开展游戏。；教师B：请幼儿说一说跳绳活动中存在的问题，并邀请幼儿一起设置跳绳的规则。,请回忆第10题这个情境。当时的情境是：周三下午，大五班的幼儿正自发进行跳绳游戏。李老师观察后发现，挤在一起跳绳的幼儿人数较多，整个场面十分混乱，幼儿很容易出现碰撞现象。此外，由于当“柱子”的幼儿很久才能轮上跳绳，因此也显得很不耐烦。当时提供的做法包括：教师A：请幼儿暂停游戏，将幼儿分成多个小组并引导他们以小组为单位分区域开展游戏；教师B：请幼儿说一说跳绳活动中存在的问题，并邀请幼儿一起设置跳绳的规则；教师C：提供更多数量和不同种类的跳绳，并言语引导幼儿分组分区同时进行跳绳游戏；教师D：暂不介入，活动分享时通过照片或视频回放引导幼儿发现问题并商议解决办法。可以先从这个情境本身追问：跳绳现场混乱且可能碰撞时，你当时更倾向于立即组织秩序，还是先让幼儿自己发现问题？；在安全风险和幼儿自主制定规则之间，你觉得教师应该怎样把握介入时机？。然后可围绕其作答过程中的重点比较追问：你当时是怎样比较以下两种做法的：教师A：请幼儿暂停游戏，将幼儿分成多个小组并引导他们以小组为单位分区域开展游戏；教师B：请幼儿说一说跳绳活动中存在的问题，并邀请幼儿一起设置跳绳的规则？如果教师提到调整过顺序，再追问：是什么信息或想法让你改变了当时的排序？请只围绕情境理解、判断依据和选项比较提问，不要提及任何内部计算指标、得分、排名、入选原因或评价性判断。,访谈提醒：本表仅供生成中性访谈提问。访谈时不得向教师透露任何内部计算指标、得分、排名、题目入选原因或评价性判断。
教师37,sim_openid_037_400000,3,Q8,8,引水难题未解,中班上学期，幼儿在“引水游戏”中遇到了难题——水无法被引到竹片管道上。他们不断调整竹片拼接的方式，却始终没能成功，即竹片一头高于出水管道，阻碍了引流。渐渐地幼儿的探索兴趣也减弱了，有的开始玩水，有的甚至离开了水池。,示范正确的引水方法，请幼儿注意观察并说说引水的要领，再自己试一试。,加入幼儿的探索，引导他们观察水流受阻的位置，一起尝试调整竹片的摆放方式。,组织幼儿就游戏困难进行讨论，寻找解决问题的方案，引导幼儿再次尝试。,投放更多辅助引水的材料，重新激起幼儿的探索兴趣，继续观察游戏进展。,D,C/D,教师D：投放更多辅助引水的材料，重新激起幼儿的探索兴趣，继续观察游戏进展。,教师C：组织幼儿就游戏困难进行讨论，寻找解决问题的方案，引导幼儿再次尝试。；教师D：投放更多辅助引水的材料，重新激起幼儿的探索兴趣，继续观察游戏进展。,请回忆第8题这个情境。当时的情境是：中班上学期，幼儿在“引水游戏”中遇到了难题——水无法被引到竹片管道上。他们不断调整竹片拼接的方式，却始终没能成功，即竹片一头高于出水管道，阻碍了引流。渐渐地幼儿的探索兴趣也减弱了，有的开始玩水，有的甚至离开了水池。当时提供的做法包括：教师A：示范正确的引水方法，请幼儿注意观察并说说引水的要领，再自己试一试；教师B：加入幼儿的探索，引导他们观察水流受阻的位置，一起尝试调整竹片的摆放方式；教师C：组织幼儿就游戏困难进行讨论，寻找解决问题的方案，引导幼儿再次尝试；教师D：投放更多辅助引水的材料，重新激起幼儿的探索兴趣，继续观察游戏进展。可以先从这个情境本身追问：孩子们引水失败、兴趣减弱时，你当时更倾向于直接示范方法，还是继续支持他们自己发现水流受阻的原因？；你觉得教师怎样提供支架，既能帮助问题解决，又保留幼儿继续探究的空间？。然后可围绕其作答过程中的重点比较追问：你当时是怎样比较以下两种做法的：教师C：组织幼儿就游戏困难进行讨论，寻找解决问题的方案，引导幼儿再次尝试；教师D：投放更多辅助引水的材料，重新激起幼儿的探索兴趣，继续观察游戏进展？如果教师提到调整过顺序，再追问：是什么信息或想法让你改变了当时的排序？请只围绕情境理解、判断依据和选项比较提问，不要提及任何内部计算指标、得分、排名、入选原因或评价性判断。,访谈提醒：本表仅供生成中性访谈提问。访谈时不得向教师透露任何内部计算指标、得分、排名、题目入选原因或评价性判断。
教师38,sim_openid_038_190162,1,Q9,9,飞行棋各走各的,大班区域游戏中，轩轩和小宇一起玩飞行棋，他们将棋子摆好后，各自拿了一个骰子开始投，小宇说：“该我走。”轩轩说：“明明该我走！”相持不下，于是两人各拿一个骰子，自顾自地走自己的棋。,耐心讲解共同游戏的规则，再以“棋手”身份加入游戏进行示范引导。,暂不介入，继续观察游戏进展，待区域小结时请幼儿分享游戏中的体验和问题。,拿走一个骰子，请幼儿商量只有一个骰子的共同游戏规则，达成一致后再开始游戏。,待幼儿体验一轮各走各的游戏后，询问幼儿的游戏体验，提示共同游戏规则的作用。,C,B/C,教师C：拿走一个骰子，请幼儿商量只有一个骰子的共同游戏规则，达成一致后再开始游戏。,教师B：暂不介入，继续观察游戏进展，待区域小结时请幼儿分享游戏中的体验和问题。；教师C：拿走一个骰子，请幼儿商量只有一个骰子的共同游戏规则，达成一致后再开始游戏。,请回忆第9题这个情境。当时的情境是：大班区域游戏中，轩轩和小宇一起玩飞行棋，他们将棋子摆好后，各自拿了一个骰子开始投，小宇说：“该我走。”轩轩说：“明明该我走！”相持不下，于是两人各拿一个骰子，自顾自地走自己的棋。当时提供的做法包括：教师A：耐心讲解共同游戏的规则，再以“棋手”身份加入游戏进行示范引导；教师B：暂不介入，继续观察游戏进展，待区域小结时请幼儿分享游戏中的体验和问题；教师C：拿走一个骰子，请幼儿商量只有一个骰子的共同游戏规则，达成一致后再开始游戏；教师D：待幼儿体验一轮各走各的游戏后，询问幼儿的游戏体验，提示共同游戏规则的作用。可以先从这个情境本身追问：两个孩子各走各的棋时，你当时更关注共同游戏规则的建立，还是先让他们体验这种玩法会带来什么问题？；你觉得教师怎样帮助幼儿从各玩各的，过渡到真正的共同游戏？。然后可围绕其作答过程中的重点比较追问：你当时是怎样比较以下两种做法的：教师B：暂不介入，继续观察游戏进展，待区域小结时请幼儿分享游戏中的体验和问题；教师C：拿走一个骰子，请幼儿商量只有一个骰子的共同游戏规则，达成一致后再开始游戏？如果教师提到调整过顺序，再追问：是什么信息或想法让你改变了当时的排序？请只围绕情境理解、判断依据和选项比较提问，不要提及任何内部计算指标、得分、排名、入选原因或评价性判断。,访谈提醒：本表仅供生成中性访谈提问。访谈时不得向教师透露任何内部计算指标、得分、排名、题目入选原因或评价性判断。
教师38,sim_openid_038_190162,2,Q2,2,频繁求助,中班区域活动时，小明选择了建构区。玩了一会儿，他跑到老师面前说“老师，我不会搭……帮帮我吧”，教师问他需要什么帮助时，他一边说我不会搭，一边却很快地将房子从一层积木加高到了两层。看小明专注搭建后，老师就离开建构区了。可是没一会，小明又找了老师好几次，说“老师，帮帮我吧，我不会搭”。,鼓励小明独立搭建，引导他思考接下来如何搭建，及时表扬他的努力。,先示范搭建关键部分，请小明观察方法，再鼓励他照着继续搭建。,在旁观察小明的搭建过程，并适时反馈，帮助他理清搭建步骤。,帮小明回顾已搭建完成的部分，指导他设定小目标，尝试自己实现。,D,A/B,教师D：帮小明回顾已搭建完成的部分，指导他设定小目标，尝试自己实现。,教师A：鼓励小明独立搭建，引导他思考接下来如何搭建，及时表扬他的努力。；教师B：先示范搭建关键部分，请小明观察方法，再鼓励他照着继续搭建。,请回忆第2题这个情境。当时的情境是：中班区域活动时，小明选择了建构区。玩了一会儿，他跑到老师面前说“老师，我不会搭……帮帮我吧”，教师问他需要什么帮助时，他一边说我不会搭，一边却很快地将房子从一层积木加高到了两层。看小明专注搭建后，老师就离开建构区了。可是没一会，小明又找了老师好几次，说“老师，帮帮我吧，我不会搭”。当时提供的做法包括：教师A：鼓励小明独立搭建，引导他思考接下来如何搭建，及时表扬他的努力；教师B：先示范搭建关键部分，请小明观察方法，再鼓励他照着继续搭建；教师C：在旁观察小明的搭建过程，并适时反馈，帮助他理清搭建步骤；教师D：帮小明回顾已搭建完成的部分，指导他设定小目标，尝试自己实现。可以先从这个情境本身追问：小明一边说不会搭，一边又能继续加高房子，你当时怎样判断他真正需要的帮助是什么？；面对幼儿反复求助，你觉得教师怎样支持，既不替代幼儿完成，又能帮助他继续推进游戏？。然后可围绕其作答过程中的重点比较追问：你当时是怎样比较以下两种做法的：教师A：鼓励小明独立搭建，引导他思考接下来如何搭建，及时表扬他的努力；教师B：先示范搭建关键部分，请小明观察方法，再鼓励他照着继续搭建？如果教师提到调整过顺序，再追问：是什么信息或想法让你改变了当时的排序？请只围绕情境理解、判断依据和选项比较提问，不要提及任何内部计算指标、得分、排名、入选原因或评价性判断。,访谈提醒：本表仅供生成中性访谈提问。访谈时不得向教师透露任何内部计算指标、得分、排名、题目入选原因或评价性判断。
教师38,sim_openid_038_190162,3,Q10,10,跳绳秩序混乱,周三下午，大五班的幼儿正自发进行跳绳游戏。李老师观察后发现，挤在一起跳绳的幼儿人数较多，整个场面十分混乱，幼儿很容易出现碰撞现象。此外，由于当“柱子”的幼儿很久才能轮上跳绳，因此也显得很不耐烦。,请幼儿暂停游戏，将幼儿分成多个小组并引导他们以小组为单位分区域开展游戏。,请幼儿说一说跳绳活动中存在的问题，并邀请幼儿一起设置跳绳的规则。,提供更多数量和不同种类的跳绳，并言语引导幼儿分组分区同时进行跳绳游戏。,暂不介入，活动分享时通过照片或视频回放引导幼儿发现问题并商议解决办法。,C,B/D,教师C：提供更多数量和不同种类的跳绳，并言语引导幼儿分组分区同时进行跳绳游戏。,教师B：请幼儿说一说跳绳活动中存在的问题，并邀请幼儿一起设置跳绳的规则。；教师D：暂不介入，活动分享时通过照片或视频回放引导幼儿发现问题并商议解决办法。,请回忆第10题这个情境。当时的情境是：周三下午，大五班的幼儿正自发进行跳绳游戏。李老师观察后发现，挤在一起跳绳的幼儿人数较多，整个场面十分混乱，幼儿很容易出现碰撞现象。此外，由于当“柱子”的幼儿很久才能轮上跳绳，因此也显得很不耐烦。当时提供的做法包括：教师A：请幼儿暂停游戏，将幼儿分成多个小组并引导他们以小组为单位分区域开展游戏；教师B：请幼儿说一说跳绳活动中存在的问题，并邀请幼儿一起设置跳绳的规则；教师C：提供更多数量和不同种类的跳绳，并言语引导幼儿分组分区同时进行跳绳游戏；教师D：暂不介入，活动分享时通过照片或视频回放引导幼儿发现问题并商议解决办法。可以先从这个情境本身追问：跳绳现场混乱且可能碰撞时，你当时更倾向于立即组织秩序，还是先让幼儿自己发现问题？；在安全风险和幼儿自主制定规则之间，你觉得教师应该怎样把握介入时机？。然后可围绕其作答过程中的重点比较追问：你当时是怎样比较以下两种做法的：教师B：请幼儿说一说跳绳活动中存在的问题，并邀请幼儿一起设置跳绳的规则；教师D：暂不介入，活动分享时通过照片或视频回放引导幼儿发现问题并商议解决办法？如果教师提到调整过顺序，再追问：是什么信息或想法让你改变了当时的排序？请只围绕情境理解、判断依据和选项比较提问，不要提及任何内部计算指标、得分、排名、入选原因或评价性判断。,访谈提醒：本表仅供生成中性访谈提问。访谈时不得向教师透露任何内部计算指标、得分、排名、题目入选原因或评价性判断。
教师39,sim_openid_039_228153,1,Q2,2,频繁求助,中班区域活动时，小明选择了建构区。玩了一会儿，他跑到老师面前说“老师，我不会搭……帮帮我吧”，教师问他需要什么帮助时，他一边说我不会搭，一边却很快地将房子从一层积木加高到了两层。看小明专注搭建后，老师就离开建构区了。可是没一会，小明又找了老师好几次，说“老师，帮帮我吧，我不会搭”。,鼓励小明独立搭建，引导他思考接下来如何搭建，及时表扬他的努力。,先示范搭建关键部分，请小明观察方法，再鼓励他照着继续搭建。,在旁观察小明的搭建过程，并适时反馈，帮助他理清搭建步骤。,帮小明回顾已搭建完成的部分，指导他设定小目标，尝试自己实现。,,C/D,,教师C：在旁观察小明的搭建过程，并适时反馈，帮助他理清搭建步骤。；教师D：帮小明回顾已搭建完成的部分，指导他设定小目标，尝试自己实现。,请回忆第2题这个情境。当时的情境是：中班区域活动时，小明选择了建构区。玩了一会儿，他跑到老师面前说“老师，我不会搭……帮帮我吧”，教师问他需要什么帮助时，他一边说我不会搭，一边却很快地将房子从一层积木加高到了两层。看小明专注搭建后，老师就离开建构区了。可是没一会，小明又找了老师好几次，说“老师，帮帮我吧，我不会搭”。当时提供的做法包括：教师A：鼓励小明独立搭建，引导他思考接下来如何搭建，及时表扬他的努力；教师B：先示范搭建关键部分，请小明观察方法，再鼓励他照着继续搭建；教师C：在旁观察小明的搭建过程，并适时反馈，帮助他理清搭建步骤；教师D：帮小明回顾已搭建完成的部分，指导他设定小目标，尝试自己实现。可以先从这个情境本身追问：小明一边说不会搭，一边又能继续加高房子，你当时怎样判断他真正需要的帮助是什么？；面对幼儿反复求助，你觉得教师怎样支持，既不替代幼儿完成，又能帮助他继续推进游戏？。然后可围绕其作答过程中的重点比较追问：你当时是怎样比较以下两种做法的：教师C：在旁观察小明的搭建过程，并适时反馈，帮助他理清搭建步骤；教师D：帮小明回顾已搭建完成的部分，指导他设定小目标，尝试自己实现？如果教师提到调整过顺序，再追问：是什么信息或想法让你改变了当时的排序？请只围绕情境理解、判断依据和选项比较提问，不要提及任何内部计算指标、得分、排名、入选原因或评价性判断。,访谈提醒：本表仅供生成中性访谈提问。访谈时不得向教师透露任何内部计算指标、得分、排名、题目入选原因或评价性判断。
教师39,sim_openid_039_228153,2,Q1,1,篮球架玩水,操场上新安装了一些篮球架，幼儿经常在这里投篮。某天户外活动时，几名幼儿带着画笔和水桶来到这里，他们先是快乐地粉刷篮球架，之后开始往篮框里灌水，有的从上面灌，有的在下面接，忙的不亦乐乎，俨然这里成为了玩水的场地。,看到幼儿玩得很开心，不干预他们的玩水行为，待兴趣减弱后再讨论玩水的适宜性。,表扬幼儿的新发现，并询问在篮球架旁玩水是否合适，提议幼儿可以换个地方玩水。,参与到幼儿的“粉刷”游戏中，逐步引导幼儿到适宜玩水的地方继续开展游戏。,提醒幼儿篮球架是用于开展运动的，与其他幼儿一起召唤他们打篮球，转移他们的关注点。,,,,,请回忆第1题这个情境。当时的情境是：操场上新安装了一些篮球架，幼儿经常在这里投篮。某天户外活动时，几名幼儿带着画笔和水桶来到这里，他们先是快乐地粉刷篮球架，之后开始往篮框里灌水，有的从上面灌，有的在下面接，忙的不亦乐乎，俨然这里成为了玩水的场地。当时提供的做法包括：教师A：看到幼儿玩得很开心，不干预他们的玩水行为，待兴趣减弱后再讨论玩水的适宜性；教师B：表扬幼儿的新发现，并询问在篮球架旁玩水是否合适，提议幼儿可以换个地方玩水；教师C：参与到幼儿的“粉刷”游戏中，逐步引导幼儿到适宜玩水的地方继续开展游戏；教师D：提醒幼儿篮球架是用于开展运动的，与其他幼儿一起召唤他们打篮球，转移他们的关注点。可以先从这个情境本身追问：这个情境里，孩子把篮球架变成玩水场地，你当时更关注他们的游戏兴趣、器械用途，还是安全与场地适宜性？；如果既想保护孩子的探索兴趣，又要回应篮球架原本的运动功能，你觉得教师可以怎样衔接？。然后可追问：你当时主要依据什么来排列这些做法？如果教师提到调整过顺序，再追问：是什么信息或想法让你改变了当时的排序？请只围绕情境理解、判断依据和选项比较提问，不要提及任何内部计算指标、得分、排名、入选原因或评价性判断。,访谈提醒：本表仅供生成中性访谈提问。访谈时不得向教师透露任何内部计算指标、得分、排名、题目入选原因或评价性判断。
教师39,sim_openid_039_228153,3,Q10,10,跳绳秩序混乱,周三下午，大五班的幼儿正自发进行跳绳游戏。李老师观察后发现，挤在一起跳绳的幼儿人数较多，整个场面十分混乱，幼儿很容易出现碰撞现象。此外，由于当“柱子”的幼儿很久才能轮上跳绳，因此也显得很不耐烦。,请幼儿暂停游戏，将幼儿分成多个小组并引导他们以小组为单位分区域开展游戏。,请幼儿说一说跳绳活动中存在的问题，并邀请幼儿一起设置跳绳的规则。,提供更多数量和不同种类的跳绳，并言语引导幼儿分组分区同时进行跳绳游戏。,暂不介入，活动分享时通过照片或视频回放引导幼儿发现问题并商议解决办法。,A,A/C,教师A：请幼儿暂停游戏，将幼儿分成多个小组并引导他们以小组为单位分区域开展游戏。,教师A：请幼儿暂停游戏，将幼儿分成多个小组并引导他们以小组为单位分区域开展游戏。；教师C：提供更多数量和不同种类的跳绳，并言语引导幼儿分组分区同时进行跳绳游戏。,请回忆第10题这个情境。当时的情境是：周三下午，大五班的幼儿正自发进行跳绳游戏。李老师观察后发现，挤在一起跳绳的幼儿人数较多，整个场面十分混乱，幼儿很容易出现碰撞现象。此外，由于当“柱子”的幼儿很久才能轮上跳绳，因此也显得很不耐烦。当时提供的做法包括：教师A：请幼儿暂停游戏，将幼儿分成多个小组并引导他们以小组为单位分区域开展游戏；教师B：请幼儿说一说跳绳活动中存在的问题，并邀请幼儿一起设置跳绳的规则；教师C：提供更多数量和不同种类的跳绳，并言语引导幼儿分组分区同时进行跳绳游戏；教师D：暂不介入，活动分享时通过照片或视频回放引导幼儿发现问题并商议解决办法。可以先从这个情境本身追问：跳绳现场混乱且可能碰撞时，你当时更倾向于立即组织秩序，还是先让幼儿自己发现问题？；在安全风险和幼儿自主制定规则之间，你觉得教师应该怎样把握介入时机？。然后可围绕其作答过程中的重点比较追问：你当时是怎样比较以下两种做法的：教师A：请幼儿暂停游戏，将幼儿分成多个小组并引导他们以小组为单位分区域开展游戏；教师C：提供更多数量和不同种类的跳绳，并言语引导幼儿分组分区同时进行跳绳游戏？如果教师提到调整过顺序，再追问：是什么信息或想法让你改变了当时的排序？请只围绕情境理解、判断依据和选项比较提问，不要提及任何内部计算指标、得分、排名、入选原因或评价性判断。,访谈提醒：本表仅供生成中性访谈提问。访谈时不得向教师透露任何内部计算指标、得分、排名、题目入选原因或评价性判断。
教师40,sim_openid_040_746434,1,Q2,2,频繁求助,中班区域活动时，小明选择了建构区。玩了一会儿，他跑到老师面前说“老师，我不会搭……帮帮我吧”，教师问他需要什么帮助时，他一边说我不会搭，一边却很快地将房子从一层积木加高到了两层。看小明专注搭建后，老师就离开建构区了。可是没一会，小明又找了老师好几次，说“老师，帮帮我吧，我不会搭”。,鼓励小明独立搭建，引导他思考接下来如何搭建，及时表扬他的努力。,先示范搭建关键部分，请小明观察方法，再鼓励他照着继续搭建。,在旁观察小明的搭建过程，并适时反馈，帮助他理清搭建步骤。,帮小明回顾已搭建完成的部分，指导他设定小目标，尝试自己实现。,A,B/C,教师A：鼓励小明独立搭建，引导他思考接下来如何搭建，及时表扬他的努力。,教师B：先示范搭建关键部分，请小明观察方法，再鼓励他照着继续搭建。；教师C：在旁观察小明的搭建过程，并适时反馈，帮助他理清搭建步骤。,请回忆第2题这个情境。当时的情境是：中班区域活动时，小明选择了建构区。玩了一会儿，他跑到老师面前说“老师，我不会搭……帮帮我吧”，教师问他需要什么帮助时，他一边说我不会搭，一边却很快地将房子从一层积木加高到了两层。看小明专注搭建后，老师就离开建构区了。可是没一会，小明又找了老师好几次，说“老师，帮帮我吧，我不会搭”。当时提供的做法包括：教师A：鼓励小明独立搭建，引导他思考接下来如何搭建，及时表扬他的努力；教师B：先示范搭建关键部分，请小明观察方法，再鼓励他照着继续搭建；教师C：在旁观察小明的搭建过程，并适时反馈，帮助他理清搭建步骤；教师D：帮小明回顾已搭建完成的部分，指导他设定小目标，尝试自己实现。可以先从这个情境本身追问：小明一边说不会搭，一边又能继续加高房子，你当时怎样判断他真正需要的帮助是什么？；面对幼儿反复求助，你觉得教师怎样支持，既不替代幼儿完成，又能帮助他继续推进游戏？。然后可围绕其作答过程中的重点比较追问：你当时是怎样比较以下两种做法的：教师B：先示范搭建关键部分，请小明观察方法，再鼓励他照着继续搭建；教师C：在旁观察小明的搭建过程，并适时反馈，帮助他理清搭建步骤？如果教师提到调整过顺序，再追问：是什么信息或想法让你改变了当时的排序？请只围绕情境理解、判断依据和选项比较提问，不要提及任何内部计算指标、得分、排名、入选原因或评价性判断。,访谈提醒：本表仅供生成中性访谈提问。访谈时不得向教师透露任何内部计算指标、得分、排名、题目入选原因或评价性判断。
教师40,sim_openid_040_746434,2,Q7,7,艾莎公主不运动,小班的一次户外运动，有几个女孩子从一开始就没有选择任何体育活动项目，而是聚在一起坐在地上玩“艾莎公主”的游戏，比一比谁的鞋子最漂亮，谁的魔法最厉害。,询问幼儿没有参与运动的原因，提供丰富的活动材料吸引幼儿参与运动活动。,提醒幼儿现在是运动时间，请他们等自由游戏时间再一起玩“艾莎公主”的游戏。,利用艾莎公主的鞋子设计走、跑、跳等活动，并以参与者的身份邀请幼儿一起参与运动。,肯定幼儿自主游戏的行为，言语引导幼儿穿着“漂亮的鞋子”参与运动。,B,B/C,教师B：提醒幼儿现在是运动时间，请他们等自由游戏时间再一起玩“艾莎公主”的游戏。,教师B：提醒幼儿现在是运动时间，请他们等自由游戏时间再一起玩“艾莎公主”的游戏。；教师C：利用艾莎公主的鞋子设计走、跑、跳等活动，并以参与者的身份邀请幼儿一起参与运动。,请回忆第7题这个情境。当时的情境是：小班的一次户外运动，有几个女孩子从一开始就没有选择任何体育活动项目，而是聚在一起坐在地上玩“艾莎公主”的游戏，比一比谁的鞋子最漂亮，谁的魔法最厉害。当时提供的做法包括：教师A：询问幼儿没有参与运动的原因，提供丰富的活动材料吸引幼儿参与运动活动；教师B：提醒幼儿现在是运动时间，请他们等自由游戏时间再一起玩“艾莎公主”的游戏；教师C：利用艾莎公主的鞋子设计走、跑、跳等活动，并以参与者的身份邀请幼儿一起参与运动；教师D：肯定幼儿自主游戏的行为，言语引导幼儿穿着“漂亮的鞋子”参与运动。可以先从这个情境本身追问：几个女孩在户外运动时间玩艾莎公主时，你当时更关注运动目标，还是关注她们正在生成的角色游戏兴趣？；如果要把艾莎公主游戏和运动活动连接起来，你觉得教师可以怎样做才不显得生硬？。然后可围绕其作答过程中的重点比较追问：你当时是怎样比较以下两种做法的：教师B：提醒幼儿现在是运动时间，请他们等自由游戏时间再一起玩“艾莎公主”的游戏；教师C：利用艾莎公主的鞋子设计走、跑、跳等活动，并以参与者的身份邀请幼儿一起参与运动？如果教师提到调整过顺序，再追问：是什么信息或想法让你改变了当时的排序？请只围绕情境理解、判断依据和选项比较提问，不要提及任何内部计算指标、得分、排名、入选原因或评价性判断。,访谈提醒：本表仅供生成中性访谈提问。访谈时不得向教师透露任何内部计算指标、得分、排名、题目入选原因或评价性判断。
教师40,sim_openid_040_746434,3,Q1,1,篮球架玩水,操场上新安装了一些篮球架，幼儿经常在这里投篮。某天户外活动时，几名幼儿带着画笔和水桶来到这里，他们先是快乐地粉刷篮球架，之后开始往篮框里灌水，有的从上面灌，有的在下面接，忙的不亦乐乎，俨然这里成为了玩水的场地。,看到幼儿玩得很开心，不干预他们的玩水行为，待兴趣减弱后再讨论玩水的适宜性。,表扬幼儿的新发现，并询问在篮球架旁玩水是否合适，提议幼儿可以换个地方玩水。,参与到幼儿的“粉刷”游戏中，逐步引导幼儿到适宜玩水的地方继续开展游戏。,提醒幼儿篮球架是用于开展运动的，与其他幼儿一起召唤他们打篮球，转移他们的关注点。,A,A/C,教师A：看到幼儿玩得很开心，不干预他们的玩水行为，待兴趣减弱后再讨论玩水的适宜性。,教师A：看到幼儿玩得很开心，不干预他们的玩水行为，待兴趣减弱后再讨论玩水的适宜性。；教师C：参与到幼儿的“粉刷”游戏中，逐步引导幼儿到适宜玩水的地方继续开展游戏。,请回忆第1题这个情境。当时的情境是：操场上新安装了一些篮球架，幼儿经常在这里投篮。某天户外活动时，几名幼儿带着画笔和水桶来到这里，他们先是快乐地粉刷篮球架，之后开始往篮框里灌水，有的从上面灌，有的在下面接，忙的不亦乐乎，俨然这里成为了玩水的场地。当时提供的做法包括：教师A：看到幼儿玩得很开心，不干预他们的玩水行为，待兴趣减弱后再讨论玩水的适宜性；教师B：表扬幼儿的新发现，并询问在篮球架旁玩水是否合适，提议幼儿可以换个地方玩水；教师C：参与到幼儿的“粉刷”游戏中，逐步引导幼儿到适宜玩水的地方继续开展游戏；教师D：提醒幼儿篮球架是用于开展运动的，与其他幼儿一起召唤他们打篮球，转移他们的关注点。可以先从这个情境本身追问：这个情境里，孩子把篮球架变成玩水场地，你当时更关注他们的游戏兴趣、器械用途，还是安全与场地适宜性？；如果既想保护孩子的探索兴趣，又要回应篮球架原本的运动功能，你觉得教师可以怎样衔接？。然后可围绕其作答过程中的重点比较追问：你当时是怎样比较以下两种做法的：教师A：看到幼儿玩得很开心，不干预他们的玩水行为，待兴趣减弱后再讨论玩水的适宜性；教师C：参与到幼儿的“粉刷”游戏中，逐步引导幼儿到适宜玩水的地方继续开展游戏？如果教师提到调整过顺序，再追问：是什么信息或想法让你改变了当时的排序？请只围绕情境理解、判断依据和选项比较提问，不要提及任何内部计算指标、得分、排名、入选原因或评价性判断。,访谈提醒：本表仅供生成中性访谈提问。访谈时不得向教师透露任何内部计算指标、得分、排名、题目入选原因或评价性判断。
教师41,sim_openid_041_881030,1,Q2,2,频繁求助,中班区域活动时，小明选择了建构区。玩了一会儿，他跑到老师面前说“老师，我不会搭……帮帮我吧”，教师问他需要什么帮助时，他一边说我不会搭，一边却很快地将房子从一层积木加高到了两层。看小明专注搭建后，老师就离开建构区了。可是没一会，小明又找了老师好几次，说“老师，帮帮我吧，我不会搭”。,鼓励小明独立搭建，引导他思考接下来如何搭建，及时表扬他的努力。,先示范搭建关键部分，请小明观察方法，再鼓励他照着继续搭建。,在旁观察小明的搭建过程，并适时反馈，帮助他理清搭建步骤。,帮小明回顾已搭建完成的部分，指导他设定小目标，尝试自己实现。,B,A/B,教师B：先示范搭建关键部分，请小明观察方法，再鼓励他照着继续搭建。,教师A：鼓励小明独立搭建，引导他思考接下来如何搭建，及时表扬他的努力。；教师B：先示范搭建关键部分，请小明观察方法，再鼓励他照着继续搭建。,请回忆第2题这个情境。当时的情境是：中班区域活动时，小明选择了建构区。玩了一会儿，他跑到老师面前说“老师，我不会搭……帮帮我吧”，教师问他需要什么帮助时，他一边说我不会搭，一边却很快地将房子从一层积木加高到了两层。看小明专注搭建后，老师就离开建构区了。可是没一会，小明又找了老师好几次，说“老师，帮帮我吧，我不会搭”。当时提供的做法包括：教师A：鼓励小明独立搭建，引导他思考接下来如何搭建，及时表扬他的努力；教师B：先示范搭建关键部分，请小明观察方法，再鼓励他照着继续搭建；教师C：在旁观察小明的搭建过程，并适时反馈，帮助他理清搭建步骤；教师D：帮小明回顾已搭建完成的部分，指导他设定小目标，尝试自己实现。可以先从这个情境本身追问：小明一边说不会搭，一边又能继续加高房子，你当时怎样判断他真正需要的帮助是什么？；面对幼儿反复求助，你觉得教师怎样支持，既不替代幼儿完成，又能帮助他继续推进游戏？。然后可围绕其作答过程中的重点比较追问：你当时是怎样比较以下两种做法的：教师A：鼓励小明独立搭建，引导他思考接下来如何搭建，及时表扬他的努力；教师B：先示范搭建关键部分，请小明观察方法，再鼓励他照着继续搭建？如果教师提到调整过顺序，再追问：是什么信息或想法让你改变了当时的排序？请只围绕情境理解、判断依据和选项比较提问，不要提及任何内部计算指标、得分、排名、入选原因或评价性判断。,访谈提醒：本表仅供生成中性访谈提问。访谈时不得向教师透露任何内部计算指标、得分、排名、题目入选原因或评价性判断。
教师41,sim_openid_041_881030,2,Q7,7,艾莎公主不运动,小班的一次户外运动，有几个女孩子从一开始就没有选择任何体育活动项目，而是聚在一起坐在地上玩“艾莎公主”的游戏，比一比谁的鞋子最漂亮，谁的魔法最厉害。,询问幼儿没有参与运动的原因，提供丰富的活动材料吸引幼儿参与运动活动。,提醒幼儿现在是运动时间，请他们等自由游戏时间再一起玩“艾莎公主”的游戏。,利用艾莎公主的鞋子设计走、跑、跳等活动，并以参与者的身份邀请幼儿一起参与运动。,肯定幼儿自主游戏的行为，言语引导幼儿穿着“漂亮的鞋子”参与运动。,B,A/B,教师B：提醒幼儿现在是运动时间，请他们等自由游戏时间再一起玩“艾莎公主”的游戏。,教师A：询问幼儿没有参与运动的原因，提供丰富的活动材料吸引幼儿参与运动活动。；教师B：提醒幼儿现在是运动时间，请他们等自由游戏时间再一起玩“艾莎公主”的游戏。,请回忆第7题这个情境。当时的情境是：小班的一次户外运动，有几个女孩子从一开始就没有选择任何体育活动项目，而是聚在一起坐在地上玩“艾莎公主”的游戏，比一比谁的鞋子最漂亮，谁的魔法最厉害。当时提供的做法包括：教师A：询问幼儿没有参与运动的原因，提供丰富的活动材料吸引幼儿参与运动活动；教师B：提醒幼儿现在是运动时间，请他们等自由游戏时间再一起玩“艾莎公主”的游戏；教师C：利用艾莎公主的鞋子设计走、跑、跳等活动，并以参与者的身份邀请幼儿一起参与运动；教师D：肯定幼儿自主游戏的行为，言语引导幼儿穿着“漂亮的鞋子”参与运动。可以先从这个情境本身追问：几个女孩在户外运动时间玩艾莎公主时，你当时更关注运动目标，还是关注她们正在生成的角色游戏兴趣？；如果要把艾莎公主游戏和运动活动连接起来，你觉得教师可以怎样做才不显得生硬？。然后可围绕其作答过程中的重点比较追问：你当时是怎样比较以下两种做法的：教师A：询问幼儿没有参与运动的原因，提供丰富的活动材料吸引幼儿参与运动活动；教师B：提醒幼儿现在是运动时间，请他们等自由游戏时间再一起玩“艾莎公主”的游戏？如果教师提到调整过顺序，再追问：是什么信息或想法让你改变了当时的排序？请只围绕情境理解、判断依据和选项比较提问，不要提及任何内部计算指标、得分、排名、入选原因或评价性判断。,访谈提醒：本表仅供生成中性访谈提问。访谈时不得向教师透露任何内部计算指标、得分、排名、题目入选原因或评价性判断。
教师41,sim_openid_041_881030,3,Q10,10,跳绳秩序混乱,周三下午，大五班的幼儿正自发进行跳绳游戏。李老师观察后发现，挤在一起跳绳的幼儿人数较多，整个场面十分混乱，幼儿很容易出现碰撞现象。此外，由于当“柱子”的幼儿很久才能轮上跳绳，因此也显得很不耐烦。,请幼儿暂停游戏，将幼儿分成多个小组并引导他们以小组为单位分区域开展游戏。,请幼儿说一说跳绳活动中存在的问题，并邀请幼儿一起设置跳绳的规则。,提供更多数量和不同种类的跳绳，并言语引导幼儿分组分区同时进行跳绳游戏。,暂不介入，活动分享时通过照片或视频回放引导幼儿发现问题并商议解决办法。,B,A/C,教师B：请幼儿说一说跳绳活动中存在的问题，并邀请幼儿一起设置跳绳的规则。,教师A：请幼儿暂停游戏，将幼儿分成多个小组并引导他们以小组为单位分区域开展游戏。；教师C：提供更多数量和不同种类的跳绳，并言语引导幼儿分组分区同时进行跳绳游戏。,请回忆第10题这个情境。当时的情境是：周三下午，大五班的幼儿正自发进行跳绳游戏。李老师观察后发现，挤在一起跳绳的幼儿人数较多，整个场面十分混乱，幼儿很容易出现碰撞现象。此外，由于当“柱子”的幼儿很久才能轮上跳绳，因此也显得很不耐烦。当时提供的做法包括：教师A：请幼儿暂停游戏，将幼儿分成多个小组并引导他们以小组为单位分区域开展游戏；教师B：请幼儿说一说跳绳活动中存在的问题，并邀请幼儿一起设置跳绳的规则；教师C：提供更多数量和不同种类的跳绳，并言语引导幼儿分组分区同时进行跳绳游戏；教师D：暂不介入，活动分享时通过照片或视频回放引导幼儿发现问题并商议解决办法。可以先从这个情境本身追问：跳绳现场混乱且可能碰撞时，你当时更倾向于立即组织秩序，还是先让幼儿自己发现问题？；在安全风险和幼儿自主制定规则之间，你觉得教师应该怎样把握介入时机？。然后可围绕其作答过程中的重点比较追问：你当时是怎样比较以下两种做法的：教师A：请幼儿暂停游戏，将幼儿分成多个小组并引导他们以小组为单位分区域开展游戏；教师C：提供更多数量和不同种类的跳绳，并言语引导幼儿分组分区同时进行跳绳游戏？如果教师提到调整过顺序，再追问：是什么信息或想法让你改变了当时的排序？请只围绕情境理解、判断依据和选项比较提问，不要提及任何内部计算指标、得分、排名、入选原因或评价性判断。,访谈提醒：本表仅供生成中性访谈提问。访谈时不得向教师透露任何内部计算指标、得分、排名、题目入选原因或评价性判断。
教师42,sim_openid_042_480037,1,Q8,8,引水难题未解,中班上学期，幼儿在“引水游戏”中遇到了难题——水无法被引到竹片管道上。他们不断调整竹片拼接的方式，却始终没能成功，即竹片一头高于出水管道，阻碍了引流。渐渐地幼儿的探索兴趣也减弱了，有的开始玩水，有的甚至离开了水池。,示范正确的引水方法，请幼儿注意观察并说说引水的要领，再自己试一试。,加入幼儿的探索，引导他们观察水流受阻的位置，一起尝试调整竹片的摆放方式。,组织幼儿就游戏困难进行讨论，寻找解决问题的方案，引导幼儿再次尝试。,投放更多辅助引水的材料，重新激起幼儿的探索兴趣，继续观察游戏进展。,D,A/B,教师D：投放更多辅助引水的材料，重新激起幼儿的探索兴趣，继续观察游戏进展。,教师A：示范正确的引水方法，请幼儿注意观察并说说引水的要领，再自己试一试。；教师B：加入幼儿的探索，引导他们观察水流受阻的位置，一起尝试调整竹片的摆放方式。,请回忆第8题这个情境。当时的情境是：中班上学期，幼儿在“引水游戏”中遇到了难题——水无法被引到竹片管道上。他们不断调整竹片拼接的方式，却始终没能成功，即竹片一头高于出水管道，阻碍了引流。渐渐地幼儿的探索兴趣也减弱了，有的开始玩水，有的甚至离开了水池。当时提供的做法包括：教师A：示范正确的引水方法，请幼儿注意观察并说说引水的要领，再自己试一试；教师B：加入幼儿的探索，引导他们观察水流受阻的位置，一起尝试调整竹片的摆放方式；教师C：组织幼儿就游戏困难进行讨论，寻找解决问题的方案，引导幼儿再次尝试；教师D：投放更多辅助引水的材料，重新激起幼儿的探索兴趣，继续观察游戏进展。可以先从这个情境本身追问：孩子们引水失败、兴趣减弱时，你当时更倾向于直接示范方法，还是继续支持他们自己发现水流受阻的原因？；你觉得教师怎样提供支架，既能帮助问题解决，又保留幼儿继续探究的空间？。然后可围绕其作答过程中的重点比较追问：你当时是怎样比较以下两种做法的：教师A：示范正确的引水方法，请幼儿注意观察并说说引水的要领，再自己试一试；教师B：加入幼儿的探索，引导他们观察水流受阻的位置，一起尝试调整竹片的摆放方式？如果教师提到调整过顺序，再追问：是什么信息或想法让你改变了当时的排序？请只围绕情境理解、判断依据和选项比较提问，不要提及任何内部计算指标、得分、排名、入选原因或评价性判断。,访谈提醒：本表仅供生成中性访谈提问。访谈时不得向教师透露任何内部计算指标、得分、排名、题目入选原因或评价性判断。
教师42,sim_openid_042_480037,2,Q2,2,频繁求助,中班区域活动时，小明选择了建构区。玩了一会儿，他跑到老师面前说“老师，我不会搭……帮帮我吧”，教师问他需要什么帮助时，他一边说我不会搭，一边却很快地将房子从一层积木加高到了两层。看小明专注搭建后，老师就离开建构区了。可是没一会，小明又找了老师好几次，说“老师，帮帮我吧，我不会搭”。,鼓励小明独立搭建，引导他思考接下来如何搭建，及时表扬他的努力。,先示范搭建关键部分，请小明观察方法，再鼓励他照着继续搭建。,在旁观察小明的搭建过程，并适时反馈，帮助他理清搭建步骤。,帮小明回顾已搭建完成的部分，指导他设定小目标，尝试自己实现。,,,,,请回忆第2题这个情境。当时的情境是：中班区域活动时，小明选择了建构区。玩了一会儿，他跑到老师面前说“老师，我不会搭……帮帮我吧”，教师问他需要什么帮助时，他一边说我不会搭，一边却很快地将房子从一层积木加高到了两层。看小明专注搭建后，老师就离开建构区了。可是没一会，小明又找了老师好几次，说“老师，帮帮我吧，我不会搭”。当时提供的做法包括：教师A：鼓励小明独立搭建，引导他思考接下来如何搭建，及时表扬他的努力；教师B：先示范搭建关键部分，请小明观察方法，再鼓励他照着继续搭建；教师C：在旁观察小明的搭建过程，并适时反馈，帮助他理清搭建步骤；教师D：帮小明回顾已搭建完成的部分，指导他设定小目标，尝试自己实现。可以先从这个情境本身追问：小明一边说不会搭，一边又能继续加高房子，你当时怎样判断他真正需要的帮助是什么？；面对幼儿反复求助，你觉得教师怎样支持，既不替代幼儿完成，又能帮助他继续推进游戏？。然后可追问：你当时主要依据什么来排列这些做法？如果教师提到调整过顺序，再追问：是什么信息或想法让你改变了当时的排序？请只围绕情境理解、判断依据和选项比较提问，不要提及任何内部计算指标、得分、排名、入选原因或评价性判断。,访谈提醒：本表仅供生成中性访谈提问。访谈时不得向教师透露任何内部计算指标、得分、排名、题目入选原因或评价性判断。
教师42,sim_openid_042_480037,3,Q4,4,未参与小组建构,大班建构活动中，睿睿和其他幼儿计划一起搭积木大桥，他们讨论了搭建方法，并进入区域开始搭建。就在其他幼儿在认真搭建时，睿睿发现了一块长条木板，他一会儿在地上推着走，一会儿当枪使，没有再参与小组的搭建。,继续观察，后续分享中支持睿睿思考如何把长条木板融入小组的建构中。,肯定睿睿的创造性玩法，询问他长条板能否当桥面，引导他参与到搭桥任务中。,引导睿睿回顾计划，建议他先完成共同任务，长条木板可以等自由游戏时再玩。,看到睿睿玩得开心，暂不介入，等下一次活动时再提醒他根据计划开展游戏。,A,B/C,教师A：继续观察，后续分享中支持睿睿思考如何把长条木板融入小组的建构中。,教师B：肯定睿睿的创造性玩法，询问他长条板能否当桥面，引导他参与到搭桥任务中。；教师C：引导睿睿回顾计划，建议他先完成共同任务，长条木板可以等自由游戏时再玩。,请回忆第4题这个情境。当时的情境是：大班建构活动中，睿睿和其他幼儿计划一起搭积木大桥，他们讨论了搭建方法，并进入区域开始搭建。就在其他幼儿在认真搭建时，睿睿发现了一块长条木板，他一会儿在地上推着走，一会儿当枪使，没有再参与小组的搭建。当时提供的做法包括：教师A：继续观察，后续分享中支持睿睿思考如何把长条木板融入小组的建构中；教师B：肯定睿睿的创造性玩法，询问他长条板能否当桥面，引导他参与到搭桥任务中；教师C：引导睿睿回顾计划，建议他先完成共同任务，长条木板可以等自由游戏时再玩；教师D：看到睿睿玩得开心，暂不介入，等下一次活动时再提醒他根据计划开展游戏。可以先从这个情境本身追问：睿睿离开了原来的搭桥计划去玩长条木板，你当时怎样理解他的行为：是偏离共同任务，还是出现了新的游戏线索？；面对共同建构计划和幼儿临时兴趣之间的变化，你觉得教师什么时候应该介入，什么时候可以继续观察？。然后可围绕其作答过程中的重点比较追问：你当时是怎样比较以下两种做法的：教师B：肯定睿睿的创造性玩法，询问他长条板能否当桥面，引导他参与到搭桥任务中；教师C：引导睿睿回顾计划，建议他先完成共同任务，长条木板可以等自由游戏时再玩？如果教师提到调整过顺序，再追问：是什么信息或想法让你改变了当时的排序？请只围绕情境理解、判断依据和选项比较提问，不要提及任何内部计算指标、得分、排名、入选原因或评价性判断。,访谈提醒：本表仅供生成中性访谈提问。访谈时不得向教师透露任何内部计算指标、得分、排名、题目入选原因或评价性判断。
教师43,sim_openid_043_506613,1,Q2,2,频繁求助,中班区域活动时，小明选择了建构区。玩了一会儿，他跑到老师面前说“老师，我不会搭……帮帮我吧”，教师问他需要什么帮助时，他一边说我不会搭，一边却很快地将房子从一层积木加高到了两层。看小明专注搭建后，老师就离开建构区了。可是没一会，小明又找了老师好几次，说“老师，帮帮我吧，我不会搭”。,鼓励小明独立搭建，引导他思考接下来如何搭建，及时表扬他的努力。,先示范搭建关键部分，请小明观察方法，再鼓励他照着继续搭建。,在旁观察小明的搭建过程，并适时反馈，帮助他理清搭建步骤。,帮小明回顾已搭建完成的部分，指导他设定小目标，尝试自己实现。,B,B/D,教师B：先示范搭建关键部分，请小明观察方法，再鼓励他照着继续搭建。,教师B：先示范搭建关键部分，请小明观察方法，再鼓励他照着继续搭建。；教师D：帮小明回顾已搭建完成的部分，指导他设定小目标，尝试自己实现。,请回忆第2题这个情境。当时的情境是：中班区域活动时，小明选择了建构区。玩了一会儿，他跑到老师面前说“老师，我不会搭……帮帮我吧”，教师问他需要什么帮助时，他一边说我不会搭，一边却很快地将房子从一层积木加高到了两层。看小明专注搭建后，老师就离开建构区了。可是没一会，小明又找了老师好几次，说“老师，帮帮我吧，我不会搭”。当时提供的做法包括：教师A：鼓励小明独立搭建，引导他思考接下来如何搭建，及时表扬他的努力；教师B：先示范搭建关键部分，请小明观察方法，再鼓励他照着继续搭建；教师C：在旁观察小明的搭建过程，并适时反馈，帮助他理清搭建步骤；教师D：帮小明回顾已搭建完成的部分，指导他设定小目标，尝试自己实现。可以先从这个情境本身追问：小明一边说不会搭，一边又能继续加高房子，你当时怎样判断他真正需要的帮助是什么？；面对幼儿反复求助，你觉得教师怎样支持，既不替代幼儿完成，又能帮助他继续推进游戏？。然后可围绕其作答过程中的重点比较追问：你当时是怎样比较以下两种做法的：教师B：先示范搭建关键部分，请小明观察方法，再鼓励他照着继续搭建；教师D：帮小明回顾已搭建完成的部分，指导他设定小目标，尝试自己实现？如果教师提到调整过顺序，再追问：是什么信息或想法让你改变了当时的排序？请只围绕情境理解、判断依据和选项比较提问，不要提及任何内部计算指标、得分、排名、入选原因或评价性判断。,访谈提醒：本表仅供生成中性访谈提问。访谈时不得向教师透露任何内部计算指标、得分、排名、题目入选原因或评价性判断。
教师43,sim_openid_043_506613,2,Q6,6,材料选择无层次,大班上学期，张老师在建构区投放了按图搭建的游戏材料，并提供了不同星级难度的任务卡供幼儿选择，但有的幼儿一上来就选择高难度的三星级任务卡，结果不能顺利完成任务；而有的幼儿始终选择低难度的一星级任务卡。这天，浩浩又连续选择了几张一星级任务卡，很快就完成了任务。,调整任务卡提供方式，在游戏开始前根据幼儿的能力水平有针对性地发放任务卡。,暂不介入，尊重幼儿的自主选择和游戏体验，只要完成任务就是一种经验积累。,调整任务卡呈现方式，如增加“我想挑战”等提示，鼓励幼儿选择不同星级的挑战。,和浩浩回顾已完成的任务，比较不同星级的难度，邀请他选择稍有挑战的任务。,A,B/C,教师A：调整任务卡提供方式，在游戏开始前根据幼儿的能力水平有针对性地发放任务卡。,教师B：暂不介入，尊重幼儿的自主选择和游戏体验，只要完成任务就是一种经验积累。；教师C：调整任务卡呈现方式，如增加“我想挑战”等提示，鼓励幼儿选择不同星级的挑战。,请回忆第6题这个情境。当时的情境是：大班上学期，张老师在建构区投放了按图搭建的游戏材料，并提供了不同星级难度的任务卡供幼儿选择，但有的幼儿一上来就选择高难度的三星级任务卡，结果不能顺利完成任务；而有的幼儿始终选择低难度的一星级任务卡。这天，浩浩又连续选择了几张一星级任务卡，很快就完成了任务。当时提供的做法包括：教师A：调整任务卡提供方式，在游戏开始前根据幼儿的能力水平有针对性地发放任务卡；教师B：暂不介入，尊重幼儿的自主选择和游戏体验，只要完成任务就是一种经验积累；教师C：调整任务卡呈现方式，如增加“我想挑战”等提示，鼓励幼儿选择不同星级的挑战；教师D：和浩浩回顾已完成的任务，比较不同星级的难度，邀请他选择稍有挑战的任务。可以先从这个情境本身追问：浩浩反复选择一星任务卡时，你当时更想尊重他的自主选择，还是推动他尝试更有挑战的任务？；你觉得教师应该怎样判断幼儿是需要安全感、缺少挑战意识，还是任务卡呈现方式本身需要调整？。然后可围绕其作答过程中的重点比较追问：你当时是怎样比较以下两种做法的：教师B：暂不介入，尊重幼儿的自主选择和游戏体验，只要完成任务就是一种经验积累；教师C：调整任务卡呈现方式，如增加“我想挑战”等提示，鼓励幼儿选择不同星级的挑战？如果教师提到调整过顺序，再追问：是什么信息或想法让你改变了当时的排序？请只围绕情境理解、判断依据和选项比较提问，不要提及任何内部计算指标、得分、排名、入选原因或评价性判断。,访谈提醒：本表仅供生成中性访谈提问。访谈时不得向教师透露任何内部计算指标、得分、排名、题目入选原因或评价性判断。
教师43,sim_openid_043_506613,3,Q5,5,消防员救火开心,近几天，中班的幼儿十分热衷于在区域游戏时间玩“消防员救火”的游戏。游戏结束后的交流活动中，老师问幼儿最想分享什么时，阳阳说“娃娃家着火了，好开心啊！”。,抓住教育契机，向幼儿耐心解释真实的火灾会造成物品损失和人员伤亡。,询问幼儿开心的是“着火”本身，还是消防员成功救火、娃娃家的人得救？,引导幼儿思考“娃娃家着火”值不值得开心，帮助他们认识真实火灾是危险的。,请阳阳讲讲娃娃家着火后发生了什么、为什么开心，借此理解幼儿的游戏体验。,A,B/C,教师A：抓住教育契机，向幼儿耐心解释真实的火灾会造成物品损失和人员伤亡。,教师B：询问幼儿开心的是“着火”本身，还是消防员成功救火、娃娃家的人得救？；教师C：引导幼儿思考“娃娃家着火”值不值得开心，帮助他们认识真实火灾是危险的。,请回忆第5题这个情境。当时的情境是：近几天，中班的幼儿十分热衷于在区域游戏时间玩“消防员救火”的游戏。游戏结束后的交流活动中，老师问幼儿最想分享什么时，阳阳说“娃娃家着火了，好开心啊！”。当时提供的做法包括：教师A：抓住教育契机，向幼儿耐心解释真实的火灾会造成物品损失和人员伤亡；教师B：询问幼儿开心的是“着火”本身，还是消防员成功救火、娃娃家的人得救；教师C：引导幼儿思考“娃娃家着火”值不值得开心，帮助他们认识真实火灾是危险的；教师D：请阳阳讲讲娃娃家着火后发生了什么、为什么开心，借此理解幼儿的游戏体验。可以先从这个情境本身追问：阳阳说娃娃家着火了很开心时，你当时更关注真实火灾的危险教育，还是先理解他在游戏里的开心来自哪里？；你觉得教师怎样回应，既不否定幼儿的游戏体验，又能引导他们理解真实火灾的意义？。然后可围绕其作答过程中的重点比较追问：你当时是怎样比较以下两种做法的：教师B：询问幼儿开心的是“着火”本身，还是消防员成功救火、娃娃家的人得救；教师C：引导幼儿思考“娃娃家着火”值不值得开心，帮助他们认识真实火灾是危险的？如果教师提到调整过顺序，再追问：是什么信息或想法让你改变了当时的排序？请只围绕情境理解、判断依据和选项比较提问，不要提及任何内部计算指标、得分、排名、入选原因或评价性判断。,访谈提醒：本表仅供生成中性访谈提问。访谈时不得向教师透露任何内部计算指标、得分、排名、题目入选原因或评价性判断。
教师44,sim_openid_044_185936,1,Q6,6,材料选择无层次,大班上学期，张老师在建构区投放了按图搭建的游戏材料，并提供了不同星级难度的任务卡供幼儿选择，但有的幼儿一上来就选择高难度的三星级任务卡，结果不能顺利完成任务；而有的幼儿始终选择低难度的一星级任务卡。这天，浩浩又连续选择了几张一星级任务卡，很快就完成了任务。,调整任务卡提供方式，在游戏开始前根据幼儿的能力水平有针对性地发放任务卡。,暂不介入，尊重幼儿的自主选择和游戏体验，只要完成任务就是一种经验积累。,调整任务卡呈现方式，如增加“我想挑战”等提示，鼓励幼儿选择不同星级的挑战。,和浩浩回顾已完成的任务，比较不同星级的难度，邀请他选择稍有挑战的任务。,A,B/C,教师A：调整任务卡提供方式，在游戏开始前根据幼儿的能力水平有针对性地发放任务卡。,教师B：暂不介入，尊重幼儿的自主选择和游戏体验，只要完成任务就是一种经验积累。；教师C：调整任务卡呈现方式，如增加“我想挑战”等提示，鼓励幼儿选择不同星级的挑战。,请回忆第6题这个情境。当时的情境是：大班上学期，张老师在建构区投放了按图搭建的游戏材料，并提供了不同星级难度的任务卡供幼儿选择，但有的幼儿一上来就选择高难度的三星级任务卡，结果不能顺利完成任务；而有的幼儿始终选择低难度的一星级任务卡。这天，浩浩又连续选择了几张一星级任务卡，很快就完成了任务。当时提供的做法包括：教师A：调整任务卡提供方式，在游戏开始前根据幼儿的能力水平有针对性地发放任务卡；教师B：暂不介入，尊重幼儿的自主选择和游戏体验，只要完成任务就是一种经验积累；教师C：调整任务卡呈现方式，如增加“我想挑战”等提示，鼓励幼儿选择不同星级的挑战；教师D：和浩浩回顾已完成的任务，比较不同星级的难度，邀请他选择稍有挑战的任务。可以先从这个情境本身追问：浩浩反复选择一星任务卡时，你当时更想尊重他的自主选择，还是推动他尝试更有挑战的任务？；你觉得教师应该怎样判断幼儿是需要安全感、缺少挑战意识，还是任务卡呈现方式本身需要调整？。然后可围绕其作答过程中的重点比较追问：你当时是怎样比较以下两种做法的：教师B：暂不介入，尊重幼儿的自主选择和游戏体验，只要完成任务就是一种经验积累；教师C：调整任务卡呈现方式，如增加“我想挑战”等提示，鼓励幼儿选择不同星级的挑战？如果教师提到调整过顺序，再追问：是什么信息或想法让你改变了当时的排序？请只围绕情境理解、判断依据和选项比较提问，不要提及任何内部计算指标、得分、排名、入选原因或评价性判断。,访谈提醒：本表仅供生成中性访谈提问。访谈时不得向教师透露任何内部计算指标、得分、排名、题目入选原因或评价性判断。
教师44,sim_openid_044_185936,2,Q8,8,引水难题未解,中班上学期，幼儿在“引水游戏”中遇到了难题——水无法被引到竹片管道上。他们不断调整竹片拼接的方式，却始终没能成功，即竹片一头高于出水管道，阻碍了引流。渐渐地幼儿的探索兴趣也减弱了，有的开始玩水，有的甚至离开了水池。,示范正确的引水方法，请幼儿注意观察并说说引水的要领，再自己试一试。,加入幼儿的探索，引导他们观察水流受阻的位置，一起尝试调整竹片的摆放方式。,组织幼儿就游戏困难进行讨论，寻找解决问题的方案，引导幼儿再次尝试。,投放更多辅助引水的材料，重新激起幼儿的探索兴趣，继续观察游戏进展。,A,C/D,教师A：示范正确的引水方法，请幼儿注意观察并说说引水的要领，再自己试一试。,教师C：组织幼儿就游戏困难进行讨论，寻找解决问题的方案，引导幼儿再次尝试。；教师D：投放更多辅助引水的材料，重新激起幼儿的探索兴趣，继续观察游戏进展。,请回忆第8题这个情境。当时的情境是：中班上学期，幼儿在“引水游戏”中遇到了难题——水无法被引到竹片管道上。他们不断调整竹片拼接的方式，却始终没能成功，即竹片一头高于出水管道，阻碍了引流。渐渐地幼儿的探索兴趣也减弱了，有的开始玩水，有的甚至离开了水池。当时提供的做法包括：教师A：示范正确的引水方法，请幼儿注意观察并说说引水的要领，再自己试一试；教师B：加入幼儿的探索，引导他们观察水流受阻的位置，一起尝试调整竹片的摆放方式；教师C：组织幼儿就游戏困难进行讨论，寻找解决问题的方案，引导幼儿再次尝试；教师D：投放更多辅助引水的材料，重新激起幼儿的探索兴趣，继续观察游戏进展。可以先从这个情境本身追问：孩子们引水失败、兴趣减弱时，你当时更倾向于直接示范方法，还是继续支持他们自己发现水流受阻的原因？；你觉得教师怎样提供支架，既能帮助问题解决，又保留幼儿继续探究的空间？。然后可围绕其作答过程中的重点比较追问：你当时是怎样比较以下两种做法的：教师C：组织幼儿就游戏困难进行讨论，寻找解决问题的方案，引导幼儿再次尝试；教师D：投放更多辅助引水的材料，重新激起幼儿的探索兴趣，继续观察游戏进展？如果教师提到调整过顺序，再追问：是什么信息或想法让你改变了当时的排序？请只围绕情境理解、判断依据和选项比较提问，不要提及任何内部计算指标、得分、排名、入选原因或评价性判断。,访谈提醒：本表仅供生成中性访谈提问。访谈时不得向教师透露任何内部计算指标、得分、排名、题目入选原因或评价性判断。
教师44,sim_openid_044_185936,3,Q1,1,篮球架玩水,操场上新安装了一些篮球架，幼儿经常在这里投篮。某天户外活动时，几名幼儿带着画笔和水桶来到这里，他们先是快乐地粉刷篮球架，之后开始往篮框里灌水，有的从上面灌，有的在下面接，忙的不亦乐乎，俨然这里成为了玩水的场地。,看到幼儿玩得很开心，不干预他们的玩水行为，待兴趣减弱后再讨论玩水的适宜性。,表扬幼儿的新发现，并询问在篮球架旁玩水是否合适，提议幼儿可以换个地方玩水。,参与到幼儿的“粉刷”游戏中，逐步引导幼儿到适宜玩水的地方继续开展游戏。,提醒幼儿篮球架是用于开展运动的，与其他幼儿一起召唤他们打篮球，转移他们的关注点。,B,A/C,教师B：表扬幼儿的新发现，并询问在篮球架旁玩水是否合适，提议幼儿可以换个地方玩水。,教师A：看到幼儿玩得很开心，不干预他们的玩水行为，待兴趣减弱后再讨论玩水的适宜性。；教师C：参与到幼儿的“粉刷”游戏中，逐步引导幼儿到适宜玩水的地方继续开展游戏。,请回忆第1题这个情境。当时的情境是：操场上新安装了一些篮球架，幼儿经常在这里投篮。某天户外活动时，几名幼儿带着画笔和水桶来到这里，他们先是快乐地粉刷篮球架，之后开始往篮框里灌水，有的从上面灌，有的在下面接，忙的不亦乐乎，俨然这里成为了玩水的场地。当时提供的做法包括：教师A：看到幼儿玩得很开心，不干预他们的玩水行为，待兴趣减弱后再讨论玩水的适宜性；教师B：表扬幼儿的新发现，并询问在篮球架旁玩水是否合适，提议幼儿可以换个地方玩水；教师C：参与到幼儿的“粉刷”游戏中，逐步引导幼儿到适宜玩水的地方继续开展游戏；教师D：提醒幼儿篮球架是用于开展运动的，与其他幼儿一起召唤他们打篮球，转移他们的关注点。可以先从这个情境本身追问：这个情境里，孩子把篮球架变成玩水场地，你当时更关注他们的游戏兴趣、器械用途，还是安全与场地适宜性？；如果既想保护孩子的探索兴趣，又要回应篮球架原本的运动功能，你觉得教师可以怎样衔接？。然后可围绕其作答过程中的重点比较追问：你当时是怎样比较以下两种做法的：教师A：看到幼儿玩得很开心，不干预他们的玩水行为，待兴趣减弱后再讨论玩水的适宜性；教师C：参与到幼儿的“粉刷”游戏中，逐步引导幼儿到适宜玩水的地方继续开展游戏？如果教师提到调整过顺序，再追问：是什么信息或想法让你改变了当时的排序？请只围绕情境理解、判断依据和选项比较提问，不要提及任何内部计算指标、得分、排名、入选原因或评价性判断。,访谈提醒：本表仅供生成中性访谈提问。访谈时不得向教师透露任何内部计算指标、得分、排名、题目入选原因或评价性判断。
教师45,sim_openid_045_327696,1,Q8,8,引水难题未解,中班上学期，幼儿在“引水游戏”中遇到了难题——水无法被引到竹片管道上。他们不断调整竹片拼接的方式，却始终没能成功，即竹片一头高于出水管道，阻碍了引流。渐渐地幼儿的探索兴趣也减弱了，有的开始玩水，有的甚至离开了水池。,示范正确的引水方法，请幼儿注意观察并说说引水的要领，再自己试一试。,加入幼儿的探索，引导他们观察水流受阻的位置，一起尝试调整竹片的摆放方式。,组织幼儿就游戏困难进行讨论，寻找解决问题的方案，引导幼儿再次尝试。,投放更多辅助引水的材料，重新激起幼儿的探索兴趣，继续观察游戏进展。,D,B/C,教师D：投放更多辅助引水的材料，重新激起幼儿的探索兴趣，继续观察游戏进展。,教师B：加入幼儿的探索，引导他们观察水流受阻的位置，一起尝试调整竹片的摆放方式。；教师C：组织幼儿就游戏困难进行讨论，寻找解决问题的方案，引导幼儿再次尝试。,请回忆第8题这个情境。当时的情境是：中班上学期，幼儿在“引水游戏”中遇到了难题——水无法被引到竹片管道上。他们不断调整竹片拼接的方式，却始终没能成功，即竹片一头高于出水管道，阻碍了引流。渐渐地幼儿的探索兴趣也减弱了，有的开始玩水，有的甚至离开了水池。当时提供的做法包括：教师A：示范正确的引水方法，请幼儿注意观察并说说引水的要领，再自己试一试；教师B：加入幼儿的探索，引导他们观察水流受阻的位置，一起尝试调整竹片的摆放方式；教师C：组织幼儿就游戏困难进行讨论，寻找解决问题的方案，引导幼儿再次尝试；教师D：投放更多辅助引水的材料，重新激起幼儿的探索兴趣，继续观察游戏进展。可以先从这个情境本身追问：孩子们引水失败、兴趣减弱时，你当时更倾向于直接示范方法，还是继续支持他们自己发现水流受阻的原因？；你觉得教师怎样提供支架，既能帮助问题解决，又保留幼儿继续探究的空间？。然后可围绕其作答过程中的重点比较追问：你当时是怎样比较以下两种做法的：教师B：加入幼儿的探索，引导他们观察水流受阻的位置，一起尝试调整竹片的摆放方式；教师C：组织幼儿就游戏困难进行讨论，寻找解决问题的方案，引导幼儿再次尝试？如果教师提到调整过顺序，再追问：是什么信息或想法让你改变了当时的排序？请只围绕情境理解、判断依据和选项比较提问，不要提及任何内部计算指标、得分、排名、入选原因或评价性判断。,访谈提醒：本表仅供生成中性访谈提问。访谈时不得向教师透露任何内部计算指标、得分、排名、题目入选原因或评价性判断。
教师45,sim_openid_045_327696,2,Q3,3,区域停留短,小班幼儿瑶瑶在区域活动时，一会儿在娃娃家切切菜，一会儿到美工区搓搓橡皮泥，一会儿又开心地跑到其它区域游戏，在任何一个区域停留时间都不超过三分钟。,提议瑶瑶完成某项游戏任务，如在娃娃家做菜，请他活动小结时分享。,游戏前提醒区域活动规则，活动结束后表扬区域游戏规则遵守得好的小朋友。,仔细观察瑶瑶在不同区域的游戏情况，分析他发生迅速转移的原因。,以同伴的身份陪伴瑶瑶在某一区域游戏，待他专注游戏后再离开。,A,B/C,教师A：提议瑶瑶完成某项游戏任务，如在娃娃家做菜，请他活动小结时分享。,教师B：游戏前提醒区域活动规则，活动结束后表扬区域游戏规则遵守得好的小朋友。；教师C：仔细观察瑶瑶在不同区域的游戏情况，分析他发生迅速转移的原因。,请回忆第3题这个情境。当时的情境是：小班幼儿瑶瑶在区域活动时，一会儿在娃娃家切切菜，一会儿到美工区搓搓橡皮泥，一会儿又开心地跑到其它区域游戏，在任何一个区域停留时间都不超过三分钟。当时提供的做法包括：教师A：提议瑶瑶完成某项游戏任务，如在娃娃家做菜，请他活动小结时分享；教师B：游戏前提醒区域活动规则，活动结束后表扬区域游戏规则遵守得好的小朋友；教师C：仔细观察瑶瑶在不同区域的游戏情况，分析他发生迅速转移的原因；教师D：以同伴的身份陪伴瑶瑶在某一区域游戏，待他专注游戏后再离开。可以先从这个情境本身追问：瑶瑶在多个区域快速转换时，你当时会先把它看作注意力不集中、规则问题，还是一种探索不同材料的方式？；如果你在现场，你会先观察哪些信息来判断是否需要介入？。然后可围绕其作答过程中的重点比较追问：你当时是怎样比较以下两种做法的：教师B：游戏前提醒区域活动规则，活动结束后表扬区域游戏规则遵守得好的小朋友；教师C：仔细观察瑶瑶在不同区域的游戏情况，分析他发生迅速转移的原因？如果教师提到调整过顺序，再追问：是什么信息或想法让你改变了当时的排序？请只围绕情境理解、判断依据和选项比较提问，不要提及任何内部计算指标、得分、排名、入选原因或评价性判断。,访谈提醒：本表仅供生成中性访谈提问。访谈时不得向教师透露任何内部计算指标、得分、排名、题目入选原因或评价性判断。
教师45,sim_openid_045_327696,3,Q6,6,材料选择无层次,大班上学期，张老师在建构区投放了按图搭建的游戏材料，并提供了不同星级难度的任务卡供幼儿选择，但有的幼儿一上来就选择高难度的三星级任务卡，结果不能顺利完成任务；而有的幼儿始终选择低难度的一星级任务卡。这天，浩浩又连续选择了几张一星级任务卡，很快就完成了任务。,调整任务卡提供方式，在游戏开始前根据幼儿的能力水平有针对性地发放任务卡。,暂不介入，尊重幼儿的自主选择和游戏体验，只要完成任务就是一种经验积累。,调整任务卡呈现方式，如增加“我想挑战”等提示，鼓励幼儿选择不同星级的挑战。,和浩浩回顾已完成的任务，比较不同星级的难度，邀请他选择稍有挑战的任务。,D,B/C,教师D：和浩浩回顾已完成的任务，比较不同星级的难度，邀请他选择稍有挑战的任务。,教师B：暂不介入，尊重幼儿的自主选择和游戏体验，只要完成任务就是一种经验积累。；教师C：调整任务卡呈现方式，如增加“我想挑战”等提示，鼓励幼儿选择不同星级的挑战。,请回忆第6题这个情境。当时的情境是：大班上学期，张老师在建构区投放了按图搭建的游戏材料，并提供了不同星级难度的任务卡供幼儿选择，但有的幼儿一上来就选择高难度的三星级任务卡，结果不能顺利完成任务；而有的幼儿始终选择低难度的一星级任务卡。这天，浩浩又连续选择了几张一星级任务卡，很快就完成了任务。当时提供的做法包括：教师A：调整任务卡提供方式，在游戏开始前根据幼儿的能力水平有针对性地发放任务卡；教师B：暂不介入，尊重幼儿的自主选择和游戏体验，只要完成任务就是一种经验积累；教师C：调整任务卡呈现方式，如增加“我想挑战”等提示，鼓励幼儿选择不同星级的挑战；教师D：和浩浩回顾已完成的任务，比较不同星级的难度，邀请他选择稍有挑战的任务。可以先从这个情境本身追问：浩浩反复选择一星任务卡时，你当时更想尊重他的自主选择，还是推动他尝试更有挑战的任务？；你觉得教师应该怎样判断幼儿是需要安全感、缺少挑战意识，还是任务卡呈现方式本身需要调整？。然后可围绕其作答过程中的重点比较追问：你当时是怎样比较以下两种做法的：教师B：暂不介入，尊重幼儿的自主选择和游戏体验，只要完成任务就是一种经验积累；教师C：调整任务卡呈现方式，如增加“我想挑战”等提示，鼓励幼儿选择不同星级的挑战？如果教师提到调整过顺序，再追问：是什么信息或想法让你改变了当时的排序？请只围绕情境理解、判断依据和选项比较提问，不要提及任何内部计算指标、得分、排名、入选原因或评价性判断。,访谈提醒：本表仅供生成中性访谈提问。访谈时不得向教师透露任何内部计算指标、得分、排名、题目入选原因或评价性判断。
