participantName,userOpenid,final_rank,final_item_id,questionIndex,item_title,scenarioText,optionA,optionB,optionC,optionD,primary_ability_type,secondary_ability_type,source_summary,source_count,R_rank,P_rank,G_rank,ResultRisk,RelativeDeviation,ProcessConflict,RevisionSignal,TimeSignal,OptionFocus,P_IVI_norm,IIV_classic,IIV_hybrid,FES,RS,selection_reason,coverage_role,interview_focus,priorityOption,priorityPair,priorityOptionText,priorityPairText,safeInterviewPrompt,replacement_note,forbiddenDisclosureReminder
教师01,sim_openid_001_867882,1,Q3,3,材料选择无层次,大班上学期，张老师在建构区投放了按图搭建的游戏材料，并提供了不同星级难度的任务卡供幼儿选择，但有的幼儿一上来就选择高难度的三星级任务卡，结果不能顺利完成任务；而有的幼儿始终选择低难度的一星级任务卡。这天，浩浩又连续选择了几张一星级任务卡，很快就完成了任务。,调整任务卡提供方式，在游戏开始前根据幼儿的能力水平有针对性地发放任务卡。,暂不介入，尊重幼儿的自主选择和游戏体验，只要完成任务就是一种经验积累。,调整任务卡呈现方式，如增加“我想挑战”等提示，鼓励幼儿选择不同星级的挑战。,和浩浩回顾已完成的任务，比较不同星级的难度，邀请他选择稍有挑战的任务。,D 支架策略与游戏推进,C 观察诊断,R/P/G,3,1,1,1,0.0,0.3,1.0,1.0,0.724528,1.0,0.677556,0.572453,0.551331,96,53.306964,R/P/G多源证据重复入选，系统解释强度较高；IIV规范化信号：主要IIV信号：过程冲突、修正信号、选项焦点变化；可追问选项比较：教师B：暂不介入，尊重幼儿的自主选择和游戏体验，只要完成任务就是一种经验积累。；教师C：调整任务卡呈现方式，如增加“我想挑战”等提示，鼓励幼儿选择不同星级的挑战。,覆盖能力类型：D 支架策略与游戏推进,解释相对优势端如何形成；请教师回忆读到情境后最先注意到什么、是否很快形成判断或感到难判断；追问最理想或最不理想做法的判断为什么发生变化；追问是否曾把某做法从合适改判为不合适，或相反；能力分化画像,A,B/C,教师A：调整任务卡提供方式，在游戏开始前根据幼儿的能力水平有针对性地发放任务卡。,教师B：暂不介入，尊重幼儿的自主选择和游戏体验，只要完成任务就是一种经验积累。；教师C：调整任务卡呈现方式，如增加“我想挑战”等提示，鼓励幼儿选择不同星级的挑战。,请回忆第3题这个情境。当时的情境是：大班上学期，张老师在建构区投放了按图搭建的游戏材料，并提供了不同星级难度的任务卡供幼儿选择，但有的幼儿一上来就选择高难度的三星级任务卡，结果不能顺利完成任务；而有的幼儿始终选择低难度的一星级任务卡。这天，浩浩又连续选择了几张一星级任务卡，很快就完成了任务。当时提供的做法包括：教师A：调整任务卡提供方式，在游戏开始前根据幼儿的能力水平有针对性地发放任务卡；教师B：暂不介入，尊重幼儿的自主选择和游戏体验，只要完成任务就是一种经验积累；教师C：调整任务卡呈现方式，如增加“我想挑战”等提示，鼓励幼儿选择不同星级的挑战；教师D：和浩浩回顾已完成的任务，比较不同星级的难度，邀请他选择稍有挑战的任务。可以先从这个情境本身追问：浩浩反复选择一星任务卡时，你当时更想尊重他的自主选择，还是推动他尝试更有挑战的任务？；你觉得教师应该怎样判断幼儿是需要安全感、缺少挑战意识，还是任务卡呈现方式本身需要调整？。然后可围绕其作答过程中的重点比较追问：你当时是怎样比较以下两种做法的：教师B：暂不介入，尊重幼儿的自主选择和游戏体验，只要完成任务就是一种经验积累；教师C：调整任务卡呈现方式，如增加“我想挑战”等提示，鼓励幼儿选择不同星级的挑战？如果教师提到调整过顺序，再追问：是什么信息或想法让你改变了当时的排序？请只围绕情境理解、判断依据和选项比较提问，不要提及任何内部计算指标、得分、排名、入选原因或评价性判断。,,访谈提醒：本程序用于筛选值得访谈的情境题，不用于向教师反馈测评成绩。后续AI访谈或人工访谈时，不得向教师透露得分、排名、R/P/G分、IIV或任何评价性结果。
教师01,sim_openid_001_867882,2,Q7,7,飞行棋各走各的,大班区域游戏中，轩轩和小宇一起玩飞行棋，他们将棋子摆好后，各自拿了一个骰子开始投，小宇说：“该我走。”轩轩说：“明明该我走！”相持不下，于是两人各拿一个骰子，自顾自地走自己的棋。,耐心讲解共同游戏的规则，再以“棋手”身份加入游戏进行示范引导。,暂不介入，继续观察游戏进展，待区域小结时请幼儿分享游戏中的体验和问题。,拿走一个骰子，请幼儿商量只有一个骰子的共同游戏规则，达成一致后再开始游戏。,待幼儿体验一轮各走各的游戏后，询问幼儿的游戏体验，提示共同游戏规则的作用。,E 共同游戏组织与规则共建,B 规则平衡,R/G,2,2,,2,1.0,0.7,0.75,0.5,0.328638,0.5,0.631671,0.732864,0.706947,59,88.950116,R/P/G多源证据重复入选，系统解释强度较高；IIV规范化信号：主要IIV信号：结果风险、过程冲突、个人内相对偏离；可追问选项比较：教师B：暂不介入，继续观察游戏进展，待区域小结时请幼儿分享游戏中的体验和问题。；教师C：拿走一个骰子，请幼儿商量只有一个骰子的共同游戏规则，达成一致后再开始游戏。,覆盖能力类型：E 共同游戏组织与规则共建,解释相对薄弱端如何形成；能力分化画像,,B/C,,教师B：暂不介入，继续观察游戏进展，待区域小结时请幼儿分享游戏中的体验和问题。；教师C：拿走一个骰子，请幼儿商量只有一个骰子的共同游戏规则，达成一致后再开始游戏。,请回忆第7题这个情境。当时的情境是：大班区域游戏中，轩轩和小宇一起玩飞行棋，他们将棋子摆好后，各自拿了一个骰子开始投，小宇说：“该我走。”轩轩说：“明明该我走！”相持不下，于是两人各拿一个骰子，自顾自地走自己的棋。当时提供的做法包括：教师A：耐心讲解共同游戏的规则，再以“棋手”身份加入游戏进行示范引导；教师B：暂不介入，继续观察游戏进展，待区域小结时请幼儿分享游戏中的体验和问题；教师C：拿走一个骰子，请幼儿商量只有一个骰子的共同游戏规则，达成一致后再开始游戏；教师D：待幼儿体验一轮各走各的游戏后，询问幼儿的游戏体验，提示共同游戏规则的作用。可以先从这个情境本身追问：两个孩子各走各的棋时，你当时更关注共同游戏规则的建立，还是先让他们体验这种玩法会带来什么问题？；你觉得教师怎样帮助幼儿从各玩各的，过渡到真正的共同游戏？。然后可围绕其作答过程中的重点比较追问：你当时是怎样比较以下两种做法的：教师B：暂不介入，继续观察游戏进展，待区域小结时请幼儿分享游戏中的体验和问题；教师C：拿走一个骰子，请幼儿商量只有一个骰子的共同游戏规则，达成一致后再开始游戏？如果教师提到调整过顺序，再追问：是什么信息或想法让你改变了当时的排序？请只围绕情境理解、判断依据和选项比较提问，不要提及任何内部计算指标、得分、排名、入选原因或评价性判断。,,访谈提醒：本程序用于筛选值得访谈的情境题，不用于向教师反馈测评成绩。后续AI访谈或人工访谈时，不得向教师透露得分、排名、R/P/G分、IIV或任何评价性结果。
教师01,sim_openid_001_867882,3,Q4,4,频繁求助,中班区域活动时，小明选择了建构区。玩了一会儿，他跑到老师面前说“老师，我不会搭……帮帮我吧”，教师问他需要什么帮助时，他一边说我不会搭，一边却很快地将房子从一层积木加高到了两层。看小明专注搭建后，老师就离开建构区了。可是没一会，小明又找了老师好几次，说“老师，帮帮我吧，我不会搭”。,鼓励小明独立搭建，引导他思考接下来如何搭建，及时表扬他的努力。,先示范搭建关键部分，请小明观察方法，再鼓励他照着继续搭建。,在旁观察小明的搭建过程，并适时反馈，帮助他理清搭建步骤。,帮小明回顾已搭建完成的部分，指导他设定小目标，尝试自己实现。,C 观察诊断与介入时机,D 支架策略,P,1,,2,,0.0,0.3,0.75,0.5,0.492471,0.75,0.640833,0.374247,0.388789,24,51.299579,来自P分候选，作答过程具有访谈解释价值；IIV规范化信号：主要IIV信号：过程冲突、选项焦点变化、同题过程信息量；可追问选项比较：教师A：鼓励小明独立搭建，引导他思考接下来如何搭建，及时表扬他的努力。；教师C：在旁观察小明的搭建过程，并适时反馈，帮助他理清搭建步骤。,覆盖能力类型：C 观察诊断与介入时机,追问最理想或最不理想做法的判断为什么发生变化；追问当时是否在几个判断标准之间反复权衡,B,A/C,教师B：先示范搭建关键部分，请小明观察方法，再鼓励他照着继续搭建。,教师A：鼓励小明独立搭建，引导他思考接下来如何搭建，及时表扬他的努力。；教师C：在旁观察小明的搭建过程，并适时反馈，帮助他理清搭建步骤。,请回忆第4题这个情境。当时的情境是：中班区域活动时，小明选择了建构区。玩了一会儿，他跑到老师面前说“老师，我不会搭……帮帮我吧”，教师问他需要什么帮助时，他一边说我不会搭，一边却很快地将房子从一层积木加高到了两层。看小明专注搭建后，老师就离开建构区了。可是没一会，小明又找了老师好几次，说“老师，帮帮我吧，我不会搭”。当时提供的做法包括：教师A：鼓励小明独立搭建，引导他思考接下来如何搭建，及时表扬他的努力；教师B：先示范搭建关键部分，请小明观察方法，再鼓励他照着继续搭建；教师C：在旁观察小明的搭建过程，并适时反馈，帮助他理清搭建步骤；教师D：帮小明回顾已搭建完成的部分，指导他设定小目标，尝试自己实现。可以先从这个情境本身追问：小明一边说不会搭，一边又能继续加高房子，你当时怎样判断他真正需要的帮助是什么？；面对幼儿反复求助，你觉得教师怎样支持，既不替代幼儿完成，又能帮助他继续推进游戏？。然后可围绕其作答过程中的重点比较追问：你当时是怎样比较以下两种做法的：教师A：鼓励小明独立搭建，引导他思考接下来如何搭建，及时表扬他的努力；教师C：在旁观察小明的搭建过程，并适时反馈，帮助他理清搭建步骤？如果教师提到调整过顺序，再追问：是什么信息或想法让你改变了当时的排序？请只围绕情境理解、判断依据和选项比较提问，不要提及任何内部计算指标、得分、排名、入选原因或评价性判断。,,访谈提醒：本程序用于筛选值得访谈的情境题，不用于向教师反馈测评成绩。后续AI访谈或人工访谈时，不得向教师透露得分、排名、R/P/G分、IIV或任何评价性结果。
教师02,sim_openid_002_963914,1,Q1,1,篮球架玩水,操场上新安装了一些篮球架，幼儿经常在这里投篮。某天户外活动时，几名幼儿带着画笔和水桶来到这里，他们先是快乐地粉刷篮球架，之后开始往篮框里灌水，有的从上面灌，有的在下面接，忙的不亦乐乎，俨然这里成为了玩水的场地。,看到幼儿玩得很开心，不干预他们的玩水行为，待兴趣减弱后再讨论玩水的适宜性。,表扬幼儿的新发现，并询问在篮球架旁玩水是否合适，提议幼儿可以换个地方玩水。,参与到幼儿的“粉刷”游戏中，逐步引导幼儿到适宜玩水的地方继续开展游戏。,提醒幼儿篮球架是用于开展运动的，与其他幼儿一起召唤他们打篮球，转移他们的关注点。,B 自主游戏与规则/安全/价值平衡,A 游戏意义理解,R/P/G,3,1,1,1,0.0,0.325,1.0,1.0,0.53099,1.0,0.865963,0.553099,0.545147,96,84.39014,R/P/G多源证据重复入选，系统解释强度较高；IIV规范化信号：主要IIV信号：过程冲突、修正信号、选项焦点变化；可追问选项比较：教师B：表扬幼儿的新发现，并询问在篮球架旁玩水是否合适，提议幼儿可以换个地方玩水。；教师C：参与到幼儿的“粉刷”游戏中，逐步引导幼儿到适宜玩水的地方继续开展游戏。,覆盖能力类型：B 自主游戏与规则/安全/价值平衡,解释相对优势端如何形成；请教师回忆读到情境后最先注意到什么、是否很快形成判断或感到难判断；追问后续主要在比较哪些做法、为什么调整；追问最理想或最不理想做法的判断为什么发生变化；追问是否曾把某做法从合适改判为不合适，或相反；追问当时是否在几个判断标准之间反复权衡；能力分化画像,B,B/C,教师B：表扬幼儿的新发现，并询问在篮球架旁玩水是否合适，提议幼儿可以换个地方玩水。,教师B：表扬幼儿的新发现，并询问在篮球架旁玩水是否合适，提议幼儿可以换个地方玩水。；教师C：参与到幼儿的“粉刷”游戏中，逐步引导幼儿到适宜玩水的地方继续开展游戏。,请回忆第1题这个情境。当时的情境是：操场上新安装了一些篮球架，幼儿经常在这里投篮。某天户外活动时，几名幼儿带着画笔和水桶来到这里，他们先是快乐地粉刷篮球架，之后开始往篮框里灌水，有的从上面灌，有的在下面接，忙的不亦乐乎，俨然这里成为了玩水的场地。当时提供的做法包括：教师A：看到幼儿玩得很开心，不干预他们的玩水行为，待兴趣减弱后再讨论玩水的适宜性；教师B：表扬幼儿的新发现，并询问在篮球架旁玩水是否合适，提议幼儿可以换个地方玩水；教师C：参与到幼儿的“粉刷”游戏中，逐步引导幼儿到适宜玩水的地方继续开展游戏；教师D：提醒幼儿篮球架是用于开展运动的，与其他幼儿一起召唤他们打篮球，转移他们的关注点。可以先从这个情境本身追问：这个情境里，孩子把篮球架变成玩水场地，你当时更关注他们的游戏兴趣、器械用途，还是安全与场地适宜性？；如果既想保护孩子的探索兴趣，又要回应篮球架原本的运动功能，你觉得教师可以怎样衔接？。然后可围绕其作答过程中的重点比较追问：你当时是怎样比较以下两种做法的：教师B：表扬幼儿的新发现，并询问在篮球架旁玩水是否合适，提议幼儿可以换个地方玩水；教师C：参与到幼儿的“粉刷”游戏中，逐步引导幼儿到适宜玩水的地方继续开展游戏？如果教师提到调整过顺序，再追问：是什么信息或想法让你改变了当时的排序？请只围绕情境理解、判断依据和选项比较提问，不要提及任何内部计算指标、得分、排名、入选原因或评价性判断。,,访谈提醒：本程序用于筛选值得访谈的情境题，不用于向教师反馈测评成绩。后续AI访谈或人工访谈时，不得向教师透露得分、排名、R/P/G分、IIV或任何评价性结果。
教师02,sim_openid_002_963914,2,Q2,2,未参与小组建构,大班建构活动中，睿睿和其他幼儿计划一起搭积木大桥，他们讨论了搭建方法，并进入区域开始搭建。就在其他幼儿在认真搭建时，睿睿发现了一块长条木板，他一会儿在地上推着走，一会儿当枪使，没有再参与小组的搭建。,继续观察，后续分享中支持睿睿思考如何把长条木板融入小组的建构中。,肯定睿睿的创造性玩法，询问他长条板能否当桥面，引导他参与到搭桥任务中。,引导睿睿回顾计划，建议他先完成共同任务，长条木板可以等自由游戏时再玩。,看到睿睿玩得开心，暂不介入，等下一次活动时再提醒他根据计划开展游戏。,D 支架策略与游戏推进,E 共同游戏组织,R/G,2,2,,2,0.75,0.425,0.8,0.25,0.168531,0.75,0.624556,0.601853,0.569331,59,88.736667,R/P/G多源证据重复入选，系统解释强度较高；IIV规范化信号：主要IIV信号：过程冲突、结果风险、选项焦点变化；可追问选项比较：教师B：肯定睿睿的创造性玩法，询问他长条板能否当桥面，引导他参与到搭桥任务中。；教师C：引导睿睿回顾计划，建议他先完成共同任务，长条木板可以等自由游戏时再玩。,覆盖能力类型：D 支架策略与游戏推进,解释相对薄弱端如何形成；能力分化画像,B,B/C,教师B：肯定睿睿的创造性玩法，询问他长条板能否当桥面，引导他参与到搭桥任务中。,教师B：肯定睿睿的创造性玩法，询问他长条板能否当桥面，引导他参与到搭桥任务中。；教师C：引导睿睿回顾计划，建议他先完成共同任务，长条木板可以等自由游戏时再玩。,请回忆第2题这个情境。当时的情境是：大班建构活动中，睿睿和其他幼儿计划一起搭积木大桥，他们讨论了搭建方法，并进入区域开始搭建。就在其他幼儿在认真搭建时，睿睿发现了一块长条木板，他一会儿在地上推着走，一会儿当枪使，没有再参与小组的搭建。当时提供的做法包括：教师A：继续观察，后续分享中支持睿睿思考如何把长条木板融入小组的建构中；教师B：肯定睿睿的创造性玩法，询问他长条板能否当桥面，引导他参与到搭桥任务中；教师C：引导睿睿回顾计划，建议他先完成共同任务，长条木板可以等自由游戏时再玩；教师D：看到睿睿玩得开心，暂不介入，等下一次活动时再提醒他根据计划开展游戏。可以先从这个情境本身追问：睿睿离开了原来的搭桥计划去玩长条木板，你当时怎样理解他的行为：是偏离共同任务，还是出现了新的游戏线索？；面对共同建构计划和幼儿临时兴趣之间的变化，你觉得教师什么时候应该介入，什么时候可以继续观察？。然后可围绕其作答过程中的重点比较追问：你当时是怎样比较以下两种做法的：教师B：肯定睿睿的创造性玩法，询问他长条板能否当桥面，引导他参与到搭桥任务中；教师C：引导睿睿回顾计划，建议他先完成共同任务，长条木板可以等自由游戏时再玩？如果教师提到调整过顺序，再追问：是什么信息或想法让你改变了当时的排序？请只围绕情境理解、判断依据和选项比较提问，不要提及任何内部计算指标、得分、排名、入选原因或评价性判断。,,访谈提醒：本程序用于筛选值得访谈的情境题，不用于向教师反馈测评成绩。后续AI访谈或人工访谈时，不得向教师透露得分、排名、R/P/G分、IIV或任何评价性结果。
教师02,sim_openid_002_963914,3,Q7,7,飞行棋各走各的,大班区域游戏中，轩轩和小宇一起玩飞行棋，他们将棋子摆好后，各自拿了一个骰子开始投，小宇说：“该我走。”轩轩说：“明明该我走！”相持不下，于是两人各拿一个骰子，自顾自地走自己的棋。,耐心讲解共同游戏的规则，再以“棋手”身份加入游戏进行示范引导。,暂不介入，继续观察游戏进展，待区域小结时请幼儿分享游戏中的体验和问题。,拿走一个骰子，请幼儿商量只有一个骰子的共同游戏规则，达成一致后再开始游戏。,待幼儿体验一轮各走各的游戏后，询问幼儿的游戏体验，提示共同游戏规则的作用。,E 共同游戏组织与规则共建,B 规则平衡,P,1,,2,,0.25,0.075,0.888889,0.75,0.576305,1.0,0.828205,0.585408,0.531124,24,39.052507,来自P分候选，作答过程具有访谈解释价值；IIV规范化信号：主要IIV信号：选项焦点变化、过程冲突、同题过程信息量；可追问选项比较：教师A：耐心讲解共同游戏的规则，再以“棋手”身份加入游戏进行示范引导。；教师B：暂不介入，继续观察游戏进展，待区域小结时请幼儿分享游戏中的体验和问题。,覆盖能力类型：E 共同游戏组织与规则共建,追问后续主要在比较哪些做法、为什么调整；追问最理想或最不理想做法的判断为什么发生变化；追问是否曾把某做法从合适改判为不合适，或相反；追问当时是否在几个判断标准之间反复权衡,C,A/B,教师C：拿走一个骰子，请幼儿商量只有一个骰子的共同游戏规则，达成一致后再开始游戏。,教师A：耐心讲解共同游戏的规则，再以“棋手”身份加入游戏进行示范引导。；教师B：暂不介入，继续观察游戏进展，待区域小结时请幼儿分享游戏中的体验和问题。,请回忆第7题这个情境。当时的情境是：大班区域游戏中，轩轩和小宇一起玩飞行棋，他们将棋子摆好后，各自拿了一个骰子开始投，小宇说：“该我走。”轩轩说：“明明该我走！”相持不下，于是两人各拿一个骰子，自顾自地走自己的棋。当时提供的做法包括：教师A：耐心讲解共同游戏的规则，再以“棋手”身份加入游戏进行示范引导；教师B：暂不介入，继续观察游戏进展，待区域小结时请幼儿分享游戏中的体验和问题；教师C：拿走一个骰子，请幼儿商量只有一个骰子的共同游戏规则，达成一致后再开始游戏；教师D：待幼儿体验一轮各走各的游戏后，询问幼儿的游戏体验，提示共同游戏规则的作用。可以先从这个情境本身追问：两个孩子各走各的棋时，你当时更关注共同游戏规则的建立，还是先让他们体验这种玩法会带来什么问题？；你觉得教师怎样帮助幼儿从各玩各的，过渡到真正的共同游戏？。然后可围绕其作答过程中的重点比较追问：你当时是怎样比较以下两种做法的：教师A：耐心讲解共同游戏的规则，再以“棋手”身份加入游戏进行示范引导；教师B：暂不介入，继续观察游戏进展，待区域小结时请幼儿分享游戏中的体验和问题？如果教师提到调整过顺序，再追问：是什么信息或想法让你改变了当时的排序？请只围绕情境理解、判断依据和选项比较提问，不要提及任何内部计算指标、得分、排名、入选原因或评价性判断。,,访谈提醒：本程序用于筛选值得访谈的情境题，不用于向教师反馈测评成绩。后续AI访谈或人工访谈时，不得向教师透露得分、排名、R/P/G分、IIV或任何评价性结果。
教师03,sim_openid_003_147733,1,Q9,9,艾莎公主不运动,小班的一次户外运动，有几个女孩子从一开始就没有选择任何体育活动项目，而是聚在一起坐在地上玩“艾莎公主”的游戏，比一比谁的鞋子最漂亮，谁的魔法最厉害。,询问幼儿没有参与运动的原因，提供丰富的活动材料吸引幼儿参与运动活动。,提醒幼儿现在是运动时间，请他们等自由游戏时间再一起玩“艾莎公主”的游戏。,利用艾莎公主的鞋子设计走、跑、跳等活动，并以参与者的身份邀请幼儿一起参与运动。,肯定幼儿自主游戏的行为，言语引导幼儿穿着“漂亮的鞋子”参与运动。,D 支架策略与游戏推进,A 儿童视角/B 目标平衡,R/G,2,1,,1,0.0,0.3,1.0,1.0,0.0,0.5,0.438015,0.45,0.416901,68,56.222458,R/P/G多源证据重复入选，系统解释强度较高；IIV规范化信号：主要IIV信号：过程冲突、修正信号、选项焦点变化；可追问选项比较：教师B：提醒幼儿现在是运动时间，请他们等自由游戏时间再一起玩“艾莎公主”的游戏。；教师C：利用艾莎公主的鞋子设计走、跑、跳等活动，并以参与者的身份邀请幼儿一起参与运动。,覆盖能力类型：D 支架策略与游戏推进,解释相对优势端如何形成；能力分化画像,A,B/C,教师A：询问幼儿没有参与运动的原因，提供丰富的活动材料吸引幼儿参与运动活动。,教师B：提醒幼儿现在是运动时间，请他们等自由游戏时间再一起玩“艾莎公主”的游戏。；教师C：利用艾莎公主的鞋子设计走、跑、跳等活动，并以参与者的身份邀请幼儿一起参与运动。,请回忆第9题这个情境。当时的情境是：小班的一次户外运动，有几个女孩子从一开始就没有选择任何体育活动项目，而是聚在一起坐在地上玩“艾莎公主”的游戏，比一比谁的鞋子最漂亮，谁的魔法最厉害。当时提供的做法包括：教师A：询问幼儿没有参与运动的原因，提供丰富的活动材料吸引幼儿参与运动活动；教师B：提醒幼儿现在是运动时间，请他们等自由游戏时间再一起玩“艾莎公主”的游戏；教师C：利用艾莎公主的鞋子设计走、跑、跳等活动，并以参与者的身份邀请幼儿一起参与运动；教师D：肯定幼儿自主游戏的行为，言语引导幼儿穿着“漂亮的鞋子”参与运动。可以先从这个情境本身追问：几个女孩在户外运动时间玩艾莎公主时，你当时更关注运动目标，还是关注她们正在生成的角色游戏兴趣？；如果要把艾莎公主游戏和运动活动连接起来，你觉得教师可以怎样做才不显得生硬？。然后可围绕其作答过程中的重点比较追问：你当时是怎样比较以下两种做法的：教师B：提醒幼儿现在是运动时间，请他们等自由游戏时间再一起玩“艾莎公主”的游戏；教师C：利用艾莎公主的鞋子设计走、跑、跳等活动，并以参与者的身份邀请幼儿一起参与运动？如果教师提到调整过顺序，再追问：是什么信息或想法让你改变了当时的排序？请只围绕情境理解、判断依据和选项比较提问，不要提及任何内部计算指标、得分、排名、入选原因或评价性判断。,,访谈提醒：本程序用于筛选值得访谈的情境题，不用于向教师反馈测评成绩。后续AI访谈或人工访谈时，不得向教师透露得分、排名、R/P/G分、IIV或任何评价性结果。
教师03,sim_openid_003_147733,2,Q5,5,消防员救火开心,近几天，中班的幼儿十分热衷于在区域游戏时间玩“消防员救火”的游戏。游戏结束后的交流活动中，老师问幼儿最想分享什么时，阳阳说“娃娃家着火了，好开心啊！”。,抓住教育契机，向幼儿耐心解释真实的火灾会造成物品损失和人员伤亡。,询问幼儿开心的是“着火”本身，还是消防员成功救火、娃娃家的人得救？,引导幼儿思考“娃娃家着火”值不值得开心，帮助他们认识真实火灾是危险的。,请阳阳讲讲娃娃家着火后发生了什么、为什么开心，借此理解幼儿的游戏体验。,A 游戏意义理解与儿童视角,B 价值平衡,R/G,2,2,,2,0.75,0.45,0.666667,0.25,0.171269,0.75,0.483337,0.57546,0.546294,59,84.500116,R/P/G多源证据重复入选，系统解释强度较高；IIV规范化信号：主要IIV信号：结果风险、选项焦点变化、过程冲突；可追问选项比较：教师A：抓住教育契机，向幼儿耐心解释真实的火灾会造成物品损失和人员伤亡。；教师B：询问幼儿开心的是“着火”本身，还是消防员成功救火、娃娃家的人得救？,覆盖能力类型：A 游戏意义理解与儿童视角,解释相对薄弱端如何形成；能力分化画像,C,A/B,教师C：引导幼儿思考“娃娃家着火”值不值得开心，帮助他们认识真实火灾是危险的。,教师A：抓住教育契机，向幼儿耐心解释真实的火灾会造成物品损失和人员伤亡。；教师B：询问幼儿开心的是“着火”本身，还是消防员成功救火、娃娃家的人得救？,请回忆第5题这个情境。当时的情境是：近几天，中班的幼儿十分热衷于在区域游戏时间玩“消防员救火”的游戏。游戏结束后的交流活动中，老师问幼儿最想分享什么时，阳阳说“娃娃家着火了，好开心啊！”。当时提供的做法包括：教师A：抓住教育契机，向幼儿耐心解释真实的火灾会造成物品损失和人员伤亡；教师B：询问幼儿开心的是“着火”本身，还是消防员成功救火、娃娃家的人得救；教师C：引导幼儿思考“娃娃家着火”值不值得开心，帮助他们认识真实火灾是危险的；教师D：请阳阳讲讲娃娃家着火后发生了什么、为什么开心，借此理解幼儿的游戏体验。可以先从这个情境本身追问：阳阳说娃娃家着火了很开心时，你当时更关注真实火灾的危险教育，还是先理解他在游戏里的开心来自哪里？；你觉得教师怎样回应，既不否定幼儿的游戏体验，又能引导他们理解真实火灾的意义？。然后可围绕其作答过程中的重点比较追问：你当时是怎样比较以下两种做法的：教师A：抓住教育契机，向幼儿耐心解释真实的火灾会造成物品损失和人员伤亡；教师B：询问幼儿开心的是“着火”本身，还是消防员成功救火、娃娃家的人得救？如果教师提到调整过顺序，再追问：是什么信息或想法让你改变了当时的排序？请只围绕情境理解、判断依据和选项比较提问，不要提及任何内部计算指标、得分、排名、入选原因或评价性判断。,,访谈提醒：本程序用于筛选值得访谈的情境题，不用于向教师反馈测评成绩。后续AI访谈或人工访谈时，不得向教师透露得分、排名、R/P/G分、IIV或任何评价性结果。
教师03,sim_openid_003_147733,3,Q2,2,未参与小组建构,大班建构活动中，睿睿和其他幼儿计划一起搭积木大桥，他们讨论了搭建方法，并进入区域开始搭建。就在其他幼儿在认真搭建时，睿睿发现了一块长条木板，他一会儿在地上推着走，一会儿当枪使，没有再参与小组的搭建。,继续观察，后续分享中支持睿睿思考如何把长条木板融入小组的建构中。,肯定睿睿的创造性玩法，询问他长条板能否当桥面，引导他参与到搭桥任务中。,引导睿睿回顾计划，建议他先完成共同任务，长条木板可以等自由游戏时再玩。,看到睿睿玩得开心，暂不介入，等下一次活动时再提醒他根据计划开展游戏。,D 支架策略与游戏推进,E 共同游戏组织,P,1,,1,,0.25,0.05,1.0,0.75,0.751639,1.0,0.795833,0.625164,0.559956,28,34.601191,来自P分候选，作答过程具有访谈解释价值；IIV规范化信号：主要IIV信号：过程冲突、选项焦点变化、同题过程信息量；可追问选项比较：教师A：继续观察，后续分享中支持睿睿思考如何把长条木板融入小组的建构中。；教师B：肯定睿睿的创造性玩法，询问他长条板能否当桥面，引导他参与到搭桥任务中。,覆盖能力类型：D 支架策略与游戏推进,追问后续主要在比较哪些做法、为什么调整；追问最理想或最不理想做法的判断为什么发生变化；追问是否曾把某做法从合适改判为不合适，或相反；追问当时是否在几个判断标准之间反复权衡,A,A/B,教师A：继续观察，后续分享中支持睿睿思考如何把长条木板融入小组的建构中。,教师A：继续观察，后续分享中支持睿睿思考如何把长条木板融入小组的建构中。；教师B：肯定睿睿的创造性玩法，询问他长条板能否当桥面，引导他参与到搭桥任务中。,请回忆第2题这个情境。当时的情境是：大班建构活动中，睿睿和其他幼儿计划一起搭积木大桥，他们讨论了搭建方法，并进入区域开始搭建。就在其他幼儿在认真搭建时，睿睿发现了一块长条木板，他一会儿在地上推着走，一会儿当枪使，没有再参与小组的搭建。当时提供的做法包括：教师A：继续观察，后续分享中支持睿睿思考如何把长条木板融入小组的建构中；教师B：肯定睿睿的创造性玩法，询问他长条板能否当桥面，引导他参与到搭桥任务中；教师C：引导睿睿回顾计划，建议他先完成共同任务，长条木板可以等自由游戏时再玩；教师D：看到睿睿玩得开心，暂不介入，等下一次活动时再提醒他根据计划开展游戏。可以先从这个情境本身追问：睿睿离开了原来的搭桥计划去玩长条木板，你当时怎样理解他的行为：是偏离共同任务，还是出现了新的游戏线索？；面对共同建构计划和幼儿临时兴趣之间的变化，你觉得教师什么时候应该介入，什么时候可以继续观察？。然后可围绕其作答过程中的重点比较追问：你当时是怎样比较以下两种做法的：教师A：继续观察，后续分享中支持睿睿思考如何把长条木板融入小组的建构中；教师B：肯定睿睿的创造性玩法，询问他长条板能否当桥面，引导他参与到搭桥任务中？如果教师提到调整过顺序，再追问：是什么信息或想法让你改变了当时的排序？请只围绕情境理解、判断依据和选项比较提问，不要提及任何内部计算指标、得分、排名、入选原因或评价性判断。,,访谈提醒：本程序用于筛选值得访谈的情境题，不用于向教师反馈测评成绩。后续AI访谈或人工访谈时，不得向教师透露得分、排名、R/P/G分、IIV或任何评价性结果。
教师04,sim_openid_004_774211,1,Q10,10,引水难题未解,中班上学期，幼儿在“引水游戏”中遇到了难题——水无法被引到竹片管道上。他们不断调整竹片拼接的方式，却始终没能成功，即竹片一头高于出水管道，阻碍了引流。渐渐地幼儿的探索兴趣也减弱了，有的开始玩水，有的甚至离开了水池。,示范正确的引水方法，请幼儿注意观察并说说引水的要领，再自己试一试。,加入幼儿的探索，引导他们观察水流受阻的位置，一起尝试调整竹片的摆放方式。,组织幼儿就游戏困难进行讨论，寻找解决问题的方案，引导幼儿再次尝试。,投放更多辅助引水的材料，重新激起幼儿的探索兴趣，继续观察游戏进展。,C 观察诊断与介入时机,D 探究支架,R/P/G,3,1,2,1,0.0,0.3,0.833333,0.75,0.509362,1.0,0.789919,0.467603,0.472932,92,93.697558,R/P/G多源证据重复入选，系统解释强度较高；IIV规范化信号：主要IIV信号：选项焦点变化、过程冲突、同题过程信息量；可追问选项比较：教师B：加入幼儿的探索，引导他们观察水流受阻的位置，一起尝试调整竹片的摆放方式。；教师C：组织幼儿就游戏困难进行讨论，寻找解决问题的方案，引导幼儿再次尝试。,覆盖能力类型：C 观察诊断与介入时机,解释相对优势端如何形成；请教师回忆读到情境后最先注意到什么、是否很快形成判断或感到难判断；追问后续主要在比较哪些做法、为什么调整；追问最理想或最不理想做法的判断为什么发生变化；追问是否曾把某做法从合适改判为不合适，或相反；能力分化画像,D,B/C,教师D：投放更多辅助引水的材料，重新激起幼儿的探索兴趣，继续观察游戏进展。,教师B：加入幼儿的探索，引导他们观察水流受阻的位置，一起尝试调整竹片的摆放方式。；教师C：组织幼儿就游戏困难进行讨论，寻找解决问题的方案，引导幼儿再次尝试。,请回忆第10题这个情境。当时的情境是：中班上学期，幼儿在“引水游戏”中遇到了难题——水无法被引到竹片管道上。他们不断调整竹片拼接的方式，却始终没能成功，即竹片一头高于出水管道，阻碍了引流。渐渐地幼儿的探索兴趣也减弱了，有的开始玩水，有的甚至离开了水池。当时提供的做法包括：教师A：示范正确的引水方法，请幼儿注意观察并说说引水的要领，再自己试一试；教师B：加入幼儿的探索，引导他们观察水流受阻的位置，一起尝试调整竹片的摆放方式；教师C：组织幼儿就游戏困难进行讨论，寻找解决问题的方案，引导幼儿再次尝试；教师D：投放更多辅助引水的材料，重新激起幼儿的探索兴趣，继续观察游戏进展。可以先从这个情境本身追问：孩子们引水失败、兴趣减弱时，你当时更倾向于直接示范方法，还是继续支持他们自己发现水流受阻的原因？；你觉得教师怎样提供支架，既能帮助问题解决，又保留幼儿继续探究的空间？。然后可围绕其作答过程中的重点比较追问：你当时是怎样比较以下两种做法的：教师B：加入幼儿的探索，引导他们观察水流受阻的位置，一起尝试调整竹片的摆放方式；教师C：组织幼儿就游戏困难进行讨论，寻找解决问题的方案，引导幼儿再次尝试？如果教师提到调整过顺序，再追问：是什么信息或想法让你改变了当时的排序？请只围绕情境理解、判断依据和选项比较提问，不要提及任何内部计算指标、得分、排名、入选原因或评价性判断。,,访谈提醒：本程序用于筛选值得访谈的情境题，不用于向教师反馈测评成绩。后续AI访谈或人工访谈时，不得向教师透露得分、排名、R/P/G分、IIV或任何评价性结果。
教师04,sim_openid_004_774211,2,Q2,2,未参与小组建构,大班建构活动中，睿睿和其他幼儿计划一起搭积木大桥，他们讨论了搭建方法，并进入区域开始搭建。就在其他幼儿在认真搭建时，睿睿发现了一块长条木板，他一会儿在地上推着走，一会儿当枪使，没有再参与小组的搭建。,继续观察，后续分享中支持睿睿思考如何把长条木板融入小组的建构中。,肯定睿睿的创造性玩法，询问他长条板能否当桥面，引导他参与到搭桥任务中。,引导睿睿回顾计划，建议他先完成共同任务，长条木板可以等自由游戏时再玩。,看到睿睿玩得开心，暂不介入，等下一次活动时再提醒他根据计划开展游戏。,D 支架策略与游戏推进,E 共同游戏组织,R/P/G,3,2,1,2,0.5,0.2,0.857143,0.5,0.947162,1.0,0.818667,0.666145,0.619221,87,71.58193,R/P/G多源证据重复入选，系统解释强度较高；IIV规范化信号：主要IIV信号：选项焦点变化、相对时间信号、过程冲突；可追问选项比较：教师C：引导睿睿回顾计划，建议他先完成共同任务，长条木板可以等自由游戏时再玩。；教师D：看到睿睿玩得开心，暂不介入，等下一次活动时再提醒他根据计划开展游戏。,覆盖能力类型：D 支架策略与游戏推进,解释相对薄弱端如何形成；追问后续主要在比较哪些做法、为什么调整；追问最理想或最不理想做法的判断为什么发生变化；追问是否曾把某做法从合适改判为不合适，或相反；追问当时是否在几个判断标准之间反复权衡；能力分化画像,C,C/D,教师C：引导睿睿回顾计划，建议他先完成共同任务，长条木板可以等自由游戏时再玩。,教师C：引导睿睿回顾计划，建议他先完成共同任务，长条木板可以等自由游戏时再玩。；教师D：看到睿睿玩得开心，暂不介入，等下一次活动时再提醒他根据计划开展游戏。,请回忆第2题这个情境。当时的情境是：大班建构活动中，睿睿和其他幼儿计划一起搭积木大桥，他们讨论了搭建方法，并进入区域开始搭建。就在其他幼儿在认真搭建时，睿睿发现了一块长条木板，他一会儿在地上推着走，一会儿当枪使，没有再参与小组的搭建。当时提供的做法包括：教师A：继续观察，后续分享中支持睿睿思考如何把长条木板融入小组的建构中；教师B：肯定睿睿的创造性玩法，询问他长条板能否当桥面，引导他参与到搭桥任务中；教师C：引导睿睿回顾计划，建议他先完成共同任务，长条木板可以等自由游戏时再玩；教师D：看到睿睿玩得开心，暂不介入，等下一次活动时再提醒他根据计划开展游戏。可以先从这个情境本身追问：睿睿离开了原来的搭桥计划去玩长条木板，你当时怎样理解他的行为：是偏离共同任务，还是出现了新的游戏线索？；面对共同建构计划和幼儿临时兴趣之间的变化，你觉得教师什么时候应该介入，什么时候可以继续观察？。然后可围绕其作答过程中的重点比较追问：你当时是怎样比较以下两种做法的：教师C：引导睿睿回顾计划，建议他先完成共同任务，长条木板可以等自由游戏时再玩；教师D：看到睿睿玩得开心，暂不介入，等下一次活动时再提醒他根据计划开展游戏？如果教师提到调整过顺序，再追问：是什么信息或想法让你改变了当时的排序？请只围绕情境理解、判断依据和选项比较提问，不要提及任何内部计算指标、得分、排名、入选原因或评价性判断。,,访谈提醒：本程序用于筛选值得访谈的情境题，不用于向教师反馈测评成绩。后续AI访谈或人工访谈时，不得向教师透露得分、排名、R/P/G分、IIV或任何评价性结果。
教师04,sim_openid_004_774211,3,Q7,7,飞行棋各走各的,大班区域游戏中，轩轩和小宇一起玩飞行棋，他们将棋子摆好后，各自拿了一个骰子开始投，小宇说：“该我走。”轩轩说：“明明该我走！”相持不下，于是两人各拿一个骰子，自顾自地走自己的棋。,耐心讲解共同游戏的规则，再以“棋手”身份加入游戏进行示范引导。,暂不介入，继续观察游戏进展，待区域小结时请幼儿分享游戏中的体验和问题。,拿走一个骰子，请幼儿商量只有一个骰子的共同游戏规则，达成一致后再开始游戏。,待幼儿体验一轮各走各的游戏后，询问幼儿的游戏体验，提示共同游戏规则的作用。,E 共同游戏组织与规则共建,B 规则平衡,备用补入,0,,,,0.0,0.3,1.0,1.0,0.146277,0.75,0.601403,0.489628,0.464698,0,83.759276,候选不足时按备用综合分补入；IIV规范化信号：主要IIV信号：过程冲突、修正信号、选项焦点变化；可追问选项比较：教师B：暂不介入，继续观察游戏进展，待区域小结时请幼儿分享游戏中的体验和问题。；教师C：拿走一个骰子，请幼儿商量只有一个骰子的共同游戏规则，达成一致后再开始游戏。,覆盖能力类型：E 共同游戏组织与规则共建,围绕该情境理解、选项比较和判断依据进行访谈,A,B/C,教师A：耐心讲解共同游戏的规则，再以“棋手”身份加入游戏进行示范引导。,教师B：暂不介入，继续观察游戏进展，待区域小结时请幼儿分享游戏中的体验和问题。；教师C：拿走一个骰子，请幼儿商量只有一个骰子的共同游戏规则，达成一致后再开始游戏。,请回忆第7题这个情境。当时的情境是：大班区域游戏中，轩轩和小宇一起玩飞行棋，他们将棋子摆好后，各自拿了一个骰子开始投，小宇说：“该我走。”轩轩说：“明明该我走！”相持不下，于是两人各拿一个骰子，自顾自地走自己的棋。当时提供的做法包括：教师A：耐心讲解共同游戏的规则，再以“棋手”身份加入游戏进行示范引导；教师B：暂不介入，继续观察游戏进展，待区域小结时请幼儿分享游戏中的体验和问题；教师C：拿走一个骰子，请幼儿商量只有一个骰子的共同游戏规则，达成一致后再开始游戏；教师D：待幼儿体验一轮各走各的游戏后，询问幼儿的游戏体验，提示共同游戏规则的作用。可以先从这个情境本身追问：两个孩子各走各的棋时，你当时更关注共同游戏规则的建立，还是先让他们体验这种玩法会带来什么问题？；你觉得教师怎样帮助幼儿从各玩各的，过渡到真正的共同游戏？。然后可围绕其作答过程中的重点比较追问：你当时是怎样比较以下两种做法的：教师B：暂不介入，继续观察游戏进展，待区域小结时请幼儿分享游戏中的体验和问题；教师C：拿走一个骰子，请幼儿商量只有一个骰子的共同游戏规则，达成一致后再开始游戏？如果教师提到调整过顺序，再追问：是什么信息或想法让你改变了当时的排序？请只围绕情境理解、判断依据和选项比较提问，不要提及任何内部计算指标、得分、排名、入选原因或评价性判断。,候选池不足3题，按备用综合分补入,访谈提醒：本程序用于筛选值得访谈的情境题，不用于向教师反馈测评成绩。后续AI访谈或人工访谈时，不得向教师透露得分、排名、R/P/G分、IIV或任何评价性结果。
教师05,sim_openid_005_597917,1,Q4,4,频繁求助,中班区域活动时，小明选择了建构区。玩了一会儿，他跑到老师面前说“老师，我不会搭……帮帮我吧”，教师问他需要什么帮助时，他一边说我不会搭，一边却很快地将房子从一层积木加高到了两层。看小明专注搭建后，老师就离开建构区了。可是没一会，小明又找了老师好几次，说“老师，帮帮我吧，我不会搭”。,鼓励小明独立搭建，引导他思考接下来如何搭建，及时表扬他的努力。,先示范搭建关键部分，请小明观察方法，再鼓励他照着继续搭建。,在旁观察小明的搭建过程，并适时反馈，帮助他理清搭建步骤。,帮小明回顾已搭建完成的部分，指导他设定小目标，尝试自己实现。,C 观察诊断与介入时机,D 支架策略,R/G,2,1,,1,0.0,0.55,0.75,0.5,0.0,0.75,0.661333,0.325,0.378067,68,89.84,R/P/G多源证据重复入选，系统解释强度较高；IIV规范化信号：主要IIV信号：过程冲突、选项焦点变化、同题过程信息量；可追问选项比较：教师B：先示范搭建关键部分，请小明观察方法，再鼓励他照着继续搭建。；教师C：在旁观察小明的搭建过程，并适时反馈，帮助他理清搭建步骤。,覆盖能力类型：C 观察诊断与介入时机,解释如何通过比较、修正或重新权衡形成相对较好判断，关注可激活能力；相对优势和可激活能力解释,B,B/C,教师B：先示范搭建关键部分，请小明观察方法，再鼓励他照着继续搭建。,教师B：先示范搭建关键部分，请小明观察方法，再鼓励他照着继续搭建。；教师C：在旁观察小明的搭建过程，并适时反馈，帮助他理清搭建步骤。,请回忆第4题这个情境。当时的情境是：中班区域活动时，小明选择了建构区。玩了一会儿，他跑到老师面前说“老师，我不会搭……帮帮我吧”，教师问他需要什么帮助时，他一边说我不会搭，一边却很快地将房子从一层积木加高到了两层。看小明专注搭建后，老师就离开建构区了。可是没一会，小明又找了老师好几次，说“老师，帮帮我吧，我不会搭”。当时提供的做法包括：教师A：鼓励小明独立搭建，引导他思考接下来如何搭建，及时表扬他的努力；教师B：先示范搭建关键部分，请小明观察方法，再鼓励他照着继续搭建；教师C：在旁观察小明的搭建过程，并适时反馈，帮助他理清搭建步骤；教师D：帮小明回顾已搭建完成的部分，指导他设定小目标，尝试自己实现。可以先从这个情境本身追问：小明一边说不会搭，一边又能继续加高房子，你当时怎样判断他真正需要的帮助是什么？；面对幼儿反复求助，你觉得教师怎样支持，既不替代幼儿完成，又能帮助他继续推进游戏？。然后可围绕其作答过程中的重点比较追问：你当时是怎样比较以下两种做法的：教师B：先示范搭建关键部分，请小明观察方法，再鼓励他照着继续搭建；教师C：在旁观察小明的搭建过程，并适时反馈，帮助他理清搭建步骤？如果教师提到调整过顺序，再追问：是什么信息或想法让你改变了当时的排序？请只围绕情境理解、判断依据和选项比较提问，不要提及任何内部计算指标、得分、排名、入选原因或评价性判断。,,访谈提醒：本程序用于筛选值得访谈的情境题，不用于向教师反馈测评成绩。后续AI访谈或人工访谈时，不得向教师透露得分、排名、R/P/G分、IIV或任何评价性结果。
教师05,sim_openid_005_597917,2,Q8,8,跳绳秩序混乱,周三下午，大五班的幼儿正自发进行跳绳游戏。李老师观察后发现，挤在一起跳绳的幼儿人数较多，整个场面十分混乱，幼儿很容易出现碰撞现象。此外，由于当“柱子”的幼儿很久才能轮上跳绳，因此也显得很不耐烦。,请幼儿暂停游戏，将幼儿分成多个小组并引导他们以小组为单位分区域开展游戏。,请幼儿说一说跳绳活动中存在的问题，并邀请幼儿一起设置跳绳的规则。,提供更多数量和不同种类的跳绳，并言语引导幼儿分组分区同时进行跳绳游戏。,暂不介入，活动分享时通过照片或视频回放引导幼儿发现问题并商议解决办法。,E 共同游戏组织与规则共建,B 安全秩序,G,1,,,2,0.25,0.3,0.0,0.0,0.0,0.0,0.101833,0.1,0.125092,35,44.587588,来自G分候选，具有结果-过程关系解释价值；IIV规范化信号：主要IIV信号：个人内相对偏离、结果风险、同题过程信息量,覆盖能力类型：E 共同游戏组织与规则共建,解释为什么能快速稳定形成较好判断，关注已有经验或优势图式,,,,,请回忆第8题这个情境。当时的情境是：周三下午，大五班的幼儿正自发进行跳绳游戏。李老师观察后发现，挤在一起跳绳的幼儿人数较多，整个场面十分混乱，幼儿很容易出现碰撞现象。此外，由于当“柱子”的幼儿很久才能轮上跳绳，因此也显得很不耐烦。当时提供的做法包括：教师A：请幼儿暂停游戏，将幼儿分成多个小组并引导他们以小组为单位分区域开展游戏；教师B：请幼儿说一说跳绳活动中存在的问题，并邀请幼儿一起设置跳绳的规则；教师C：提供更多数量和不同种类的跳绳，并言语引导幼儿分组分区同时进行跳绳游戏；教师D：暂不介入，活动分享时通过照片或视频回放引导幼儿发现问题并商议解决办法。可以先从这个情境本身追问：跳绳现场混乱且可能碰撞时，你当时更倾向于立即组织秩序，还是先让幼儿自己发现问题？；在安全风险和幼儿自主制定规则之间，你觉得教师应该怎样把握介入时机？。然后可追问：你当时主要依据什么来排列这些做法？如果教师提到调整过顺序，再追问：是什么信息或想法让你改变了当时的排序？请只围绕情境理解、判断依据和选项比较提问，不要提及任何内部计算指标、得分、排名、入选原因或评价性判断。,,访谈提醒：本程序用于筛选值得访谈的情境题，不用于向教师反馈测评成绩。后续AI访谈或人工访谈时，不得向教师透露得分、排名、R/P/G分、IIV或任何评价性结果。
教师05,sim_openid_005_597917,3,Q7,7,飞行棋各走各的,大班区域游戏中，轩轩和小宇一起玩飞行棋，他们将棋子摆好后，各自拿了一个骰子开始投，小宇说：“该我走。”轩轩说：“明明该我走！”相持不下，于是两人各拿一个骰子，自顾自地走自己的棋。,耐心讲解共同游戏的规则，再以“棋手”身份加入游戏进行示范引导。,暂不介入，继续观察游戏进展，待区域小结时请幼儿分享游戏中的体验和问题。,拿走一个骰子，请幼儿商量只有一个骰子的共同游戏规则，达成一致后再开始游戏。,待幼儿体验一轮各走各的游戏后，询问幼儿的游戏体验，提示共同游戏规则的作用。,E 共同游戏组织与规则共建,B 规则平衡,P,1,,1,,1.0,0.45,1.0,1.0,0.770504,1.0,0.892961,0.97705,0.889198,28,58.667,来自P分候选，作答过程具有访谈解释价值；IIV规范化信号：主要IIV信号：结果风险、过程冲突、修正信号；可追问选项比较：教师B：暂不介入，继续观察游戏进展，待区域小结时请幼儿分享游戏中的体验和问题。；教师C：拿走一个骰子，请幼儿商量只有一个骰子的共同游戏规则，达成一致后再开始游戏。,覆盖能力类型：E 共同游戏组织与规则共建,请教师回忆读到情境后最先注意到什么、是否很快形成判断或感到难判断；追问后续主要在比较哪些做法、为什么调整；追问最理想或最不理想做法的判断为什么发生变化；追问是否曾把某做法从合适改判为不合适，或相反；追问当时是否在几个判断标准之间反复权衡,B,B/C,教师B：暂不介入，继续观察游戏进展，待区域小结时请幼儿分享游戏中的体验和问题。,教师B：暂不介入，继续观察游戏进展，待区域小结时请幼儿分享游戏中的体验和问题。；教师C：拿走一个骰子，请幼儿商量只有一个骰子的共同游戏规则，达成一致后再开始游戏。,请回忆第7题这个情境。当时的情境是：大班区域游戏中，轩轩和小宇一起玩飞行棋，他们将棋子摆好后，各自拿了一个骰子开始投，小宇说：“该我走。”轩轩说：“明明该我走！”相持不下，于是两人各拿一个骰子，自顾自地走自己的棋。当时提供的做法包括：教师A：耐心讲解共同游戏的规则，再以“棋手”身份加入游戏进行示范引导；教师B：暂不介入，继续观察游戏进展，待区域小结时请幼儿分享游戏中的体验和问题；教师C：拿走一个骰子，请幼儿商量只有一个骰子的共同游戏规则，达成一致后再开始游戏；教师D：待幼儿体验一轮各走各的游戏后，询问幼儿的游戏体验，提示共同游戏规则的作用。可以先从这个情境本身追问：两个孩子各走各的棋时，你当时更关注共同游戏规则的建立，还是先让他们体验这种玩法会带来什么问题？；你觉得教师怎样帮助幼儿从各玩各的，过渡到真正的共同游戏？。然后可围绕其作答过程中的重点比较追问：你当时是怎样比较以下两种做法的：教师B：暂不介入，继续观察游戏进展，待区域小结时请幼儿分享游戏中的体验和问题；教师C：拿走一个骰子，请幼儿商量只有一个骰子的共同游戏规则，达成一致后再开始游戏？如果教师提到调整过顺序，再追问：是什么信息或想法让你改变了当时的排序？请只围绕情境理解、判断依据和选项比较提问，不要提及任何内部计算指标、得分、排名、入选原因或评价性判断。,,访谈提醒：本程序用于筛选值得访谈的情境题，不用于向教师反馈测评成绩。后续AI访谈或人工访谈时，不得向教师透露得分、排名、R/P/G分、IIV或任何评价性结果。
教师06,sim_openid_006_270790,1,Q2,2,未参与小组建构,大班建构活动中，睿睿和其他幼儿计划一起搭积木大桥，他们讨论了搭建方法，并进入区域开始搭建。就在其他幼儿在认真搭建时，睿睿发现了一块长条木板，他一会儿在地上推着走，一会儿当枪使，没有再参与小组的搭建。,继续观察，后续分享中支持睿睿思考如何把长条木板融入小组的建构中。,肯定睿睿的创造性玩法，询问他长条板能否当桥面，引导他参与到搭桥任务中。,引导睿睿回顾计划，建议他先完成共同任务，长条木板可以等自由游戏时再玩。,看到睿睿玩得开心，暂不介入，等下一次活动时再提醒他根据计划开展游戏。,D 支架策略与游戏推进,E 共同游戏组织,R/G,2,1,,1,0.0,0.625,1.0,1.0,0.719062,1.0,0.5705,0.571906,0.594181,68,87.115,R/P/G多源证据重复入选，系统解释强度较高；IIV规范化信号：主要IIV信号：过程冲突、修正信号、选项焦点变化；可追问选项比较：教师C：引导睿睿回顾计划，建议他先完成共同任务，长条木板可以等自由游戏时再玩。；教师D：看到睿睿玩得开心，暂不介入，等下一次活动时再提醒他根据计划开展游戏。,覆盖能力类型：D 支架策略与游戏推进,解释如何通过比较、修正或重新权衡形成相对较好判断，关注可激活能力；相对优势和可激活能力解释,A,C/D,教师A：继续观察，后续分享中支持睿睿思考如何把长条木板融入小组的建构中。,教师C：引导睿睿回顾计划，建议他先完成共同任务，长条木板可以等自由游戏时再玩。；教师D：看到睿睿玩得开心，暂不介入，等下一次活动时再提醒他根据计划开展游戏。,请回忆第2题这个情境。当时的情境是：大班建构活动中，睿睿和其他幼儿计划一起搭积木大桥，他们讨论了搭建方法，并进入区域开始搭建。就在其他幼儿在认真搭建时，睿睿发现了一块长条木板，他一会儿在地上推着走，一会儿当枪使，没有再参与小组的搭建。当时提供的做法包括：教师A：继续观察，后续分享中支持睿睿思考如何把长条木板融入小组的建构中；教师B：肯定睿睿的创造性玩法，询问他长条板能否当桥面，引导他参与到搭桥任务中；教师C：引导睿睿回顾计划，建议他先完成共同任务，长条木板可以等自由游戏时再玩；教师D：看到睿睿玩得开心，暂不介入，等下一次活动时再提醒他根据计划开展游戏。可以先从这个情境本身追问：睿睿离开了原来的搭桥计划去玩长条木板，你当时怎样理解他的行为：是偏离共同任务，还是出现了新的游戏线索？；面对共同建构计划和幼儿临时兴趣之间的变化，你觉得教师什么时候应该介入，什么时候可以继续观察？。然后可围绕其作答过程中的重点比较追问：你当时是怎样比较以下两种做法的：教师C：引导睿睿回顾计划，建议他先完成共同任务，长条木板可以等自由游戏时再玩；教师D：看到睿睿玩得开心，暂不介入，等下一次活动时再提醒他根据计划开展游戏？如果教师提到调整过顺序，再追问：是什么信息或想法让你改变了当时的排序？请只围绕情境理解、判断依据和选项比较提问，不要提及任何内部计算指标、得分、排名、入选原因或评价性判断。,,访谈提醒：本程序用于筛选值得访谈的情境题，不用于向教师反馈测评成绩。后续AI访谈或人工访谈时，不得向教师透露得分、排名、R/P/G分、IIV或任何评价性结果。
教师06,sim_openid_006_270790,2,Q10,10,引水难题未解,中班上学期，幼儿在“引水游戏”中遇到了难题——水无法被引到竹片管道上。他们不断调整竹片拼接的方式，却始终没能成功，即竹片一头高于出水管道，阻碍了引流。渐渐地幼儿的探索兴趣也减弱了，有的开始玩水，有的甚至离开了水池。,示范正确的引水方法，请幼儿注意观察并说说引水的要领，再自己试一试。,加入幼儿的探索，引导他们观察水流受阻的位置，一起尝试调整竹片的摆放方式。,组织幼儿就游戏困难进行讨论，寻找解决问题的方案，引导幼儿再次尝试。,投放更多辅助引水的材料，重新激起幼儿的探索兴趣，继续观察游戏进展。,C 观察诊断与介入时机,D 探究支架,R/P,2,2,2,,0.5,0.125,0.666667,0.25,0.238485,0.75,0.58036,0.482182,0.434116,48,30.538281,R/P/G多源证据重复入选，系统解释强度较高；IIV规范化信号：主要IIV信号：选项焦点变化、过程冲突、同题过程信息量；可追问选项比较：教师B：加入幼儿的探索，引导他们观察水流受阻的位置，一起尝试调整竹片的摆放方式。；教师D：投放更多辅助引水的材料，重新激起幼儿的探索兴趣，继续观察游戏进展。,覆盖能力类型：C 观察诊断与介入时机,请教师回忆读到情境后最先注意到什么、是否很快形成判断或感到难判断；追问最理想或最不理想做法的判断为什么发生变化；相对优势和可激活能力解释,A,B/D,教师A：示范正确的引水方法，请幼儿注意观察并说说引水的要领，再自己试一试。,教师B：加入幼儿的探索，引导他们观察水流受阻的位置，一起尝试调整竹片的摆放方式。；教师D：投放更多辅助引水的材料，重新激起幼儿的探索兴趣，继续观察游戏进展。,请回忆第10题这个情境。当时的情境是：中班上学期，幼儿在“引水游戏”中遇到了难题——水无法被引到竹片管道上。他们不断调整竹片拼接的方式，却始终没能成功，即竹片一头高于出水管道，阻碍了引流。渐渐地幼儿的探索兴趣也减弱了，有的开始玩水，有的甚至离开了水池。当时提供的做法包括：教师A：示范正确的引水方法，请幼儿注意观察并说说引水的要领，再自己试一试；教师B：加入幼儿的探索，引导他们观察水流受阻的位置，一起尝试调整竹片的摆放方式；教师C：组织幼儿就游戏困难进行讨论，寻找解决问题的方案，引导幼儿再次尝试；教师D：投放更多辅助引水的材料，重新激起幼儿的探索兴趣，继续观察游戏进展。可以先从这个情境本身追问：孩子们引水失败、兴趣减弱时，你当时更倾向于直接示范方法，还是继续支持他们自己发现水流受阻的原因？；你觉得教师怎样提供支架，既能帮助问题解决，又保留幼儿继续探究的空间？。然后可围绕其作答过程中的重点比较追问：你当时是怎样比较以下两种做法的：教师B：加入幼儿的探索，引导他们观察水流受阻的位置，一起尝试调整竹片的摆放方式；教师D：投放更多辅助引水的材料，重新激起幼儿的探索兴趣，继续观察游戏进展？如果教师提到调整过顺序，再追问：是什么信息或想法让你改变了当时的排序？请只围绕情境理解、判断依据和选项比较提问，不要提及任何内部计算指标、得分、排名、入选原因或评价性判断。,,访谈提醒：本程序用于筛选值得访谈的情境题，不用于向教师反馈测评成绩。后续AI访谈或人工访谈时，不得向教师透露得分、排名、R/P/G分、IIV或任何评价性结果。
教师06,sim_openid_006_270790,3,Q9,9,艾莎公主不运动,小班的一次户外运动，有几个女孩子从一开始就没有选择任何体育活动项目，而是聚在一起坐在地上玩“艾莎公主”的游戏，比一比谁的鞋子最漂亮，谁的魔法最厉害。,询问幼儿没有参与运动的原因，提供丰富的活动材料吸引幼儿参与运动活动。,提醒幼儿现在是运动时间，请他们等自由游戏时间再一起玩“艾莎公主”的游戏。,利用艾莎公主的鞋子设计走、跑、跳等活动，并以参与者的身份邀请幼儿一起参与运动。,肯定幼儿自主游戏的行为，言语引导幼儿穿着“漂亮的鞋子”参与运动。,D 支架策略与游戏推进,A 儿童视角/B 目标平衡,G,1,,,2,0.5,0.125,0.0,0.0,0.0,0.0,0.105833,0.2,0.174042,35,40.58158,来自G分候选，具有结果-过程关系解释价值；IIV规范化信号：主要IIV信号：结果风险、个人内相对偏离、同题过程信息量,覆盖能力类型：D 支架策略与游戏推进,解释为什么能快速稳定形成较好判断，关注已有经验或优势图式,,,,,请回忆第9题这个情境。当时的情境是：小班的一次户外运动，有几个女孩子从一开始就没有选择任何体育活动项目，而是聚在一起坐在地上玩“艾莎公主”的游戏，比一比谁的鞋子最漂亮，谁的魔法最厉害。当时提供的做法包括：教师A：询问幼儿没有参与运动的原因，提供丰富的活动材料吸引幼儿参与运动活动；教师B：提醒幼儿现在是运动时间，请他们等自由游戏时间再一起玩“艾莎公主”的游戏；教师C：利用艾莎公主的鞋子设计走、跑、跳等活动，并以参与者的身份邀请幼儿一起参与运动；教师D：肯定幼儿自主游戏的行为，言语引导幼儿穿着“漂亮的鞋子”参与运动。可以先从这个情境本身追问：几个女孩在户外运动时间玩艾莎公主时，你当时更关注运动目标，还是关注她们正在生成的角色游戏兴趣？；如果要把艾莎公主游戏和运动活动连接起来，你觉得教师可以怎样做才不显得生硬？。然后可追问：你当时主要依据什么来排列这些做法？如果教师提到调整过顺序，再追问：是什么信息或想法让你改变了当时的排序？请只围绕情境理解、判断依据和选项比较提问，不要提及任何内部计算指标、得分、排名、入选原因或评价性判断。,,访谈提醒：本程序用于筛选值得访谈的情境题，不用于向教师反馈测评成绩。后续AI访谈或人工访谈时，不得向教师透露得分、排名、R/P/G分、IIV或任何评价性结果。
教师07,sim_openid_007_148978,1,Q6,6,区域停留短,小班幼儿瑶瑶在区域活动时，一会儿在娃娃家切切菜，一会儿到美工区搓搓橡皮泥，一会儿又开心地跑到其它区域游戏，在任何一个区域停留时间都不超过三分钟。,提议瑶瑶完成某项游戏任务，如在娃娃家做菜，请他活动小结时分享。,游戏前提醒区域活动规则，活动结束后表扬区域游戏规则遵守得好的小朋友。,仔细观察瑶瑶在不同区域的游戏情况，分析他发生迅速转移的原因。,以同伴的身份陪伴瑶瑶在某一区域游戏，待他专注游戏后再离开。,C 观察诊断与介入时机,A 儿童视角,R/P/G,3,2,1,2,1.0,0.725,1.0,1.0,0.835211,1.0,0.843578,0.983521,0.93445,87,95.307326,R/P/G多源证据重复入选，系统解释强度较高；IIV规范化信号：主要IIV信号：结果风险、过程冲突、修正信号；可追问选项比较：教师A：提议瑶瑶完成某项游戏任务，如在娃娃家做菜，请他活动小结时分享。；教师D：以同伴的身份陪伴瑶瑶在某一区域游戏，待他专注游戏后再离开。,覆盖能力类型：C 观察诊断与介入时机,解释相对薄弱端如何形成；请教师回忆读到情境后最先注意到什么、是否很快形成判断或感到难判断；追问后续主要在比较哪些做法、为什么调整；追问最理想或最不理想做法的判断为什么发生变化；追问是否曾把某做法从合适改判为不合适，或相反；能力分化画像,A,A/D,教师A：提议瑶瑶完成某项游戏任务，如在娃娃家做菜，请他活动小结时分享。,教师A：提议瑶瑶完成某项游戏任务，如在娃娃家做菜，请他活动小结时分享。；教师D：以同伴的身份陪伴瑶瑶在某一区域游戏，待他专注游戏后再离开。,请回忆第6题这个情境。当时的情境是：小班幼儿瑶瑶在区域活动时，一会儿在娃娃家切切菜，一会儿到美工区搓搓橡皮泥，一会儿又开心地跑到其它区域游戏，在任何一个区域停留时间都不超过三分钟。当时提供的做法包括：教师A：提议瑶瑶完成某项游戏任务，如在娃娃家做菜，请他活动小结时分享；教师B：游戏前提醒区域活动规则，活动结束后表扬区域游戏规则遵守得好的小朋友；教师C：仔细观察瑶瑶在不同区域的游戏情况，分析他发生迅速转移的原因；教师D：以同伴的身份陪伴瑶瑶在某一区域游戏，待他专注游戏后再离开。可以先从这个情境本身追问：瑶瑶在多个区域快速转换时，你当时会先把它看作注意力不集中、规则问题，还是一种探索不同材料的方式？；如果你在现场，你会先观察哪些信息来判断是否需要介入？。然后可围绕其作答过程中的重点比较追问：你当时是怎样比较以下两种做法的：教师A：提议瑶瑶完成某项游戏任务，如在娃娃家做菜，请他活动小结时分享；教师D：以同伴的身份陪伴瑶瑶在某一区域游戏，待他专注游戏后再离开？如果教师提到调整过顺序，再追问：是什么信息或想法让你改变了当时的排序？请只围绕情境理解、判断依据和选项比较提问，不要提及任何内部计算指标、得分、排名、入选原因或评价性判断。,,访谈提醒：本程序用于筛选值得访谈的情境题，不用于向教师反馈测评成绩。后续AI访谈或人工访谈时，不得向教师透露得分、排名、R/P/G分、IIV或任何评价性结果。
教师07,sim_openid_007_148978,2,Q1,1,篮球架玩水,操场上新安装了一些篮球架，幼儿经常在这里投篮。某天户外活动时，几名幼儿带着画笔和水桶来到这里，他们先是快乐地粉刷篮球架，之后开始往篮框里灌水，有的从上面灌，有的在下面接，忙的不亦乐乎，俨然这里成为了玩水的场地。,看到幼儿玩得很开心，不干预他们的玩水行为，待兴趣减弱后再讨论玩水的适宜性。,表扬幼儿的新发现，并询问在篮球架旁玩水是否合适，提议幼儿可以换个地方玩水。,参与到幼儿的“粉刷”游戏中，逐步引导幼儿到适宜玩水的地方继续开展游戏。,提醒幼儿篮球架是用于开展运动的，与其他幼儿一起召唤他们打篮球，转移他们的关注点。,B 自主游戏与规则/安全/价值平衡,A 游戏意义理解,R/G,2,1,,1,0.0,0.275,1.0,1.0,0.344671,1.0,0.756772,0.534467,0.513556,68,51.288471,R/P/G多源证据重复入选，系统解释强度较高；IIV规范化信号：主要IIV信号：过程冲突、修正信号、选项焦点变化；可追问选项比较：教师B：表扬幼儿的新发现，并询问在篮球架旁玩水是否合适，提议幼儿可以换个地方玩水。；教师D：提醒幼儿篮球架是用于开展运动的，与其他幼儿一起召唤他们打篮球，转移他们的关注点。,覆盖能力类型：B 自主游戏与规则/安全/价值平衡,解释相对优势端如何形成；能力分化画像,C,B/D,教师C：参与到幼儿的“粉刷”游戏中，逐步引导幼儿到适宜玩水的地方继续开展游戏。,教师B：表扬幼儿的新发现，并询问在篮球架旁玩水是否合适，提议幼儿可以换个地方玩水。；教师D：提醒幼儿篮球架是用于开展运动的，与其他幼儿一起召唤他们打篮球，转移他们的关注点。,请回忆第1题这个情境。当时的情境是：操场上新安装了一些篮球架，幼儿经常在这里投篮。某天户外活动时，几名幼儿带着画笔和水桶来到这里，他们先是快乐地粉刷篮球架，之后开始往篮框里灌水，有的从上面灌，有的在下面接，忙的不亦乐乎，俨然这里成为了玩水的场地。当时提供的做法包括：教师A：看到幼儿玩得很开心，不干预他们的玩水行为，待兴趣减弱后再讨论玩水的适宜性；教师B：表扬幼儿的新发现，并询问在篮球架旁玩水是否合适，提议幼儿可以换个地方玩水；教师C：参与到幼儿的“粉刷”游戏中，逐步引导幼儿到适宜玩水的地方继续开展游戏；教师D：提醒幼儿篮球架是用于开展运动的，与其他幼儿一起召唤他们打篮球，转移他们的关注点。可以先从这个情境本身追问：这个情境里，孩子把篮球架变成玩水场地，你当时更关注他们的游戏兴趣、器械用途，还是安全与场地适宜性？；如果既想保护孩子的探索兴趣，又要回应篮球架原本的运动功能，你觉得教师可以怎样衔接？。然后可围绕其作答过程中的重点比较追问：你当时是怎样比较以下两种做法的：教师B：表扬幼儿的新发现，并询问在篮球架旁玩水是否合适，提议幼儿可以换个地方玩水；教师D：提醒幼儿篮球架是用于开展运动的，与其他幼儿一起召唤他们打篮球，转移他们的关注点？如果教师提到调整过顺序，再追问：是什么信息或想法让你改变了当时的排序？请只围绕情境理解、判断依据和选项比较提问，不要提及任何内部计算指标、得分、排名、入选原因或评价性判断。,,访谈提醒：本程序用于筛选值得访谈的情境题，不用于向教师反馈测评成绩。后续AI访谈或人工访谈时，不得向教师透露得分、排名、R/P/G分、IIV或任何评价性结果。
教师07,sim_openid_007_148978,3,Q3,3,材料选择无层次,大班上学期，张老师在建构区投放了按图搭建的游戏材料，并提供了不同星级难度的任务卡供幼儿选择，但有的幼儿一上来就选择高难度的三星级任务卡，结果不能顺利完成任务；而有的幼儿始终选择低难度的一星级任务卡。这天，浩浩又连续选择了几张一星级任务卡，很快就完成了任务。,调整任务卡提供方式，在游戏开始前根据幼儿的能力水平有针对性地发放任务卡。,暂不介入，尊重幼儿的自主选择和游戏体验，只要完成任务就是一种经验积累。,调整任务卡呈现方式，如增加“我想挑战”等提示，鼓励幼儿选择不同星级的挑战。,和浩浩回顾已完成的任务，比较不同星级的难度，邀请他选择稍有挑战的任务。,D 支架策略与游戏推进,C 观察诊断,P,1,,2,,0.25,0.025,1.0,0.75,0.802396,1.0,0.762889,0.63024,0.559634,24,29.774053,来自P分候选，作答过程具有访谈解释价值；IIV规范化信号：主要IIV信号：过程冲突、选项焦点变化、相对时间信号；可追问选项比较：教师B：暂不介入，尊重幼儿的自主选择和游戏体验，只要完成任务就是一种经验积累。；教师C：调整任务卡呈现方式，如增加“我想挑战”等提示，鼓励幼儿选择不同星级的挑战。,覆盖能力类型：D 支架策略与游戏推进,请教师回忆读到情境后最先注意到什么、是否很快形成判断或感到难判断；追问后续主要在比较哪些做法、为什么调整；追问最理想或最不理想做法的判断为什么发生变化；追问是否曾把某做法从合适改判为不合适，或相反,D,B/C,教师D：和浩浩回顾已完成的任务，比较不同星级的难度，邀请他选择稍有挑战的任务。,教师B：暂不介入，尊重幼儿的自主选择和游戏体验，只要完成任务就是一种经验积累。；教师C：调整任务卡呈现方式，如增加“我想挑战”等提示，鼓励幼儿选择不同星级的挑战。,请回忆第3题这个情境。当时的情境是：大班上学期，张老师在建构区投放了按图搭建的游戏材料，并提供了不同星级难度的任务卡供幼儿选择，但有的幼儿一上来就选择高难度的三星级任务卡，结果不能顺利完成任务；而有的幼儿始终选择低难度的一星级任务卡。这天，浩浩又连续选择了几张一星级任务卡，很快就完成了任务。当时提供的做法包括：教师A：调整任务卡提供方式，在游戏开始前根据幼儿的能力水平有针对性地发放任务卡；教师B：暂不介入，尊重幼儿的自主选择和游戏体验，只要完成任务就是一种经验积累；教师C：调整任务卡呈现方式，如增加“我想挑战”等提示，鼓励幼儿选择不同星级的挑战；教师D：和浩浩回顾已完成的任务，比较不同星级的难度，邀请他选择稍有挑战的任务。可以先从这个情境本身追问：浩浩反复选择一星任务卡时，你当时更想尊重他的自主选择，还是推动他尝试更有挑战的任务？；你觉得教师应该怎样判断幼儿是需要安全感、缺少挑战意识，还是任务卡呈现方式本身需要调整？。然后可围绕其作答过程中的重点比较追问：你当时是怎样比较以下两种做法的：教师B：暂不介入，尊重幼儿的自主选择和游戏体验，只要完成任务就是一种经验积累；教师C：调整任务卡呈现方式，如增加“我想挑战”等提示，鼓励幼儿选择不同星级的挑战？如果教师提到调整过顺序，再追问：是什么信息或想法让你改变了当时的排序？请只围绕情境理解、判断依据和选项比较提问，不要提及任何内部计算指标、得分、排名、入选原因或评价性判断。,,访谈提醒：本程序用于筛选值得访谈的情境题，不用于向教师反馈测评成绩。后续AI访谈或人工访谈时，不得向教师透露得分、排名、R/P/G分、IIV或任何评价性结果。
教师08,sim_openid_008_921296,1,Q7,7,飞行棋各走各的,大班区域游戏中，轩轩和小宇一起玩飞行棋，他们将棋子摆好后，各自拿了一个骰子开始投，小宇说：“该我走。”轩轩说：“明明该我走！”相持不下，于是两人各拿一个骰子，自顾自地走自己的棋。,耐心讲解共同游戏的规则，再以“棋手”身份加入游戏进行示范引导。,暂不介入，继续观察游戏进展，待区域小结时请幼儿分享游戏中的体验和问题。,拿走一个骰子，请幼儿商量只有一个骰子的共同游戏规则，达成一致后再开始游戏。,待幼儿体验一轮各走各的游戏后，询问幼儿的游戏体验，提示共同游戏规则的作用。,E 共同游戏组织与规则共建,B 规则平衡,R/P/G,3,2,1,2,0.5,0.225,0.5,0.5,0.383767,0.75,0.562527,0.513377,0.475253,87,74.660716,R/P/G多源证据重复入选，系统解释强度较高；IIV规范化信号：主要IIV信号：选项焦点变化、同题过程信息量、结果风险；可追问选项比较：教师B：暂不介入，继续观察游戏进展，待区域小结时请幼儿分享游戏中的体验和问题。；教师C：拿走一个骰子，请幼儿商量只有一个骰子的共同游戏规则，达成一致后再开始游戏。,覆盖能力类型：E 共同游戏组织与规则共建,解释相对薄弱端如何形成；请教师回忆读到情境后最先注意到什么、是否很快形成判断或感到难判断；追问最理想或最不理想做法的判断为什么发生变化；追问是否曾把某做法从合适改判为不合适，或相反；能力分化画像,D,B/C,教师D：待幼儿体验一轮各走各的游戏后，询问幼儿的游戏体验，提示共同游戏规则的作用。,教师B：暂不介入，继续观察游戏进展，待区域小结时请幼儿分享游戏中的体验和问题。；教师C：拿走一个骰子，请幼儿商量只有一个骰子的共同游戏规则，达成一致后再开始游戏。,请回忆第7题这个情境。当时的情境是：大班区域游戏中，轩轩和小宇一起玩飞行棋，他们将棋子摆好后，各自拿了一个骰子开始投，小宇说：“该我走。”轩轩说：“明明该我走！”相持不下，于是两人各拿一个骰子，自顾自地走自己的棋。当时提供的做法包括：教师A：耐心讲解共同游戏的规则，再以“棋手”身份加入游戏进行示范引导；教师B：暂不介入，继续观察游戏进展，待区域小结时请幼儿分享游戏中的体验和问题；教师C：拿走一个骰子，请幼儿商量只有一个骰子的共同游戏规则，达成一致后再开始游戏；教师D：待幼儿体验一轮各走各的游戏后，询问幼儿的游戏体验，提示共同游戏规则的作用。可以先从这个情境本身追问：两个孩子各走各的棋时，你当时更关注共同游戏规则的建立，还是先让他们体验这种玩法会带来什么问题？；你觉得教师怎样帮助幼儿从各玩各的，过渡到真正的共同游戏？。然后可围绕其作答过程中的重点比较追问：你当时是怎样比较以下两种做法的：教师B：暂不介入，继续观察游戏进展，待区域小结时请幼儿分享游戏中的体验和问题；教师C：拿走一个骰子，请幼儿商量只有一个骰子的共同游戏规则，达成一致后再开始游戏？如果教师提到调整过顺序，再追问：是什么信息或想法让你改变了当时的排序？请只围绕情境理解、判断依据和选项比较提问，不要提及任何内部计算指标、得分、排名、入选原因或评价性判断。,,访谈提醒：本程序用于筛选值得访谈的情境题，不用于向教师反馈测评成绩。后续AI访谈或人工访谈时，不得向教师透露得分、排名、R/P/G分、IIV或任何评价性结果。
教师08,sim_openid_008_921296,2,Q1,1,篮球架玩水,操场上新安装了一些篮球架，幼儿经常在这里投篮。某天户外活动时，几名幼儿带着画笔和水桶来到这里，他们先是快乐地粉刷篮球架，之后开始往篮框里灌水，有的从上面灌，有的在下面接，忙的不亦乐乎，俨然这里成为了玩水的场地。,看到幼儿玩得很开心，不干预他们的玩水行为，待兴趣减弱后再讨论玩水的适宜性。,表扬幼儿的新发现，并询问在篮球架旁玩水是否合适，提议幼儿可以换个地方玩水。,参与到幼儿的“粉刷”游戏中，逐步引导幼儿到适宜玩水的地方继续开展游戏。,提醒幼儿篮球架是用于开展运动的，与其他幼儿一起召唤他们打篮球，转移他们的关注点。,B 自主游戏与规则/安全/价值平衡,A 游戏意义理解,R/G,2,1,,1,0.0,0.275,0.666667,0.5,0.285699,0.75,0.519907,0.336903,0.345815,68,85.597195,R/P/G多源证据重复入选，系统解释强度较高；IIV规范化信号：主要IIV信号：选项焦点变化、过程冲突、同题过程信息量；可追问选项比较：教师B：表扬幼儿的新发现，并询问在篮球架旁玩水是否合适，提议幼儿可以换个地方玩水。；教师D：提醒幼儿篮球架是用于开展运动的，与其他幼儿一起召唤他们打篮球，转移他们的关注点。,覆盖能力类型：B 自主游戏与规则/安全/价值平衡,解释相对优势端如何形成；能力分化画像,C,B/D,教师C：参与到幼儿的“粉刷”游戏中，逐步引导幼儿到适宜玩水的地方继续开展游戏。,教师B：表扬幼儿的新发现，并询问在篮球架旁玩水是否合适，提议幼儿可以换个地方玩水。；教师D：提醒幼儿篮球架是用于开展运动的，与其他幼儿一起召唤他们打篮球，转移他们的关注点。,请回忆第1题这个情境。当时的情境是：操场上新安装了一些篮球架，幼儿经常在这里投篮。某天户外活动时，几名幼儿带着画笔和水桶来到这里，他们先是快乐地粉刷篮球架，之后开始往篮框里灌水，有的从上面灌，有的在下面接，忙的不亦乐乎，俨然这里成为了玩水的场地。当时提供的做法包括：教师A：看到幼儿玩得很开心，不干预他们的玩水行为，待兴趣减弱后再讨论玩水的适宜性；教师B：表扬幼儿的新发现，并询问在篮球架旁玩水是否合适，提议幼儿可以换个地方玩水；教师C：参与到幼儿的“粉刷”游戏中，逐步引导幼儿到适宜玩水的地方继续开展游戏；教师D：提醒幼儿篮球架是用于开展运动的，与其他幼儿一起召唤他们打篮球，转移他们的关注点。可以先从这个情境本身追问：这个情境里，孩子把篮球架变成玩水场地，你当时更关注他们的游戏兴趣、器械用途，还是安全与场地适宜性？；如果既想保护孩子的探索兴趣，又要回应篮球架原本的运动功能，你觉得教师可以怎样衔接？。然后可围绕其作答过程中的重点比较追问：你当时是怎样比较以下两种做法的：教师B：表扬幼儿的新发现，并询问在篮球架旁玩水是否合适，提议幼儿可以换个地方玩水；教师D：提醒幼儿篮球架是用于开展运动的，与其他幼儿一起召唤他们打篮球，转移他们的关注点？如果教师提到调整过顺序，再追问：是什么信息或想法让你改变了当时的排序？请只围绕情境理解、判断依据和选项比较提问，不要提及任何内部计算指标、得分、排名、入选原因或评价性判断。,,访谈提醒：本程序用于筛选值得访谈的情境题，不用于向教师反馈测评成绩。后续AI访谈或人工访谈时，不得向教师透露得分、排名、R/P/G分、IIV或任何评价性结果。
教师08,sim_openid_008_921296,3,Q5,5,消防员救火开心,近几天，中班的幼儿十分热衷于在区域游戏时间玩“消防员救火”的游戏。游戏结束后的交流活动中，老师问幼儿最想分享什么时，阳阳说“娃娃家着火了，好开心啊！”。,抓住教育契机，向幼儿耐心解释真实的火灾会造成物品损失和人员伤亡。,询问幼儿开心的是“着火”本身，还是消防员成功救火、娃娃家的人得救？,引导幼儿思考“娃娃家着火”值不值得开心，帮助他们认识真实火灾是危险的。,请阳阳讲讲娃娃家着火后发生了什么、为什么开心，借此理解幼儿的游戏体验。,A 游戏意义理解与儿童视角,B 价值平衡,P,1,,2,,0.25,0.025,0.75,0.25,0.294417,0.5,0.544182,0.379442,0.335401,24,19.956589,来自P分候选，作答过程具有访谈解释价值；IIV规范化信号：主要IIV信号：过程冲突、同题过程信息量、选项焦点变化；可追问选项比较：教师A：抓住教育契机，向幼儿耐心解释真实的火灾会造成物品损失和人员伤亡。；教师D：请阳阳讲讲娃娃家着火后发生了什么、为什么开心，借此理解幼儿的游戏体验。,覆盖能力类型：A 游戏意义理解与儿童视角,追问最理想或最不理想做法的判断为什么发生变化；追问当时是否在几个判断标准之间反复权衡,A,A/D,教师A：抓住教育契机，向幼儿耐心解释真实的火灾会造成物品损失和人员伤亡。,教师A：抓住教育契机，向幼儿耐心解释真实的火灾会造成物品损失和人员伤亡。；教师D：请阳阳讲讲娃娃家着火后发生了什么、为什么开心，借此理解幼儿的游戏体验。,请回忆第5题这个情境。当时的情境是：近几天，中班的幼儿十分热衷于在区域游戏时间玩“消防员救火”的游戏。游戏结束后的交流活动中，老师问幼儿最想分享什么时，阳阳说“娃娃家着火了，好开心啊！”。当时提供的做法包括：教师A：抓住教育契机，向幼儿耐心解释真实的火灾会造成物品损失和人员伤亡；教师B：询问幼儿开心的是“着火”本身，还是消防员成功救火、娃娃家的人得救；教师C：引导幼儿思考“娃娃家着火”值不值得开心，帮助他们认识真实火灾是危险的；教师D：请阳阳讲讲娃娃家着火后发生了什么、为什么开心，借此理解幼儿的游戏体验。可以先从这个情境本身追问：阳阳说娃娃家着火了很开心时，你当时更关注真实火灾的危险教育，还是先理解他在游戏里的开心来自哪里？；你觉得教师怎样回应，既不否定幼儿的游戏体验，又能引导他们理解真实火灾的意义？。然后可围绕其作答过程中的重点比较追问：你当时是怎样比较以下两种做法的：教师A：抓住教育契机，向幼儿耐心解释真实的火灾会造成物品损失和人员伤亡；教师D：请阳阳讲讲娃娃家着火后发生了什么、为什么开心，借此理解幼儿的游戏体验？如果教师提到调整过顺序，再追问：是什么信息或想法让你改变了当时的排序？请只围绕情境理解、判断依据和选项比较提问，不要提及任何内部计算指标、得分、排名、入选原因或评价性判断。,,访谈提醒：本程序用于筛选值得访谈的情境题，不用于向教师反馈测评成绩。后续AI访谈或人工访谈时，不得向教师透露得分、排名、R/P/G分、IIV或任何评价性结果。
教师09,sim_openid_009_149687,1,Q7,7,飞行棋各走各的,大班区域游戏中，轩轩和小宇一起玩飞行棋，他们将棋子摆好后，各自拿了一个骰子开始投，小宇说：“该我走。”轩轩说：“明明该我走！”相持不下，于是两人各拿一个骰子，自顾自地走自己的棋。,耐心讲解共同游戏的规则，再以“棋手”身份加入游戏进行示范引导。,暂不介入，继续观察游戏进展，待区域小结时请幼儿分享游戏中的体验和问题。,拿走一个骰子，请幼儿商量只有一个骰子的共同游戏规则，达成一致后再开始游戏。,待幼儿体验一轮各走各的游戏后，询问幼儿的游戏体验，提示共同游戏规则的作用。,E 共同游戏组织与规则共建,B 规则平衡,R/P/G,3,1,1,2,0.25,0.4,0.857143,0.75,0.833271,0.75,0.854922,0.579756,0.577145,91,86.534549,R/P/G多源证据重复入选，系统解释强度较高；IIV规范化信号：主要IIV信号：过程冲突、同题过程信息量、相对时间信号；可追问选项比较：教师B：暂不介入，继续观察游戏进展，待区域小结时请幼儿分享游戏中的体验和问题。；教师D：待幼儿体验一轮各走各的游戏后，询问幼儿的游戏体验，提示共同游戏规则的作用。,覆盖能力类型：E 共同游戏组织与规则共建,解释为什么能快速稳定形成较好判断，关注已有经验或优势图式；请教师回忆读到情境后最先注意到什么、是否很快形成判断或感到难判断；追问后续主要在比较哪些做法、为什么调整；追问最理想或最不理想做法的判断为什么发生变化；追问当时是否在几个判断标准之间反复权衡；相对优势和可激活能力解释,C,B/D,教师C：拿走一个骰子，请幼儿商量只有一个骰子的共同游戏规则，达成一致后再开始游戏。,教师B：暂不介入，继续观察游戏进展，待区域小结时请幼儿分享游戏中的体验和问题。；教师D：待幼儿体验一轮各走各的游戏后，询问幼儿的游戏体验，提示共同游戏规则的作用。,请回忆第7题这个情境。当时的情境是：大班区域游戏中，轩轩和小宇一起玩飞行棋，他们将棋子摆好后，各自拿了一个骰子开始投，小宇说：“该我走。”轩轩说：“明明该我走！”相持不下，于是两人各拿一个骰子，自顾自地走自己的棋。当时提供的做法包括：教师A：耐心讲解共同游戏的规则，再以“棋手”身份加入游戏进行示范引导；教师B：暂不介入，继续观察游戏进展，待区域小结时请幼儿分享游戏中的体验和问题；教师C：拿走一个骰子，请幼儿商量只有一个骰子的共同游戏规则，达成一致后再开始游戏；教师D：待幼儿体验一轮各走各的游戏后，询问幼儿的游戏体验，提示共同游戏规则的作用。可以先从这个情境本身追问：两个孩子各走各的棋时，你当时更关注共同游戏规则的建立，还是先让他们体验这种玩法会带来什么问题？；你觉得教师怎样帮助幼儿从各玩各的，过渡到真正的共同游戏？。然后可围绕其作答过程中的重点比较追问：你当时是怎样比较以下两种做法的：教师B：暂不介入，继续观察游戏进展，待区域小结时请幼儿分享游戏中的体验和问题；教师D：待幼儿体验一轮各走各的游戏后，询问幼儿的游戏体验，提示共同游戏规则的作用？如果教师提到调整过顺序，再追问：是什么信息或想法让你改变了当时的排序？请只围绕情境理解、判断依据和选项比较提问，不要提及任何内部计算指标、得分、排名、入选原因或评价性判断。,,访谈提醒：本程序用于筛选值得访谈的情境题，不用于向教师反馈测评成绩。后续AI访谈或人工访谈时，不得向教师透露得分、排名、R/P/G分、IIV或任何评价性结果。
教师09,sim_openid_009_149687,2,Q6,6,区域停留短,小班幼儿瑶瑶在区域活动时，一会儿在娃娃家切切菜，一会儿到美工区搓搓橡皮泥，一会儿又开心地跑到其它区域游戏，在任何一个区域停留时间都不超过三分钟。,提议瑶瑶完成某项游戏任务，如在娃娃家做菜，请他活动小结时分享。,游戏前提醒区域活动规则，活动结束后表扬区域游戏规则遵守得好的小朋友。,仔细观察瑶瑶在不同区域的游戏情况，分析他发生迅速转移的原因。,以同伴的身份陪伴瑶瑶在某一区域游戏，待他专注游戏后再离开。,C 观察诊断与介入时机,A 儿童视角,R/G,2,2,,1,0.25,0.4,0.833333,0.75,0.0,1.0,0.832795,0.516667,0.51414,64,94.983837,R/P/G多源证据重复入选，系统解释强度较高；IIV规范化信号：主要IIV信号：选项焦点变化、过程冲突、同题过程信息量；可追问选项比较：教师A：提议瑶瑶完成某项游戏任务，如在娃娃家做菜，请他活动小结时分享。；教师B：游戏前提醒区域活动规则，活动结束后表扬区域游戏规则遵守得好的小朋友。,覆盖能力类型：C 观察诊断与介入时机,解释如何通过比较、修正或重新权衡形成相对较好判断，关注可激活能力；相对优势和可激活能力解释,D,A/B,教师D：以同伴的身份陪伴瑶瑶在某一区域游戏，待他专注游戏后再离开。,教师A：提议瑶瑶完成某项游戏任务，如在娃娃家做菜，请他活动小结时分享。；教师B：游戏前提醒区域活动规则，活动结束后表扬区域游戏规则遵守得好的小朋友。,请回忆第6题这个情境。当时的情境是：小班幼儿瑶瑶在区域活动时，一会儿在娃娃家切切菜，一会儿到美工区搓搓橡皮泥，一会儿又开心地跑到其它区域游戏，在任何一个区域停留时间都不超过三分钟。当时提供的做法包括：教师A：提议瑶瑶完成某项游戏任务，如在娃娃家做菜，请他活动小结时分享；教师B：游戏前提醒区域活动规则，活动结束后表扬区域游戏规则遵守得好的小朋友；教师C：仔细观察瑶瑶在不同区域的游戏情况，分析他发生迅速转移的原因；教师D：以同伴的身份陪伴瑶瑶在某一区域游戏，待他专注游戏后再离开。可以先从这个情境本身追问：瑶瑶在多个区域快速转换时，你当时会先把它看作注意力不集中、规则问题，还是一种探索不同材料的方式？；如果你在现场，你会先观察哪些信息来判断是否需要介入？。然后可围绕其作答过程中的重点比较追问：你当时是怎样比较以下两种做法的：教师A：提议瑶瑶完成某项游戏任务，如在娃娃家做菜，请他活动小结时分享；教师B：游戏前提醒区域活动规则，活动结束后表扬区域游戏规则遵守得好的小朋友？如果教师提到调整过顺序，再追问：是什么信息或想法让你改变了当时的排序？请只围绕情境理解、判断依据和选项比较提问，不要提及任何内部计算指标、得分、排名、入选原因或评价性判断。,,访谈提醒：本程序用于筛选值得访谈的情境题，不用于向教师反馈测评成绩。后续AI访谈或人工访谈时，不得向教师透露得分、排名、R/P/G分、IIV或任何评价性结果。
教师09,sim_openid_009_149687,3,Q8,8,跳绳秩序混乱,周三下午，大五班的幼儿正自发进行跳绳游戏。李老师观察后发现，挤在一起跳绳的幼儿人数较多，整个场面十分混乱，幼儿很容易出现碰撞现象。此外，由于当“柱子”的幼儿很久才能轮上跳绳，因此也显得很不耐烦。,请幼儿暂停游戏，将幼儿分成多个小组并引导他们以小组为单位分区域开展游戏。,请幼儿说一说跳绳活动中存在的问题，并邀请幼儿一起设置跳绳的规则。,提供更多数量和不同种类的跳绳，并言语引导幼儿分组分区同时进行跳绳游戏。,暂不介入，活动分享时通过照片或视频回放引导幼儿发现问题并商议解决办法。,E 共同游戏组织与规则共建,B 安全秩序,P,1,,2,,1.0,0.35,0.875,0.5,0.355829,1.0,0.84747,0.810583,0.736706,24,51.852032,来自P分候选，作答过程具有访谈解释价值；IIV规范化信号：主要IIV信号：结果风险、选项焦点变化、过程冲突；可追问选项比较：教师B：请幼儿说一说跳绳活动中存在的问题，并邀请幼儿一起设置跳绳的规则。；教师C：提供更多数量和不同种类的跳绳，并言语引导幼儿分组分区同时进行跳绳游戏。,覆盖能力类型：E 共同游戏组织与规则共建,请教师回忆读到情境后最先注意到什么、是否很快形成判断或感到难判断；追问后续主要在比较哪些做法、为什么调整；追问最理想或最不理想做法的判断为什么发生变化；追问是否曾把某做法从合适改判为不合适，或相反,B,B/C,教师B：请幼儿说一说跳绳活动中存在的问题，并邀请幼儿一起设置跳绳的规则。,教师B：请幼儿说一说跳绳活动中存在的问题，并邀请幼儿一起设置跳绳的规则。；教师C：提供更多数量和不同种类的跳绳，并言语引导幼儿分组分区同时进行跳绳游戏。,请回忆第8题这个情境。当时的情境是：周三下午，大五班的幼儿正自发进行跳绳游戏。李老师观察后发现，挤在一起跳绳的幼儿人数较多，整个场面十分混乱，幼儿很容易出现碰撞现象。此外，由于当“柱子”的幼儿很久才能轮上跳绳，因此也显得很不耐烦。当时提供的做法包括：教师A：请幼儿暂停游戏，将幼儿分成多个小组并引导他们以小组为单位分区域开展游戏；教师B：请幼儿说一说跳绳活动中存在的问题，并邀请幼儿一起设置跳绳的规则；教师C：提供更多数量和不同种类的跳绳，并言语引导幼儿分组分区同时进行跳绳游戏；教师D：暂不介入，活动分享时通过照片或视频回放引导幼儿发现问题并商议解决办法。可以先从这个情境本身追问：跳绳现场混乱且可能碰撞时，你当时更倾向于立即组织秩序，还是先让幼儿自己发现问题？；在安全风险和幼儿自主制定规则之间，你觉得教师应该怎样把握介入时机？。然后可围绕其作答过程中的重点比较追问：你当时是怎样比较以下两种做法的：教师B：请幼儿说一说跳绳活动中存在的问题，并邀请幼儿一起设置跳绳的规则；教师C：提供更多数量和不同种类的跳绳，并言语引导幼儿分组分区同时进行跳绳游戏？如果教师提到调整过顺序，再追问：是什么信息或想法让你改变了当时的排序？请只围绕情境理解、判断依据和选项比较提问，不要提及任何内部计算指标、得分、排名、入选原因或评价性判断。,,访谈提醒：本程序用于筛选值得访谈的情境题，不用于向教师反馈测评成绩。后续AI访谈或人工访谈时，不得向教师透露得分、排名、R/P/G分、IIV或任何评价性结果。
教师10,sim_openid_010_681499,1,Q9,9,艾莎公主不运动,小班的一次户外运动，有几个女孩子从一开始就没有选择任何体育活动项目，而是聚在一起坐在地上玩“艾莎公主”的游戏，比一比谁的鞋子最漂亮，谁的魔法最厉害。,询问幼儿没有参与运动的原因，提供丰富的活动材料吸引幼儿参与运动活动。,提醒幼儿现在是运动时间，请他们等自由游戏时间再一起玩“艾莎公主”的游戏。,利用艾莎公主的鞋子设计走、跑、跳等活动，并以参与者的身份邀请幼儿一起参与运动。,肯定幼儿自主游戏的行为，言语引导幼儿穿着“漂亮的鞋子”参与运动。,D 支架策略与游戏推进,A 儿童视角/B 目标平衡,R/P/G,3,1,1,1,0.0,0.275,1.0,1.0,0.980186,1.0,0.944652,0.598019,0.586501,96,77.205691,R/P/G多源证据重复入选，系统解释强度较高；IIV规范化信号：主要IIV信号：过程冲突、修正信号、选项焦点变化；可追问选项比较：教师A：询问幼儿没有参与运动的原因，提供丰富的活动材料吸引幼儿参与运动活动。；教师B：提醒幼儿现在是运动时间，请他们等自由游戏时间再一起玩“艾莎公主”的游戏。,覆盖能力类型：D 支架策略与游戏推进,解释相对优势端如何形成；请教师回忆读到情境后最先注意到什么、是否很快形成判断或感到难判断；追问后续主要在比较哪些做法、为什么调整；追问最理想或最不理想做法的判断为什么发生变化；追问是否曾把某做法从合适改判为不合适，或相反；追问当时是否在几个判断标准之间反复权衡；能力分化画像,A,A/B,教师A：询问幼儿没有参与运动的原因，提供丰富的活动材料吸引幼儿参与运动活动。,教师A：询问幼儿没有参与运动的原因，提供丰富的活动材料吸引幼儿参与运动活动。；教师B：提醒幼儿现在是运动时间，请他们等自由游戏时间再一起玩“艾莎公主”的游戏。,请回忆第9题这个情境。当时的情境是：小班的一次户外运动，有几个女孩子从一开始就没有选择任何体育活动项目，而是聚在一起坐在地上玩“艾莎公主”的游戏，比一比谁的鞋子最漂亮，谁的魔法最厉害。当时提供的做法包括：教师A：询问幼儿没有参与运动的原因，提供丰富的活动材料吸引幼儿参与运动活动；教师B：提醒幼儿现在是运动时间，请他们等自由游戏时间再一起玩“艾莎公主”的游戏；教师C：利用艾莎公主的鞋子设计走、跑、跳等活动，并以参与者的身份邀请幼儿一起参与运动；教师D：肯定幼儿自主游戏的行为，言语引导幼儿穿着“漂亮的鞋子”参与运动。可以先从这个情境本身追问：几个女孩在户外运动时间玩艾莎公主时，你当时更关注运动目标，还是关注她们正在生成的角色游戏兴趣？；如果要把艾莎公主游戏和运动活动连接起来，你觉得教师可以怎样做才不显得生硬？。然后可围绕其作答过程中的重点比较追问：你当时是怎样比较以下两种做法的：教师A：询问幼儿没有参与运动的原因，提供丰富的活动材料吸引幼儿参与运动活动；教师B：提醒幼儿现在是运动时间，请他们等自由游戏时间再一起玩“艾莎公主”的游戏？如果教师提到调整过顺序，再追问：是什么信息或想法让你改变了当时的排序？请只围绕情境理解、判断依据和选项比较提问，不要提及任何内部计算指标、得分、排名、入选原因或评价性判断。,,访谈提醒：本程序用于筛选值得访谈的情境题，不用于向教师反馈测评成绩。后续AI访谈或人工访谈时，不得向教师透露得分、排名、R/P/G分、IIV或任何评价性结果。
教师10,sim_openid_010_681499,2,Q4,4,频繁求助,中班区域活动时，小明选择了建构区。玩了一会儿，他跑到老师面前说“老师，我不会搭……帮帮我吧”，教师问他需要什么帮助时，他一边说我不会搭，一边却很快地将房子从一层积木加高到了两层。看小明专注搭建后，老师就离开建构区了。可是没一会，小明又找了老师好几次，说“老师，帮帮我吧，我不会搭”。,鼓励小明独立搭建，引导他思考接下来如何搭建，及时表扬他的努力。,先示范搭建关键部分，请小明观察方法，再鼓励他照着继续搭建。,在旁观察小明的搭建过程，并适时反馈，帮助他理清搭建步骤。,帮小明回顾已搭建完成的部分，指导他设定小目标，尝试自己实现。,C 观察诊断与介入时机,D 支架策略,R/G,2,2,,2,0.75,0.475,0.8,0.5,0.0,1.0,0.640333,0.66,0.623267,59,89.21,R/P/G多源证据重复入选，系统解释强度较高；IIV规范化信号：主要IIV信号：选项焦点变化、过程冲突、结果风险；可追问选项比较：教师B：先示范搭建关键部分，请小明观察方法，再鼓励他照着继续搭建。；教师C：在旁观察小明的搭建过程，并适时反馈，帮助他理清搭建步骤。,覆盖能力类型：C 观察诊断与介入时机,解释相对薄弱端如何形成；能力分化画像,A,B/C,教师A：鼓励小明独立搭建，引导他思考接下来如何搭建，及时表扬他的努力。,教师B：先示范搭建关键部分，请小明观察方法，再鼓励他照着继续搭建。；教师C：在旁观察小明的搭建过程，并适时反馈，帮助他理清搭建步骤。,请回忆第4题这个情境。当时的情境是：中班区域活动时，小明选择了建构区。玩了一会儿，他跑到老师面前说“老师，我不会搭……帮帮我吧”，教师问他需要什么帮助时，他一边说我不会搭，一边却很快地将房子从一层积木加高到了两层。看小明专注搭建后，老师就离开建构区了。可是没一会，小明又找了老师好几次，说“老师，帮帮我吧，我不会搭”。当时提供的做法包括：教师A：鼓励小明独立搭建，引导他思考接下来如何搭建，及时表扬他的努力；教师B：先示范搭建关键部分，请小明观察方法，再鼓励他照着继续搭建；教师C：在旁观察小明的搭建过程，并适时反馈，帮助他理清搭建步骤；教师D：帮小明回顾已搭建完成的部分，指导他设定小目标，尝试自己实现。可以先从这个情境本身追问：小明一边说不会搭，一边又能继续加高房子，你当时怎样判断他真正需要的帮助是什么？；面对幼儿反复求助，你觉得教师怎样支持，既不替代幼儿完成，又能帮助他继续推进游戏？。然后可围绕其作答过程中的重点比较追问：你当时是怎样比较以下两种做法的：教师B：先示范搭建关键部分，请小明观察方法，再鼓励他照着继续搭建；教师C：在旁观察小明的搭建过程，并适时反馈，帮助他理清搭建步骤？如果教师提到调整过顺序，再追问：是什么信息或想法让你改变了当时的排序？请只围绕情境理解、判断依据和选项比较提问，不要提及任何内部计算指标、得分、排名、入选原因或评价性判断。,,访谈提醒：本程序用于筛选值得访谈的情境题，不用于向教师反馈测评成绩。后续AI访谈或人工访谈时，不得向教师透露得分、排名、R/P/G分、IIV或任何评价性结果。
教师10,sim_openid_010_681499,3,Q8,8,跳绳秩序混乱,周三下午，大五班的幼儿正自发进行跳绳游戏。李老师观察后发现，挤在一起跳绳的幼儿人数较多，整个场面十分混乱，幼儿很容易出现碰撞现象。此外，由于当“柱子”的幼儿很久才能轮上跳绳，因此也显得很不耐烦。,请幼儿暂停游戏，将幼儿分成多个小组并引导他们以小组为单位分区域开展游戏。,请幼儿说一说跳绳活动中存在的问题，并邀请幼儿一起设置跳绳的规则。,提供更多数量和不同种类的跳绳，并言语引导幼儿分组分区同时进行跳绳游戏。,暂不介入，活动分享时通过照片或视频回放引导幼儿发现问题并商议解决办法。,E 共同游戏组织与规则共建,B 安全秩序,P,1,,2,,0.25,0.025,0.875,0.25,0.445848,1.0,0.859485,0.469585,0.435059,24,35.355627,来自P分候选，作答过程具有访谈解释价值；IIV规范化信号：主要IIV信号：选项焦点变化、过程冲突、同题过程信息量；可追问选项比较：教师A：请幼儿暂停游戏，将幼儿分成多个小组并引导他们以小组为单位分区域开展游戏。；教师D：暂不介入，活动分享时通过照片或视频回放引导幼儿发现问题并商议解决办法。,覆盖能力类型：E 共同游戏组织与规则共建,追问后续主要在比较哪些做法、为什么调整；追问最理想或最不理想做法的判断为什么发生变化；追问是否曾把某做法从合适改判为不合适，或相反；追问当时是否在几个判断标准之间反复权衡,A,A/D,教师A：请幼儿暂停游戏，将幼儿分成多个小组并引导他们以小组为单位分区域开展游戏。,教师A：请幼儿暂停游戏，将幼儿分成多个小组并引导他们以小组为单位分区域开展游戏。；教师D：暂不介入，活动分享时通过照片或视频回放引导幼儿发现问题并商议解决办法。,请回忆第8题这个情境。当时的情境是：周三下午，大五班的幼儿正自发进行跳绳游戏。李老师观察后发现，挤在一起跳绳的幼儿人数较多，整个场面十分混乱，幼儿很容易出现碰撞现象。此外，由于当“柱子”的幼儿很久才能轮上跳绳，因此也显得很不耐烦。当时提供的做法包括：教师A：请幼儿暂停游戏，将幼儿分成多个小组并引导他们以小组为单位分区域开展游戏；教师B：请幼儿说一说跳绳活动中存在的问题，并邀请幼儿一起设置跳绳的规则；教师C：提供更多数量和不同种类的跳绳，并言语引导幼儿分组分区同时进行跳绳游戏；教师D：暂不介入，活动分享时通过照片或视频回放引导幼儿发现问题并商议解决办法。可以先从这个情境本身追问：跳绳现场混乱且可能碰撞时，你当时更倾向于立即组织秩序，还是先让幼儿自己发现问题？；在安全风险和幼儿自主制定规则之间，你觉得教师应该怎样把握介入时机？。然后可围绕其作答过程中的重点比较追问：你当时是怎样比较以下两种做法的：教师A：请幼儿暂停游戏，将幼儿分成多个小组并引导他们以小组为单位分区域开展游戏；教师D：暂不介入，活动分享时通过照片或视频回放引导幼儿发现问题并商议解决办法？如果教师提到调整过顺序，再追问：是什么信息或想法让你改变了当时的排序？请只围绕情境理解、判断依据和选项比较提问，不要提及任何内部计算指标、得分、排名、入选原因或评价性判断。,,访谈提醒：本程序用于筛选值得访谈的情境题，不用于向教师反馈测评成绩。后续AI访谈或人工访谈时，不得向教师透露得分、排名、R/P/G分、IIV或任何评价性结果。
教师11,sim_openid_011_656566,1,Q3,3,材料选择无层次,大班上学期，张老师在建构区投放了按图搭建的游戏材料，并提供了不同星级难度的任务卡供幼儿选择，但有的幼儿一上来就选择高难度的三星级任务卡，结果不能顺利完成任务；而有的幼儿始终选择低难度的一星级任务卡。这天，浩浩又连续选择了几张一星级任务卡，很快就完成了任务。,调整任务卡提供方式，在游戏开始前根据幼儿的能力水平有针对性地发放任务卡。,暂不介入，尊重幼儿的自主选择和游戏体验，只要完成任务就是一种经验积累。,调整任务卡呈现方式，如增加“我想挑战”等提示，鼓励幼儿选择不同星级的挑战。,和浩浩回顾已完成的任务，比较不同星级的难度，邀请他选择稍有挑战的任务。,D 支架策略与游戏推进,C 观察诊断,R/P/G,3,1,1,1,0.25,0.175,1.0,0.75,0.862904,1.0,0.777222,0.63629,0.588902,96,93.316667,R/P/G多源证据重复入选，系统解释强度较高；IIV规范化信号：主要IIV信号：过程冲突、选项焦点变化、相对时间信号；可追问选项比较：教师A：调整任务卡提供方式，在游戏开始前根据幼儿的能力水平有针对性地发放任务卡。；教师D：和浩浩回顾已完成的任务，比较不同星级的难度，邀请他选择稍有挑战的任务。,覆盖能力类型：D 支架策略与游戏推进,解释为什么投入较多比较和修正后仍形成相对低结果，关注专业标准冲突或误区；追问后续主要在比较哪些做法、为什么调整；追问最理想或最不理想做法的判断为什么发生变化；追问是否曾把某做法从合适改判为不合适，或相反；局部短板解释,D,A/D,教师D：和浩浩回顾已完成的任务，比较不同星级的难度，邀请他选择稍有挑战的任务。,教师A：调整任务卡提供方式，在游戏开始前根据幼儿的能力水平有针对性地发放任务卡。；教师D：和浩浩回顾已完成的任务，比较不同星级的难度，邀请他选择稍有挑战的任务。,请回忆第3题这个情境。当时的情境是：大班上学期，张老师在建构区投放了按图搭建的游戏材料，并提供了不同星级难度的任务卡供幼儿选择，但有的幼儿一上来就选择高难度的三星级任务卡，结果不能顺利完成任务；而有的幼儿始终选择低难度的一星级任务卡。这天，浩浩又连续选择了几张一星级任务卡，很快就完成了任务。当时提供的做法包括：教师A：调整任务卡提供方式，在游戏开始前根据幼儿的能力水平有针对性地发放任务卡；教师B：暂不介入，尊重幼儿的自主选择和游戏体验，只要完成任务就是一种经验积累；教师C：调整任务卡呈现方式，如增加“我想挑战”等提示，鼓励幼儿选择不同星级的挑战；教师D：和浩浩回顾已完成的任务，比较不同星级的难度，邀请他选择稍有挑战的任务。可以先从这个情境本身追问：浩浩反复选择一星任务卡时，你当时更想尊重他的自主选择，还是推动他尝试更有挑战的任务？；你觉得教师应该怎样判断幼儿是需要安全感、缺少挑战意识，还是任务卡呈现方式本身需要调整？。然后可围绕其作答过程中的重点比较追问：你当时是怎样比较以下两种做法的：教师A：调整任务卡提供方式，在游戏开始前根据幼儿的能力水平有针对性地发放任务卡；教师D：和浩浩回顾已完成的任务，比较不同星级的难度，邀请他选择稍有挑战的任务？如果教师提到调整过顺序，再追问：是什么信息或想法让你改变了当时的排序？请只围绕情境理解、判断依据和选项比较提问，不要提及任何内部计算指标、得分、排名、入选原因或评价性判断。,,访谈提醒：本程序用于筛选值得访谈的情境题，不用于向教师反馈测评成绩。后续AI访谈或人工访谈时，不得向教师透露得分、排名、R/P/G分、IIV或任何评价性结果。
教师11,sim_openid_011_656566,2,Q5,5,消防员救火开心,近几天，中班的幼儿十分热衷于在区域游戏时间玩“消防员救火”的游戏。游戏结束后的交流活动中，老师问幼儿最想分享什么时，阳阳说“娃娃家着火了，好开心啊！”。,抓住教育契机，向幼儿耐心解释真实的火灾会造成物品损失和人员伤亡。,询问幼儿开心的是“着火”本身，还是消防员成功救火、娃娃家的人得救？,引导幼儿思考“娃娃家着火”值不值得开心，帮助他们认识真实火灾是危险的。,请阳阳讲讲娃娃家着火后发生了什么、为什么开心，借此理解幼儿的游戏体验。,A 游戏意义理解与儿童视角,B 价值平衡,G,1,,,2,0.25,0.175,0.5,0.25,0.301864,0.5,0.402938,0.330186,0.314083,35,66.778602,来自G分候选，具有结果-过程关系解释价值；IIV规范化信号：主要IIV信号：过程冲突、选项焦点变化、同题过程信息量；可追问选项比较：教师C：引导幼儿思考“娃娃家着火”值不值得开心，帮助他们认识真实火灾是危险的。；教师D：请阳阳讲讲娃娃家着火后发生了什么、为什么开心，借此理解幼儿的游戏体验。,覆盖能力类型：A 游戏意义理解与儿童视角,解释为什么快速稳定形成相对低判断，关注经验惯性、隐性盲点或直觉偏差,A,C/D,教师A：抓住教育契机，向幼儿耐心解释真实的火灾会造成物品损失和人员伤亡。,教师C：引导幼儿思考“娃娃家着火”值不值得开心，帮助他们认识真实火灾是危险的。；教师D：请阳阳讲讲娃娃家着火后发生了什么、为什么开心，借此理解幼儿的游戏体验。,请回忆第5题这个情境。当时的情境是：近几天，中班的幼儿十分热衷于在区域游戏时间玩“消防员救火”的游戏。游戏结束后的交流活动中，老师问幼儿最想分享什么时，阳阳说“娃娃家着火了，好开心啊！”。当时提供的做法包括：教师A：抓住教育契机，向幼儿耐心解释真实的火灾会造成物品损失和人员伤亡；教师B：询问幼儿开心的是“着火”本身，还是消防员成功救火、娃娃家的人得救；教师C：引导幼儿思考“娃娃家着火”值不值得开心，帮助他们认识真实火灾是危险的；教师D：请阳阳讲讲娃娃家着火后发生了什么、为什么开心，借此理解幼儿的游戏体验。可以先从这个情境本身追问：阳阳说娃娃家着火了很开心时，你当时更关注真实火灾的危险教育，还是先理解他在游戏里的开心来自哪里？；你觉得教师怎样回应，既不否定幼儿的游戏体验，又能引导他们理解真实火灾的意义？。然后可围绕其作答过程中的重点比较追问：你当时是怎样比较以下两种做法的：教师C：引导幼儿思考“娃娃家着火”值不值得开心，帮助他们认识真实火灾是危险的；教师D：请阳阳讲讲娃娃家着火后发生了什么、为什么开心，借此理解幼儿的游戏体验？如果教师提到调整过顺序，再追问：是什么信息或想法让你改变了当时的排序？请只围绕情境理解、判断依据和选项比较提问，不要提及任何内部计算指标、得分、排名、入选原因或评价性判断。,,访谈提醒：本程序用于筛选值得访谈的情境题，不用于向教师反馈测评成绩。后续AI访谈或人工访谈时，不得向教师透露得分、排名、R/P/G分、IIV或任何评价性结果。
教师11,sim_openid_011_656566,3,Q7,7,飞行棋各走各的,大班区域游戏中，轩轩和小宇一起玩飞行棋，他们将棋子摆好后，各自拿了一个骰子开始投，小宇说：“该我走。”轩轩说：“明明该我走！”相持不下，于是两人各拿一个骰子，自顾自地走自己的棋。,耐心讲解共同游戏的规则，再以“棋手”身份加入游戏进行示范引导。,暂不介入，继续观察游戏进展，待区域小结时请幼儿分享游戏中的体验和问题。,拿走一个骰子，请幼儿商量只有一个骰子的共同游戏规则，达成一致后再开始游戏。,待幼儿体验一轮各走各的游戏后，询问幼儿的游戏体验，提示共同游戏规则的作用。,E 共同游戏组织与规则共建,B 规则平衡,R,1,2,,,0.25,0.175,0.8,0.75,0.342806,1.0,0.609198,0.544281,0.49849,24,64.500726,来自R分候选，相对个人整体表现具有结果偏离解释价值；IIV规范化信号：主要IIV信号：选项焦点变化、过程冲突、修正信号；可追问选项比较：教师C：拿走一个骰子，请幼儿商量只有一个骰子的共同游戏规则，达成一致后再开始游戏。；教师D：待幼儿体验一轮各走各的游戏后，询问幼儿的游戏体验，提示共同游戏规则的作用。,覆盖能力类型：E 共同游戏组织与规则共建,局部短板解释,C,C/D,教师C：拿走一个骰子，请幼儿商量只有一个骰子的共同游戏规则，达成一致后再开始游戏。,教师C：拿走一个骰子，请幼儿商量只有一个骰子的共同游戏规则，达成一致后再开始游戏。；教师D：待幼儿体验一轮各走各的游戏后，询问幼儿的游戏体验，提示共同游戏规则的作用。,请回忆第7题这个情境。当时的情境是：大班区域游戏中，轩轩和小宇一起玩飞行棋，他们将棋子摆好后，各自拿了一个骰子开始投，小宇说：“该我走。”轩轩说：“明明该我走！”相持不下，于是两人各拿一个骰子，自顾自地走自己的棋。当时提供的做法包括：教师A：耐心讲解共同游戏的规则，再以“棋手”身份加入游戏进行示范引导；教师B：暂不介入，继续观察游戏进展，待区域小结时请幼儿分享游戏中的体验和问题；教师C：拿走一个骰子，请幼儿商量只有一个骰子的共同游戏规则，达成一致后再开始游戏；教师D：待幼儿体验一轮各走各的游戏后，询问幼儿的游戏体验，提示共同游戏规则的作用。可以先从这个情境本身追问：两个孩子各走各的棋时，你当时更关注共同游戏规则的建立，还是先让他们体验这种玩法会带来什么问题？；你觉得教师怎样帮助幼儿从各玩各的，过渡到真正的共同游戏？。然后可围绕其作答过程中的重点比较追问：你当时是怎样比较以下两种做法的：教师C：拿走一个骰子，请幼儿商量只有一个骰子的共同游戏规则，达成一致后再开始游戏；教师D：待幼儿体验一轮各走各的游戏后，询问幼儿的游戏体验，提示共同游戏规则的作用？如果教师提到调整过顺序，再追问：是什么信息或想法让你改变了当时的排序？请只围绕情境理解、判断依据和选项比较提问，不要提及任何内部计算指标、得分、排名、入选原因或评价性判断。,,访谈提醒：本程序用于筛选值得访谈的情境题，不用于向教师反馈测评成绩。后续AI访谈或人工访谈时，不得向教师透露得分、排名、R/P/G分、IIV或任何评价性结果。
教师12,sim_openid_012_439268,1,Q7,7,飞行棋各走各的,大班区域游戏中，轩轩和小宇一起玩飞行棋，他们将棋子摆好后，各自拿了一个骰子开始投，小宇说：“该我走。”轩轩说：“明明该我走！”相持不下，于是两人各拿一个骰子，自顾自地走自己的棋。,耐心讲解共同游戏的规则，再以“棋手”身份加入游戏进行示范引导。,暂不介入，继续观察游戏进展，待区域小结时请幼儿分享游戏中的体验和问题。,拿走一个骰子，请幼儿商量只有一个骰子的共同游戏规则，达成一致后再开始游戏。,待幼儿体验一轮各走各的游戏后，询问幼儿的游戏体验，提示共同游戏规则的作用。,E 共同游戏组织与规则共建,B 规则平衡,R/P/G,3,1,2,1,0.0,0.4,1.0,1.0,0.596156,0.75,0.690705,0.534616,0.529151,92,64.929176,R/P/G多源证据重复入选，系统解释强度较高；IIV规范化信号：主要IIV信号：过程冲突、修正信号、选项焦点变化；可追问选项比较：教师B：暂不介入，继续观察游戏进展，待区域小结时请幼儿分享游戏中的体验和问题。；教师C：拿走一个骰子，请幼儿商量只有一个骰子的共同游戏规则，达成一致后再开始游戏。,覆盖能力类型：E 共同游戏组织与规则共建,解释相对优势端如何形成；追问最理想或最不理想做法的判断为什么发生变化；追问是否曾把某做法从合适改判为不合适，或相反；能力分化画像,A,B/C,教师A：耐心讲解共同游戏的规则，再以“棋手”身份加入游戏进行示范引导。,教师B：暂不介入，继续观察游戏进展，待区域小结时请幼儿分享游戏中的体验和问题。；教师C：拿走一个骰子，请幼儿商量只有一个骰子的共同游戏规则，达成一致后再开始游戏。,请回忆第7题这个情境。当时的情境是：大班区域游戏中，轩轩和小宇一起玩飞行棋，他们将棋子摆好后，各自拿了一个骰子开始投，小宇说：“该我走。”轩轩说：“明明该我走！”相持不下，于是两人各拿一个骰子，自顾自地走自己的棋。当时提供的做法包括：教师A：耐心讲解共同游戏的规则，再以“棋手”身份加入游戏进行示范引导；教师B：暂不介入，继续观察游戏进展，待区域小结时请幼儿分享游戏中的体验和问题；教师C：拿走一个骰子，请幼儿商量只有一个骰子的共同游戏规则，达成一致后再开始游戏；教师D：待幼儿体验一轮各走各的游戏后，询问幼儿的游戏体验，提示共同游戏规则的作用。可以先从这个情境本身追问：两个孩子各走各的棋时，你当时更关注共同游戏规则的建立，还是先让他们体验这种玩法会带来什么问题？；你觉得教师怎样帮助幼儿从各玩各的，过渡到真正的共同游戏？。然后可围绕其作答过程中的重点比较追问：你当时是怎样比较以下两种做法的：教师B：暂不介入，继续观察游戏进展，待区域小结时请幼儿分享游戏中的体验和问题；教师C：拿走一个骰子，请幼儿商量只有一个骰子的共同游戏规则，达成一致后再开始游戏？如果教师提到调整过顺序，再追问：是什么信息或想法让你改变了当时的排序？请只围绕情境理解、判断依据和选项比较提问，不要提及任何内部计算指标、得分、排名、入选原因或评价性判断。,,访谈提醒：本程序用于筛选值得访谈的情境题，不用于向教师反馈测评成绩。后续AI访谈或人工访谈时，不得向教师透露得分、排名、R/P/G分、IIV或任何评价性结果。
教师12,sim_openid_012_439268,2,Q2,2,未参与小组建构,大班建构活动中，睿睿和其他幼儿计划一起搭积木大桥，他们讨论了搭建方法，并进入区域开始搭建。就在其他幼儿在认真搭建时，睿睿发现了一块长条木板，他一会儿在地上推着走，一会儿当枪使，没有再参与小组的搭建。,继续观察，后续分享中支持睿睿思考如何把长条木板融入小组的建构中。,肯定睿睿的创造性玩法，询问他长条板能否当桥面，引导他参与到搭桥任务中。,引导睿睿回顾计划，建议他先完成共同任务，长条木板可以等自由游戏时再玩。,看到睿睿玩得开心，暂不介入，等下一次活动时再提醒他根据计划开展游戏。,D 支架策略与游戏推进,E 共同游戏组织,R/P/G,3,2,1,2,1.0,0.6,0.875,0.75,1.0,1.0,0.814778,0.925,0.874489,87,94.443333,R/P/G多源证据重复入选，系统解释强度较高；IIV规范化信号：主要IIV信号：结果风险、相对时间信号、选项焦点变化；可追问选项比较：教师B：肯定睿睿的创造性玩法，询问他长条板能否当桥面，引导他参与到搭桥任务中。；教师C：引导睿睿回顾计划，建议他先完成共同任务，长条木板可以等自由游戏时再玩。,覆盖能力类型：D 支架策略与游戏推进,解释相对薄弱端如何形成；追问后续主要在比较哪些做法、为什么调整；追问最理想或最不理想做法的判断为什么发生变化；追问是否曾把某做法从合适改判为不合适，或相反；追问当时是否在几个判断标准之间反复权衡；能力分化画像,,B/C,,教师B：肯定睿睿的创造性玩法，询问他长条板能否当桥面，引导他参与到搭桥任务中。；教师C：引导睿睿回顾计划，建议他先完成共同任务，长条木板可以等自由游戏时再玩。,请回忆第2题这个情境。当时的情境是：大班建构活动中，睿睿和其他幼儿计划一起搭积木大桥，他们讨论了搭建方法，并进入区域开始搭建。就在其他幼儿在认真搭建时，睿睿发现了一块长条木板，他一会儿在地上推着走，一会儿当枪使，没有再参与小组的搭建。当时提供的做法包括：教师A：继续观察，后续分享中支持睿睿思考如何把长条木板融入小组的建构中；教师B：肯定睿睿的创造性玩法，询问他长条板能否当桥面，引导他参与到搭桥任务中；教师C：引导睿睿回顾计划，建议他先完成共同任务，长条木板可以等自由游戏时再玩；教师D：看到睿睿玩得开心，暂不介入，等下一次活动时再提醒他根据计划开展游戏。可以先从这个情境本身追问：睿睿离开了原来的搭桥计划去玩长条木板，你当时怎样理解他的行为：是偏离共同任务，还是出现了新的游戏线索？；面对共同建构计划和幼儿临时兴趣之间的变化，你觉得教师什么时候应该介入，什么时候可以继续观察？。然后可围绕其作答过程中的重点比较追问：你当时是怎样比较以下两种做法的：教师B：肯定睿睿的创造性玩法，询问他长条板能否当桥面，引导他参与到搭桥任务中；教师C：引导睿睿回顾计划，建议他先完成共同任务，长条木板可以等自由游戏时再玩？如果教师提到调整过顺序，再追问：是什么信息或想法让你改变了当时的排序？请只围绕情境理解、判断依据和选项比较提问，不要提及任何内部计算指标、得分、排名、入选原因或评价性判断。,,访谈提醒：本程序用于筛选值得访谈的情境题，不用于向教师反馈测评成绩。后续AI访谈或人工访谈时，不得向教师透露得分、排名、R/P/G分、IIV或任何评价性结果。
教师12,sim_openid_012_439268,3,Q10,10,引水难题未解,中班上学期，幼儿在“引水游戏”中遇到了难题——水无法被引到竹片管道上。他们不断调整竹片拼接的方式，却始终没能成功，即竹片一头高于出水管道，阻碍了引流。渐渐地幼儿的探索兴趣也减弱了，有的开始玩水，有的甚至离开了水池。,示范正确的引水方法，请幼儿注意观察并说说引水的要领，再自己试一试。,加入幼儿的探索，引导他们观察水流受阻的位置，一起尝试调整竹片的摆放方式。,组织幼儿就游戏困难进行讨论，寻找解决问题的方案，引导幼儿再次尝试。,投放更多辅助引水的材料，重新激起幼儿的探索兴趣，继续观察游戏进展。,C 观察诊断与介入时机,D 探究支架,备用补入,0,,,,0.0,0.4,0.8,0.75,0.0,0.5,0.675899,0.36,0.376295,0,64.162067,候选不足时按备用综合分补入；IIV规范化信号：主要IIV信号：过程冲突、修正信号、同题过程信息量；可追问选项比较：教师C：组织幼儿就游戏困难进行讨论，寻找解决问题的方案，引导幼儿再次尝试。；教师D：投放更多辅助引水的材料，重新激起幼儿的探索兴趣，继续观察游戏进展。,覆盖能力类型：C 观察诊断与介入时机,围绕该情境理解、选项比较和判断依据进行访谈,D,C/D,教师D：投放更多辅助引水的材料，重新激起幼儿的探索兴趣，继续观察游戏进展。,教师C：组织幼儿就游戏困难进行讨论，寻找解决问题的方案，引导幼儿再次尝试。；教师D：投放更多辅助引水的材料，重新激起幼儿的探索兴趣，继续观察游戏进展。,请回忆第10题这个情境。当时的情境是：中班上学期，幼儿在“引水游戏”中遇到了难题——水无法被引到竹片管道上。他们不断调整竹片拼接的方式，却始终没能成功，即竹片一头高于出水管道，阻碍了引流。渐渐地幼儿的探索兴趣也减弱了，有的开始玩水，有的甚至离开了水池。当时提供的做法包括：教师A：示范正确的引水方法，请幼儿注意观察并说说引水的要领，再自己试一试；教师B：加入幼儿的探索，引导他们观察水流受阻的位置，一起尝试调整竹片的摆放方式；教师C：组织幼儿就游戏困难进行讨论，寻找解决问题的方案，引导幼儿再次尝试；教师D：投放更多辅助引水的材料，重新激起幼儿的探索兴趣，继续观察游戏进展。可以先从这个情境本身追问：孩子们引水失败、兴趣减弱时，你当时更倾向于直接示范方法，还是继续支持他们自己发现水流受阻的原因？；你觉得教师怎样提供支架，既能帮助问题解决，又保留幼儿继续探究的空间？。然后可围绕其作答过程中的重点比较追问：你当时是怎样比较以下两种做法的：教师C：组织幼儿就游戏困难进行讨论，寻找解决问题的方案，引导幼儿再次尝试；教师D：投放更多辅助引水的材料，重新激起幼儿的探索兴趣，继续观察游戏进展？如果教师提到调整过顺序，再追问：是什么信息或想法让你改变了当时的排序？请只围绕情境理解、判断依据和选项比较提问，不要提及任何内部计算指标、得分、排名、入选原因或评价性判断。,候选池不足3题，按备用综合分补入,访谈提醒：本程序用于筛选值得访谈的情境题，不用于向教师反馈测评成绩。后续AI访谈或人工访谈时，不得向教师透露得分、排名、R/P/G分、IIV或任何评价性结果。
教师13,sim_openid_013_622833,1,Q4,4,频繁求助,中班区域活动时，小明选择了建构区。玩了一会儿，他跑到老师面前说“老师，我不会搭……帮帮我吧”，教师问他需要什么帮助时，他一边说我不会搭，一边却很快地将房子从一层积木加高到了两层。看小明专注搭建后，老师就离开建构区了。可是没一会，小明又找了老师好几次，说“老师，帮帮我吧，我不会搭”。,鼓励小明独立搭建，引导他思考接下来如何搭建，及时表扬他的努力。,先示范搭建关键部分，请小明观察方法，再鼓励他照着继续搭建。,在旁观察小明的搭建过程，并适时反馈，帮助他理清搭建步骤。,帮小明回顾已搭建完成的部分，指导他设定小目标，尝试自己实现。,C 观察诊断与介入时机,D 支架策略,R/P/G,3,2,2,2,0.75,0.375,0.8,0.25,0.249951,1.0,0.867167,0.634995,0.607103,83,96.015,R/P/G多源证据重复入选，系统解释强度较高；IIV规范化信号：主要IIV信号：选项焦点变化、同题过程信息量、过程冲突；可追问选项比较：教师A：鼓励小明独立搭建，引导他思考接下来如何搭建，及时表扬他的努力。；教师C：在旁观察小明的搭建过程，并适时反馈，帮助他理清搭建步骤。,覆盖能力类型：C 观察诊断与介入时机,解释相对薄弱端如何形成；请教师回忆读到情境后最先注意到什么、是否很快形成判断或感到难判断；追问后续主要在比较哪些做法、为什么调整；追问最理想或最不理想做法的判断为什么发生变化；追问当时是否在几个判断标准之间反复权衡；能力分化画像,D,A/C,教师D：帮小明回顾已搭建完成的部分，指导他设定小目标，尝试自己实现。,教师A：鼓励小明独立搭建，引导他思考接下来如何搭建，及时表扬他的努力。；教师C：在旁观察小明的搭建过程，并适时反馈，帮助他理清搭建步骤。,请回忆第4题这个情境。当时的情境是：中班区域活动时，小明选择了建构区。玩了一会儿，他跑到老师面前说“老师，我不会搭……帮帮我吧”，教师问他需要什么帮助时，他一边说我不会搭，一边却很快地将房子从一层积木加高到了两层。看小明专注搭建后，老师就离开建构区了。可是没一会，小明又找了老师好几次，说“老师，帮帮我吧，我不会搭”。当时提供的做法包括：教师A：鼓励小明独立搭建，引导他思考接下来如何搭建，及时表扬他的努力；教师B：先示范搭建关键部分，请小明观察方法，再鼓励他照着继续搭建；教师C：在旁观察小明的搭建过程，并适时反馈，帮助他理清搭建步骤；教师D：帮小明回顾已搭建完成的部分，指导他设定小目标，尝试自己实现。可以先从这个情境本身追问：小明一边说不会搭，一边又能继续加高房子，你当时怎样判断他真正需要的帮助是什么？；面对幼儿反复求助，你觉得教师怎样支持，既不替代幼儿完成，又能帮助他继续推进游戏？。然后可围绕其作答过程中的重点比较追问：你当时是怎样比较以下两种做法的：教师A：鼓励小明独立搭建，引导他思考接下来如何搭建，及时表扬他的努力；教师C：在旁观察小明的搭建过程，并适时反馈，帮助他理清搭建步骤？如果教师提到调整过顺序，再追问：是什么信息或想法让你改变了当时的排序？请只围绕情境理解、判断依据和选项比较提问，不要提及任何内部计算指标、得分、排名、入选原因或评价性判断。,,访谈提醒：本程序用于筛选值得访谈的情境题，不用于向教师反馈测评成绩。后续AI访谈或人工访谈时，不得向教师透露得分、排名、R/P/G分、IIV或任何评价性结果。
教师13,sim_openid_013_622833,2,Q6,6,区域停留短,小班幼儿瑶瑶在区域活动时，一会儿在娃娃家切切菜，一会儿到美工区搓搓橡皮泥，一会儿又开心地跑到其它区域游戏，在任何一个区域停留时间都不超过三分钟。,提议瑶瑶完成某项游戏任务，如在娃娃家做菜，请他活动小结时分享。,游戏前提醒区域活动规则，活动结束后表扬区域游戏规则遵守得好的小朋友。,仔细观察瑶瑶在不同区域的游戏情况，分析他发生迅速转移的原因。,以同伴的身份陪伴瑶瑶在某一区域游戏，待他专注游戏后再离开。,C 观察诊断与介入时机,A 儿童视角,R/G,2,1,,1,0.0,0.375,0.5,0.5,0.251926,0.25,0.386194,0.250193,0.275752,68,69.273373,R/P/G多源证据重复入选，系统解释强度较高；IIV规范化信号：主要IIV信号：过程冲突、修正信号、同题过程信息量；可追问选项比较：教师A：提议瑶瑶完成某项游戏任务，如在娃娃家做菜，请他活动小结时分享。；教师B：游戏前提醒区域活动规则，活动结束后表扬区域游戏规则遵守得好的小朋友。,覆盖能力类型：C 观察诊断与介入时机,解释相对优势端如何形成；能力分化画像,A,A/B,教师A：提议瑶瑶完成某项游戏任务，如在娃娃家做菜，请他活动小结时分享。,教师A：提议瑶瑶完成某项游戏任务，如在娃娃家做菜，请他活动小结时分享。；教师B：游戏前提醒区域活动规则，活动结束后表扬区域游戏规则遵守得好的小朋友。,请回忆第6题这个情境。当时的情境是：小班幼儿瑶瑶在区域活动时，一会儿在娃娃家切切菜，一会儿到美工区搓搓橡皮泥，一会儿又开心地跑到其它区域游戏，在任何一个区域停留时间都不超过三分钟。当时提供的做法包括：教师A：提议瑶瑶完成某项游戏任务，如在娃娃家做菜，请他活动小结时分享；教师B：游戏前提醒区域活动规则，活动结束后表扬区域游戏规则遵守得好的小朋友；教师C：仔细观察瑶瑶在不同区域的游戏情况，分析他发生迅速转移的原因；教师D：以同伴的身份陪伴瑶瑶在某一区域游戏，待他专注游戏后再离开。可以先从这个情境本身追问：瑶瑶在多个区域快速转换时，你当时会先把它看作注意力不集中、规则问题，还是一种探索不同材料的方式？；如果你在现场，你会先观察哪些信息来判断是否需要介入？。然后可围绕其作答过程中的重点比较追问：你当时是怎样比较以下两种做法的：教师A：提议瑶瑶完成某项游戏任务，如在娃娃家做菜，请他活动小结时分享；教师B：游戏前提醒区域活动规则，活动结束后表扬区域游戏规则遵守得好的小朋友？如果教师提到调整过顺序，再追问：是什么信息或想法让你改变了当时的排序？请只围绕情境理解、判断依据和选项比较提问，不要提及任何内部计算指标、得分、排名、入选原因或评价性判断。,,访谈提醒：本程序用于筛选值得访谈的情境题，不用于向教师反馈测评成绩。后续AI访谈或人工访谈时，不得向教师透露得分、排名、R/P/G分、IIV或任何评价性结果。
教师13,sim_openid_013_622833,3,Q10,10,引水难题未解,中班上学期，幼儿在“引水游戏”中遇到了难题——水无法被引到竹片管道上。他们不断调整竹片拼接的方式，却始终没能成功，即竹片一头高于出水管道，阻碍了引流。渐渐地幼儿的探索兴趣也减弱了，有的开始玩水，有的甚至离开了水池。,示范正确的引水方法，请幼儿注意观察并说说引水的要领，再自己试一试。,加入幼儿的探索，引导他们观察水流受阻的位置，一起尝试调整竹片的摆放方式。,组织幼儿就游戏困难进行讨论，寻找解决问题的方案，引导幼儿再次尝试。,投放更多辅助引水的材料，重新激起幼儿的探索兴趣，继续观察游戏进展。,C 观察诊断与介入时机,D 探究支架,P,1,,1,,0.25,0.125,0.8,0.5,0.754863,1.0,0.886407,0.535486,0.508557,28,33.686191,来自P分候选，作答过程具有访谈解释价值；IIV规范化信号：主要IIV信号：选项焦点变化、同题过程信息量、过程冲突；可追问选项比较：教师A：示范正确的引水方法，请幼儿注意观察并说说引水的要领，再自己试一试。；教师B：加入幼儿的探索，引导他们观察水流受阻的位置，一起尝试调整竹片的摆放方式。,覆盖能力类型：C 观察诊断与介入时机,请教师回忆读到情境后最先注意到什么、是否很快形成判断或感到难判断；追问后续主要在比较哪些做法、为什么调整；追问最理想或最不理想做法的判断为什么发生变化；追问是否曾把某做法从合适改判为不合适，或相反；追问当时是否在几个判断标准之间反复权衡,D,A/B,教师D：投放更多辅助引水的材料，重新激起幼儿的探索兴趣，继续观察游戏进展。,教师A：示范正确的引水方法，请幼儿注意观察并说说引水的要领，再自己试一试。；教师B：加入幼儿的探索，引导他们观察水流受阻的位置，一起尝试调整竹片的摆放方式。,请回忆第10题这个情境。当时的情境是：中班上学期，幼儿在“引水游戏”中遇到了难题——水无法被引到竹片管道上。他们不断调整竹片拼接的方式，却始终没能成功，即竹片一头高于出水管道，阻碍了引流。渐渐地幼儿的探索兴趣也减弱了，有的开始玩水，有的甚至离开了水池。当时提供的做法包括：教师A：示范正确的引水方法，请幼儿注意观察并说说引水的要领，再自己试一试；教师B：加入幼儿的探索，引导他们观察水流受阻的位置，一起尝试调整竹片的摆放方式；教师C：组织幼儿就游戏困难进行讨论，寻找解决问题的方案，引导幼儿再次尝试；教师D：投放更多辅助引水的材料，重新激起幼儿的探索兴趣，继续观察游戏进展。可以先从这个情境本身追问：孩子们引水失败、兴趣减弱时，你当时更倾向于直接示范方法，还是继续支持他们自己发现水流受阻的原因？；你觉得教师怎样提供支架，既能帮助问题解决，又保留幼儿继续探究的空间？。然后可围绕其作答过程中的重点比较追问：你当时是怎样比较以下两种做法的：教师A：示范正确的引水方法，请幼儿注意观察并说说引水的要领，再自己试一试；教师B：加入幼儿的探索，引导他们观察水流受阻的位置，一起尝试调整竹片的摆放方式？如果教师提到调整过顺序，再追问：是什么信息或想法让你改变了当时的排序？请只围绕情境理解、判断依据和选项比较提问，不要提及任何内部计算指标、得分、排名、入选原因或评价性判断。,,访谈提醒：本程序用于筛选值得访谈的情境题，不用于向教师反馈测评成绩。后续AI访谈或人工访谈时，不得向教师透露得分、排名、R/P/G分、IIV或任何评价性结果。
教师14,sim_openid_014_601439,1,Q2,2,未参与小组建构,大班建构活动中，睿睿和其他幼儿计划一起搭积木大桥，他们讨论了搭建方法，并进入区域开始搭建。就在其他幼儿在认真搭建时，睿睿发现了一块长条木板，他一会儿在地上推着走，一会儿当枪使，没有再参与小组的搭建。,继续观察，后续分享中支持睿睿思考如何把长条木板融入小组的建构中。,肯定睿睿的创造性玩法，询问他长条板能否当桥面，引导他参与到搭桥任务中。,引导睿睿回顾计划，建议他先完成共同任务，长条木板可以等自由游戏时再玩。,看到睿睿玩得开心，暂不介入，等下一次活动时再提醒他根据计划开展游戏。,D 支架策略与游戏推进,E 共同游戏组织,R/G,2,2,,1,0.25,0.3,0.75,0.75,0.660929,1.0,0.679833,0.566093,0.545085,64,81.02,R/P/G多源证据重复入选，系统解释强度较高；IIV规范化信号：主要IIV信号：选项焦点变化、过程冲突、修正信号；可追问选项比较：教师C：引导睿睿回顾计划，建议他先完成共同任务，长条木板可以等自由游戏时再玩。；教师D：看到睿睿玩得开心，暂不介入，等下一次活动时再提醒他根据计划开展游戏。,覆盖能力类型：D 支架策略与游戏推进,解释如何通过比较、修正或重新权衡形成相对较好判断，关注可激活能力；相对优势和可激活能力解释,A,C/D,教师A：继续观察，后续分享中支持睿睿思考如何把长条木板融入小组的建构中。,教师C：引导睿睿回顾计划，建议他先完成共同任务，长条木板可以等自由游戏时再玩。；教师D：看到睿睿玩得开心，暂不介入，等下一次活动时再提醒他根据计划开展游戏。,请回忆第2题这个情境。当时的情境是：大班建构活动中，睿睿和其他幼儿计划一起搭积木大桥，他们讨论了搭建方法，并进入区域开始搭建。就在其他幼儿在认真搭建时，睿睿发现了一块长条木板，他一会儿在地上推着走，一会儿当枪使，没有再参与小组的搭建。当时提供的做法包括：教师A：继续观察，后续分享中支持睿睿思考如何把长条木板融入小组的建构中；教师B：肯定睿睿的创造性玩法，询问他长条板能否当桥面，引导他参与到搭桥任务中；教师C：引导睿睿回顾计划，建议他先完成共同任务，长条木板可以等自由游戏时再玩；教师D：看到睿睿玩得开心，暂不介入，等下一次活动时再提醒他根据计划开展游戏。可以先从这个情境本身追问：睿睿离开了原来的搭桥计划去玩长条木板，你当时怎样理解他的行为：是偏离共同任务，还是出现了新的游戏线索？；面对共同建构计划和幼儿临时兴趣之间的变化，你觉得教师什么时候应该介入，什么时候可以继续观察？。然后可围绕其作答过程中的重点比较追问：你当时是怎样比较以下两种做法的：教师C：引导睿睿回顾计划，建议他先完成共同任务，长条木板可以等自由游戏时再玩；教师D：看到睿睿玩得开心，暂不介入，等下一次活动时再提醒他根据计划开展游戏？如果教师提到调整过顺序，再追问：是什么信息或想法让你改变了当时的排序？请只围绕情境理解、判断依据和选项比较提问，不要提及任何内部计算指标、得分、排名、入选原因或评价性判断。,,访谈提醒：本程序用于筛选值得访谈的情境题，不用于向教师反馈测评成绩。后续AI访谈或人工访谈时，不得向教师透露得分、排名、R/P/G分、IIV或任何评价性结果。
教师14,sim_openid_014_601439,2,Q9,9,艾莎公主不运动,小班的一次户外运动，有几个女孩子从一开始就没有选择任何体育活动项目，而是聚在一起坐在地上玩“艾莎公主”的游戏，比一比谁的鞋子最漂亮，谁的魔法最厉害。,询问幼儿没有参与运动的原因，提供丰富的活动材料吸引幼儿参与运动活动。,提醒幼儿现在是运动时间，请他们等自由游戏时间再一起玩“艾莎公主”的游戏。,利用艾莎公主的鞋子设计走、跑、跳等活动，并以参与者的身份邀请幼儿一起参与运动。,肯定幼儿自主游戏的行为，言语引导幼儿穿着“漂亮的鞋子”参与运动。,D 支架策略与游戏推进,A 儿童视角/B 目标平衡,R/P,2,1,2,,0.25,0.3,0.857143,0.75,0.235519,1.0,0.868424,0.54498,0.528045,52,72.843396,R/P/G多源证据重复入选，系统解释强度较高；IIV规范化信号：主要IIV信号：选项焦点变化、同题过程信息量、过程冲突；可追问选项比较：教师C：利用艾莎公主的鞋子设计走、跑、跳等活动，并以参与者的身份邀请幼儿一起参与运动。；教师D：肯定幼儿自主游戏的行为，言语引导幼儿穿着“漂亮的鞋子”参与运动。,覆盖能力类型：D 支架策略与游戏推进,请教师回忆读到情境后最先注意到什么、是否很快形成判断或感到难判断；追问后续主要在比较哪些做法、为什么调整；追问最理想或最不理想做法的判断为什么发生变化；追问是否曾把某做法从合适改判为不合适，或相反；追问当时是否在几个判断标准之间反复权衡；相对优势和可激活能力解释,B,C/D,教师B：提醒幼儿现在是运动时间，请他们等自由游戏时间再一起玩“艾莎公主”的游戏。,教师C：利用艾莎公主的鞋子设计走、跑、跳等活动，并以参与者的身份邀请幼儿一起参与运动。；教师D：肯定幼儿自主游戏的行为，言语引导幼儿穿着“漂亮的鞋子”参与运动。,请回忆第9题这个情境。当时的情境是：小班的一次户外运动，有几个女孩子从一开始就没有选择任何体育活动项目，而是聚在一起坐在地上玩“艾莎公主”的游戏，比一比谁的鞋子最漂亮，谁的魔法最厉害。当时提供的做法包括：教师A：询问幼儿没有参与运动的原因，提供丰富的活动材料吸引幼儿参与运动活动；教师B：提醒幼儿现在是运动时间，请他们等自由游戏时间再一起玩“艾莎公主”的游戏；教师C：利用艾莎公主的鞋子设计走、跑、跳等活动，并以参与者的身份邀请幼儿一起参与运动；教师D：肯定幼儿自主游戏的行为，言语引导幼儿穿着“漂亮的鞋子”参与运动。可以先从这个情境本身追问：几个女孩在户外运动时间玩艾莎公主时，你当时更关注运动目标，还是关注她们正在生成的角色游戏兴趣？；如果要把艾莎公主游戏和运动活动连接起来，你觉得教师可以怎样做才不显得生硬？。然后可围绕其作答过程中的重点比较追问：你当时是怎样比较以下两种做法的：教师C：利用艾莎公主的鞋子设计走、跑、跳等活动，并以参与者的身份邀请幼儿一起参与运动；教师D：肯定幼儿自主游戏的行为，言语引导幼儿穿着“漂亮的鞋子”参与运动？如果教师提到调整过顺序，再追问：是什么信息或想法让你改变了当时的排序？请只围绕情境理解、判断依据和选项比较提问，不要提及任何内部计算指标、得分、排名、入选原因或评价性判断。,,访谈提醒：本程序用于筛选值得访谈的情境题，不用于向教师反馈测评成绩。后续AI访谈或人工访谈时，不得向教师透露得分、排名、R/P/G分、IIV或任何评价性结果。
教师14,sim_openid_014_601439,3,Q7,7,飞行棋各走各的,大班区域游戏中，轩轩和小宇一起玩飞行棋，他们将棋子摆好后，各自拿了一个骰子开始投，小宇说：“该我走。”轩轩说：“明明该我走！”相持不下，于是两人各拿一个骰子，自顾自地走自己的棋。,耐心讲解共同游戏的规则，再以“棋手”身份加入游戏进行示范引导。,暂不介入，继续观察游戏进展，待区域小结时请幼儿分享游戏中的体验和问题。,拿走一个骰子，请幼儿商量只有一个骰子的共同游戏规则，达成一致后再开始游戏。,待幼儿体验一轮各走各的游戏后，询问幼儿的游戏体验，提示共同游戏规则的作用。,E 共同游戏组织与规则共建,B 规则平衡,G,1,,,2,0.25,0.3,0.75,0.75,0.0,1.0,0.529147,0.5,0.471457,35,58.698964,来自G分候选，具有结果-过程关系解释价值；IIV规范化信号：主要IIV信号：选项焦点变化、过程冲突、修正信号；可追问选项比较：教师A：耐心讲解共同游戏的规则，再以“棋手”身份加入游戏进行示范引导。；教师D：待幼儿体验一轮各走各的游戏后，询问幼儿的游戏体验，提示共同游戏规则的作用。,覆盖能力类型：E 共同游戏组织与规则共建,解释为什么能快速稳定形成较好判断，关注已有经验或优势图式,C,A/D,教师C：拿走一个骰子，请幼儿商量只有一个骰子的共同游戏规则，达成一致后再开始游戏。,教师A：耐心讲解共同游戏的规则，再以“棋手”身份加入游戏进行示范引导。；教师D：待幼儿体验一轮各走各的游戏后，询问幼儿的游戏体验，提示共同游戏规则的作用。,请回忆第7题这个情境。当时的情境是：大班区域游戏中，轩轩和小宇一起玩飞行棋，他们将棋子摆好后，各自拿了一个骰子开始投，小宇说：“该我走。”轩轩说：“明明该我走！”相持不下，于是两人各拿一个骰子，自顾自地走自己的棋。当时提供的做法包括：教师A：耐心讲解共同游戏的规则，再以“棋手”身份加入游戏进行示范引导；教师B：暂不介入，继续观察游戏进展，待区域小结时请幼儿分享游戏中的体验和问题；教师C：拿走一个骰子，请幼儿商量只有一个骰子的共同游戏规则，达成一致后再开始游戏；教师D：待幼儿体验一轮各走各的游戏后，询问幼儿的游戏体验，提示共同游戏规则的作用。可以先从这个情境本身追问：两个孩子各走各的棋时，你当时更关注共同游戏规则的建立，还是先让他们体验这种玩法会带来什么问题？；你觉得教师怎样帮助幼儿从各玩各的，过渡到真正的共同游戏？。然后可围绕其作答过程中的重点比较追问：你当时是怎样比较以下两种做法的：教师A：耐心讲解共同游戏的规则，再以“棋手”身份加入游戏进行示范引导；教师D：待幼儿体验一轮各走各的游戏后，询问幼儿的游戏体验，提示共同游戏规则的作用？如果教师提到调整过顺序，再追问：是什么信息或想法让你改变了当时的排序？请只围绕情境理解、判断依据和选项比较提问，不要提及任何内部计算指标、得分、排名、入选原因或评价性判断。,,访谈提醒：本程序用于筛选值得访谈的情境题，不用于向教师反馈测评成绩。后续AI访谈或人工访谈时，不得向教师透露得分、排名、R/P/G分、IIV或任何评价性结果。
教师15,sim_openid_015_459012,1,Q6,6,区域停留短,小班幼儿瑶瑶在区域活动时，一会儿在娃娃家切切菜，一会儿到美工区搓搓橡皮泥，一会儿又开心地跑到其它区域游戏，在任何一个区域停留时间都不超过三分钟。,提议瑶瑶完成某项游戏任务，如在娃娃家做菜，请他活动小结时分享。,游戏前提醒区域活动规则，活动结束后表扬区域游戏规则遵守得好的小朋友。,仔细观察瑶瑶在不同区域的游戏情况，分析他发生迅速转移的原因。,以同伴的身份陪伴瑶瑶在某一区域游戏，待他专注游戏后再离开。,C 观察诊断与介入时机,A 儿童视角,R/G,2,1,,1,0.0,0.55,0.75,0.75,0.37633,0.5,0.424705,0.387633,0.416368,68,82.741163,R/P/G多源证据重复入选，系统解释强度较高；IIV规范化信号：主要IIV信号：过程冲突、修正信号、个人内相对偏离；可追问选项比较：教师B：游戏前提醒区域活动规则，活动结束后表扬区域游戏规则遵守得好的小朋友。；教师C：仔细观察瑶瑶在不同区域的游戏情况，分析他发生迅速转移的原因。,覆盖能力类型：C 观察诊断与介入时机,解释如何通过比较、修正或重新权衡形成相对较好判断，关注可激活能力；相对优势和可激活能力解释,D,B/C,教师D：以同伴的身份陪伴瑶瑶在某一区域游戏，待他专注游戏后再离开。,教师B：游戏前提醒区域活动规则，活动结束后表扬区域游戏规则遵守得好的小朋友。；教师C：仔细观察瑶瑶在不同区域的游戏情况，分析他发生迅速转移的原因。,请回忆第6题这个情境。当时的情境是：小班幼儿瑶瑶在区域活动时，一会儿在娃娃家切切菜，一会儿到美工区搓搓橡皮泥，一会儿又开心地跑到其它区域游戏，在任何一个区域停留时间都不超过三分钟。当时提供的做法包括：教师A：提议瑶瑶完成某项游戏任务，如在娃娃家做菜，请他活动小结时分享；教师B：游戏前提醒区域活动规则，活动结束后表扬区域游戏规则遵守得好的小朋友；教师C：仔细观察瑶瑶在不同区域的游戏情况，分析他发生迅速转移的原因；教师D：以同伴的身份陪伴瑶瑶在某一区域游戏，待他专注游戏后再离开。可以先从这个情境本身追问：瑶瑶在多个区域快速转换时，你当时会先把它看作注意力不集中、规则问题，还是一种探索不同材料的方式？；如果你在现场，你会先观察哪些信息来判断是否需要介入？。然后可围绕其作答过程中的重点比较追问：你当时是怎样比较以下两种做法的：教师B：游戏前提醒区域活动规则，活动结束后表扬区域游戏规则遵守得好的小朋友；教师C：仔细观察瑶瑶在不同区域的游戏情况，分析他发生迅速转移的原因？如果教师提到调整过顺序，再追问：是什么信息或想法让你改变了当时的排序？请只围绕情境理解、判断依据和选项比较提问，不要提及任何内部计算指标、得分、排名、入选原因或评价性判断。,,访谈提醒：本程序用于筛选值得访谈的情境题，不用于向教师反馈测评成绩。后续AI访谈或人工访谈时，不得向教师透露得分、排名、R/P/G分、IIV或任何评价性结果。
教师15,sim_openid_015_459012,2,Q7,7,飞行棋各走各的,大班区域游戏中，轩轩和小宇一起玩飞行棋，他们将棋子摆好后，各自拿了一个骰子开始投，小宇说：“该我走。”轩轩说：“明明该我走！”相持不下，于是两人各拿一个骰子，自顾自地走自己的棋。,耐心讲解共同游戏的规则，再以“棋手”身份加入游戏进行示范引导。,暂不介入，继续观察游戏进展，待区域小结时请幼儿分享游戏中的体验和问题。,拿走一个骰子，请幼儿商量只有一个骰子的共同游戏规则，达成一致后再开始游戏。,待幼儿体验一轮各走各的游戏后，询问幼儿的游戏体验，提示共同游戏规则的作用。,E 共同游戏组织与规则共建,B 规则平衡,R/G,2,2,,2,0.25,0.3,0.75,0.75,0.36486,0.75,0.44926,0.511486,0.478949,59,58.956917,R/P/G多源证据重复入选，系统解释强度较高；IIV规范化信号：主要IIV信号：过程冲突、修正信号、选项焦点变化；可追问选项比较：教师C：拿走一个骰子，请幼儿商量只有一个骰子的共同游戏规则，达成一致后再开始游戏。；教师D：待幼儿体验一轮各走各的游戏后，询问幼儿的游戏体验，提示共同游戏规则的作用。,覆盖能力类型：E 共同游戏组织与规则共建,解释为什么能快速稳定形成较好判断，关注已有经验或优势图式；相对优势和可激活能力解释,C,C/D,教师C：拿走一个骰子，请幼儿商量只有一个骰子的共同游戏规则，达成一致后再开始游戏。,教师C：拿走一个骰子，请幼儿商量只有一个骰子的共同游戏规则，达成一致后再开始游戏。；教师D：待幼儿体验一轮各走各的游戏后，询问幼儿的游戏体验，提示共同游戏规则的作用。,请回忆第7题这个情境。当时的情境是：大班区域游戏中，轩轩和小宇一起玩飞行棋，他们将棋子摆好后，各自拿了一个骰子开始投，小宇说：“该我走。”轩轩说：“明明该我走！”相持不下，于是两人各拿一个骰子，自顾自地走自己的棋。当时提供的做法包括：教师A：耐心讲解共同游戏的规则，再以“棋手”身份加入游戏进行示范引导；教师B：暂不介入，继续观察游戏进展，待区域小结时请幼儿分享游戏中的体验和问题；教师C：拿走一个骰子，请幼儿商量只有一个骰子的共同游戏规则，达成一致后再开始游戏；教师D：待幼儿体验一轮各走各的游戏后，询问幼儿的游戏体验，提示共同游戏规则的作用。可以先从这个情境本身追问：两个孩子各走各的棋时，你当时更关注共同游戏规则的建立，还是先让他们体验这种玩法会带来什么问题？；你觉得教师怎样帮助幼儿从各玩各的，过渡到真正的共同游戏？。然后可围绕其作答过程中的重点比较追问：你当时是怎样比较以下两种做法的：教师C：拿走一个骰子，请幼儿商量只有一个骰子的共同游戏规则，达成一致后再开始游戏；教师D：待幼儿体验一轮各走各的游戏后，询问幼儿的游戏体验，提示共同游戏规则的作用？如果教师提到调整过顺序，再追问：是什么信息或想法让你改变了当时的排序？请只围绕情境理解、判断依据和选项比较提问，不要提及任何内部计算指标、得分、排名、入选原因或评价性判断。,,访谈提醒：本程序用于筛选值得访谈的情境题，不用于向教师反馈测评成绩。后续AI访谈或人工访谈时，不得向教师透露得分、排名、R/P/G分、IIV或任何评价性结果。
教师15,sim_openid_015_459012,3,Q1,1,篮球架玩水,操场上新安装了一些篮球架，幼儿经常在这里投篮。某天户外活动时，几名幼儿带着画笔和水桶来到这里，他们先是快乐地粉刷篮球架，之后开始往篮框里灌水，有的从上面灌，有的在下面接，忙的不亦乐乎，俨然这里成为了玩水的场地。,看到幼儿玩得很开心，不干预他们的玩水行为，待兴趣减弱后再讨论玩水的适宜性。,表扬幼儿的新发现，并询问在篮球架旁玩水是否合适，提议幼儿可以换个地方玩水。,参与到幼儿的“粉刷”游戏中，逐步引导幼儿到适宜玩水的地方继续开展游戏。,提醒幼儿篮球架是用于开展运动的，与其他幼儿一起召唤他们打篮球，转移他们的关注点。,B 自主游戏与规则/安全/价值平衡,A 游戏意义理解,P,1,,1,,0.5,0.05,1.0,0.5,0.567659,1.0,0.798687,0.656766,0.5792,28,56.849835,来自P分候选，作答过程具有访谈解释价值；IIV规范化信号：主要IIV信号：过程冲突、选项焦点变化、同题过程信息量；可追问选项比较：教师A：看到幼儿玩得很开心，不干预他们的玩水行为，待兴趣减弱后再讨论玩水的适宜性。；教师B：表扬幼儿的新发现，并询问在篮球架旁玩水是否合适，提议幼儿可以换个地方玩水。,覆盖能力类型：B 自主游戏与规则/安全/价值平衡,请教师回忆读到情境后最先注意到什么、是否很快形成判断或感到难判断；追问后续主要在比较哪些做法、为什么调整；追问最理想或最不理想做法的判断为什么发生变化；追问是否曾把某做法从合适改判为不合适，或相反,A,A/B,教师A：看到幼儿玩得很开心，不干预他们的玩水行为，待兴趣减弱后再讨论玩水的适宜性。,教师A：看到幼儿玩得很开心，不干预他们的玩水行为，待兴趣减弱后再讨论玩水的适宜性。；教师B：表扬幼儿的新发现，并询问在篮球架旁玩水是否合适，提议幼儿可以换个地方玩水。,请回忆第1题这个情境。当时的情境是：操场上新安装了一些篮球架，幼儿经常在这里投篮。某天户外活动时，几名幼儿带着画笔和水桶来到这里，他们先是快乐地粉刷篮球架，之后开始往篮框里灌水，有的从上面灌，有的在下面接，忙的不亦乐乎，俨然这里成为了玩水的场地。当时提供的做法包括：教师A：看到幼儿玩得很开心，不干预他们的玩水行为，待兴趣减弱后再讨论玩水的适宜性；教师B：表扬幼儿的新发现，并询问在篮球架旁玩水是否合适，提议幼儿可以换个地方玩水；教师C：参与到幼儿的“粉刷”游戏中，逐步引导幼儿到适宜玩水的地方继续开展游戏；教师D：提醒幼儿篮球架是用于开展运动的，与其他幼儿一起召唤他们打篮球，转移他们的关注点。可以先从这个情境本身追问：这个情境里，孩子把篮球架变成玩水场地，你当时更关注他们的游戏兴趣、器械用途，还是安全与场地适宜性？；如果既想保护孩子的探索兴趣，又要回应篮球架原本的运动功能，你觉得教师可以怎样衔接？。然后可围绕其作答过程中的重点比较追问：你当时是怎样比较以下两种做法的：教师A：看到幼儿玩得很开心，不干预他们的玩水行为，待兴趣减弱后再讨论玩水的适宜性；教师B：表扬幼儿的新发现，并询问在篮球架旁玩水是否合适，提议幼儿可以换个地方玩水？如果教师提到调整过顺序，再追问：是什么信息或想法让你改变了当时的排序？请只围绕情境理解、判断依据和选项比较提问，不要提及任何内部计算指标、得分、排名、入选原因或评价性判断。,,访谈提醒：本程序用于筛选值得访谈的情境题，不用于向教师反馈测评成绩。后续AI访谈或人工访谈时，不得向教师透露得分、排名、R/P/G分、IIV或任何评价性结果。
教师16,sim_openid_016_686881,1,Q5,5,消防员救火开心,近几天，中班的幼儿十分热衷于在区域游戏时间玩“消防员救火”的游戏。游戏结束后的交流活动中，老师问幼儿最想分享什么时，阳阳说“娃娃家着火了，好开心啊！”。,抓住教育契机，向幼儿耐心解释真实的火灾会造成物品损失和人员伤亡。,询问幼儿开心的是“着火”本身，还是消防员成功救火、娃娃家的人得救？,引导幼儿思考“娃娃家着火”值不值得开心，帮助他们认识真实火灾是危险的。,请阳阳讲讲娃娃家着火后发生了什么、为什么开心，借此理解幼儿的游戏体验。,A 游戏意义理解与儿童视角,B 价值平衡,R/P/G,3,1,1,1,0.25,0.2,1.0,0.75,0.641897,1.0,0.704124,0.61419,0.566896,96,46.549554,R/P/G多源证据重复入选，系统解释强度较高；IIV规范化信号：主要IIV信号：过程冲突、选项焦点变化、修正信号；可追问选项比较：教师A：抓住教育契机，向幼儿耐心解释真实的火灾会造成物品损失和人员伤亡。；教师D：请阳阳讲讲娃娃家着火后发生了什么、为什么开心，借此理解幼儿的游戏体验。,覆盖能力类型：A 游戏意义理解与儿童视角,解释相对优势端如何形成；追问后续主要在比较哪些做法、为什么调整；追问最理想或最不理想做法的判断为什么发生变化；追问是否曾把某做法从合适改判为不合适，或相反；能力分化画像,A,A/D,教师A：抓住教育契机，向幼儿耐心解释真实的火灾会造成物品损失和人员伤亡。,教师A：抓住教育契机，向幼儿耐心解释真实的火灾会造成物品损失和人员伤亡。；教师D：请阳阳讲讲娃娃家着火后发生了什么、为什么开心，借此理解幼儿的游戏体验。,请回忆第5题这个情境。当时的情境是：近几天，中班的幼儿十分热衷于在区域游戏时间玩“消防员救火”的游戏。游戏结束后的交流活动中，老师问幼儿最想分享什么时，阳阳说“娃娃家着火了，好开心啊！”。当时提供的做法包括：教师A：抓住教育契机，向幼儿耐心解释真实的火灾会造成物品损失和人员伤亡；教师B：询问幼儿开心的是“着火”本身，还是消防员成功救火、娃娃家的人得救；教师C：引导幼儿思考“娃娃家着火”值不值得开心，帮助他们认识真实火灾是危险的；教师D：请阳阳讲讲娃娃家着火后发生了什么、为什么开心，借此理解幼儿的游戏体验。可以先从这个情境本身追问：阳阳说娃娃家着火了很开心时，你当时更关注真实火灾的危险教育，还是先理解他在游戏里的开心来自哪里？；你觉得教师怎样回应，既不否定幼儿的游戏体验，又能引导他们理解真实火灾的意义？。然后可围绕其作答过程中的重点比较追问：你当时是怎样比较以下两种做法的：教师A：抓住教育契机，向幼儿耐心解释真实的火灾会造成物品损失和人员伤亡；教师D：请阳阳讲讲娃娃家着火后发生了什么、为什么开心，借此理解幼儿的游戏体验？如果教师提到调整过顺序，再追问：是什么信息或想法让你改变了当时的排序？请只围绕情境理解、判断依据和选项比较提问，不要提及任何内部计算指标、得分、排名、入选原因或评价性判断。,,访谈提醒：本程序用于筛选值得访谈的情境题，不用于向教师反馈测评成绩。后续AI访谈或人工访谈时，不得向教师透露得分、排名、R/P/G分、IIV或任何评价性结果。
教师16,sim_openid_016_686881,2,Q2,2,未参与小组建构,大班建构活动中，睿睿和其他幼儿计划一起搭积木大桥，他们讨论了搭建方法，并进入区域开始搭建。就在其他幼儿在认真搭建时，睿睿发现了一块长条木板，他一会儿在地上推着走，一会儿当枪使，没有再参与小组的搭建。,继续观察，后续分享中支持睿睿思考如何把长条木板融入小组的建构中。,肯定睿睿的创造性玩法，询问他长条板能否当桥面，引导他参与到搭桥任务中。,引导睿睿回顾计划，建议他先完成共同任务，长条木板可以等自由游戏时再玩。,看到睿睿玩得开心，暂不介入，等下一次活动时再提醒他根据计划开展游戏。,D 支架策略与游戏推进,E 共同游戏组织,R/G,2,2,,2,1.0,0.55,0.75,0.5,0.742747,0.75,0.502278,0.799275,0.744389,59,85.068333,R/P/G多源证据重复入选，系统解释强度较高；IIV规范化信号：主要IIV信号：结果风险、过程冲突、选项焦点变化；可追问选项比较：教师C：引导睿睿回顾计划，建议他先完成共同任务，长条木板可以等自由游戏时再玩。；教师D：看到睿睿玩得开心，暂不介入，等下一次活动时再提醒他根据计划开展游戏。,覆盖能力类型：D 支架策略与游戏推进,解释相对薄弱端如何形成；能力分化画像,,C/D,,教师C：引导睿睿回顾计划，建议他先完成共同任务，长条木板可以等自由游戏时再玩。；教师D：看到睿睿玩得开心，暂不介入，等下一次活动时再提醒他根据计划开展游戏。,请回忆第2题这个情境。当时的情境是：大班建构活动中，睿睿和其他幼儿计划一起搭积木大桥，他们讨论了搭建方法，并进入区域开始搭建。就在其他幼儿在认真搭建时，睿睿发现了一块长条木板，他一会儿在地上推着走，一会儿当枪使，没有再参与小组的搭建。当时提供的做法包括：教师A：继续观察，后续分享中支持睿睿思考如何把长条木板融入小组的建构中；教师B：肯定睿睿的创造性玩法，询问他长条板能否当桥面，引导他参与到搭桥任务中；教师C：引导睿睿回顾计划，建议他先完成共同任务，长条木板可以等自由游戏时再玩；教师D：看到睿睿玩得开心，暂不介入，等下一次活动时再提醒他根据计划开展游戏。可以先从这个情境本身追问：睿睿离开了原来的搭桥计划去玩长条木板，你当时怎样理解他的行为：是偏离共同任务，还是出现了新的游戏线索？；面对共同建构计划和幼儿临时兴趣之间的变化，你觉得教师什么时候应该介入，什么时候可以继续观察？。然后可围绕其作答过程中的重点比较追问：你当时是怎样比较以下两种做法的：教师C：引导睿睿回顾计划，建议他先完成共同任务，长条木板可以等自由游戏时再玩；教师D：看到睿睿玩得开心，暂不介入，等下一次活动时再提醒他根据计划开展游戏？如果教师提到调整过顺序，再追问：是什么信息或想法让你改变了当时的排序？请只围绕情境理解、判断依据和选项比较提问，不要提及任何内部计算指标、得分、排名、入选原因或评价性判断。,,访谈提醒：本程序用于筛选值得访谈的情境题，不用于向教师反馈测评成绩。后续AI访谈或人工访谈时，不得向教师透露得分、排名、R/P/G分、IIV或任何评价性结果。
教师16,sim_openid_016_686881,3,Q1,1,篮球架玩水,操场上新安装了一些篮球架，幼儿经常在这里投篮。某天户外活动时，几名幼儿带着画笔和水桶来到这里，他们先是快乐地粉刷篮球架，之后开始往篮框里灌水，有的从上面灌，有的在下面接，忙的不亦乐乎，俨然这里成为了玩水的场地。,看到幼儿玩得很开心，不干预他们的玩水行为，待兴趣减弱后再讨论玩水的适宜性。,表扬幼儿的新发现，并询问在篮球架旁玩水是否合适，提议幼儿可以换个地方玩水。,参与到幼儿的“粉刷”游戏中，逐步引导幼儿到适宜玩水的地方继续开展游戏。,提醒幼儿篮球架是用于开展运动的，与其他幼儿一起召唤他们打篮球，转移他们的关注点。,B 自主游戏与规则/安全/价值平衡,A 游戏意义理解,P,1,,2,,0.75,0.3,1.0,0.75,0.534251,1.0,0.635443,0.803425,0.717697,24,56.87313,来自P分候选，作答过程具有访谈解释价值；IIV规范化信号：主要IIV信号：过程冲突、选项焦点变化、结果风险；可追问选项比较：教师C：参与到幼儿的“粉刷”游戏中，逐步引导幼儿到适宜玩水的地方继续开展游戏。；教师D：提醒幼儿篮球架是用于开展运动的，与其他幼儿一起召唤他们打篮球，转移他们的关注点。,覆盖能力类型：B 自主游戏与规则/安全/价值平衡,追问后续主要在比较哪些做法、为什么调整；追问最理想或最不理想做法的判断为什么发生变化；追问当时是否在几个判断标准之间反复权衡,A,C/D,教师A：看到幼儿玩得很开心，不干预他们的玩水行为，待兴趣减弱后再讨论玩水的适宜性。,教师C：参与到幼儿的“粉刷”游戏中，逐步引导幼儿到适宜玩水的地方继续开展游戏。；教师D：提醒幼儿篮球架是用于开展运动的，与其他幼儿一起召唤他们打篮球，转移他们的关注点。,请回忆第1题这个情境。当时的情境是：操场上新安装了一些篮球架，幼儿经常在这里投篮。某天户外活动时，几名幼儿带着画笔和水桶来到这里，他们先是快乐地粉刷篮球架，之后开始往篮框里灌水，有的从上面灌，有的在下面接，忙的不亦乐乎，俨然这里成为了玩水的场地。当时提供的做法包括：教师A：看到幼儿玩得很开心，不干预他们的玩水行为，待兴趣减弱后再讨论玩水的适宜性；教师B：表扬幼儿的新发现，并询问在篮球架旁玩水是否合适，提议幼儿可以换个地方玩水；教师C：参与到幼儿的“粉刷”游戏中，逐步引导幼儿到适宜玩水的地方继续开展游戏；教师D：提醒幼儿篮球架是用于开展运动的，与其他幼儿一起召唤他们打篮球，转移他们的关注点。可以先从这个情境本身追问：这个情境里，孩子把篮球架变成玩水场地，你当时更关注他们的游戏兴趣、器械用途，还是安全与场地适宜性？；如果既想保护孩子的探索兴趣，又要回应篮球架原本的运动功能，你觉得教师可以怎样衔接？。然后可围绕其作答过程中的重点比较追问：你当时是怎样比较以下两种做法的：教师C：参与到幼儿的“粉刷”游戏中，逐步引导幼儿到适宜玩水的地方继续开展游戏；教师D：提醒幼儿篮球架是用于开展运动的，与其他幼儿一起召唤他们打篮球，转移他们的关注点？如果教师提到调整过顺序，再追问：是什么信息或想法让你改变了当时的排序？请只围绕情境理解、判断依据和选项比较提问，不要提及任何内部计算指标、得分、排名、入选原因或评价性判断。,,访谈提醒：本程序用于筛选值得访谈的情境题，不用于向教师反馈测评成绩。后续AI访谈或人工访谈时，不得向教师透露得分、排名、R/P/G分、IIV或任何评价性结果。
教师17,sim_openid_017_558366,1,Q4,4,频繁求助,中班区域活动时，小明选择了建构区。玩了一会儿，他跑到老师面前说“老师，我不会搭……帮帮我吧”，教师问他需要什么帮助时，他一边说我不会搭，一边却很快地将房子从一层积木加高到了两层。看小明专注搭建后，老师就离开建构区了。可是没一会，小明又找了老师好几次，说“老师，帮帮我吧，我不会搭”。,鼓励小明独立搭建，引导他思考接下来如何搭建，及时表扬他的努力。,先示范搭建关键部分，请小明观察方法，再鼓励他照着继续搭建。,在旁观察小明的搭建过程，并适时反馈，帮助他理清搭建步骤。,帮小明回顾已搭建完成的部分，指导他设定小目标，尝试自己实现。,C 观察诊断与介入时机,D 支架策略,R/G,2,1,,1,0.0,0.475,0.0,0.0,0.0,0.0,0.1015,0.0,0.076325,68,55.236704,R/P/G多源证据重复入选，系统解释强度较高；IIV规范化信号：主要IIV信号：个人内相对偏离、同题过程信息量,覆盖能力类型：C 观察诊断与介入时机,解释相对优势端如何形成；能力分化画像,,,,,请回忆第4题这个情境。当时的情境是：中班区域活动时，小明选择了建构区。玩了一会儿，他跑到老师面前说“老师，我不会搭……帮帮我吧”，教师问他需要什么帮助时，他一边说我不会搭，一边却很快地将房子从一层积木加高到了两层。看小明专注搭建后，老师就离开建构区了。可是没一会，小明又找了老师好几次，说“老师，帮帮我吧，我不会搭”。当时提供的做法包括：教师A：鼓励小明独立搭建，引导他思考接下来如何搭建，及时表扬他的努力；教师B：先示范搭建关键部分，请小明观察方法，再鼓励他照着继续搭建；教师C：在旁观察小明的搭建过程，并适时反馈，帮助他理清搭建步骤；教师D：帮小明回顾已搭建完成的部分，指导他设定小目标，尝试自己实现。可以先从这个情境本身追问：小明一边说不会搭，一边又能继续加高房子，你当时怎样判断他真正需要的帮助是什么？；面对幼儿反复求助，你觉得教师怎样支持，既不替代幼儿完成，又能帮助他继续推进游戏？。然后可追问：你当时主要依据什么来排列这些做法？如果教师提到调整过顺序，再追问：是什么信息或想法让你改变了当时的排序？请只围绕情境理解、判断依据和选项比较提问，不要提及任何内部计算指标、得分、排名、入选原因或评价性判断。,,访谈提醒：本程序用于筛选值得访谈的情境题，不用于向教师反馈测评成绩。后续AI访谈或人工访谈时，不得向教师透露得分、排名、R/P/G分、IIV或任何评价性结果。
教师17,sim_openid_017_558366,2,Q7,7,飞行棋各走各的,大班区域游戏中，轩轩和小宇一起玩飞行棋，他们将棋子摆好后，各自拿了一个骰子开始投，小宇说：“该我走。”轩轩说：“明明该我走！”相持不下，于是两人各拿一个骰子，自顾自地走自己的棋。,耐心讲解共同游戏的规则，再以“棋手”身份加入游戏进行示范引导。,暂不介入，继续观察游戏进展，待区域小结时请幼儿分享游戏中的体验和问题。,拿走一个骰子，请幼儿商量只有一个骰子的共同游戏规则，达成一致后再开始游戏。,待幼儿体验一轮各走各的游戏后，询问幼儿的游戏体验，提示共同游戏规则的作用。,E 共同游戏组织与规则共建,B 规则平衡,R/G,2,2,,2,1.0,0.525,0.75,0.75,0.0,1.0,0.650705,0.8,0.736285,59,89.521163,R/P/G多源证据重复入选，系统解释强度较高；IIV规范化信号：主要IIV信号：结果风险、选项焦点变化、过程冲突；可追问选项比较：教师C：拿走一个骰子，请幼儿商量只有一个骰子的共同游戏规则，达成一致后再开始游戏。；教师D：待幼儿体验一轮各走各的游戏后，询问幼儿的游戏体验，提示共同游戏规则的作用。,覆盖能力类型：E 共同游戏组织与规则共建,解释相对薄弱端如何形成；能力分化画像,A,C/D,教师A：耐心讲解共同游戏的规则，再以“棋手”身份加入游戏进行示范引导。,教师C：拿走一个骰子，请幼儿商量只有一个骰子的共同游戏规则，达成一致后再开始游戏。；教师D：待幼儿体验一轮各走各的游戏后，询问幼儿的游戏体验，提示共同游戏规则的作用。,请回忆第7题这个情境。当时的情境是：大班区域游戏中，轩轩和小宇一起玩飞行棋，他们将棋子摆好后，各自拿了一个骰子开始投，小宇说：“该我走。”轩轩说：“明明该我走！”相持不下，于是两人各拿一个骰子，自顾自地走自己的棋。当时提供的做法包括：教师A：耐心讲解共同游戏的规则，再以“棋手”身份加入游戏进行示范引导；教师B：暂不介入，继续观察游戏进展，待区域小结时请幼儿分享游戏中的体验和问题；教师C：拿走一个骰子，请幼儿商量只有一个骰子的共同游戏规则，达成一致后再开始游戏；教师D：待幼儿体验一轮各走各的游戏后，询问幼儿的游戏体验，提示共同游戏规则的作用。可以先从这个情境本身追问：两个孩子各走各的棋时，你当时更关注共同游戏规则的建立，还是先让他们体验这种玩法会带来什么问题？；你觉得教师怎样帮助幼儿从各玩各的，过渡到真正的共同游戏？。然后可围绕其作答过程中的重点比较追问：你当时是怎样比较以下两种做法的：教师C：拿走一个骰子，请幼儿商量只有一个骰子的共同游戏规则，达成一致后再开始游戏；教师D：待幼儿体验一轮各走各的游戏后，询问幼儿的游戏体验，提示共同游戏规则的作用？如果教师提到调整过顺序，再追问：是什么信息或想法让你改变了当时的排序？请只围绕情境理解、判断依据和选项比较提问，不要提及任何内部计算指标、得分、排名、入选原因或评价性判断。,,访谈提醒：本程序用于筛选值得访谈的情境题，不用于向教师反馈测评成绩。后续AI访谈或人工访谈时，不得向教师透露得分、排名、R/P/G分、IIV或任何评价性结果。
教师17,sim_openid_017_558366,3,Q10,10,引水难题未解,中班上学期，幼儿在“引水游戏”中遇到了难题——水无法被引到竹片管道上。他们不断调整竹片拼接的方式，却始终没能成功，即竹片一头高于出水管道，阻碍了引流。渐渐地幼儿的探索兴趣也减弱了，有的开始玩水，有的甚至离开了水池。,示范正确的引水方法，请幼儿注意观察并说说引水的要领，再自己试一试。,加入幼儿的探索，引导他们观察水流受阻的位置，一起尝试调整竹片的摆放方式。,组织幼儿就游戏困难进行讨论，寻找解决问题的方案，引导幼儿再次尝试。,投放更多辅助引水的材料，重新激起幼儿的探索兴趣，继续观察游戏进展。,C 观察诊断与介入时机,D 探究支架,P,1,,1,,0.5,0.025,0.875,0.25,0.555552,1.0,0.89864,0.580555,0.522987,28,44.546648,来自P分候选，作答过程具有访谈解释价值；IIV规范化信号：主要IIV信号：选项焦点变化、同题过程信息量、过程冲突；可追问选项比较：教师B：加入幼儿的探索，引导他们观察水流受阻的位置，一起尝试调整竹片的摆放方式。；教师D：投放更多辅助引水的材料，重新激起幼儿的探索兴趣，继续观察游戏进展。,覆盖能力类型：C 观察诊断与介入时机,请教师回忆读到情境后最先注意到什么、是否很快形成判断或感到难判断；追问后续主要在比较哪些做法、为什么调整；追问最理想或最不理想做法的判断为什么发生变化；追问当时是否在几个判断标准之间反复权衡,B,B/D,教师B：加入幼儿的探索，引导他们观察水流受阻的位置，一起尝试调整竹片的摆放方式。,教师B：加入幼儿的探索，引导他们观察水流受阻的位置，一起尝试调整竹片的摆放方式。；教师D：投放更多辅助引水的材料，重新激起幼儿的探索兴趣，继续观察游戏进展。,请回忆第10题这个情境。当时的情境是：中班上学期，幼儿在“引水游戏”中遇到了难题——水无法被引到竹片管道上。他们不断调整竹片拼接的方式，却始终没能成功，即竹片一头高于出水管道，阻碍了引流。渐渐地幼儿的探索兴趣也减弱了，有的开始玩水，有的甚至离开了水池。当时提供的做法包括：教师A：示范正确的引水方法，请幼儿注意观察并说说引水的要领，再自己试一试；教师B：加入幼儿的探索，引导他们观察水流受阻的位置，一起尝试调整竹片的摆放方式；教师C：组织幼儿就游戏困难进行讨论，寻找解决问题的方案，引导幼儿再次尝试；教师D：投放更多辅助引水的材料，重新激起幼儿的探索兴趣，继续观察游戏进展。可以先从这个情境本身追问：孩子们引水失败、兴趣减弱时，你当时更倾向于直接示范方法，还是继续支持他们自己发现水流受阻的原因？；你觉得教师怎样提供支架，既能帮助问题解决，又保留幼儿继续探究的空间？。然后可围绕其作答过程中的重点比较追问：你当时是怎样比较以下两种做法的：教师B：加入幼儿的探索，引导他们观察水流受阻的位置，一起尝试调整竹片的摆放方式；教师D：投放更多辅助引水的材料，重新激起幼儿的探索兴趣，继续观察游戏进展？如果教师提到调整过顺序，再追问：是什么信息或想法让你改变了当时的排序？请只围绕情境理解、判断依据和选项比较提问，不要提及任何内部计算指标、得分、排名、入选原因或评价性判断。,,访谈提醒：本程序用于筛选值得访谈的情境题，不用于向教师反馈测评成绩。后续AI访谈或人工访谈时，不得向教师透露得分、排名、R/P/G分、IIV或任何评价性结果。
教师18,sim_openid_018_547359,1,Q4,4,频繁求助,中班区域活动时，小明选择了建构区。玩了一会儿，他跑到老师面前说“老师，我不会搭……帮帮我吧”，教师问他需要什么帮助时，他一边说我不会搭，一边却很快地将房子从一层积木加高到了两层。看小明专注搭建后，老师就离开建构区了。可是没一会，小明又找了老师好几次，说“老师，帮帮我吧，我不会搭”。,鼓励小明独立搭建，引导他思考接下来如何搭建，及时表扬他的努力。,先示范搭建关键部分，请小明观察方法，再鼓励他照着继续搭建。,在旁观察小明的搭建过程，并适时反馈，帮助他理清搭建步骤。,帮小明回顾已搭建完成的部分，指导他设定小目标，尝试自己实现。,C 观察诊断与介入时机,D 支架策略,R/P/G,3,1,1,1,0.0,0.35,0.833333,0.5,0.445725,1.0,0.941333,0.411239,0.444139,96,91.096223,R/P/G多源证据重复入选，系统解释强度较高；IIV规范化信号：主要IIV信号：选项焦点变化、同题过程信息量、过程冲突；可追问选项比较：教师B：先示范搭建关键部分，请小明观察方法，再鼓励他照着继续搭建。；教师C：在旁观察小明的搭建过程，并适时反馈，帮助他理清搭建步骤。,覆盖能力类型：C 观察诊断与介入时机,解释相对优势端如何形成；请教师回忆读到情境后最先注意到什么、是否很快形成判断或感到难判断；追问后续主要在比较哪些做法、为什么调整；追问最理想或最不理想做法的判断为什么发生变化；追问是否曾把某做法从合适改判为不合适，或相反；追问当时是否在几个判断标准之间反复权衡；能力分化画像,B,B/C,教师B：先示范搭建关键部分，请小明观察方法，再鼓励他照着继续搭建。,教师B：先示范搭建关键部分，请小明观察方法，再鼓励他照着继续搭建。；教师C：在旁观察小明的搭建过程，并适时反馈，帮助他理清搭建步骤。,请回忆第4题这个情境。当时的情境是：中班区域活动时，小明选择了建构区。玩了一会儿，他跑到老师面前说“老师，我不会搭……帮帮我吧”，教师问他需要什么帮助时，他一边说我不会搭，一边却很快地将房子从一层积木加高到了两层。看小明专注搭建后，老师就离开建构区了。可是没一会，小明又找了老师好几次，说“老师，帮帮我吧，我不会搭”。当时提供的做法包括：教师A：鼓励小明独立搭建，引导他思考接下来如何搭建，及时表扬他的努力；教师B：先示范搭建关键部分，请小明观察方法，再鼓励他照着继续搭建；教师C：在旁观察小明的搭建过程，并适时反馈，帮助他理清搭建步骤；教师D：帮小明回顾已搭建完成的部分，指导他设定小目标，尝试自己实现。可以先从这个情境本身追问：小明一边说不会搭，一边又能继续加高房子，你当时怎样判断他真正需要的帮助是什么？；面对幼儿反复求助，你觉得教师怎样支持，既不替代幼儿完成，又能帮助他继续推进游戏？。然后可围绕其作答过程中的重点比较追问：你当时是怎样比较以下两种做法的：教师B：先示范搭建关键部分，请小明观察方法，再鼓励他照着继续搭建；教师C：在旁观察小明的搭建过程，并适时反馈，帮助他理清搭建步骤？如果教师提到调整过顺序，再追问：是什么信息或想法让你改变了当时的排序？请只围绕情境理解、判断依据和选项比较提问，不要提及任何内部计算指标、得分、排名、入选原因或评价性判断。,,访谈提醒：本程序用于筛选值得访谈的情境题，不用于向教师反馈测评成绩。后续AI访谈或人工访谈时，不得向教师透露得分、排名、R/P/G分、IIV或任何评价性结果。
教师18,sim_openid_018_547359,2,Q2,2,未参与小组建构,大班建构活动中，睿睿和其他幼儿计划一起搭积木大桥，他们讨论了搭建方法，并进入区域开始搭建。就在其他幼儿在认真搭建时，睿睿发现了一块长条木板，他一会儿在地上推着走，一会儿当枪使，没有再参与小组的搭建。,继续观察，后续分享中支持睿睿思考如何把长条木板融入小组的建构中。,肯定睿睿的创造性玩法，询问他长条板能否当桥面，引导他参与到搭桥任务中。,引导睿睿回顾计划，建议他先完成共同任务，长条木板可以等自由游戏时再玩。,看到睿睿玩得开心，暂不介入，等下一次活动时再提醒他根据计划开展游戏。,D 支架策略与游戏推进,E 共同游戏组织,R/G,2,2,,2,0.75,0.4,0.857143,0.5,0.349746,1.0,0.839222,0.706403,0.665507,59,95.176667,R/P/G多源证据重复入选，系统解释强度较高；IIV规范化信号：主要IIV信号：选项焦点变化、过程冲突、同题过程信息量；可追问选项比较：教师A：继续观察，后续分享中支持睿睿思考如何把长条木板融入小组的建构中。；教师C：引导睿睿回顾计划，建议他先完成共同任务，长条木板可以等自由游戏时再玩。,覆盖能力类型：D 支架策略与游戏推进,解释相对薄弱端如何形成；能力分化画像,A,A/C,教师A：继续观察，后续分享中支持睿睿思考如何把长条木板融入小组的建构中。,教师A：继续观察，后续分享中支持睿睿思考如何把长条木板融入小组的建构中。；教师C：引导睿睿回顾计划，建议他先完成共同任务，长条木板可以等自由游戏时再玩。,请回忆第2题这个情境。当时的情境是：大班建构活动中，睿睿和其他幼儿计划一起搭积木大桥，他们讨论了搭建方法，并进入区域开始搭建。就在其他幼儿在认真搭建时，睿睿发现了一块长条木板，他一会儿在地上推着走，一会儿当枪使，没有再参与小组的搭建。当时提供的做法包括：教师A：继续观察，后续分享中支持睿睿思考如何把长条木板融入小组的建构中；教师B：肯定睿睿的创造性玩法，询问他长条板能否当桥面，引导他参与到搭桥任务中；教师C：引导睿睿回顾计划，建议他先完成共同任务，长条木板可以等自由游戏时再玩；教师D：看到睿睿玩得开心，暂不介入，等下一次活动时再提醒他根据计划开展游戏。可以先从这个情境本身追问：睿睿离开了原来的搭桥计划去玩长条木板，你当时怎样理解他的行为：是偏离共同任务，还是出现了新的游戏线索？；面对共同建构计划和幼儿临时兴趣之间的变化，你觉得教师什么时候应该介入，什么时候可以继续观察？。然后可围绕其作答过程中的重点比较追问：你当时是怎样比较以下两种做法的：教师A：继续观察，后续分享中支持睿睿思考如何把长条木板融入小组的建构中；教师C：引导睿睿回顾计划，建议他先完成共同任务，长条木板可以等自由游戏时再玩？如果教师提到调整过顺序，再追问：是什么信息或想法让你改变了当时的排序？请只围绕情境理解、判断依据和选项比较提问，不要提及任何内部计算指标、得分、排名、入选原因或评价性判断。,,访谈提醒：本程序用于筛选值得访谈的情境题，不用于向教师反馈测评成绩。后续AI访谈或人工访谈时，不得向教师透露得分、排名、R/P/G分、IIV或任何评价性结果。
教师18,sim_openid_018_547359,3,Q3,3,材料选择无层次,大班上学期，张老师在建构区投放了按图搭建的游戏材料，并提供了不同星级难度的任务卡供幼儿选择，但有的幼儿一上来就选择高难度的三星级任务卡，结果不能顺利完成任务；而有的幼儿始终选择低难度的一星级任务卡。这天，浩浩又连续选择了几张一星级任务卡，很快就完成了任务。,调整任务卡提供方式，在游戏开始前根据幼儿的能力水平有针对性地发放任务卡。,暂不介入，尊重幼儿的自主选择和游戏体验，只要完成任务就是一种经验积累。,调整任务卡呈现方式，如增加“我想挑战”等提示，鼓励幼儿选择不同星级的挑战。,和浩浩回顾已完成的任务，比较不同星级的难度，邀请他选择稍有挑战的任务。,D 支架策略与游戏推进,C 观察诊断,P,1,,2,,0.0,0.35,1.0,1.0,0.53088,1.0,0.912056,0.553088,0.551191,24,89.628506,来自P分候选，作答过程具有访谈解释价值；IIV规范化信号：主要IIV信号：过程冲突、修正信号、选项焦点变化；可追问选项比较：教师B：暂不介入，尊重幼儿的自主选择和游戏体验，只要完成任务就是一种经验积累。；教师C：调整任务卡呈现方式，如增加“我想挑战”等提示，鼓励幼儿选择不同星级的挑战。,覆盖能力类型：D 支架策略与游戏推进,请教师回忆读到情境后最先注意到什么、是否很快形成判断或感到难判断；追问后续主要在比较哪些做法、为什么调整；追问最理想或最不理想做法的判断为什么发生变化；追问是否曾把某做法从合适改判为不合适，或相反；追问当时是否在几个判断标准之间反复权衡,A,B/C,教师A：调整任务卡提供方式，在游戏开始前根据幼儿的能力水平有针对性地发放任务卡。,教师B：暂不介入，尊重幼儿的自主选择和游戏体验，只要完成任务就是一种经验积累。；教师C：调整任务卡呈现方式，如增加“我想挑战”等提示，鼓励幼儿选择不同星级的挑战。,请回忆第3题这个情境。当时的情境是：大班上学期，张老师在建构区投放了按图搭建的游戏材料，并提供了不同星级难度的任务卡供幼儿选择，但有的幼儿一上来就选择高难度的三星级任务卡，结果不能顺利完成任务；而有的幼儿始终选择低难度的一星级任务卡。这天，浩浩又连续选择了几张一星级任务卡，很快就完成了任务。当时提供的做法包括：教师A：调整任务卡提供方式，在游戏开始前根据幼儿的能力水平有针对性地发放任务卡；教师B：暂不介入，尊重幼儿的自主选择和游戏体验，只要完成任务就是一种经验积累；教师C：调整任务卡呈现方式，如增加“我想挑战”等提示，鼓励幼儿选择不同星级的挑战；教师D：和浩浩回顾已完成的任务，比较不同星级的难度，邀请他选择稍有挑战的任务。可以先从这个情境本身追问：浩浩反复选择一星任务卡时，你当时更想尊重他的自主选择，还是推动他尝试更有挑战的任务？；你觉得教师应该怎样判断幼儿是需要安全感、缺少挑战意识，还是任务卡呈现方式本身需要调整？。然后可围绕其作答过程中的重点比较追问：你当时是怎样比较以下两种做法的：教师B：暂不介入，尊重幼儿的自主选择和游戏体验，只要完成任务就是一种经验积累；教师C：调整任务卡呈现方式，如增加“我想挑战”等提示，鼓励幼儿选择不同星级的挑战？如果教师提到调整过顺序，再追问：是什么信息或想法让你改变了当时的排序？请只围绕情境理解、判断依据和选项比较提问，不要提及任何内部计算指标、得分、排名、入选原因或评价性判断。,,访谈提醒：本程序用于筛选值得访谈的情境题，不用于向教师反馈测评成绩。后续AI访谈或人工访谈时，不得向教师透露得分、排名、R/P/G分、IIV或任何评价性结果。
教师19,sim_openid_019_623976,1,Q9,9,艾莎公主不运动,小班的一次户外运动，有几个女孩子从一开始就没有选择任何体育活动项目，而是聚在一起坐在地上玩“艾莎公主”的游戏，比一比谁的鞋子最漂亮，谁的魔法最厉害。,询问幼儿没有参与运动的原因，提供丰富的活动材料吸引幼儿参与运动活动。,提醒幼儿现在是运动时间，请他们等自由游戏时间再一起玩“艾莎公主”的游戏。,利用艾莎公主的鞋子设计走、跑、跳等活动，并以参与者的身份邀请幼儿一起参与运动。,肯定幼儿自主游戏的行为，言语引导幼儿穿着“漂亮的鞋子”参与运动。,D 支架策略与游戏推进,A 儿童视角/B 目标平衡,R/P/G,3,1,2,1,0.25,0.225,0.875,0.75,0.695706,1.0,0.882955,0.594571,0.566218,92,85.958837,R/P/G多源证据重复入选，系统解释强度较高；IIV规范化信号：主要IIV信号：选项焦点变化、同题过程信息量、过程冲突；可追问选项比较：教师B：提醒幼儿现在是运动时间，请他们等自由游戏时间再一起玩“艾莎公主”的游戏。；教师D：肯定幼儿自主游戏的行为，言语引导幼儿穿着“漂亮的鞋子”参与运动。,覆盖能力类型：D 支架策略与游戏推进,解释相对优势端如何形成；请教师回忆读到情境后最先注意到什么、是否很快形成判断或感到难判断；追问后续主要在比较哪些做法、为什么调整；追问最理想或最不理想做法的判断为什么发生变化；追问是否曾把某做法从合适改判为不合适，或相反；追问当时是否在几个判断标准之间反复权衡；能力分化画像,B,B/D,教师B：提醒幼儿现在是运动时间，请他们等自由游戏时间再一起玩“艾莎公主”的游戏。,教师B：提醒幼儿现在是运动时间，请他们等自由游戏时间再一起玩“艾莎公主”的游戏。；教师D：肯定幼儿自主游戏的行为，言语引导幼儿穿着“漂亮的鞋子”参与运动。,请回忆第9题这个情境。当时的情境是：小班的一次户外运动，有几个女孩子从一开始就没有选择任何体育活动项目，而是聚在一起坐在地上玩“艾莎公主”的游戏，比一比谁的鞋子最漂亮，谁的魔法最厉害。当时提供的做法包括：教师A：询问幼儿没有参与运动的原因，提供丰富的活动材料吸引幼儿参与运动活动；教师B：提醒幼儿现在是运动时间，请他们等自由游戏时间再一起玩“艾莎公主”的游戏；教师C：利用艾莎公主的鞋子设计走、跑、跳等活动，并以参与者的身份邀请幼儿一起参与运动；教师D：肯定幼儿自主游戏的行为，言语引导幼儿穿着“漂亮的鞋子”参与运动。可以先从这个情境本身追问：几个女孩在户外运动时间玩艾莎公主时，你当时更关注运动目标，还是关注她们正在生成的角色游戏兴趣？；如果要把艾莎公主游戏和运动活动连接起来，你觉得教师可以怎样做才不显得生硬？。然后可围绕其作答过程中的重点比较追问：你当时是怎样比较以下两种做法的：教师B：提醒幼儿现在是运动时间，请他们等自由游戏时间再一起玩“艾莎公主”的游戏；教师D：肯定幼儿自主游戏的行为，言语引导幼儿穿着“漂亮的鞋子”参与运动？如果教师提到调整过顺序，再追问：是什么信息或想法让你改变了当时的排序？请只围绕情境理解、判断依据和选项比较提问，不要提及任何内部计算指标、得分、排名、入选原因或评价性判断。,,访谈提醒：本程序用于筛选值得访谈的情境题，不用于向教师反馈测评成绩。后续AI访谈或人工访谈时，不得向教师透露得分、排名、R/P/G分、IIV或任何评价性结果。
教师19,sim_openid_019_623976,2,Q5,5,消防员救火开心,近几天，中班的幼儿十分热衷于在区域游戏时间玩“消防员救火”的游戏。游戏结束后的交流活动中，老师问幼儿最想分享什么时，阳阳说“娃娃家着火了，好开心啊！”。,抓住教育契机，向幼儿耐心解释真实的火灾会造成物品损失和人员伤亡。,询问幼儿开心的是“着火”本身，还是消防员成功救火、娃娃家的人得救？,引导幼儿思考“娃娃家着火”值不值得开心，帮助他们认识真实火灾是危险的。,请阳阳讲讲娃娃家着火后发生了什么、为什么开心，借此理解幼儿的游戏体验。,A 游戏意义理解与儿童视角,B 价值平衡,R/G,2,2,,2,0.75,0.275,0.875,0.5,0.435232,1.0,0.799318,0.718523,0.655989,59,93.979535,R/P/G多源证据重复入选，系统解释强度较高；IIV规范化信号：主要IIV信号：选项焦点变化、过程冲突、同题过程信息量；可追问选项比较：教师B：询问幼儿开心的是“着火”本身，还是消防员成功救火、娃娃家的人得救？；教师C：引导幼儿思考“娃娃家着火”值不值得开心，帮助他们认识真实火灾是危险的。,覆盖能力类型：A 游戏意义理解与儿童视角,解释相对薄弱端如何形成；能力分化画像,A,B/C,教师A：抓住教育契机，向幼儿耐心解释真实的火灾会造成物品损失和人员伤亡。,教师B：询问幼儿开心的是“着火”本身，还是消防员成功救火、娃娃家的人得救？；教师C：引导幼儿思考“娃娃家着火”值不值得开心，帮助他们认识真实火灾是危险的。,请回忆第5题这个情境。当时的情境是：近几天，中班的幼儿十分热衷于在区域游戏时间玩“消防员救火”的游戏。游戏结束后的交流活动中，老师问幼儿最想分享什么时，阳阳说“娃娃家着火了，好开心啊！”。当时提供的做法包括：教师A：抓住教育契机，向幼儿耐心解释真实的火灾会造成物品损失和人员伤亡；教师B：询问幼儿开心的是“着火”本身，还是消防员成功救火、娃娃家的人得救；教师C：引导幼儿思考“娃娃家着火”值不值得开心，帮助他们认识真实火灾是危险的；教师D：请阳阳讲讲娃娃家着火后发生了什么、为什么开心，借此理解幼儿的游戏体验。可以先从这个情境本身追问：阳阳说娃娃家着火了很开心时，你当时更关注真实火灾的危险教育，还是先理解他在游戏里的开心来自哪里？；你觉得教师怎样回应，既不否定幼儿的游戏体验，又能引导他们理解真实火灾的意义？。然后可围绕其作答过程中的重点比较追问：你当时是怎样比较以下两种做法的：教师B：询问幼儿开心的是“着火”本身，还是消防员成功救火、娃娃家的人得救；教师C：引导幼儿思考“娃娃家着火”值不值得开心，帮助他们认识真实火灾是危险的？如果教师提到调整过顺序，再追问：是什么信息或想法让你改变了当时的排序？请只围绕情境理解、判断依据和选项比较提问，不要提及任何内部计算指标、得分、排名、入选原因或评价性判断。,,访谈提醒：本程序用于筛选值得访谈的情境题，不用于向教师反馈测评成绩。后续AI访谈或人工访谈时，不得向教师透露得分、排名、R/P/G分、IIV或任何评价性结果。
教师19,sim_openid_019_623976,3,Q8,8,跳绳秩序混乱,周三下午，大五班的幼儿正自发进行跳绳游戏。李老师观察后发现，挤在一起跳绳的幼儿人数较多，整个场面十分混乱，幼儿很容易出现碰撞现象。此外，由于当“柱子”的幼儿很久才能轮上跳绳，因此也显得很不耐烦。,请幼儿暂停游戏，将幼儿分成多个小组并引导他们以小组为单位分区域开展游戏。,请幼儿说一说跳绳活动中存在的问题，并邀请幼儿一起设置跳绳的规则。,提供更多数量和不同种类的跳绳，并言语引导幼儿分组分区同时进行跳绳游戏。,暂不介入，活动分享时通过照片或视频回放引导幼儿发现问题并商议解决办法。,E 共同游戏组织与规则共建,B 安全秩序,P,1,,1,,0.5,0.025,0.857143,0.25,0.627465,1.0,0.887136,0.584175,0.526925,28,35.521645,来自P分候选，作答过程具有访谈解释价值；IIV规范化信号：主要IIV信号：选项焦点变化、同题过程信息量、过程冲突；可追问选项比较：教师B：请幼儿说一说跳绳活动中存在的问题，并邀请幼儿一起设置跳绳的规则。；教师D：暂不介入，活动分享时通过照片或视频回放引导幼儿发现问题并商议解决办法。,覆盖能力类型：E 共同游戏组织与规则共建,请教师回忆读到情境后最先注意到什么、是否很快形成判断或感到难判断；追问后续主要在比较哪些做法、为什么调整；追问最理想或最不理想做法的判断为什么发生变化；追问是否曾把某做法从合适改判为不合适，或相反；追问当时是否在几个判断标准之间反复权衡,,B/D,,教师B：请幼儿说一说跳绳活动中存在的问题，并邀请幼儿一起设置跳绳的规则。；教师D：暂不介入，活动分享时通过照片或视频回放引导幼儿发现问题并商议解决办法。,请回忆第8题这个情境。当时的情境是：周三下午，大五班的幼儿正自发进行跳绳游戏。李老师观察后发现，挤在一起跳绳的幼儿人数较多，整个场面十分混乱，幼儿很容易出现碰撞现象。此外，由于当“柱子”的幼儿很久才能轮上跳绳，因此也显得很不耐烦。当时提供的做法包括：教师A：请幼儿暂停游戏，将幼儿分成多个小组并引导他们以小组为单位分区域开展游戏；教师B：请幼儿说一说跳绳活动中存在的问题，并邀请幼儿一起设置跳绳的规则；教师C：提供更多数量和不同种类的跳绳，并言语引导幼儿分组分区同时进行跳绳游戏；教师D：暂不介入，活动分享时通过照片或视频回放引导幼儿发现问题并商议解决办法。可以先从这个情境本身追问：跳绳现场混乱且可能碰撞时，你当时更倾向于立即组织秩序，还是先让幼儿自己发现问题？；在安全风险和幼儿自主制定规则之间，你觉得教师应该怎样把握介入时机？。然后可围绕其作答过程中的重点比较追问：你当时是怎样比较以下两种做法的：教师B：请幼儿说一说跳绳活动中存在的问题，并邀请幼儿一起设置跳绳的规则；教师D：暂不介入，活动分享时通过照片或视频回放引导幼儿发现问题并商议解决办法？如果教师提到调整过顺序，再追问：是什么信息或想法让你改变了当时的排序？请只围绕情境理解、判断依据和选项比较提问，不要提及任何内部计算指标、得分、排名、入选原因或评价性判断。,,访谈提醒：本程序用于筛选值得访谈的情境题，不用于向教师反馈测评成绩。后续AI访谈或人工访谈时，不得向教师透露得分、排名、R/P/G分、IIV或任何评价性结果。
教师20,sim_openid_020_495370,1,Q6,6,区域停留短,小班幼儿瑶瑶在区域活动时，一会儿在娃娃家切切菜，一会儿到美工区搓搓橡皮泥，一会儿又开心地跑到其它区域游戏，在任何一个区域停留时间都不超过三分钟。,提议瑶瑶完成某项游戏任务，如在娃娃家做菜，请他活动小结时分享。,游戏前提醒区域活动规则，活动结束后表扬区域游戏规则遵守得好的小朋友。,仔细观察瑶瑶在不同区域的游戏情况，分析他发生迅速转移的原因。,以同伴的身份陪伴瑶瑶在某一区域游戏，待他专注游戏后再离开。,C 观察诊断与介入时机,A 儿童视角,R/P/G,3,1,1,1,0.0,0.35,0.857143,0.5,0.879444,1.0,0.87707,0.459373,0.487869,96,72.378564,R/P/G多源证据重复入选，系统解释强度较高；IIV规范化信号：主要IIV信号：选项焦点变化、相对时间信号、同题过程信息量；可追问选项比较：教师B：游戏前提醒区域活动规则，活动结束后表扬区域游戏规则遵守得好的小朋友。；教师C：仔细观察瑶瑶在不同区域的游戏情况，分析他发生迅速转移的原因。,覆盖能力类型：C 观察诊断与介入时机,解释相对优势端如何形成；请教师回忆读到情境后最先注意到什么、是否很快形成判断或感到难判断；追问后续主要在比较哪些做法、为什么调整；追问最理想或最不理想做法的判断为什么发生变化；能力分化画像,A,B/C,教师A：提议瑶瑶完成某项游戏任务，如在娃娃家做菜，请他活动小结时分享。,教师B：游戏前提醒区域活动规则，活动结束后表扬区域游戏规则遵守得好的小朋友。；教师C：仔细观察瑶瑶在不同区域的游戏情况，分析他发生迅速转移的原因。,请回忆第6题这个情境。当时的情境是：小班幼儿瑶瑶在区域活动时，一会儿在娃娃家切切菜，一会儿到美工区搓搓橡皮泥，一会儿又开心地跑到其它区域游戏，在任何一个区域停留时间都不超过三分钟。当时提供的做法包括：教师A：提议瑶瑶完成某项游戏任务，如在娃娃家做菜，请他活动小结时分享；教师B：游戏前提醒区域活动规则，活动结束后表扬区域游戏规则遵守得好的小朋友；教师C：仔细观察瑶瑶在不同区域的游戏情况，分析他发生迅速转移的原因；教师D：以同伴的身份陪伴瑶瑶在某一区域游戏，待他专注游戏后再离开。可以先从这个情境本身追问：瑶瑶在多个区域快速转换时，你当时会先把它看作注意力不集中、规则问题，还是一种探索不同材料的方式？；如果你在现场，你会先观察哪些信息来判断是否需要介入？。然后可围绕其作答过程中的重点比较追问：你当时是怎样比较以下两种做法的：教师B：游戏前提醒区域活动规则，活动结束后表扬区域游戏规则遵守得好的小朋友；教师C：仔细观察瑶瑶在不同区域的游戏情况，分析他发生迅速转移的原因？如果教师提到调整过顺序，再追问：是什么信息或想法让你改变了当时的排序？请只围绕情境理解、判断依据和选项比较提问，不要提及任何内部计算指标、得分、排名、入选原因或评价性判断。,,访谈提醒：本程序用于筛选值得访谈的情境题，不用于向教师反馈测评成绩。后续AI访谈或人工访谈时，不得向教师透露得分、排名、R/P/G分、IIV或任何评价性结果。
教师20,sim_openid_020_495370,2,Q7,7,飞行棋各走各的,大班区域游戏中，轩轩和小宇一起玩飞行棋，他们将棋子摆好后，各自拿了一个骰子开始投，小宇说：“该我走。”轩轩说：“明明该我走！”相持不下，于是两人各拿一个骰子，自顾自地走自己的棋。,耐心讲解共同游戏的规则，再以“棋手”身份加入游戏进行示范引导。,暂不介入，继续观察游戏进展，待区域小结时请幼儿分享游戏中的体验和问题。,拿走一个骰子，请幼儿商量只有一个骰子的共同游戏规则，达成一致后再开始游戏。,待幼儿体验一轮各走各的游戏后，询问幼儿的游戏体验，提示共同游戏规则的作用。,E 共同游戏组织与规则共建,B 规则平衡,R/G,2,2,,2,1.0,0.65,0.75,0.75,0.266227,0.5,0.389671,0.776623,0.718606,59,81.690116,R/P/G多源证据重复入选，系统解释强度较高；IIV规范化信号：主要IIV信号：结果风险、过程冲突、修正信号；可追问选项比较：教师B：暂不介入，继续观察游戏进展，待区域小结时请幼儿分享游戏中的体验和问题。；教师D：待幼儿体验一轮各走各的游戏后，询问幼儿的游戏体验，提示共同游戏规则的作用。,覆盖能力类型：E 共同游戏组织与规则共建,解释相对薄弱端如何形成；能力分化画像,,B/D,,教师B：暂不介入，继续观察游戏进展，待区域小结时请幼儿分享游戏中的体验和问题。；教师D：待幼儿体验一轮各走各的游戏后，询问幼儿的游戏体验，提示共同游戏规则的作用。,请回忆第7题这个情境。当时的情境是：大班区域游戏中，轩轩和小宇一起玩飞行棋，他们将棋子摆好后，各自拿了一个骰子开始投，小宇说：“该我走。”轩轩说：“明明该我走！”相持不下，于是两人各拿一个骰子，自顾自地走自己的棋。当时提供的做法包括：教师A：耐心讲解共同游戏的规则，再以“棋手”身份加入游戏进行示范引导；教师B：暂不介入，继续观察游戏进展，待区域小结时请幼儿分享游戏中的体验和问题；教师C：拿走一个骰子，请幼儿商量只有一个骰子的共同游戏规则，达成一致后再开始游戏；教师D：待幼儿体验一轮各走各的游戏后，询问幼儿的游戏体验，提示共同游戏规则的作用。可以先从这个情境本身追问：两个孩子各走各的棋时，你当时更关注共同游戏规则的建立，还是先让他们体验这种玩法会带来什么问题？；你觉得教师怎样帮助幼儿从各玩各的，过渡到真正的共同游戏？。然后可围绕其作答过程中的重点比较追问：你当时是怎样比较以下两种做法的：教师B：暂不介入，继续观察游戏进展，待区域小结时请幼儿分享游戏中的体验和问题；教师D：待幼儿体验一轮各走各的游戏后，询问幼儿的游戏体验，提示共同游戏规则的作用？如果教师提到调整过顺序，再追问：是什么信息或想法让你改变了当时的排序？请只围绕情境理解、判断依据和选项比较提问，不要提及任何内部计算指标、得分、排名、入选原因或评价性判断。,,访谈提醒：本程序用于筛选值得访谈的情境题，不用于向教师反馈测评成绩。后续AI访谈或人工访谈时，不得向教师透露得分、排名、R/P/G分、IIV或任何评价性结果。
教师20,sim_openid_020_495370,3,Q9,9,艾莎公主不运动,小班的一次户外运动，有几个女孩子从一开始就没有选择任何体育活动项目，而是聚在一起坐在地上玩“艾莎公主”的游戏，比一比谁的鞋子最漂亮，谁的魔法最厉害。,询问幼儿没有参与运动的原因，提供丰富的活动材料吸引幼儿参与运动活动。,提醒幼儿现在是运动时间，请他们等自由游戏时间再一起玩“艾莎公主”的游戏。,利用艾莎公主的鞋子设计走、跑、跳等活动，并以参与者的身份邀请幼儿一起参与运动。,肯定幼儿自主游戏的行为，言语引导幼儿穿着“漂亮的鞋子”参与运动。,D 支架策略与游戏推进,A 儿童视角/B 目标平衡,P,1,,2,,0.25,0.1,1.0,0.75,0.507417,1.0,0.773379,0.600742,0.541911,24,33.451527,来自P分候选，作答过程具有访谈解释价值；IIV规范化信号：主要IIV信号：过程冲突、选项焦点变化、同题过程信息量；可追问选项比较：教师A：询问幼儿没有参与运动的原因，提供丰富的活动材料吸引幼儿参与运动活动。；教师C：利用艾莎公主的鞋子设计走、跑、跳等活动，并以参与者的身份邀请幼儿一起参与运动。,覆盖能力类型：D 支架策略与游戏推进,请教师回忆读到情境后最先注意到什么、是否很快形成判断或感到难判断；追问后续主要在比较哪些做法、为什么调整；追问最理想或最不理想做法的判断为什么发生变化；追问是否曾把某做法从合适改判为不合适，或相反,D,A/C,教师D：肯定幼儿自主游戏的行为，言语引导幼儿穿着“漂亮的鞋子”参与运动。,教师A：询问幼儿没有参与运动的原因，提供丰富的活动材料吸引幼儿参与运动活动。；教师C：利用艾莎公主的鞋子设计走、跑、跳等活动，并以参与者的身份邀请幼儿一起参与运动。,请回忆第9题这个情境。当时的情境是：小班的一次户外运动，有几个女孩子从一开始就没有选择任何体育活动项目，而是聚在一起坐在地上玩“艾莎公主”的游戏，比一比谁的鞋子最漂亮，谁的魔法最厉害。当时提供的做法包括：教师A：询问幼儿没有参与运动的原因，提供丰富的活动材料吸引幼儿参与运动活动；教师B：提醒幼儿现在是运动时间，请他们等自由游戏时间再一起玩“艾莎公主”的游戏；教师C：利用艾莎公主的鞋子设计走、跑、跳等活动，并以参与者的身份邀请幼儿一起参与运动；教师D：肯定幼儿自主游戏的行为，言语引导幼儿穿着“漂亮的鞋子”参与运动。可以先从这个情境本身追问：几个女孩在户外运动时间玩艾莎公主时，你当时更关注运动目标，还是关注她们正在生成的角色游戏兴趣？；如果要把艾莎公主游戏和运动活动连接起来，你觉得教师可以怎样做才不显得生硬？。然后可围绕其作答过程中的重点比较追问：你当时是怎样比较以下两种做法的：教师A：询问幼儿没有参与运动的原因，提供丰富的活动材料吸引幼儿参与运动活动；教师C：利用艾莎公主的鞋子设计走、跑、跳等活动，并以参与者的身份邀请幼儿一起参与运动？如果教师提到调整过顺序，再追问：是什么信息或想法让你改变了当时的排序？请只围绕情境理解、判断依据和选项比较提问，不要提及任何内部计算指标、得分、排名、入选原因或评价性判断。,,访谈提醒：本程序用于筛选值得访谈的情境题，不用于向教师反馈测评成绩。后续AI访谈或人工访谈时，不得向教师透露得分、排名、R/P/G分、IIV或任何评价性结果。
教师21,sim_openid_021_366613,1,Q2,2,未参与小组建构,大班建构活动中，睿睿和其他幼儿计划一起搭积木大桥，他们讨论了搭建方法，并进入区域开始搭建。就在其他幼儿在认真搭建时，睿睿发现了一块长条木板，他一会儿在地上推着走，一会儿当枪使，没有再参与小组的搭建。,继续观察，后续分享中支持睿睿思考如何把长条木板融入小组的建构中。,肯定睿睿的创造性玩法，询问他长条板能否当桥面，引导他参与到搭桥任务中。,引导睿睿回顾计划，建议他先完成共同任务，长条木板可以等自由游戏时再玩。,看到睿睿玩得开心，暂不介入，等下一次活动时再提醒他根据计划开展游戏。,D 支架策略与游戏推进,E 共同游戏组织,R/G,2,1,,1,0.25,0.225,1.0,0.75,0.49865,1.0,0.7765,0.599865,0.55994,68,82.436389,R/P/G多源证据重复入选，系统解释强度较高；IIV规范化信号：主要IIV信号：过程冲突、选项焦点变化、同题过程信息量；可追问选项比较：教师C：引导睿睿回顾计划，建议他先完成共同任务，长条木板可以等自由游戏时再玩。；教师D：看到睿睿玩得开心，暂不介入，等下一次活动时再提醒他根据计划开展游戏。,覆盖能力类型：D 支架策略与游戏推进,解释相对优势端如何形成；能力分化画像,A,C/D,教师A：继续观察，后续分享中支持睿睿思考如何把长条木板融入小组的建构中。,教师C：引导睿睿回顾计划，建议他先完成共同任务，长条木板可以等自由游戏时再玩。；教师D：看到睿睿玩得开心，暂不介入，等下一次活动时再提醒他根据计划开展游戏。,请回忆第2题这个情境。当时的情境是：大班建构活动中，睿睿和其他幼儿计划一起搭积木大桥，他们讨论了搭建方法，并进入区域开始搭建。就在其他幼儿在认真搭建时，睿睿发现了一块长条木板，他一会儿在地上推着走，一会儿当枪使，没有再参与小组的搭建。当时提供的做法包括：教师A：继续观察，后续分享中支持睿睿思考如何把长条木板融入小组的建构中；教师B：肯定睿睿的创造性玩法，询问他长条板能否当桥面，引导他参与到搭桥任务中；教师C：引导睿睿回顾计划，建议他先完成共同任务，长条木板可以等自由游戏时再玩；教师D：看到睿睿玩得开心，暂不介入，等下一次活动时再提醒他根据计划开展游戏。可以先从这个情境本身追问：睿睿离开了原来的搭桥计划去玩长条木板，你当时怎样理解他的行为：是偏离共同任务，还是出现了新的游戏线索？；面对共同建构计划和幼儿临时兴趣之间的变化，你觉得教师什么时候应该介入，什么时候可以继续观察？。然后可围绕其作答过程中的重点比较追问：你当时是怎样比较以下两种做法的：教师C：引导睿睿回顾计划，建议他先完成共同任务，长条木板可以等自由游戏时再玩；教师D：看到睿睿玩得开心，暂不介入，等下一次活动时再提醒他根据计划开展游戏？如果教师提到调整过顺序，再追问：是什么信息或想法让你改变了当时的排序？请只围绕情境理解、判断依据和选项比较提问，不要提及任何内部计算指标、得分、排名、入选原因或评价性判断。,,访谈提醒：本程序用于筛选值得访谈的情境题，不用于向教师反馈测评成绩。后续AI访谈或人工访谈时，不得向教师透露得分、排名、R/P/G分、IIV或任何评价性结果。
教师21,sim_openid_021_366613,2,Q8,8,跳绳秩序混乱,周三下午，大五班的幼儿正自发进行跳绳游戏。李老师观察后发现，挤在一起跳绳的幼儿人数较多，整个场面十分混乱，幼儿很容易出现碰撞现象。此外，由于当“柱子”的幼儿很久才能轮上跳绳，因此也显得很不耐烦。,请幼儿暂停游戏，将幼儿分成多个小组并引导他们以小组为单位分区域开展游戏。,请幼儿说一说跳绳活动中存在的问题，并邀请幼儿一起设置跳绳的规则。,提供更多数量和不同种类的跳绳，并言语引导幼儿分组分区同时进行跳绳游戏。,暂不介入，活动分享时通过照片或视频回放引导幼儿发现问题并商议解决办法。,E 共同游戏组织与规则共建,B 安全秩序,R/G,2,2,,2,0.75,0.275,0.75,0.25,0.491847,0.75,0.741439,0.624185,0.577507,59,92.243182,R/P/G多源证据重复入选，系统解释强度较高；IIV规范化信号：主要IIV信号：结果风险、过程冲突、选项焦点变化；可追问选项比较：教师B：请幼儿说一说跳绳活动中存在的问题，并邀请幼儿一起设置跳绳的规则。；教师D：暂不介入，活动分享时通过照片或视频回放引导幼儿发现问题并商议解决办法。,覆盖能力类型：E 共同游戏组织与规则共建,解释相对薄弱端如何形成；能力分化画像,C,B/D,教师C：提供更多数量和不同种类的跳绳，并言语引导幼儿分组分区同时进行跳绳游戏。,教师B：请幼儿说一说跳绳活动中存在的问题，并邀请幼儿一起设置跳绳的规则。；教师D：暂不介入，活动分享时通过照片或视频回放引导幼儿发现问题并商议解决办法。,请回忆第8题这个情境。当时的情境是：周三下午，大五班的幼儿正自发进行跳绳游戏。李老师观察后发现，挤在一起跳绳的幼儿人数较多，整个场面十分混乱，幼儿很容易出现碰撞现象。此外，由于当“柱子”的幼儿很久才能轮上跳绳，因此也显得很不耐烦。当时提供的做法包括：教师A：请幼儿暂停游戏，将幼儿分成多个小组并引导他们以小组为单位分区域开展游戏；教师B：请幼儿说一说跳绳活动中存在的问题，并邀请幼儿一起设置跳绳的规则；教师C：提供更多数量和不同种类的跳绳，并言语引导幼儿分组分区同时进行跳绳游戏；教师D：暂不介入，活动分享时通过照片或视频回放引导幼儿发现问题并商议解决办法。可以先从这个情境本身追问：跳绳现场混乱且可能碰撞时，你当时更倾向于立即组织秩序，还是先让幼儿自己发现问题？；在安全风险和幼儿自主制定规则之间，你觉得教师应该怎样把握介入时机？。然后可围绕其作答过程中的重点比较追问：你当时是怎样比较以下两种做法的：教师B：请幼儿说一说跳绳活动中存在的问题，并邀请幼儿一起设置跳绳的规则；教师D：暂不介入，活动分享时通过照片或视频回放引导幼儿发现问题并商议解决办法？如果教师提到调整过顺序，再追问：是什么信息或想法让你改变了当时的排序？请只围绕情境理解、判断依据和选项比较提问，不要提及任何内部计算指标、得分、排名、入选原因或评价性判断。,,访谈提醒：本程序用于筛选值得访谈的情境题，不用于向教师反馈测评成绩。后续AI访谈或人工访谈时，不得向教师透露得分、排名、R/P/G分、IIV或任何评价性结果。
教师21,sim_openid_021_366613,3,Q5,5,消防员救火开心,近几天，中班的幼儿十分热衷于在区域游戏时间玩“消防员救火”的游戏。游戏结束后的交流活动中，老师问幼儿最想分享什么时，阳阳说“娃娃家着火了，好开心啊！”。,抓住教育契机，向幼儿耐心解释真实的火灾会造成物品损失和人员伤亡。,询问幼儿开心的是“着火”本身，还是消防员成功救火、娃娃家的人得救？,引导幼儿思考“娃娃家着火”值不值得开心，帮助他们认识真实火灾是危险的。,请阳阳讲讲娃娃家着火后发生了什么、为什么开心，借此理解幼儿的游戏体验。,A 游戏意义理解与儿童视角,B 价值平衡,P,1,,1,,0.5,0.025,0.9,0.5,0.718943,1.0,0.922934,0.651894,0.581791,28,43.531887,来自P分候选，作答过程具有访谈解释价值；IIV规范化信号：主要IIV信号：选项焦点变化、同题过程信息量、过程冲突；可追问选项比较：教师C：引导幼儿思考“娃娃家着火”值不值得开心，帮助他们认识真实火灾是危险的。；教师D：请阳阳讲讲娃娃家着火后发生了什么、为什么开心，借此理解幼儿的游戏体验。,覆盖能力类型：A 游戏意义理解与儿童视角,请教师回忆读到情境后最先注意到什么、是否很快形成判断或感到难判断；追问后续主要在比较哪些做法、为什么调整；追问最理想或最不理想做法的判断为什么发生变化；追问是否曾把某做法从合适改判为不合适，或相反；追问当时是否在几个判断标准之间反复权衡,C,C/D,教师C：引导幼儿思考“娃娃家着火”值不值得开心，帮助他们认识真实火灾是危险的。,教师C：引导幼儿思考“娃娃家着火”值不值得开心，帮助他们认识真实火灾是危险的。；教师D：请阳阳讲讲娃娃家着火后发生了什么、为什么开心，借此理解幼儿的游戏体验。,请回忆第5题这个情境。当时的情境是：近几天，中班的幼儿十分热衷于在区域游戏时间玩“消防员救火”的游戏。游戏结束后的交流活动中，老师问幼儿最想分享什么时，阳阳说“娃娃家着火了，好开心啊！”。当时提供的做法包括：教师A：抓住教育契机，向幼儿耐心解释真实的火灾会造成物品损失和人员伤亡；教师B：询问幼儿开心的是“着火”本身，还是消防员成功救火、娃娃家的人得救；教师C：引导幼儿思考“娃娃家着火”值不值得开心，帮助他们认识真实火灾是危险的；教师D：请阳阳讲讲娃娃家着火后发生了什么、为什么开心，借此理解幼儿的游戏体验。可以先从这个情境本身追问：阳阳说娃娃家着火了很开心时，你当时更关注真实火灾的危险教育，还是先理解他在游戏里的开心来自哪里？；你觉得教师怎样回应，既不否定幼儿的游戏体验，又能引导他们理解真实火灾的意义？。然后可围绕其作答过程中的重点比较追问：你当时是怎样比较以下两种做法的：教师C：引导幼儿思考“娃娃家着火”值不值得开心，帮助他们认识真实火灾是危险的；教师D：请阳阳讲讲娃娃家着火后发生了什么、为什么开心，借此理解幼儿的游戏体验？如果教师提到调整过顺序，再追问：是什么信息或想法让你改变了当时的排序？请只围绕情境理解、判断依据和选项比较提问，不要提及任何内部计算指标、得分、排名、入选原因或评价性判断。,,访谈提醒：本程序用于筛选值得访谈的情境题，不用于向教师反馈测评成绩。后续AI访谈或人工访谈时，不得向教师透露得分、排名、R/P/G分、IIV或任何评价性结果。
教师22,sim_openid_022_632137,1,Q8,8,跳绳秩序混乱,周三下午，大五班的幼儿正自发进行跳绳游戏。李老师观察后发现，挤在一起跳绳的幼儿人数较多，整个场面十分混乱，幼儿很容易出现碰撞现象。此外，由于当“柱子”的幼儿很久才能轮上跳绳，因此也显得很不耐烦。,请幼儿暂停游戏，将幼儿分成多个小组并引导他们以小组为单位分区域开展游戏。,请幼儿说一说跳绳活动中存在的问题，并邀请幼儿一起设置跳绳的规则。,提供更多数量和不同种类的跳绳，并言语引导幼儿分组分区同时进行跳绳游戏。,暂不介入，活动分享时通过照片或视频回放引导幼儿发现问题并商议解决办法。,E 共同游戏组织与规则共建,B 安全秩序,R/G,2,1,,1,0.0,0.375,0.666667,0.5,0.0,0.5,0.544409,0.283333,0.30847,68,54.551263,R/P/G多源证据重复入选，系统解释强度较高；IIV规范化信号：主要IIV信号：过程冲突、同题过程信息量、修正信号；可追问选项比较：教师B：请幼儿说一说跳绳活动中存在的问题，并邀请幼儿一起设置跳绳的规则。；教师D：暂不介入，活动分享时通过照片或视频回放引导幼儿发现问题并商议解决办法。,覆盖能力类型：E 共同游戏组织与规则共建,解释相对优势端如何形成；能力分化画像,A,B/D,教师A：请幼儿暂停游戏，将幼儿分成多个小组并引导他们以小组为单位分区域开展游戏。,教师B：请幼儿说一说跳绳活动中存在的问题，并邀请幼儿一起设置跳绳的规则。；教师D：暂不介入，活动分享时通过照片或视频回放引导幼儿发现问题并商议解决办法。,请回忆第8题这个情境。当时的情境是：周三下午，大五班的幼儿正自发进行跳绳游戏。李老师观察后发现，挤在一起跳绳的幼儿人数较多，整个场面十分混乱，幼儿很容易出现碰撞现象。此外，由于当“柱子”的幼儿很久才能轮上跳绳，因此也显得很不耐烦。当时提供的做法包括：教师A：请幼儿暂停游戏，将幼儿分成多个小组并引导他们以小组为单位分区域开展游戏；教师B：请幼儿说一说跳绳活动中存在的问题，并邀请幼儿一起设置跳绳的规则；教师C：提供更多数量和不同种类的跳绳，并言语引导幼儿分组分区同时进行跳绳游戏；教师D：暂不介入，活动分享时通过照片或视频回放引导幼儿发现问题并商议解决办法。可以先从这个情境本身追问：跳绳现场混乱且可能碰撞时，你当时更倾向于立即组织秩序，还是先让幼儿自己发现问题？；在安全风险和幼儿自主制定规则之间，你觉得教师应该怎样把握介入时机？。然后可围绕其作答过程中的重点比较追问：你当时是怎样比较以下两种做法的：教师B：请幼儿说一说跳绳活动中存在的问题，并邀请幼儿一起设置跳绳的规则；教师D：暂不介入，活动分享时通过照片或视频回放引导幼儿发现问题并商议解决办法？如果教师提到调整过顺序，再追问：是什么信息或想法让你改变了当时的排序？请只围绕情境理解、判断依据和选项比较提问，不要提及任何内部计算指标、得分、排名、入选原因或评价性判断。,,访谈提醒：本程序用于筛选值得访谈的情境题，不用于向教师反馈测评成绩。后续AI访谈或人工访谈时，不得向教师透露得分、排名、R/P/G分、IIV或任何评价性结果。
教师22,sim_openid_022_632137,2,Q3,3,材料选择无层次,大班上学期，张老师在建构区投放了按图搭建的游戏材料，并提供了不同星级难度的任务卡供幼儿选择，但有的幼儿一上来就选择高难度的三星级任务卡，结果不能顺利完成任务；而有的幼儿始终选择低难度的一星级任务卡。这天，浩浩又连续选择了几张一星级任务卡，很快就完成了任务。,调整任务卡提供方式，在游戏开始前根据幼儿的能力水平有针对性地发放任务卡。,暂不介入，尊重幼儿的自主选择和游戏体验，只要完成任务就是一种经验积累。,调整任务卡呈现方式，如增加“我想挑战”等提示，鼓励幼儿选择不同星级的挑战。,和浩浩回顾已完成的任务，比较不同星级的难度，邀请他选择稍有挑战的任务。,D 支架策略与游戏推进,C 观察诊断,R/G,2,2,,2,1.0,0.625,0.8,0.75,0.554394,0.75,0.690333,0.840439,0.791206,59,90.71,R/P/G多源证据重复入选，系统解释强度较高；IIV规范化信号：主要IIV信号：结果风险、过程冲突、修正信号；可追问选项比较：教师B：暂不介入，尊重幼儿的自主选择和游戏体验，只要完成任务就是一种经验积累。；教师D：和浩浩回顾已完成的任务，比较不同星级的难度，邀请他选择稍有挑战的任务。,覆盖能力类型：D 支架策略与游戏推进,解释相对薄弱端如何形成；能力分化画像,C,B/D,教师C：调整任务卡呈现方式，如增加“我想挑战”等提示，鼓励幼儿选择不同星级的挑战。,教师B：暂不介入，尊重幼儿的自主选择和游戏体验，只要完成任务就是一种经验积累。；教师D：和浩浩回顾已完成的任务，比较不同星级的难度，邀请他选择稍有挑战的任务。,请回忆第3题这个情境。当时的情境是：大班上学期，张老师在建构区投放了按图搭建的游戏材料，并提供了不同星级难度的任务卡供幼儿选择，但有的幼儿一上来就选择高难度的三星级任务卡，结果不能顺利完成任务；而有的幼儿始终选择低难度的一星级任务卡。这天，浩浩又连续选择了几张一星级任务卡，很快就完成了任务。当时提供的做法包括：教师A：调整任务卡提供方式，在游戏开始前根据幼儿的能力水平有针对性地发放任务卡；教师B：暂不介入，尊重幼儿的自主选择和游戏体验，只要完成任务就是一种经验积累；教师C：调整任务卡呈现方式，如增加“我想挑战”等提示，鼓励幼儿选择不同星级的挑战；教师D：和浩浩回顾已完成的任务，比较不同星级的难度，邀请他选择稍有挑战的任务。可以先从这个情境本身追问：浩浩反复选择一星任务卡时，你当时更想尊重他的自主选择，还是推动他尝试更有挑战的任务？；你觉得教师应该怎样判断幼儿是需要安全感、缺少挑战意识，还是任务卡呈现方式本身需要调整？。然后可围绕其作答过程中的重点比较追问：你当时是怎样比较以下两种做法的：教师B：暂不介入，尊重幼儿的自主选择和游戏体验，只要完成任务就是一种经验积累；教师D：和浩浩回顾已完成的任务，比较不同星级的难度，邀请他选择稍有挑战的任务？如果教师提到调整过顺序，再追问：是什么信息或想法让你改变了当时的排序？请只围绕情境理解、判断依据和选项比较提问，不要提及任何内部计算指标、得分、排名、入选原因或评价性判断。,,访谈提醒：本程序用于筛选值得访谈的情境题，不用于向教师反馈测评成绩。后续AI访谈或人工访谈时，不得向教师透露得分、排名、R/P/G分、IIV或任何评价性结果。
教师22,sim_openid_022_632137,3,Q9,9,艾莎公主不运动,小班的一次户外运动，有几个女孩子从一开始就没有选择任何体育活动项目，而是聚在一起坐在地上玩“艾莎公主”的游戏，比一比谁的鞋子最漂亮，谁的魔法最厉害。,询问幼儿没有参与运动的原因，提供丰富的活动材料吸引幼儿参与运动活动。,提醒幼儿现在是运动时间，请他们等自由游戏时间再一起玩“艾莎公主”的游戏。,利用艾莎公主的鞋子设计走、跑、跳等活动，并以参与者的身份邀请幼儿一起参与运动。,肯定幼儿自主游戏的行为，言语引导幼儿穿着“漂亮的鞋子”参与运动。,D 支架策略与游戏推进,A 儿童视角/B 目标平衡,P,1,,1,,0.5,0.125,1.0,0.5,0.994588,1.0,0.871273,0.699459,0.636772,28,42.750938,来自P分候选，作答过程具有访谈解释价值；IIV规范化信号：主要IIV信号：过程冲突、选项焦点变化、相对时间信号；可追问选项比较：教师A：询问幼儿没有参与运动的原因，提供丰富的活动材料吸引幼儿参与运动活动。；教师B：提醒幼儿现在是运动时间，请他们等自由游戏时间再一起玩“艾莎公主”的游戏。,覆盖能力类型：D 支架策略与游戏推进,请教师回忆读到情境后最先注意到什么、是否很快形成判断或感到难判断；追问后续主要在比较哪些做法、为什么调整；追问最理想或最不理想做法的判断为什么发生变化；追问是否曾把某做法从合适改判为不合适，或相反；追问当时是否在几个判断标准之间反复权衡,C,A/B,教师C：利用艾莎公主的鞋子设计走、跑、跳等活动，并以参与者的身份邀请幼儿一起参与运动。,教师A：询问幼儿没有参与运动的原因，提供丰富的活动材料吸引幼儿参与运动活动。；教师B：提醒幼儿现在是运动时间，请他们等自由游戏时间再一起玩“艾莎公主”的游戏。,请回忆第9题这个情境。当时的情境是：小班的一次户外运动，有几个女孩子从一开始就没有选择任何体育活动项目，而是聚在一起坐在地上玩“艾莎公主”的游戏，比一比谁的鞋子最漂亮，谁的魔法最厉害。当时提供的做法包括：教师A：询问幼儿没有参与运动的原因，提供丰富的活动材料吸引幼儿参与运动活动；教师B：提醒幼儿现在是运动时间，请他们等自由游戏时间再一起玩“艾莎公主”的游戏；教师C：利用艾莎公主的鞋子设计走、跑、跳等活动，并以参与者的身份邀请幼儿一起参与运动；教师D：肯定幼儿自主游戏的行为，言语引导幼儿穿着“漂亮的鞋子”参与运动。可以先从这个情境本身追问：几个女孩在户外运动时间玩艾莎公主时，你当时更关注运动目标，还是关注她们正在生成的角色游戏兴趣？；如果要把艾莎公主游戏和运动活动连接起来，你觉得教师可以怎样做才不显得生硬？。然后可围绕其作答过程中的重点比较追问：你当时是怎样比较以下两种做法的：教师A：询问幼儿没有参与运动的原因，提供丰富的活动材料吸引幼儿参与运动活动；教师B：提醒幼儿现在是运动时间，请他们等自由游戏时间再一起玩“艾莎公主”的游戏？如果教师提到调整过顺序，再追问：是什么信息或想法让你改变了当时的排序？请只围绕情境理解、判断依据和选项比较提问，不要提及任何内部计算指标、得分、排名、入选原因或评价性判断。,,访谈提醒：本程序用于筛选值得访谈的情境题，不用于向教师反馈测评成绩。后续AI访谈或人工访谈时，不得向教师透露得分、排名、R/P/G分、IIV或任何评价性结果。
教师23,sim_openid_023_844087,1,Q3,3,材料选择无层次,大班上学期，张老师在建构区投放了按图搭建的游戏材料，并提供了不同星级难度的任务卡供幼儿选择，但有的幼儿一上来就选择高难度的三星级任务卡，结果不能顺利完成任务；而有的幼儿始终选择低难度的一星级任务卡。这天，浩浩又连续选择了几张一星级任务卡，很快就完成了任务。,调整任务卡提供方式，在游戏开始前根据幼儿的能力水平有针对性地发放任务卡。,暂不介入，尊重幼儿的自主选择和游戏体验，只要完成任务就是一种经验积累。,调整任务卡呈现方式，如增加“我想挑战”等提示，鼓励幼儿选择不同星级的挑战。,和浩浩回顾已完成的任务，比较不同星级的难度，邀请他选择稍有挑战的任务。,D 支架策略与游戏推进,C 观察诊断,R/P/G,3,1,2,1,0.0,0.475,1.0,1.0,0.635691,1.0,0.756722,0.563569,0.572655,92,92.701667,R/P/G多源证据重复入选，系统解释强度较高；IIV规范化信号：主要IIV信号：过程冲突、修正信号、选项焦点变化；可追问选项比较：教师B：暂不介入，尊重幼儿的自主选择和游戏体验，只要完成任务就是一种经验积累。；教师C：调整任务卡呈现方式，如增加“我想挑战”等提示，鼓励幼儿选择不同星级的挑战。,覆盖能力类型：D 支架策略与游戏推进,解释相对优势端如何形成；追问后续主要在比较哪些做法、为什么调整；追问最理想或最不理想做法的判断为什么发生变化；追问是否曾把某做法从合适改判为不合适，或相反；追问当时是否在几个判断标准之间反复权衡；能力分化画像,A,B/C,教师A：调整任务卡提供方式，在游戏开始前根据幼儿的能力水平有针对性地发放任务卡。,教师B：暂不介入，尊重幼儿的自主选择和游戏体验，只要完成任务就是一种经验积累。；教师C：调整任务卡呈现方式，如增加“我想挑战”等提示，鼓励幼儿选择不同星级的挑战。,请回忆第3题这个情境。当时的情境是：大班上学期，张老师在建构区投放了按图搭建的游戏材料，并提供了不同星级难度的任务卡供幼儿选择，但有的幼儿一上来就选择高难度的三星级任务卡，结果不能顺利完成任务；而有的幼儿始终选择低难度的一星级任务卡。这天，浩浩又连续选择了几张一星级任务卡，很快就完成了任务。当时提供的做法包括：教师A：调整任务卡提供方式，在游戏开始前根据幼儿的能力水平有针对性地发放任务卡；教师B：暂不介入，尊重幼儿的自主选择和游戏体验，只要完成任务就是一种经验积累；教师C：调整任务卡呈现方式，如增加“我想挑战”等提示，鼓励幼儿选择不同星级的挑战；教师D：和浩浩回顾已完成的任务，比较不同星级的难度，邀请他选择稍有挑战的任务。可以先从这个情境本身追问：浩浩反复选择一星任务卡时，你当时更想尊重他的自主选择，还是推动他尝试更有挑战的任务？；你觉得教师应该怎样判断幼儿是需要安全感、缺少挑战意识，还是任务卡呈现方式本身需要调整？。然后可围绕其作答过程中的重点比较追问：你当时是怎样比较以下两种做法的：教师B：暂不介入，尊重幼儿的自主选择和游戏体验，只要完成任务就是一种经验积累；教师C：调整任务卡呈现方式，如增加“我想挑战”等提示，鼓励幼儿选择不同星级的挑战？如果教师提到调整过顺序，再追问：是什么信息或想法让你改变了当时的排序？请只围绕情境理解、判断依据和选项比较提问，不要提及任何内部计算指标、得分、排名、入选原因或评价性判断。,,访谈提醒：本程序用于筛选值得访谈的情境题，不用于向教师反馈测评成绩。后续AI访谈或人工访谈时，不得向教师透露得分、排名、R/P/G分、IIV或任何评价性结果。
教师23,sim_openid_023_844087,2,Q8,8,跳绳秩序混乱,周三下午，大五班的幼儿正自发进行跳绳游戏。李老师观察后发现，挤在一起跳绳的幼儿人数较多，整个场面十分混乱，幼儿很容易出现碰撞现象。此外，由于当“柱子”的幼儿很久才能轮上跳绳，因此也显得很不耐烦。,请幼儿暂停游戏，将幼儿分成多个小组并引导他们以小组为单位分区域开展游戏。,请幼儿说一说跳绳活动中存在的问题，并邀请幼儿一起设置跳绳的规则。,提供更多数量和不同种类的跳绳，并言语引导幼儿分组分区同时进行跳绳游戏。,暂不介入，活动分享时通过照片或视频回放引导幼儿发现问题并商议解决办法。,E 共同游戏组织与规则共建,B 安全秩序,R/P/G,3,2,1,2,0.75,0.275,0.833333,0.25,0.518597,1.0,0.776561,0.668526,0.619438,87,67.423986,R/P/G多源证据重复入选，系统解释强度较高；IIV规范化信号：主要IIV信号：选项焦点变化、过程冲突、同题过程信息量；可追问选项比较：教师C：提供更多数量和不同种类的跳绳，并言语引导幼儿分组分区同时进行跳绳游戏。；教师D：暂不介入，活动分享时通过照片或视频回放引导幼儿发现问题并商议解决办法。,覆盖能力类型：E 共同游戏组织与规则共建,解释相对薄弱端如何形成；请教师回忆读到情境后最先注意到什么、是否很快形成判断或感到难判断；追问后续主要在比较哪些做法、为什么调整；追问最理想或最不理想做法的判断为什么发生变化；追问是否曾把某做法从合适改判为不合适，或相反；能力分化画像,D,C/D,教师D：暂不介入，活动分享时通过照片或视频回放引导幼儿发现问题并商议解决办法。,教师C：提供更多数量和不同种类的跳绳，并言语引导幼儿分组分区同时进行跳绳游戏。；教师D：暂不介入，活动分享时通过照片或视频回放引导幼儿发现问题并商议解决办法。,请回忆第8题这个情境。当时的情境是：周三下午，大五班的幼儿正自发进行跳绳游戏。李老师观察后发现，挤在一起跳绳的幼儿人数较多，整个场面十分混乱，幼儿很容易出现碰撞现象。此外，由于当“柱子”的幼儿很久才能轮上跳绳，因此也显得很不耐烦。当时提供的做法包括：教师A：请幼儿暂停游戏，将幼儿分成多个小组并引导他们以小组为单位分区域开展游戏；教师B：请幼儿说一说跳绳活动中存在的问题，并邀请幼儿一起设置跳绳的规则；教师C：提供更多数量和不同种类的跳绳，并言语引导幼儿分组分区同时进行跳绳游戏；教师D：暂不介入，活动分享时通过照片或视频回放引导幼儿发现问题并商议解决办法。可以先从这个情境本身追问：跳绳现场混乱且可能碰撞时，你当时更倾向于立即组织秩序，还是先让幼儿自己发现问题？；在安全风险和幼儿自主制定规则之间，你觉得教师应该怎样把握介入时机？。然后可围绕其作答过程中的重点比较追问：你当时是怎样比较以下两种做法的：教师C：提供更多数量和不同种类的跳绳，并言语引导幼儿分组分区同时进行跳绳游戏；教师D：暂不介入，活动分享时通过照片或视频回放引导幼儿发现问题并商议解决办法？如果教师提到调整过顺序，再追问：是什么信息或想法让你改变了当时的排序？请只围绕情境理解、判断依据和选项比较提问，不要提及任何内部计算指标、得分、排名、入选原因或评价性判断。,,访谈提醒：本程序用于筛选值得访谈的情境题，不用于向教师反馈测评成绩。后续AI访谈或人工访谈时，不得向教师透露得分、排名、R/P/G分、IIV或任何评价性结果。
教师23,sim_openid_023_844087,3,Q4,4,频繁求助,中班区域活动时，小明选择了建构区。玩了一会儿，他跑到老师面前说“老师，我不会搭……帮帮我吧”，教师问他需要什么帮助时，他一边说我不会搭，一边却很快地将房子从一层积木加高到了两层。看小明专注搭建后，老师就离开建构区了。可是没一会，小明又找了老师好几次，说“老师，帮帮我吧，我不会搭”。,鼓励小明独立搭建，引导他思考接下来如何搭建，及时表扬他的努力。,先示范搭建关键部分，请小明观察方法，再鼓励他照着继续搭建。,在旁观察小明的搭建过程，并适时反馈，帮助他理清搭建步骤。,帮小明回顾已搭建完成的部分，指导他设定小目标，尝试自己实现。,C 观察诊断与介入时机,D 支架策略,备用补入,0,,,,0.0,0.475,0.8,0.5,0.0,1.0,0.450667,0.36,0.388783,0,76.535292,候选不足时按备用综合分补入；IIV规范化信号：主要IIV信号：选项焦点变化、过程冲突、修正信号；可追问选项比较：教师B：先示范搭建关键部分，请小明观察方法，再鼓励他照着继续搭建。；教师D：帮小明回顾已搭建完成的部分，指导他设定小目标，尝试自己实现。,覆盖能力类型：C 观察诊断与介入时机,围绕该情境理解、选项比较和判断依据进行访谈,B,B/D,教师B：先示范搭建关键部分，请小明观察方法，再鼓励他照着继续搭建。,教师B：先示范搭建关键部分，请小明观察方法，再鼓励他照着继续搭建。；教师D：帮小明回顾已搭建完成的部分，指导他设定小目标，尝试自己实现。,请回忆第4题这个情境。当时的情境是：中班区域活动时，小明选择了建构区。玩了一会儿，他跑到老师面前说“老师，我不会搭……帮帮我吧”，教师问他需要什么帮助时，他一边说我不会搭，一边却很快地将房子从一层积木加高到了两层。看小明专注搭建后，老师就离开建构区了。可是没一会，小明又找了老师好几次，说“老师，帮帮我吧，我不会搭”。当时提供的做法包括：教师A：鼓励小明独立搭建，引导他思考接下来如何搭建，及时表扬他的努力；教师B：先示范搭建关键部分，请小明观察方法，再鼓励他照着继续搭建；教师C：在旁观察小明的搭建过程，并适时反馈，帮助他理清搭建步骤；教师D：帮小明回顾已搭建完成的部分，指导他设定小目标，尝试自己实现。可以先从这个情境本身追问：小明一边说不会搭，一边又能继续加高房子，你当时怎样判断他真正需要的帮助是什么？；面对幼儿反复求助，你觉得教师怎样支持，既不替代幼儿完成，又能帮助他继续推进游戏？。然后可围绕其作答过程中的重点比较追问：你当时是怎样比较以下两种做法的：教师B：先示范搭建关键部分，请小明观察方法，再鼓励他照着继续搭建；教师D：帮小明回顾已搭建完成的部分，指导他设定小目标，尝试自己实现？如果教师提到调整过顺序，再追问：是什么信息或想法让你改变了当时的排序？请只围绕情境理解、判断依据和选项比较提问，不要提及任何内部计算指标、得分、排名、入选原因或评价性判断。,候选池不足3题，按备用综合分补入,访谈提醒：本程序用于筛选值得访谈的情境题，不用于向教师反馈测评成绩。后续AI访谈或人工访谈时，不得向教师透露得分、排名、R/P/G分、IIV或任何评价性结果。
教师24,sim_openid_024_664191,1,Q4,4,频繁求助,中班区域活动时，小明选择了建构区。玩了一会儿，他跑到老师面前说“老师，我不会搭……帮帮我吧”，教师问他需要什么帮助时，他一边说我不会搭，一边却很快地将房子从一层积木加高到了两层。看小明专注搭建后，老师就离开建构区了。可是没一会，小明又找了老师好几次，说“老师，帮帮我吧，我不会搭”。,鼓励小明独立搭建，引导他思考接下来如何搭建，及时表扬他的努力。,先示范搭建关键部分，请小明观察方法，再鼓励他照着继续搭建。,在旁观察小明的搭建过程，并适时反馈，帮助他理清搭建步骤。,帮小明回顾已搭建完成的部分，指导他设定小目标，尝试自己实现。,C 观察诊断与介入时机,D 支架策略,R/P/G,3,1,2,1,0.0,0.275,0.875,0.75,0.585321,1.0,0.765,0.483532,0.481782,92,53.347418,R/P/G多源证据重复入选，系统解释强度较高；IIV规范化信号：主要IIV信号：选项焦点变化、过程冲突、同题过程信息量；可追问选项比较：教师B：先示范搭建关键部分，请小明观察方法，再鼓励他照着继续搭建。；教师C：在旁观察小明的搭建过程，并适时反馈，帮助他理清搭建步骤。,覆盖能力类型：C 观察诊断与介入时机,解释相对优势端如何形成；追问后续主要在比较哪些做法、为什么调整；追问最理想或最不理想做法的判断为什么发生变化；追问是否曾把某做法从合适改判为不合适，或相反；追问当时是否在几个判断标准之间反复权衡；能力分化画像,B,B/C,教师B：先示范搭建关键部分，请小明观察方法，再鼓励他照着继续搭建。,教师B：先示范搭建关键部分，请小明观察方法，再鼓励他照着继续搭建。；教师C：在旁观察小明的搭建过程，并适时反馈，帮助他理清搭建步骤。,请回忆第4题这个情境。当时的情境是：中班区域活动时，小明选择了建构区。玩了一会儿，他跑到老师面前说“老师，我不会搭……帮帮我吧”，教师问他需要什么帮助时，他一边说我不会搭，一边却很快地将房子从一层积木加高到了两层。看小明专注搭建后，老师就离开建构区了。可是没一会，小明又找了老师好几次，说“老师，帮帮我吧，我不会搭”。当时提供的做法包括：教师A：鼓励小明独立搭建，引导他思考接下来如何搭建，及时表扬他的努力；教师B：先示范搭建关键部分，请小明观察方法，再鼓励他照着继续搭建；教师C：在旁观察小明的搭建过程，并适时反馈，帮助他理清搭建步骤；教师D：帮小明回顾已搭建完成的部分，指导他设定小目标，尝试自己实现。可以先从这个情境本身追问：小明一边说不会搭，一边又能继续加高房子，你当时怎样判断他真正需要的帮助是什么？；面对幼儿反复求助，你觉得教师怎样支持，既不替代幼儿完成，又能帮助他继续推进游戏？。然后可围绕其作答过程中的重点比较追问：你当时是怎样比较以下两种做法的：教师B：先示范搭建关键部分，请小明观察方法，再鼓励他照着继续搭建；教师C：在旁观察小明的搭建过程，并适时反馈，帮助他理清搭建步骤？如果教师提到调整过顺序，再追问：是什么信息或想法让你改变了当时的排序？请只围绕情境理解、判断依据和选项比较提问，不要提及任何内部计算指标、得分、排名、入选原因或评价性判断。,,访谈提醒：本程序用于筛选值得访谈的情境题，不用于向教师反馈测评成绩。后续AI访谈或人工访谈时，不得向教师透露得分、排名、R/P/G分、IIV或任何评价性结果。
教师24,sim_openid_024_664191,2,Q3,3,材料选择无层次,大班上学期，张老师在建构区投放了按图搭建的游戏材料，并提供了不同星级难度的任务卡供幼儿选择，但有的幼儿一上来就选择高难度的三星级任务卡，结果不能顺利完成任务；而有的幼儿始终选择低难度的一星级任务卡。这天，浩浩又连续选择了几张一星级任务卡，很快就完成了任务。,调整任务卡提供方式，在游戏开始前根据幼儿的能力水平有针对性地发放任务卡。,暂不介入，尊重幼儿的自主选择和游戏体验，只要完成任务就是一种经验积累。,调整任务卡呈现方式，如增加“我想挑战”等提示，鼓励幼儿选择不同星级的挑战。,和浩浩回顾已完成的任务，比较不同星级的难度，邀请他选择稍有挑战的任务。,D 支架策略与游戏推进,C 观察诊断,R/P/G,3,2,1,2,1.0,0.725,1.0,1.0,0.873875,1.0,0.925278,0.987388,0.942401,87,97.758333,R/P/G多源证据重复入选，系统解释强度较高；IIV规范化信号：主要IIV信号：结果风险、过程冲突、修正信号；可追问选项比较：教师A：调整任务卡提供方式，在游戏开始前根据幼儿的能力水平有针对性地发放任务卡。；教师B：暂不介入，尊重幼儿的自主选择和游戏体验，只要完成任务就是一种经验积累。,覆盖能力类型：D 支架策略与游戏推进,解释相对薄弱端如何形成；请教师回忆读到情境后最先注意到什么、是否很快形成判断或感到难判断；追问后续主要在比较哪些做法、为什么调整；追问最理想或最不理想做法的判断为什么发生变化；追问是否曾把某做法从合适改判为不合适，或相反；追问当时是否在几个判断标准之间反复权衡；能力分化画像,A,A/B,教师A：调整任务卡提供方式，在游戏开始前根据幼儿的能力水平有针对性地发放任务卡。,教师A：调整任务卡提供方式，在游戏开始前根据幼儿的能力水平有针对性地发放任务卡。；教师B：暂不介入，尊重幼儿的自主选择和游戏体验，只要完成任务就是一种经验积累。,请回忆第3题这个情境。当时的情境是：大班上学期，张老师在建构区投放了按图搭建的游戏材料，并提供了不同星级难度的任务卡供幼儿选择，但有的幼儿一上来就选择高难度的三星级任务卡，结果不能顺利完成任务；而有的幼儿始终选择低难度的一星级任务卡。这天，浩浩又连续选择了几张一星级任务卡，很快就完成了任务。当时提供的做法包括：教师A：调整任务卡提供方式，在游戏开始前根据幼儿的能力水平有针对性地发放任务卡；教师B：暂不介入，尊重幼儿的自主选择和游戏体验，只要完成任务就是一种经验积累；教师C：调整任务卡呈现方式，如增加“我想挑战”等提示，鼓励幼儿选择不同星级的挑战；教师D：和浩浩回顾已完成的任务，比较不同星级的难度，邀请他选择稍有挑战的任务。可以先从这个情境本身追问：浩浩反复选择一星任务卡时，你当时更想尊重他的自主选择，还是推动他尝试更有挑战的任务？；你觉得教师应该怎样判断幼儿是需要安全感、缺少挑战意识，还是任务卡呈现方式本身需要调整？。然后可围绕其作答过程中的重点比较追问：你当时是怎样比较以下两种做法的：教师A：调整任务卡提供方式，在游戏开始前根据幼儿的能力水平有针对性地发放任务卡；教师B：暂不介入，尊重幼儿的自主选择和游戏体验，只要完成任务就是一种经验积累？如果教师提到调整过顺序，再追问：是什么信息或想法让你改变了当时的排序？请只围绕情境理解、判断依据和选项比较提问，不要提及任何内部计算指标、得分、排名、入选原因或评价性判断。,,访谈提醒：本程序用于筛选值得访谈的情境题，不用于向教师反馈测评成绩。后续AI访谈或人工访谈时，不得向教师透露得分、排名、R/P/G分、IIV或任何评价性结果。
教师24,sim_openid_024_664191,3,Q7,7,飞行棋各走各的,大班区域游戏中，轩轩和小宇一起玩飞行棋，他们将棋子摆好后，各自拿了一个骰子开始投，小宇说：“该我走。”轩轩说：“明明该我走！”相持不下，于是两人各拿一个骰子，自顾自地走自己的棋。,耐心讲解共同游戏的规则，再以“棋手”身份加入游戏进行示范引导。,暂不介入，继续观察游戏进展，待区域小结时请幼儿分享游戏中的体验和问题。,拿走一个骰子，请幼儿商量只有一个骰子的共同游戏规则，达成一致后再开始游戏。,待幼儿体验一轮各走各的游戏后，询问幼儿的游戏体验，提示共同游戏规则的作用。,E 共同游戏组织与规则共建,B 规则平衡,备用补入,0,,,,0.0,0.275,1.0,1.0,0.296226,1.0,0.737744,0.529623,0.50776,0,51.959424,候选不足时按备用综合分补入；IIV规范化信号：主要IIV信号：过程冲突、修正信号、选项焦点变化；可追问选项比较：教师B：暂不介入，继续观察游戏进展，待区域小结时请幼儿分享游戏中的体验和问题。；教师C：拿走一个骰子，请幼儿商量只有一个骰子的共同游戏规则，达成一致后再开始游戏。,覆盖能力类型：E 共同游戏组织与规则共建,围绕该情境理解、选项比较和判断依据进行访谈,A,B/C,教师A：耐心讲解共同游戏的规则，再以“棋手”身份加入游戏进行示范引导。,教师B：暂不介入，继续观察游戏进展，待区域小结时请幼儿分享游戏中的体验和问题。；教师C：拿走一个骰子，请幼儿商量只有一个骰子的共同游戏规则，达成一致后再开始游戏。,请回忆第7题这个情境。当时的情境是：大班区域游戏中，轩轩和小宇一起玩飞行棋，他们将棋子摆好后，各自拿了一个骰子开始投，小宇说：“该我走。”轩轩说：“明明该我走！”相持不下，于是两人各拿一个骰子，自顾自地走自己的棋。当时提供的做法包括：教师A：耐心讲解共同游戏的规则，再以“棋手”身份加入游戏进行示范引导；教师B：暂不介入，继续观察游戏进展，待区域小结时请幼儿分享游戏中的体验和问题；教师C：拿走一个骰子，请幼儿商量只有一个骰子的共同游戏规则，达成一致后再开始游戏；教师D：待幼儿体验一轮各走各的游戏后，询问幼儿的游戏体验，提示共同游戏规则的作用。可以先从这个情境本身追问：两个孩子各走各的棋时，你当时更关注共同游戏规则的建立，还是先让他们体验这种玩法会带来什么问题？；你觉得教师怎样帮助幼儿从各玩各的，过渡到真正的共同游戏？。然后可围绕其作答过程中的重点比较追问：你当时是怎样比较以下两种做法的：教师B：暂不介入，继续观察游戏进展，待区域小结时请幼儿分享游戏中的体验和问题；教师C：拿走一个骰子，请幼儿商量只有一个骰子的共同游戏规则，达成一致后再开始游戏？如果教师提到调整过顺序，再追问：是什么信息或想法让你改变了当时的排序？请只围绕情境理解、判断依据和选项比较提问，不要提及任何内部计算指标、得分、排名、入选原因或评价性判断。,候选池不足3题，按备用综合分补入,访谈提醒：本程序用于筛选值得访谈的情境题，不用于向教师反馈测评成绩。后续AI访谈或人工访谈时，不得向教师透露得分、排名、R/P/G分、IIV或任何评价性结果。
教师25,sim_openid_025_365395,1,Q6,6,区域停留短,小班幼儿瑶瑶在区域活动时，一会儿在娃娃家切切菜，一会儿到美工区搓搓橡皮泥，一会儿又开心地跑到其它区域游戏，在任何一个区域停留时间都不超过三分钟。,提议瑶瑶完成某项游戏任务，如在娃娃家做菜，请他活动小结时分享。,游戏前提醒区域活动规则，活动结束后表扬区域游戏规则遵守得好的小朋友。,仔细观察瑶瑶在不同区域的游戏情况，分析他发生迅速转移的原因。,以同伴的身份陪伴瑶瑶在某一区域游戏，待他专注游戏后再离开。,C 观察诊断与介入时机,A 儿童视角,R/G,2,1,,1,0.25,0.3,0.75,0.5,0.744129,1.0,0.650341,0.524413,0.51443,68,80.135233,R/P/G多源证据重复入选，系统解释强度较高；IIV规范化信号：主要IIV信号：选项焦点变化、过程冲突、相对时间信号；可追问选项比较：教师A：提议瑶瑶完成某项游戏任务，如在娃娃家做菜，请他活动小结时分享。；教师D：以同伴的身份陪伴瑶瑶在某一区域游戏，待他专注游戏后再离开。,覆盖能力类型：C 观察诊断与介入时机,解释如何通过比较、修正或重新权衡形成相对较好判断，关注可激活能力；相对优势和可激活能力解释,A,A/D,教师A：提议瑶瑶完成某项游戏任务，如在娃娃家做菜，请他活动小结时分享。,教师A：提议瑶瑶完成某项游戏任务，如在娃娃家做菜，请他活动小结时分享。；教师D：以同伴的身份陪伴瑶瑶在某一区域游戏，待他专注游戏后再离开。,请回忆第6题这个情境。当时的情境是：小班幼儿瑶瑶在区域活动时，一会儿在娃娃家切切菜，一会儿到美工区搓搓橡皮泥，一会儿又开心地跑到其它区域游戏，在任何一个区域停留时间都不超过三分钟。当时提供的做法包括：教师A：提议瑶瑶完成某项游戏任务，如在娃娃家做菜，请他活动小结时分享；教师B：游戏前提醒区域活动规则，活动结束后表扬区域游戏规则遵守得好的小朋友；教师C：仔细观察瑶瑶在不同区域的游戏情况，分析他发生迅速转移的原因；教师D：以同伴的身份陪伴瑶瑶在某一区域游戏，待他专注游戏后再离开。可以先从这个情境本身追问：瑶瑶在多个区域快速转换时，你当时会先把它看作注意力不集中、规则问题，还是一种探索不同材料的方式？；如果你在现场，你会先观察哪些信息来判断是否需要介入？。然后可围绕其作答过程中的重点比较追问：你当时是怎样比较以下两种做法的：教师A：提议瑶瑶完成某项游戏任务，如在娃娃家做菜，请他活动小结时分享；教师D：以同伴的身份陪伴瑶瑶在某一区域游戏，待他专注游戏后再离开？如果教师提到调整过顺序，再追问：是什么信息或想法让你改变了当时的排序？请只围绕情境理解、判断依据和选项比较提问，不要提及任何内部计算指标、得分、排名、入选原因或评价性判断。,,访谈提醒：本程序用于筛选值得访谈的情境题，不用于向教师反馈测评成绩。后续AI访谈或人工访谈时，不得向教师透露得分、排名、R/P/G分、IIV或任何评价性结果。
教师25,sim_openid_025_365395,2,Q10,10,引水难题未解,中班上学期，幼儿在“引水游戏”中遇到了难题——水无法被引到竹片管道上。他们不断调整竹片拼接的方式，却始终没能成功，即竹片一头高于出水管道，阻碍了引流。渐渐地幼儿的探索兴趣也减弱了，有的开始玩水，有的甚至离开了水池。,示范正确的引水方法，请幼儿注意观察并说说引水的要领，再自己试一试。,加入幼儿的探索，引导他们观察水流受阻的位置，一起尝试调整竹片的摆放方式。,组织幼儿就游戏困难进行讨论，寻找解决问题的方案，引导幼儿再次尝试。,投放更多辅助引水的材料，重新激起幼儿的探索兴趣，继续观察游戏进展。,C 观察诊断与介入时机,D 探究支架,R/P,2,2,1,,0.5,0.05,0.8,0.25,0.763522,1.0,0.741481,0.586352,0.528426,52,31.351895,R/P/G多源证据重复入选，系统解释强度较高；IIV规范化信号：主要IIV信号：选项焦点变化、过程冲突、相对时间信号；可追问选项比较：教师B：加入幼儿的探索，引导他们观察水流受阻的位置，一起尝试调整竹片的摆放方式。；教师D：投放更多辅助引水的材料，重新激起幼儿的探索兴趣，继续观察游戏进展。,覆盖能力类型：C 观察诊断与介入时机,追问后续主要在比较哪些做法、为什么调整；追问最理想或最不理想做法的判断为什么发生变化；追问是否曾把某做法从合适改判为不合适，或相反；追问当时是否在几个判断标准之间反复权衡；相对优势和可激活能力解释,B,B/D,教师B：加入幼儿的探索，引导他们观察水流受阻的位置，一起尝试调整竹片的摆放方式。,教师B：加入幼儿的探索，引导他们观察水流受阻的位置，一起尝试调整竹片的摆放方式。；教师D：投放更多辅助引水的材料，重新激起幼儿的探索兴趣，继续观察游戏进展。,请回忆第10题这个情境。当时的情境是：中班上学期，幼儿在“引水游戏”中遇到了难题——水无法被引到竹片管道上。他们不断调整竹片拼接的方式，却始终没能成功，即竹片一头高于出水管道，阻碍了引流。渐渐地幼儿的探索兴趣也减弱了，有的开始玩水，有的甚至离开了水池。当时提供的做法包括：教师A：示范正确的引水方法，请幼儿注意观察并说说引水的要领，再自己试一试；教师B：加入幼儿的探索，引导他们观察水流受阻的位置，一起尝试调整竹片的摆放方式；教师C：组织幼儿就游戏困难进行讨论，寻找解决问题的方案，引导幼儿再次尝试；教师D：投放更多辅助引水的材料，重新激起幼儿的探索兴趣，继续观察游戏进展。可以先从这个情境本身追问：孩子们引水失败、兴趣减弱时，你当时更倾向于直接示范方法，还是继续支持他们自己发现水流受阻的原因？；你觉得教师怎样提供支架，既能帮助问题解决，又保留幼儿继续探究的空间？。然后可围绕其作答过程中的重点比较追问：你当时是怎样比较以下两种做法的：教师B：加入幼儿的探索，引导他们观察水流受阻的位置，一起尝试调整竹片的摆放方式；教师D：投放更多辅助引水的材料，重新激起幼儿的探索兴趣，继续观察游戏进展？如果教师提到调整过顺序，再追问：是什么信息或想法让你改变了当时的排序？请只围绕情境理解、判断依据和选项比较提问，不要提及任何内部计算指标、得分、排名、入选原因或评价性判断。,,访谈提醒：本程序用于筛选值得访谈的情境题，不用于向教师反馈测评成绩。后续AI访谈或人工访谈时，不得向教师透露得分、排名、R/P/G分、IIV或任何评价性结果。
教师25,sim_openid_025_365395,3,Q2,2,未参与小组建构,大班建构活动中，睿睿和其他幼儿计划一起搭积木大桥，他们讨论了搭建方法，并进入区域开始搭建。就在其他幼儿在认真搭建时，睿睿发现了一块长条木板，他一会儿在地上推着走，一会儿当枪使，没有再参与小组的搭建。,继续观察，后续分享中支持睿睿思考如何把长条木板融入小组的建构中。,肯定睿睿的创造性玩法，询问他长条板能否当桥面，引导他参与到搭桥任务中。,引导睿睿回顾计划，建议他先完成共同任务，长条木板可以等自由游戏时再玩。,看到睿睿玩得开心，暂不介入，等下一次活动时再提醒他根据计划开展游戏。,D 支架策略与游戏推进,E 共同游戏组织,G,1,,,2,0.5,0.05,0.75,0.5,0.135876,1.0,0.594389,0.563588,0.488307,35,50.749068,来自G分候选，具有结果-过程关系解释价值；IIV规范化信号：主要IIV信号：选项焦点变化、过程冲突、同题过程信息量；可追问选项比较：教师A：继续观察，后续分享中支持睿睿思考如何把长条木板融入小组的建构中。；教师B：肯定睿睿的创造性玩法，询问他长条板能否当桥面，引导他参与到搭桥任务中。,覆盖能力类型：D 支架策略与游戏推进,解释为什么能快速稳定形成较好判断，关注已有经验或优势图式,A,A/B,教师A：继续观察，后续分享中支持睿睿思考如何把长条木板融入小组的建构中。,教师A：继续观察，后续分享中支持睿睿思考如何把长条木板融入小组的建构中。；教师B：肯定睿睿的创造性玩法，询问他长条板能否当桥面，引导他参与到搭桥任务中。,请回忆第2题这个情境。当时的情境是：大班建构活动中，睿睿和其他幼儿计划一起搭积木大桥，他们讨论了搭建方法，并进入区域开始搭建。就在其他幼儿在认真搭建时，睿睿发现了一块长条木板，他一会儿在地上推着走，一会儿当枪使，没有再参与小组的搭建。当时提供的做法包括：教师A：继续观察，后续分享中支持睿睿思考如何把长条木板融入小组的建构中；教师B：肯定睿睿的创造性玩法，询问他长条板能否当桥面，引导他参与到搭桥任务中；教师C：引导睿睿回顾计划，建议他先完成共同任务，长条木板可以等自由游戏时再玩；教师D：看到睿睿玩得开心，暂不介入，等下一次活动时再提醒他根据计划开展游戏。可以先从这个情境本身追问：睿睿离开了原来的搭桥计划去玩长条木板，你当时怎样理解他的行为：是偏离共同任务，还是出现了新的游戏线索？；面对共同建构计划和幼儿临时兴趣之间的变化，你觉得教师什么时候应该介入，什么时候可以继续观察？。然后可围绕其作答过程中的重点比较追问：你当时是怎样比较以下两种做法的：教师A：继续观察，后续分享中支持睿睿思考如何把长条木板融入小组的建构中；教师B：肯定睿睿的创造性玩法，询问他长条板能否当桥面，引导他参与到搭桥任务中？如果教师提到调整过顺序，再追问：是什么信息或想法让你改变了当时的排序？请只围绕情境理解、判断依据和选项比较提问，不要提及任何内部计算指标、得分、排名、入选原因或评价性判断。,,访谈提醒：本程序用于筛选值得访谈的情境题，不用于向教师反馈测评成绩。后续AI访谈或人工访谈时，不得向教师透露得分、排名、R/P/G分、IIV或任何评价性结果。
教师26,sim_openid_026_708122,1,Q9,9,艾莎公主不运动,小班的一次户外运动，有几个女孩子从一开始就没有选择任何体育活动项目，而是聚在一起坐在地上玩“艾莎公主”的游戏，比一比谁的鞋子最漂亮，谁的魔法最厉害。,询问幼儿没有参与运动的原因，提供丰富的活动材料吸引幼儿参与运动活动。,提醒幼儿现在是运动时间，请他们等自由游戏时间再一起玩“艾莎公主”的游戏。,利用艾莎公主的鞋子设计走、跑、跳等活动，并以参与者的身份邀请幼儿一起参与运动。,肯定幼儿自主游戏的行为，言语引导幼儿穿着“漂亮的鞋子”参与运动。,D 支架策略与游戏推进,A 儿童视角/B 目标平衡,R/G,2,1,,1,0.75,0.6,0.25,0.25,0.401047,0.25,0.275894,0.465105,0.468899,68,78.276818,R/P/G多源证据重复入选，系统解释强度较高；IIV规范化信号：主要IIV信号：结果风险、个人内相对偏离、相对时间信号；可追问选项比较：教师B：提醒幼儿现在是运动时间，请他们等自由游戏时间再一起玩“艾莎公主”的游戏。；教师C：利用艾莎公主的鞋子设计走、跑、跳等活动，并以参与者的身份邀请幼儿一起参与运动。,覆盖能力类型：D 支架策略与游戏推进,解释为什么投入较多比较和修正后仍形成相对低结果，关注专业标准冲突或误区；局部短板解释,B,B/C,教师B：提醒幼儿现在是运动时间，请他们等自由游戏时间再一起玩“艾莎公主”的游戏。,教师B：提醒幼儿现在是运动时间，请他们等自由游戏时间再一起玩“艾莎公主”的游戏。；教师C：利用艾莎公主的鞋子设计走、跑、跳等活动，并以参与者的身份邀请幼儿一起参与运动。,请回忆第9题这个情境。当时的情境是：小班的一次户外运动，有几个女孩子从一开始就没有选择任何体育活动项目，而是聚在一起坐在地上玩“艾莎公主”的游戏，比一比谁的鞋子最漂亮，谁的魔法最厉害。当时提供的做法包括：教师A：询问幼儿没有参与运动的原因，提供丰富的活动材料吸引幼儿参与运动活动；教师B：提醒幼儿现在是运动时间，请他们等自由游戏时间再一起玩“艾莎公主”的游戏；教师C：利用艾莎公主的鞋子设计走、跑、跳等活动，并以参与者的身份邀请幼儿一起参与运动；教师D：肯定幼儿自主游戏的行为，言语引导幼儿穿着“漂亮的鞋子”参与运动。可以先从这个情境本身追问：几个女孩在户外运动时间玩艾莎公主时，你当时更关注运动目标，还是关注她们正在生成的角色游戏兴趣？；如果要把艾莎公主游戏和运动活动连接起来，你觉得教师可以怎样做才不显得生硬？。然后可围绕其作答过程中的重点比较追问：你当时是怎样比较以下两种做法的：教师B：提醒幼儿现在是运动时间，请他们等自由游戏时间再一起玩“艾莎公主”的游戏；教师C：利用艾莎公主的鞋子设计走、跑、跳等活动，并以参与者的身份邀请幼儿一起参与运动？如果教师提到调整过顺序，再追问：是什么信息或想法让你改变了当时的排序？请只围绕情境理解、判断依据和选项比较提问，不要提及任何内部计算指标、得分、排名、入选原因或评价性判断。,,访谈提醒：本程序用于筛选值得访谈的情境题，不用于向教师反馈测评成绩。后续AI访谈或人工访谈时，不得向教师透露得分、排名、R/P/G分、IIV或任何评价性结果。
教师26,sim_openid_026_708122,2,Q5,5,消防员救火开心,近几天，中班的幼儿十分热衷于在区域游戏时间玩“消防员救火”的游戏。游戏结束后的交流活动中，老师问幼儿最想分享什么时，阳阳说“娃娃家着火了，好开心啊！”。,抓住教育契机，向幼儿耐心解释真实的火灾会造成物品损失和人员伤亡。,询问幼儿开心的是“着火”本身，还是消防员成功救火、娃娃家的人得救？,引导幼儿思考“娃娃家着火”值不值得开心，帮助他们认识真实火灾是危险的。,请阳阳讲讲娃娃家着火后发生了什么、为什么开心，借此理解幼儿的游戏体验。,A 游戏意义理解与儿童视角,B 价值平衡,R/G,2,2,,2,0.5,0.35,0.5,0.25,0.374649,0.5,0.456035,0.437465,0.425267,59,55.326292,R/P/G多源证据重复入选，系统解释强度较高；IIV规范化信号：主要IIV信号：结果风险、过程冲突、选项焦点变化；可追问选项比较：教师A：抓住教育契机，向幼儿耐心解释真实的火灾会造成物品损失和人员伤亡。；教师B：询问幼儿开心的是“着火”本身，还是消防员成功救火、娃娃家的人得救？,覆盖能力类型：A 游戏意义理解与儿童视角,解释为什么快速稳定形成相对低判断，关注经验惯性、隐性盲点或直觉偏差；局部短板解释,,A/B,,教师A：抓住教育契机，向幼儿耐心解释真实的火灾会造成物品损失和人员伤亡。；教师B：询问幼儿开心的是“着火”本身，还是消防员成功救火、娃娃家的人得救？,请回忆第5题这个情境。当时的情境是：近几天，中班的幼儿十分热衷于在区域游戏时间玩“消防员救火”的游戏。游戏结束后的交流活动中，老师问幼儿最想分享什么时，阳阳说“娃娃家着火了，好开心啊！”。当时提供的做法包括：教师A：抓住教育契机，向幼儿耐心解释真实的火灾会造成物品损失和人员伤亡；教师B：询问幼儿开心的是“着火”本身，还是消防员成功救火、娃娃家的人得救；教师C：引导幼儿思考“娃娃家着火”值不值得开心，帮助他们认识真实火灾是危险的；教师D：请阳阳讲讲娃娃家着火后发生了什么、为什么开心，借此理解幼儿的游戏体验。可以先从这个情境本身追问：阳阳说娃娃家着火了很开心时，你当时更关注真实火灾的危险教育，还是先理解他在游戏里的开心来自哪里？；你觉得教师怎样回应，既不否定幼儿的游戏体验，又能引导他们理解真实火灾的意义？。然后可围绕其作答过程中的重点比较追问：你当时是怎样比较以下两种做法的：教师A：抓住教育契机，向幼儿耐心解释真实的火灾会造成物品损失和人员伤亡；教师B：询问幼儿开心的是“着火”本身，还是消防员成功救火、娃娃家的人得救？如果教师提到调整过顺序，再追问：是什么信息或想法让你改变了当时的排序？请只围绕情境理解、判断依据和选项比较提问，不要提及任何内部计算指标、得分、排名、入选原因或评价性判断。,,访谈提醒：本程序用于筛选值得访谈的情境题，不用于向教师反馈测评成绩。后续AI访谈或人工访谈时，不得向教师透露得分、排名、R/P/G分、IIV或任何评价性结果。
教师26,sim_openid_026_708122,3,Q1,1,篮球架玩水,操场上新安装了一些篮球架，幼儿经常在这里投篮。某天户外活动时，几名幼儿带着画笔和水桶来到这里，他们先是快乐地粉刷篮球架，之后开始往篮框里灌水，有的从上面灌，有的在下面接，忙的不亦乐乎，俨然这里成为了玩水的场地。,看到幼儿玩得很开心，不干预他们的玩水行为，待兴趣减弱后再讨论玩水的适宜性。,表扬幼儿的新发现，并询问在篮球架旁玩水是否合适，提议幼儿可以换个地方玩水。,参与到幼儿的“粉刷”游戏中，逐步引导幼儿到适宜玩水的地方继续开展游戏。,提醒幼儿篮球架是用于开展运动的，与其他幼儿一起召唤他们打篮球，转移他们的关注点。,B 自主游戏与规则/安全/价值平衡,A 游戏意义理解,P,1,,1,,0.0,0.15,0.75,0.75,0.649175,1.0,0.689911,0.464918,0.446913,28,30.07745,来自P分候选，作答过程具有访谈解释价值；IIV规范化信号：主要IIV信号：选项焦点变化、过程冲突、修正信号；可追问选项比较：教师A：看到幼儿玩得很开心，不干预他们的玩水行为，待兴趣减弱后再讨论玩水的适宜性。；教师B：表扬幼儿的新发现，并询问在篮球架旁玩水是否合适，提议幼儿可以换个地方玩水。,覆盖能力类型：B 自主游戏与规则/安全/价值平衡,追问最理想或最不理想做法的判断为什么发生变化；追问是否曾把某做法从合适改判为不合适，或相反,,A/B,,教师A：看到幼儿玩得很开心，不干预他们的玩水行为，待兴趣减弱后再讨论玩水的适宜性。；教师B：表扬幼儿的新发现，并询问在篮球架旁玩水是否合适，提议幼儿可以换个地方玩水。,请回忆第1题这个情境。当时的情境是：操场上新安装了一些篮球架，幼儿经常在这里投篮。某天户外活动时，几名幼儿带着画笔和水桶来到这里，他们先是快乐地粉刷篮球架，之后开始往篮框里灌水，有的从上面灌，有的在下面接，忙的不亦乐乎，俨然这里成为了玩水的场地。当时提供的做法包括：教师A：看到幼儿玩得很开心，不干预他们的玩水行为，待兴趣减弱后再讨论玩水的适宜性；教师B：表扬幼儿的新发现，并询问在篮球架旁玩水是否合适，提议幼儿可以换个地方玩水；教师C：参与到幼儿的“粉刷”游戏中，逐步引导幼儿到适宜玩水的地方继续开展游戏；教师D：提醒幼儿篮球架是用于开展运动的，与其他幼儿一起召唤他们打篮球，转移他们的关注点。可以先从这个情境本身追问：这个情境里，孩子把篮球架变成玩水场地，你当时更关注他们的游戏兴趣、器械用途，还是安全与场地适宜性？；如果既想保护孩子的探索兴趣，又要回应篮球架原本的运动功能，你觉得教师可以怎样衔接？。然后可围绕其作答过程中的重点比较追问：你当时是怎样比较以下两种做法的：教师A：看到幼儿玩得很开心，不干预他们的玩水行为，待兴趣减弱后再讨论玩水的适宜性；教师B：表扬幼儿的新发现，并询问在篮球架旁玩水是否合适，提议幼儿可以换个地方玩水？如果教师提到调整过顺序，再追问：是什么信息或想法让你改变了当时的排序？请只围绕情境理解、判断依据和选项比较提问，不要提及任何内部计算指标、得分、排名、入选原因或评价性判断。,,访谈提醒：本程序用于筛选值得访谈的情境题，不用于向教师反馈测评成绩。后续AI访谈或人工访谈时，不得向教师透露得分、排名、R/P/G分、IIV或任何评价性结果。
教师27,sim_openid_027_120869,1,Q7,7,飞行棋各走各的,大班区域游戏中，轩轩和小宇一起玩飞行棋，他们将棋子摆好后，各自拿了一个骰子开始投，小宇说：“该我走。”轩轩说：“明明该我走！”相持不下，于是两人各拿一个骰子，自顾自地走自己的棋。,耐心讲解共同游戏的规则，再以“棋手”身份加入游戏进行示范引导。,暂不介入，继续观察游戏进展，待区域小结时请幼儿分享游戏中的体验和问题。,拿走一个骰子，请幼儿商量只有一个骰子的共同游戏规则，达成一致后再开始游戏。,待幼儿体验一轮各走各的游戏后，询问幼儿的游戏体验，提示共同游戏规则的作用。,E 共同游戏组织与规则共建,B 规则平衡,R/P/G,3,1,2,1,0.5,0.325,0.833333,0.5,0.626613,0.75,0.70907,0.604328,0.571865,92,91.272093,R/P/G多源证据重复入选，系统解释强度较高；IIV规范化信号：主要IIV信号：过程冲突、选项焦点变化、同题过程信息量；可追问选项比较：教师B：暂不介入，继续观察游戏进展，待区域小结时请幼儿分享游戏中的体验和问题。；教师C：拿走一个骰子，请幼儿商量只有一个骰子的共同游戏规则，达成一致后再开始游戏。,覆盖能力类型：E 共同游戏组织与规则共建,解释为什么投入较多比较和修正后仍形成相对低结果，关注专业标准冲突或误区；请教师回忆读到情境后最先注意到什么、是否很快形成判断或感到难判断；追问后续主要在比较哪些做法、为什么调整；追问最理想或最不理想做法的判断为什么发生变化；局部短板解释,D,B/C,教师D：待幼儿体验一轮各走各的游戏后，询问幼儿的游戏体验，提示共同游戏规则的作用。,教师B：暂不介入，继续观察游戏进展，待区域小结时请幼儿分享游戏中的体验和问题。；教师C：拿走一个骰子，请幼儿商量只有一个骰子的共同游戏规则，达成一致后再开始游戏。,请回忆第7题这个情境。当时的情境是：大班区域游戏中，轩轩和小宇一起玩飞行棋，他们将棋子摆好后，各自拿了一个骰子开始投，小宇说：“该我走。”轩轩说：“明明该我走！”相持不下，于是两人各拿一个骰子，自顾自地走自己的棋。当时提供的做法包括：教师A：耐心讲解共同游戏的规则，再以“棋手”身份加入游戏进行示范引导；教师B：暂不介入，继续观察游戏进展，待区域小结时请幼儿分享游戏中的体验和问题；教师C：拿走一个骰子，请幼儿商量只有一个骰子的共同游戏规则，达成一致后再开始游戏；教师D：待幼儿体验一轮各走各的游戏后，询问幼儿的游戏体验，提示共同游戏规则的作用。可以先从这个情境本身追问：两个孩子各走各的棋时，你当时更关注共同游戏规则的建立，还是先让他们体验这种玩法会带来什么问题？；你觉得教师怎样帮助幼儿从各玩各的，过渡到真正的共同游戏？。然后可围绕其作答过程中的重点比较追问：你当时是怎样比较以下两种做法的：教师B：暂不介入，继续观察游戏进展，待区域小结时请幼儿分享游戏中的体验和问题；教师C：拿走一个骰子，请幼儿商量只有一个骰子的共同游戏规则，达成一致后再开始游戏？如果教师提到调整过顺序，再追问：是什么信息或想法让你改变了当时的排序？请只围绕情境理解、判断依据和选项比较提问，不要提及任何内部计算指标、得分、排名、入选原因或评价性判断。,,访谈提醒：本程序用于筛选值得访谈的情境题，不用于向教师反馈测评成绩。后续AI访谈或人工访谈时，不得向教师透露得分、排名、R/P/G分、IIV或任何评价性结果。
教师27,sim_openid_027_120869,2,Q8,8,跳绳秩序混乱,周三下午，大五班的幼儿正自发进行跳绳游戏。李老师观察后发现，挤在一起跳绳的幼儿人数较多，整个场面十分混乱，幼儿很容易出现碰撞现象。此外，由于当“柱子”的幼儿很久才能轮上跳绳，因此也显得很不耐烦。,请幼儿暂停游戏，将幼儿分成多个小组并引导他们以小组为单位分区域开展游戏。,请幼儿说一说跳绳活动中存在的问题，并邀请幼儿一起设置跳绳的规则。,提供更多数量和不同种类的跳绳，并言语引导幼儿分组分区同时进行跳绳游戏。,暂不介入，活动分享时通过照片或视频回放引导幼儿发现问题并商议解决办法。,E 共同游戏组织与规则共建,B 安全秩序,R/G,2,2,,2,0.5,0.325,0.75,0.25,0.43081,0.75,0.468167,0.518081,0.490239,59,68.108669,R/P/G多源证据重复入选，系统解释强度较高；IIV规范化信号：主要IIV信号：过程冲突、选项焦点变化、结果风险；可追问选项比较：教师B：请幼儿说一说跳绳活动中存在的问题，并邀请幼儿一起设置跳绳的规则。；教师C：提供更多数量和不同种类的跳绳，并言语引导幼儿分组分区同时进行跳绳游戏。,覆盖能力类型：E 共同游戏组织与规则共建,解释为什么快速稳定形成相对低判断，关注经验惯性、隐性盲点或直觉偏差；局部短板解释,,B/C,,教师B：请幼儿说一说跳绳活动中存在的问题，并邀请幼儿一起设置跳绳的规则。；教师C：提供更多数量和不同种类的跳绳，并言语引导幼儿分组分区同时进行跳绳游戏。,请回忆第8题这个情境。当时的情境是：周三下午，大五班的幼儿正自发进行跳绳游戏。李老师观察后发现，挤在一起跳绳的幼儿人数较多，整个场面十分混乱，幼儿很容易出现碰撞现象。此外，由于当“柱子”的幼儿很久才能轮上跳绳，因此也显得很不耐烦。当时提供的做法包括：教师A：请幼儿暂停游戏，将幼儿分成多个小组并引导他们以小组为单位分区域开展游戏；教师B：请幼儿说一说跳绳活动中存在的问题，并邀请幼儿一起设置跳绳的规则；教师C：提供更多数量和不同种类的跳绳，并言语引导幼儿分组分区同时进行跳绳游戏；教师D：暂不介入，活动分享时通过照片或视频回放引导幼儿发现问题并商议解决办法。可以先从这个情境本身追问：跳绳现场混乱且可能碰撞时，你当时更倾向于立即组织秩序，还是先让幼儿自己发现问题？；在安全风险和幼儿自主制定规则之间，你觉得教师应该怎样把握介入时机？。然后可围绕其作答过程中的重点比较追问：你当时是怎样比较以下两种做法的：教师B：请幼儿说一说跳绳活动中存在的问题，并邀请幼儿一起设置跳绳的规则；教师C：提供更多数量和不同种类的跳绳，并言语引导幼儿分组分区同时进行跳绳游戏？如果教师提到调整过顺序，再追问：是什么信息或想法让你改变了当时的排序？请只围绕情境理解、判断依据和选项比较提问，不要提及任何内部计算指标、得分、排名、入选原因或评价性判断。,,访谈提醒：本程序用于筛选值得访谈的情境题，不用于向教师反馈测评成绩。后续AI访谈或人工访谈时，不得向教师透露得分、排名、R/P/G分、IIV或任何评价性结果。
教师27,sim_openid_027_120869,3,Q3,3,材料选择无层次,大班上学期，张老师在建构区投放了按图搭建的游戏材料，并提供了不同星级难度的任务卡供幼儿选择，但有的幼儿一上来就选择高难度的三星级任务卡，结果不能顺利完成任务；而有的幼儿始终选择低难度的一星级任务卡。这天，浩浩又连续选择了几张一星级任务卡，很快就完成了任务。,调整任务卡提供方式，在游戏开始前根据幼儿的能力水平有针对性地发放任务卡。,暂不介入，尊重幼儿的自主选择和游戏体验，只要完成任务就是一种经验积累。,调整任务卡呈现方式，如增加“我想挑战”等提示，鼓励幼儿选择不同星级的挑战。,和浩浩回顾已完成的任务，比较不同星级的难度，邀请他选择稍有挑战的任务。,D 支架策略与游戏推进,C 观察诊断,P,1,,1,,0.0,0.175,1.0,1.0,0.757739,1.0,0.7225,0.575774,0.538149,28,39.874996,来自P分候选，作答过程具有访谈解释价值；IIV规范化信号：主要IIV信号：过程冲突、修正信号、选项焦点变化；可追问选项比较：教师A：调整任务卡提供方式，在游戏开始前根据幼儿的能力水平有针对性地发放任务卡。；教师B：暂不介入，尊重幼儿的自主选择和游戏体验，只要完成任务就是一种经验积累。,覆盖能力类型：D 支架策略与游戏推进,追问后续主要在比较哪些做法、为什么调整；追问最理想或最不理想做法的判断为什么发生变化；追问是否曾把某做法从合适改判为不合适，或相反；追问当时是否在几个判断标准之间反复权衡,A,A/B,教师A：调整任务卡提供方式，在游戏开始前根据幼儿的能力水平有针对性地发放任务卡。,教师A：调整任务卡提供方式，在游戏开始前根据幼儿的能力水平有针对性地发放任务卡。；教师B：暂不介入，尊重幼儿的自主选择和游戏体验，只要完成任务就是一种经验积累。,请回忆第3题这个情境。当时的情境是：大班上学期，张老师在建构区投放了按图搭建的游戏材料，并提供了不同星级难度的任务卡供幼儿选择，但有的幼儿一上来就选择高难度的三星级任务卡，结果不能顺利完成任务；而有的幼儿始终选择低难度的一星级任务卡。这天，浩浩又连续选择了几张一星级任务卡，很快就完成了任务。当时提供的做法包括：教师A：调整任务卡提供方式，在游戏开始前根据幼儿的能力水平有针对性地发放任务卡；教师B：暂不介入，尊重幼儿的自主选择和游戏体验，只要完成任务就是一种经验积累；教师C：调整任务卡呈现方式，如增加“我想挑战”等提示，鼓励幼儿选择不同星级的挑战；教师D：和浩浩回顾已完成的任务，比较不同星级的难度，邀请他选择稍有挑战的任务。可以先从这个情境本身追问：浩浩反复选择一星任务卡时，你当时更想尊重他的自主选择，还是推动他尝试更有挑战的任务？；你觉得教师应该怎样判断幼儿是需要安全感、缺少挑战意识，还是任务卡呈现方式本身需要调整？。然后可围绕其作答过程中的重点比较追问：你当时是怎样比较以下两种做法的：教师A：调整任务卡提供方式，在游戏开始前根据幼儿的能力水平有针对性地发放任务卡；教师B：暂不介入，尊重幼儿的自主选择和游戏体验，只要完成任务就是一种经验积累？如果教师提到调整过顺序，再追问：是什么信息或想法让你改变了当时的排序？请只围绕情境理解、判断依据和选项比较提问，不要提及任何内部计算指标、得分、排名、入选原因或评价性判断。,,访谈提醒：本程序用于筛选值得访谈的情境题，不用于向教师反馈测评成绩。后续AI访谈或人工访谈时，不得向教师透露得分、排名、R/P/G分、IIV或任何评价性结果。
教师28,sim_openid_028_602925,1,Q10,10,引水难题未解,中班上学期，幼儿在“引水游戏”中遇到了难题——水无法被引到竹片管道上。他们不断调整竹片拼接的方式，却始终没能成功，即竹片一头高于出水管道，阻碍了引流。渐渐地幼儿的探索兴趣也减弱了，有的开始玩水，有的甚至离开了水池。,示范正确的引水方法，请幼儿注意观察并说说引水的要领，再自己试一试。,加入幼儿的探索，引导他们观察水流受阻的位置，一起尝试调整竹片的摆放方式。,组织幼儿就游戏困难进行讨论，寻找解决问题的方案，引导幼儿再次尝试。,投放更多辅助引水的材料，重新激起幼儿的探索兴趣，继续观察游戏进展。,C 观察诊断与介入时机,D 探究支架,R/G,2,1,,1,0.0,0.325,0.75,0.75,0.118602,1.0,0.634547,0.41186,0.417338,68,70.773762,R/P/G多源证据重复入选，系统解释强度较高；IIV规范化信号：主要IIV信号：选项焦点变化、过程冲突、修正信号；可追问选项比较：教师A：示范正确的引水方法，请幼儿注意观察并说说引水的要领，再自己试一试。；教师B：加入幼儿的探索，引导他们观察水流受阻的位置，一起尝试调整竹片的摆放方式。,覆盖能力类型：C 观察诊断与介入时机,解释相对优势端如何形成；能力分化画像,D,A/B,教师D：投放更多辅助引水的材料，重新激起幼儿的探索兴趣，继续观察游戏进展。,教师A：示范正确的引水方法，请幼儿注意观察并说说引水的要领，再自己试一试。；教师B：加入幼儿的探索，引导他们观察水流受阻的位置，一起尝试调整竹片的摆放方式。,请回忆第10题这个情境。当时的情境是：中班上学期，幼儿在“引水游戏”中遇到了难题——水无法被引到竹片管道上。他们不断调整竹片拼接的方式，却始终没能成功，即竹片一头高于出水管道，阻碍了引流。渐渐地幼儿的探索兴趣也减弱了，有的开始玩水，有的甚至离开了水池。当时提供的做法包括：教师A：示范正确的引水方法，请幼儿注意观察并说说引水的要领，再自己试一试；教师B：加入幼儿的探索，引导他们观察水流受阻的位置，一起尝试调整竹片的摆放方式；教师C：组织幼儿就游戏困难进行讨论，寻找解决问题的方案，引导幼儿再次尝试；教师D：投放更多辅助引水的材料，重新激起幼儿的探索兴趣，继续观察游戏进展。可以先从这个情境本身追问：孩子们引水失败、兴趣减弱时，你当时更倾向于直接示范方法，还是继续支持他们自己发现水流受阻的原因？；你觉得教师怎样提供支架，既能帮助问题解决，又保留幼儿继续探究的空间？。然后可围绕其作答过程中的重点比较追问：你当时是怎样比较以下两种做法的：教师A：示范正确的引水方法，请幼儿注意观察并说说引水的要领，再自己试一试；教师B：加入幼儿的探索，引导他们观察水流受阻的位置，一起尝试调整竹片的摆放方式？如果教师提到调整过顺序，再追问：是什么信息或想法让你改变了当时的排序？请只围绕情境理解、判断依据和选项比较提问，不要提及任何内部计算指标、得分、排名、入选原因或评价性判断。,,访谈提醒：本程序用于筛选值得访谈的情境题，不用于向教师反馈测评成绩。后续AI访谈或人工访谈时，不得向教师透露得分、排名、R/P/G分、IIV或任何评价性结果。
教师28,sim_openid_028_602925,2,Q1,1,篮球架玩水,操场上新安装了一些篮球架，幼儿经常在这里投篮。某天户外活动时，几名幼儿带着画笔和水桶来到这里，他们先是快乐地粉刷篮球架，之后开始往篮框里灌水，有的从上面灌，有的在下面接，忙的不亦乐乎，俨然这里成为了玩水的场地。,看到幼儿玩得很开心，不干预他们的玩水行为，待兴趣减弱后再讨论玩水的适宜性。,表扬幼儿的新发现，并询问在篮球架旁玩水是否合适，提议幼儿可以换个地方玩水。,参与到幼儿的“粉刷”游戏中，逐步引导幼儿到适宜玩水的地方继续开展游戏。,提醒幼儿篮球架是用于开展运动的，与其他幼儿一起召唤他们打篮球，转移他们的关注点。,B 自主游戏与规则/安全/价值平衡,A 游戏意义理解,R/G,2,2,,2,0.75,0.425,1.0,0.75,0.0,0.75,0.594785,0.725,0.655989,59,87.843537,R/P/G多源证据重复入选，系统解释强度较高；IIV规范化信号：主要IIV信号：过程冲突、结果风险、修正信号；可追问选项比较：教师C：参与到幼儿的“粉刷”游戏中，逐步引导幼儿到适宜玩水的地方继续开展游戏。；教师D：提醒幼儿篮球架是用于开展运动的，与其他幼儿一起召唤他们打篮球，转移他们的关注点。,覆盖能力类型：B 自主游戏与规则/安全/价值平衡,解释相对薄弱端如何形成；能力分化画像,A,C/D,教师A：看到幼儿玩得很开心，不干预他们的玩水行为，待兴趣减弱后再讨论玩水的适宜性。,教师C：参与到幼儿的“粉刷”游戏中，逐步引导幼儿到适宜玩水的地方继续开展游戏。；教师D：提醒幼儿篮球架是用于开展运动的，与其他幼儿一起召唤他们打篮球，转移他们的关注点。,请回忆第1题这个情境。当时的情境是：操场上新安装了一些篮球架，幼儿经常在这里投篮。某天户外活动时，几名幼儿带着画笔和水桶来到这里，他们先是快乐地粉刷篮球架，之后开始往篮框里灌水，有的从上面灌，有的在下面接，忙的不亦乐乎，俨然这里成为了玩水的场地。当时提供的做法包括：教师A：看到幼儿玩得很开心，不干预他们的玩水行为，待兴趣减弱后再讨论玩水的适宜性；教师B：表扬幼儿的新发现，并询问在篮球架旁玩水是否合适，提议幼儿可以换个地方玩水；教师C：参与到幼儿的“粉刷”游戏中，逐步引导幼儿到适宜玩水的地方继续开展游戏；教师D：提醒幼儿篮球架是用于开展运动的，与其他幼儿一起召唤他们打篮球，转移他们的关注点。可以先从这个情境本身追问：这个情境里，孩子把篮球架变成玩水场地，你当时更关注他们的游戏兴趣、器械用途，还是安全与场地适宜性？；如果既想保护孩子的探索兴趣，又要回应篮球架原本的运动功能，你觉得教师可以怎样衔接？。然后可围绕其作答过程中的重点比较追问：你当时是怎样比较以下两种做法的：教师C：参与到幼儿的“粉刷”游戏中，逐步引导幼儿到适宜玩水的地方继续开展游戏；教师D：提醒幼儿篮球架是用于开展运动的，与其他幼儿一起召唤他们打篮球，转移他们的关注点？如果教师提到调整过顺序，再追问：是什么信息或想法让你改变了当时的排序？请只围绕情境理解、判断依据和选项比较提问，不要提及任何内部计算指标、得分、排名、入选原因或评价性判断。,,访谈提醒：本程序用于筛选值得访谈的情境题，不用于向教师反馈测评成绩。后续AI访谈或人工访谈时，不得向教师透露得分、排名、R/P/G分、IIV或任何评价性结果。
教师28,sim_openid_028_602925,3,Q5,5,消防员救火开心,近几天，中班的幼儿十分热衷于在区域游戏时间玩“消防员救火”的游戏。游戏结束后的交流活动中，老师问幼儿最想分享什么时，阳阳说“娃娃家着火了，好开心啊！”。,抓住教育契机，向幼儿耐心解释真实的火灾会造成物品损失和人员伤亡。,询问幼儿开心的是“着火”本身，还是消防员成功救火、娃娃家的人得救？,引导幼儿思考“娃娃家着火”值不值得开心，帮助他们认识真实火灾是危险的。,请阳阳讲讲娃娃家着火后发生了什么、为什么开心，借此理解幼儿的游戏体验。,A 游戏意义理解与儿童视角,B 价值平衡,P,1,,1,,0.5,0.175,0.8,0.5,0.89984,1.0,0.822434,0.649984,0.602356,28,52.684179,来自P分候选，作答过程具有访谈解释价值；IIV规范化信号：主要IIV信号：选项焦点变化、相对时间信号、同题过程信息量；可追问选项比较：教师A：抓住教育契机，向幼儿耐心解释真实的火灾会造成物品损失和人员伤亡。；教师B：询问幼儿开心的是“着火”本身，还是消防员成功救火、娃娃家的人得救？,覆盖能力类型：A 游戏意义理解与儿童视角,请教师回忆读到情境后最先注意到什么、是否很快形成判断或感到难判断；追问后续主要在比较哪些做法、为什么调整；追问最理想或最不理想做法的判断为什么发生变化；追问是否曾把某做法从合适改判为不合适，或相反,,A/B,,教师A：抓住教育契机，向幼儿耐心解释真实的火灾会造成物品损失和人员伤亡。；教师B：询问幼儿开心的是“着火”本身，还是消防员成功救火、娃娃家的人得救？,请回忆第5题这个情境。当时的情境是：近几天，中班的幼儿十分热衷于在区域游戏时间玩“消防员救火”的游戏。游戏结束后的交流活动中，老师问幼儿最想分享什么时，阳阳说“娃娃家着火了，好开心啊！”。当时提供的做法包括：教师A：抓住教育契机，向幼儿耐心解释真实的火灾会造成物品损失和人员伤亡；教师B：询问幼儿开心的是“着火”本身，还是消防员成功救火、娃娃家的人得救；教师C：引导幼儿思考“娃娃家着火”值不值得开心，帮助他们认识真实火灾是危险的；教师D：请阳阳讲讲娃娃家着火后发生了什么、为什么开心，借此理解幼儿的游戏体验。可以先从这个情境本身追问：阳阳说娃娃家着火了很开心时，你当时更关注真实火灾的危险教育，还是先理解他在游戏里的开心来自哪里？；你觉得教师怎样回应，既不否定幼儿的游戏体验，又能引导他们理解真实火灾的意义？。然后可围绕其作答过程中的重点比较追问：你当时是怎样比较以下两种做法的：教师A：抓住教育契机，向幼儿耐心解释真实的火灾会造成物品损失和人员伤亡；教师B：询问幼儿开心的是“着火”本身，还是消防员成功救火、娃娃家的人得救？如果教师提到调整过顺序，再追问：是什么信息或想法让你改变了当时的排序？请只围绕情境理解、判断依据和选项比较提问，不要提及任何内部计算指标、得分、排名、入选原因或评价性判断。,,访谈提醒：本程序用于筛选值得访谈的情境题，不用于向教师反馈测评成绩。后续AI访谈或人工访谈时，不得向教师透露得分、排名、R/P/G分、IIV或任何评价性结果。
教师29,sim_openid_029_918357,1,Q2,2,未参与小组建构,大班建构活动中，睿睿和其他幼儿计划一起搭积木大桥，他们讨论了搭建方法，并进入区域开始搭建。就在其他幼儿在认真搭建时，睿睿发现了一块长条木板，他一会儿在地上推着走，一会儿当枪使，没有再参与小组的搭建。,继续观察，后续分享中支持睿睿思考如何把长条木板融入小组的建构中。,肯定睿睿的创造性玩法，询问他长条板能否当桥面，引导他参与到搭桥任务中。,引导睿睿回顾计划，建议他先完成共同任务，长条木板可以等自由游戏时再玩。,看到睿睿玩得开心，暂不介入，等下一次活动时再提醒他根据计划开展游戏。,D 支架策略与游戏推进,E 共同游戏组织,R/P/G,3,1,1,1,0.0,0.4,1.0,1.0,0.559404,1.0,0.700389,0.55594,0.55096,96,77.604852,R/P/G多源证据重复入选，系统解释强度较高；IIV规范化信号：主要IIV信号：过程冲突、修正信号、选项焦点变化；可追问选项比较：教师B：肯定睿睿的创造性玩法，询问他长条板能否当桥面，引导他参与到搭桥任务中。；教师D：看到睿睿玩得开心，暂不介入，等下一次活动时再提醒他根据计划开展游戏。,覆盖能力类型：D 支架策略与游戏推进,解释相对优势端如何形成；追问后续主要在比较哪些做法、为什么调整；追问最理想或最不理想做法的判断为什么发生变化；追问是否曾把某做法从合适改判为不合适，或相反；追问当时是否在几个判断标准之间反复权衡；能力分化画像,A,B/D,教师A：继续观察，后续分享中支持睿睿思考如何把长条木板融入小组的建构中。,教师B：肯定睿睿的创造性玩法，询问他长条板能否当桥面，引导他参与到搭桥任务中。；教师D：看到睿睿玩得开心，暂不介入，等下一次活动时再提醒他根据计划开展游戏。,请回忆第2题这个情境。当时的情境是：大班建构活动中，睿睿和其他幼儿计划一起搭积木大桥，他们讨论了搭建方法，并进入区域开始搭建。就在其他幼儿在认真搭建时，睿睿发现了一块长条木板，他一会儿在地上推着走，一会儿当枪使，没有再参与小组的搭建。当时提供的做法包括：教师A：继续观察，后续分享中支持睿睿思考如何把长条木板融入小组的建构中；教师B：肯定睿睿的创造性玩法，询问他长条板能否当桥面，引导他参与到搭桥任务中；教师C：引导睿睿回顾计划，建议他先完成共同任务，长条木板可以等自由游戏时再玩；教师D：看到睿睿玩得开心，暂不介入，等下一次活动时再提醒他根据计划开展游戏。可以先从这个情境本身追问：睿睿离开了原来的搭桥计划去玩长条木板，你当时怎样理解他的行为：是偏离共同任务，还是出现了新的游戏线索？；面对共同建构计划和幼儿临时兴趣之间的变化，你觉得教师什么时候应该介入，什么时候可以继续观察？。然后可围绕其作答过程中的重点比较追问：你当时是怎样比较以下两种做法的：教师B：肯定睿睿的创造性玩法，询问他长条板能否当桥面，引导他参与到搭桥任务中；教师D：看到睿睿玩得开心，暂不介入，等下一次活动时再提醒他根据计划开展游戏？如果教师提到调整过顺序，再追问：是什么信息或想法让你改变了当时的排序？请只围绕情境理解、判断依据和选项比较提问，不要提及任何内部计算指标、得分、排名、入选原因或评价性判断。,,访谈提醒：本程序用于筛选值得访谈的情境题，不用于向教师反馈测评成绩。后续AI访谈或人工访谈时，不得向教师透露得分、排名、R/P/G分、IIV或任何评价性结果。
教师29,sim_openid_029_918357,2,Q9,9,艾莎公主不运动,小班的一次户外运动，有几个女孩子从一开始就没有选择任何体育活动项目，而是聚在一起坐在地上玩“艾莎公主”的游戏，比一比谁的鞋子最漂亮，谁的魔法最厉害。,询问幼儿没有参与运动的原因，提供丰富的活动材料吸引幼儿参与运动活动。,提醒幼儿现在是运动时间，请他们等自由游戏时间再一起玩“艾莎公主”的游戏。,利用艾莎公主的鞋子设计走、跑、跳等活动，并以参与者的身份邀请幼儿一起参与运动。,肯定幼儿自主游戏的行为，言语引导幼儿穿着“漂亮的鞋子”参与运动。,D 支架策略与游戏推进,A 儿童视角/B 目标平衡,R/G,2,2,,2,1.0,0.6,0.5,0.25,0.422771,0.0,0.211379,0.592277,0.555346,59,76.341364,R/P/G多源证据重复入选，系统解释强度较高；IIV规范化信号：主要IIV信号：结果风险、个人内相对偏离、过程冲突；可追问选项比较：教师B：提醒幼儿现在是运动时间，请他们等自由游戏时间再一起玩“艾莎公主”的游戏。；教师C：利用艾莎公主的鞋子设计走、跑、跳等活动，并以参与者的身份邀请幼儿一起参与运动。,覆盖能力类型：D 支架策略与游戏推进,解释相对薄弱端如何形成；能力分化画像,,B/C,,教师B：提醒幼儿现在是运动时间，请他们等自由游戏时间再一起玩“艾莎公主”的游戏。；教师C：利用艾莎公主的鞋子设计走、跑、跳等活动，并以参与者的身份邀请幼儿一起参与运动。,请回忆第9题这个情境。当时的情境是：小班的一次户外运动，有几个女孩子从一开始就没有选择任何体育活动项目，而是聚在一起坐在地上玩“艾莎公主”的游戏，比一比谁的鞋子最漂亮，谁的魔法最厉害。当时提供的做法包括：教师A：询问幼儿没有参与运动的原因，提供丰富的活动材料吸引幼儿参与运动活动；教师B：提醒幼儿现在是运动时间，请他们等自由游戏时间再一起玩“艾莎公主”的游戏；教师C：利用艾莎公主的鞋子设计走、跑、跳等活动，并以参与者的身份邀请幼儿一起参与运动；教师D：肯定幼儿自主游戏的行为，言语引导幼儿穿着“漂亮的鞋子”参与运动。可以先从这个情境本身追问：几个女孩在户外运动时间玩艾莎公主时，你当时更关注运动目标，还是关注她们正在生成的角色游戏兴趣？；如果要把艾莎公主游戏和运动活动连接起来，你觉得教师可以怎样做才不显得生硬？。然后可围绕其作答过程中的重点比较追问：你当时是怎样比较以下两种做法的：教师B：提醒幼儿现在是运动时间，请他们等自由游戏时间再一起玩“艾莎公主”的游戏；教师C：利用艾莎公主的鞋子设计走、跑、跳等活动，并以参与者的身份邀请幼儿一起参与运动？如果教师提到调整过顺序，再追问：是什么信息或想法让你改变了当时的排序？请只围绕情境理解、判断依据和选项比较提问，不要提及任何内部计算指标、得分、排名、入选原因或评价性判断。,,访谈提醒：本程序用于筛选值得访谈的情境题，不用于向教师反馈测评成绩。后续AI访谈或人工访谈时，不得向教师透露得分、排名、R/P/G分、IIV或任何评价性结果。
教师29,sim_openid_029_918357,3,Q5,5,消防员救火开心,近几天，中班的幼儿十分热衷于在区域游戏时间玩“消防员救火”的游戏。游戏结束后的交流活动中，老师问幼儿最想分享什么时，阳阳说“娃娃家着火了，好开心啊！”。,抓住教育契机，向幼儿耐心解释真实的火灾会造成物品损失和人员伤亡。,询问幼儿开心的是“着火”本身，还是消防员成功救火、娃娃家的人得救？,引导幼儿思考“娃娃家着火”值不值得开心，帮助他们认识真实火灾是危险的。,请阳阳讲讲娃娃家着火后发生了什么、为什么开心，借此理解幼儿的游戏体验。,A 游戏意义理解与儿童视角,B 价值平衡,P,1,,2,,0.5,0.1,0.8,0.25,0.556668,0.75,0.659527,0.540667,0.486143,24,32.499418,来自P分候选，作答过程具有访谈解释价值；IIV规范化信号：主要IIV信号：过程冲突、选项焦点变化、同题过程信息量；可追问选项比较：教师B：询问幼儿开心的是“着火”本身，还是消防员成功救火、娃娃家的人得救？；教师D：请阳阳讲讲娃娃家着火后发生了什么、为什么开心，借此理解幼儿的游戏体验。,覆盖能力类型：A 游戏意义理解与儿童视角,请教师回忆读到情境后最先注意到什么、是否很快形成判断或感到难判断；追问后续主要在比较哪些做法、为什么调整；追问最理想或最不理想做法的判断为什么发生变化,B,B/D,教师B：询问幼儿开心的是“着火”本身，还是消防员成功救火、娃娃家的人得救？,教师B：询问幼儿开心的是“着火”本身，还是消防员成功救火、娃娃家的人得救？；教师D：请阳阳讲讲娃娃家着火后发生了什么、为什么开心，借此理解幼儿的游戏体验。,请回忆第5题这个情境。当时的情境是：近几天，中班的幼儿十分热衷于在区域游戏时间玩“消防员救火”的游戏。游戏结束后的交流活动中，老师问幼儿最想分享什么时，阳阳说“娃娃家着火了，好开心啊！”。当时提供的做法包括：教师A：抓住教育契机，向幼儿耐心解释真实的火灾会造成物品损失和人员伤亡；教师B：询问幼儿开心的是“着火”本身，还是消防员成功救火、娃娃家的人得救；教师C：引导幼儿思考“娃娃家着火”值不值得开心，帮助他们认识真实火灾是危险的；教师D：请阳阳讲讲娃娃家着火后发生了什么、为什么开心，借此理解幼儿的游戏体验。可以先从这个情境本身追问：阳阳说娃娃家着火了很开心时，你当时更关注真实火灾的危险教育，还是先理解他在游戏里的开心来自哪里？；你觉得教师怎样回应，既不否定幼儿的游戏体验，又能引导他们理解真实火灾的意义？。然后可围绕其作答过程中的重点比较追问：你当时是怎样比较以下两种做法的：教师B：询问幼儿开心的是“着火”本身，还是消防员成功救火、娃娃家的人得救；教师D：请阳阳讲讲娃娃家着火后发生了什么、为什么开心，借此理解幼儿的游戏体验？如果教师提到调整过顺序，再追问：是什么信息或想法让你改变了当时的排序？请只围绕情境理解、判断依据和选项比较提问，不要提及任何内部计算指标、得分、排名、入选原因或评价性判断。,,访谈提醒：本程序用于筛选值得访谈的情境题，不用于向教师反馈测评成绩。后续AI访谈或人工访谈时，不得向教师透露得分、排名、R/P/G分、IIV或任何评价性结果。
教师30,sim_openid_030_839976,1,Q10,10,引水难题未解,中班上学期，幼儿在“引水游戏”中遇到了难题——水无法被引到竹片管道上。他们不断调整竹片拼接的方式，却始终没能成功，即竹片一头高于出水管道，阻碍了引流。渐渐地幼儿的探索兴趣也减弱了，有的开始玩水，有的甚至离开了水池。,示范正确的引水方法，请幼儿注意观察并说说引水的要领，再自己试一试。,加入幼儿的探索，引导他们观察水流受阻的位置，一起尝试调整竹片的摆放方式。,组织幼儿就游戏困难进行讨论，寻找解决问题的方案，引导幼儿再次尝试。,投放更多辅助引水的材料，重新激起幼儿的探索兴趣，继续观察游戏进展。,C 观察诊断与介入时机,D 探究支架,R/P/G,3,2,2,2,0.75,0.45,0.833333,0.5,0.568224,1.0,0.769453,0.723489,0.687795,83,93.083605,R/P/G多源证据重复入选，系统解释强度较高；IIV规范化信号：主要IIV信号：选项焦点变化、过程冲突、同题过程信息量；可追问选项比较：教师C：组织幼儿就游戏困难进行讨论，寻找解决问题的方案，引导幼儿再次尝试。；教师D：投放更多辅助引水的材料，重新激起幼儿的探索兴趣，继续观察游戏进展。,覆盖能力类型：C 观察诊断与介入时机,解释相对薄弱端如何形成；追问后续主要在比较哪些做法、为什么调整；追问最理想或最不理想做法的判断为什么发生变化；追问是否曾把某做法从合适改判为不合适，或相反；能力分化画像,A,C/D,教师A：示范正确的引水方法，请幼儿注意观察并说说引水的要领，再自己试一试。,教师C：组织幼儿就游戏困难进行讨论，寻找解决问题的方案，引导幼儿再次尝试。；教师D：投放更多辅助引水的材料，重新激起幼儿的探索兴趣，继续观察游戏进展。,请回忆第10题这个情境。当时的情境是：中班上学期，幼儿在“引水游戏”中遇到了难题——水无法被引到竹片管道上。他们不断调整竹片拼接的方式，却始终没能成功，即竹片一头高于出水管道，阻碍了引流。渐渐地幼儿的探索兴趣也减弱了，有的开始玩水，有的甚至离开了水池。当时提供的做法包括：教师A：示范正确的引水方法，请幼儿注意观察并说说引水的要领，再自己试一试；教师B：加入幼儿的探索，引导他们观察水流受阻的位置，一起尝试调整竹片的摆放方式；教师C：组织幼儿就游戏困难进行讨论，寻找解决问题的方案，引导幼儿再次尝试；教师D：投放更多辅助引水的材料，重新激起幼儿的探索兴趣，继续观察游戏进展。可以先从这个情境本身追问：孩子们引水失败、兴趣减弱时，你当时更倾向于直接示范方法，还是继续支持他们自己发现水流受阻的原因？；你觉得教师怎样提供支架，既能帮助问题解决，又保留幼儿继续探究的空间？。然后可围绕其作答过程中的重点比较追问：你当时是怎样比较以下两种做法的：教师C：组织幼儿就游戏困难进行讨论，寻找解决问题的方案，引导幼儿再次尝试；教师D：投放更多辅助引水的材料，重新激起幼儿的探索兴趣，继续观察游戏进展？如果教师提到调整过顺序，再追问：是什么信息或想法让你改变了当时的排序？请只围绕情境理解、判断依据和选项比较提问，不要提及任何内部计算指标、得分、排名、入选原因或评价性判断。,,访谈提醒：本程序用于筛选值得访谈的情境题，不用于向教师反馈测评成绩。后续AI访谈或人工访谈时，不得向教师透露得分、排名、R/P/G分、IIV或任何评价性结果。
教师30,sim_openid_030_839976,2,Q5,5,消防员救火开心,近几天，中班的幼儿十分热衷于在区域游戏时间玩“消防员救火”的游戏。游戏结束后的交流活动中，老师问幼儿最想分享什么时，阳阳说“娃娃家着火了，好开心啊！”。,抓住教育契机，向幼儿耐心解释真实的火灾会造成物品损失和人员伤亡。,询问幼儿开心的是“着火”本身，还是消防员成功救火、娃娃家的人得救？,引导幼儿思考“娃娃家着火”值不值得开心，帮助他们认识真实火灾是危险的。,请阳阳讲讲娃娃家着火后发生了什么、为什么开心，借此理解幼儿的游戏体验。,A 游戏意义理解与儿童视角,B 价值平衡,R/G,2,1,,1,0.0,0.3,0.75,0.75,0.415119,0.75,0.547884,0.416512,0.413906,68,57.276193,R/P/G多源证据重复入选，系统解释强度较高；IIV规范化信号：主要IIV信号：过程冲突、修正信号、选项焦点变化；可追问选项比较：教师B：询问幼儿开心的是“着火”本身，还是消防员成功救火、娃娃家的人得救？；教师D：请阳阳讲讲娃娃家着火后发生了什么、为什么开心，借此理解幼儿的游戏体验。,覆盖能力类型：A 游戏意义理解与儿童视角,解释相对优势端如何形成；能力分化画像,A,B/D,教师A：抓住教育契机，向幼儿耐心解释真实的火灾会造成物品损失和人员伤亡。,教师B：询问幼儿开心的是“着火”本身，还是消防员成功救火、娃娃家的人得救？；教师D：请阳阳讲讲娃娃家着火后发生了什么、为什么开心，借此理解幼儿的游戏体验。,请回忆第5题这个情境。当时的情境是：近几天，中班的幼儿十分热衷于在区域游戏时间玩“消防员救火”的游戏。游戏结束后的交流活动中，老师问幼儿最想分享什么时，阳阳说“娃娃家着火了，好开心啊！”。当时提供的做法包括：教师A：抓住教育契机，向幼儿耐心解释真实的火灾会造成物品损失和人员伤亡；教师B：询问幼儿开心的是“着火”本身，还是消防员成功救火、娃娃家的人得救；教师C：引导幼儿思考“娃娃家着火”值不值得开心，帮助他们认识真实火灾是危险的；教师D：请阳阳讲讲娃娃家着火后发生了什么、为什么开心，借此理解幼儿的游戏体验。可以先从这个情境本身追问：阳阳说娃娃家着火了很开心时，你当时更关注真实火灾的危险教育，还是先理解他在游戏里的开心来自哪里？；你觉得教师怎样回应，既不否定幼儿的游戏体验，又能引导他们理解真实火灾的意义？。然后可围绕其作答过程中的重点比较追问：你当时是怎样比较以下两种做法的：教师B：询问幼儿开心的是“着火”本身，还是消防员成功救火、娃娃家的人得救；教师D：请阳阳讲讲娃娃家着火后发生了什么、为什么开心，借此理解幼儿的游戏体验？如果教师提到调整过顺序，再追问：是什么信息或想法让你改变了当时的排序？请只围绕情境理解、判断依据和选项比较提问，不要提及任何内部计算指标、得分、排名、入选原因或评价性判断。,,访谈提醒：本程序用于筛选值得访谈的情境题，不用于向教师反馈测评成绩。后续AI访谈或人工访谈时，不得向教师透露得分、排名、R/P/G分、IIV或任何评价性结果。
教师30,sim_openid_030_839976,3,Q3,3,材料选择无层次,大班上学期，张老师在建构区投放了按图搭建的游戏材料，并提供了不同星级难度的任务卡供幼儿选择，但有的幼儿一上来就选择高难度的三星级任务卡，结果不能顺利完成任务；而有的幼儿始终选择低难度的一星级任务卡。这天，浩浩又连续选择了几张一星级任务卡，很快就完成了任务。,调整任务卡提供方式，在游戏开始前根据幼儿的能力水平有针对性地发放任务卡。,暂不介入，尊重幼儿的自主选择和游戏体验，只要完成任务就是一种经验积累。,调整任务卡呈现方式，如增加“我想挑战”等提示，鼓励幼儿选择不同星级的挑战。,和浩浩回顾已完成的任务，比较不同星级的难度，邀请他选择稍有挑战的任务。,D 支架策略与游戏推进,C 观察诊断,P,1,,1,,0.25,0.05,1.0,0.75,0.0,1.0,0.773167,0.55,0.483658,28,30.437503,来自P分候选，作答过程具有访谈解释价值；IIV规范化信号：主要IIV信号：过程冲突、选项焦点变化、同题过程信息量；可追问选项比较：教师B：暂不介入，尊重幼儿的自主选择和游戏体验，只要完成任务就是一种经验积累。；教师D：和浩浩回顾已完成的任务，比较不同星级的难度，邀请他选择稍有挑战的任务。,覆盖能力类型：D 支架策略与游戏推进,请教师回忆读到情境后最先注意到什么、是否很快形成判断或感到难判断；追问最理想或最不理想做法的判断为什么发生变化；追问当时是否在几个判断标准之间反复权衡,D,B/D,教师D：和浩浩回顾已完成的任务，比较不同星级的难度，邀请他选择稍有挑战的任务。,教师B：暂不介入，尊重幼儿的自主选择和游戏体验，只要完成任务就是一种经验积累。；教师D：和浩浩回顾已完成的任务，比较不同星级的难度，邀请他选择稍有挑战的任务。,请回忆第3题这个情境。当时的情境是：大班上学期，张老师在建构区投放了按图搭建的游戏材料，并提供了不同星级难度的任务卡供幼儿选择，但有的幼儿一上来就选择高难度的三星级任务卡，结果不能顺利完成任务；而有的幼儿始终选择低难度的一星级任务卡。这天，浩浩又连续选择了几张一星级任务卡，很快就完成了任务。当时提供的做法包括：教师A：调整任务卡提供方式，在游戏开始前根据幼儿的能力水平有针对性地发放任务卡；教师B：暂不介入，尊重幼儿的自主选择和游戏体验，只要完成任务就是一种经验积累；教师C：调整任务卡呈现方式，如增加“我想挑战”等提示，鼓励幼儿选择不同星级的挑战；教师D：和浩浩回顾已完成的任务，比较不同星级的难度，邀请他选择稍有挑战的任务。可以先从这个情境本身追问：浩浩反复选择一星任务卡时，你当时更想尊重他的自主选择，还是推动他尝试更有挑战的任务？；你觉得教师应该怎样判断幼儿是需要安全感、缺少挑战意识，还是任务卡呈现方式本身需要调整？。然后可围绕其作答过程中的重点比较追问：你当时是怎样比较以下两种做法的：教师B：暂不介入，尊重幼儿的自主选择和游戏体验，只要完成任务就是一种经验积累；教师D：和浩浩回顾已完成的任务，比较不同星级的难度，邀请他选择稍有挑战的任务？如果教师提到调整过顺序，再追问：是什么信息或想法让你改变了当时的排序？请只围绕情境理解、判断依据和选项比较提问，不要提及任何内部计算指标、得分、排名、入选原因或评价性判断。,,访谈提醒：本程序用于筛选值得访谈的情境题，不用于向教师反馈测评成绩。后续AI访谈或人工访谈时，不得向教师透露得分、排名、R/P/G分、IIV或任何评价性结果。
教师31,sim_openid_031_118844,1,Q6,6,区域停留短,小班幼儿瑶瑶在区域活动时，一会儿在娃娃家切切菜，一会儿到美工区搓搓橡皮泥，一会儿又开心地跑到其它区域游戏，在任何一个区域停留时间都不超过三分钟。,提议瑶瑶完成某项游戏任务，如在娃娃家做菜，请他活动小结时分享。,游戏前提醒区域活动规则，活动结束后表扬区域游戏规则遵守得好的小朋友。,仔细观察瑶瑶在不同区域的游戏情况，分析他发生迅速转移的原因。,以同伴的身份陪伴瑶瑶在某一区域游戏，待他专注游戏后再离开。,C 观察诊断与介入时机,A 儿童视角,R/P/G,3,2,2,2,1.0,0.55,1.0,1.0,0.576267,1.0,0.692965,0.957627,0.874775,83,90.788953,R/P/G多源证据重复入选，系统解释强度较高；IIV规范化信号：主要IIV信号：结果风险、过程冲突、修正信号；可追问选项比较：教师A：提议瑶瑶完成某项游戏任务，如在娃娃家做菜，请他活动小结时分享。；教师B：游戏前提醒区域活动规则，活动结束后表扬区域游戏规则遵守得好的小朋友。,覆盖能力类型：C 观察诊断与介入时机,解释相对薄弱端如何形成；追问后续主要在比较哪些做法、为什么调整；追问最理想或最不理想做法的判断为什么发生变化；追问是否曾把某做法从合适改判为不合适，或相反；追问当时是否在几个判断标准之间反复权衡；能力分化画像,A,A/B,教师A：提议瑶瑶完成某项游戏任务，如在娃娃家做菜，请他活动小结时分享。,教师A：提议瑶瑶完成某项游戏任务，如在娃娃家做菜，请他活动小结时分享。；教师B：游戏前提醒区域活动规则，活动结束后表扬区域游戏规则遵守得好的小朋友。,请回忆第6题这个情境。当时的情境是：小班幼儿瑶瑶在区域活动时，一会儿在娃娃家切切菜，一会儿到美工区搓搓橡皮泥，一会儿又开心地跑到其它区域游戏，在任何一个区域停留时间都不超过三分钟。当时提供的做法包括：教师A：提议瑶瑶完成某项游戏任务，如在娃娃家做菜，请他活动小结时分享；教师B：游戏前提醒区域活动规则，活动结束后表扬区域游戏规则遵守得好的小朋友；教师C：仔细观察瑶瑶在不同区域的游戏情况，分析他发生迅速转移的原因；教师D：以同伴的身份陪伴瑶瑶在某一区域游戏，待他专注游戏后再离开。可以先从这个情境本身追问：瑶瑶在多个区域快速转换时，你当时会先把它看作注意力不集中、规则问题，还是一种探索不同材料的方式？；如果你在现场，你会先观察哪些信息来判断是否需要介入？。然后可围绕其作答过程中的重点比较追问：你当时是怎样比较以下两种做法的：教师A：提议瑶瑶完成某项游戏任务，如在娃娃家做菜，请他活动小结时分享；教师B：游戏前提醒区域活动规则，活动结束后表扬区域游戏规则遵守得好的小朋友？如果教师提到调整过顺序，再追问：是什么信息或想法让你改变了当时的排序？请只围绕情境理解、判断依据和选项比较提问，不要提及任何内部计算指标、得分、排名、入选原因或评价性判断。,,访谈提醒：本程序用于筛选值得访谈的情境题，不用于向教师反馈测评成绩。后续AI访谈或人工访谈时，不得向教师透露得分、排名、R/P/G分、IIV或任何评价性结果。
教师31,sim_openid_031_118844,2,Q10,10,引水难题未解,中班上学期，幼儿在“引水游戏”中遇到了难题——水无法被引到竹片管道上。他们不断调整竹片拼接的方式，却始终没能成功，即竹片一头高于出水管道，阻碍了引流。渐渐地幼儿的探索兴趣也减弱了，有的开始玩水，有的甚至离开了水池。,示范正确的引水方法，请幼儿注意观察并说说引水的要领，再自己试一试。,加入幼儿的探索，引导他们观察水流受阻的位置，一起尝试调整竹片的摆放方式。,组织幼儿就游戏困难进行讨论，寻找解决问题的方案，引导幼儿再次尝试。,投放更多辅助引水的材料，重新激起幼儿的探索兴趣，继续观察游戏进展。,C 观察诊断与介入时机,D 探究支架,R/G,2,1,,1,0.0,0.45,0.75,0.75,0.0,0.75,0.533663,0.375,0.394183,68,69.750897,R/P/G多源证据重复入选，系统解释强度较高；IIV规范化信号：主要IIV信号：过程冲突、修正信号、选项焦点变化；可追问选项比较：教师B：加入幼儿的探索，引导他们观察水流受阻的位置，一起尝试调整竹片的摆放方式。；教师C：组织幼儿就游戏困难进行讨论，寻找解决问题的方案，引导幼儿再次尝试。,覆盖能力类型：C 观察诊断与介入时机,解释相对优势端如何形成；能力分化画像,D,B/C,教师D：投放更多辅助引水的材料，重新激起幼儿的探索兴趣，继续观察游戏进展。,教师B：加入幼儿的探索，引导他们观察水流受阻的位置，一起尝试调整竹片的摆放方式。；教师C：组织幼儿就游戏困难进行讨论，寻找解决问题的方案，引导幼儿再次尝试。,请回忆第10题这个情境。当时的情境是：中班上学期，幼儿在“引水游戏”中遇到了难题——水无法被引到竹片管道上。他们不断调整竹片拼接的方式，却始终没能成功，即竹片一头高于出水管道，阻碍了引流。渐渐地幼儿的探索兴趣也减弱了，有的开始玩水，有的甚至离开了水池。当时提供的做法包括：教师A：示范正确的引水方法，请幼儿注意观察并说说引水的要领，再自己试一试；教师B：加入幼儿的探索，引导他们观察水流受阻的位置，一起尝试调整竹片的摆放方式；教师C：组织幼儿就游戏困难进行讨论，寻找解决问题的方案，引导幼儿再次尝试；教师D：投放更多辅助引水的材料，重新激起幼儿的探索兴趣，继续观察游戏进展。可以先从这个情境本身追问：孩子们引水失败、兴趣减弱时，你当时更倾向于直接示范方法，还是继续支持他们自己发现水流受阻的原因？；你觉得教师怎样提供支架，既能帮助问题解决，又保留幼儿继续探究的空间？。然后可围绕其作答过程中的重点比较追问：你当时是怎样比较以下两种做法的：教师B：加入幼儿的探索，引导他们观察水流受阻的位置，一起尝试调整竹片的摆放方式；教师C：组织幼儿就游戏困难进行讨论，寻找解决问题的方案，引导幼儿再次尝试？如果教师提到调整过顺序，再追问：是什么信息或想法让你改变了当时的排序？请只围绕情境理解、判断依据和选项比较提问，不要提及任何内部计算指标、得分、排名、入选原因或评价性判断。,,访谈提醒：本程序用于筛选值得访谈的情境题，不用于向教师反馈测评成绩。后续AI访谈或人工访谈时，不得向教师透露得分、排名、R/P/G分、IIV或任何评价性结果。
教师31,sim_openid_031_118844,3,Q7,7,飞行棋各走各的,大班区域游戏中，轩轩和小宇一起玩飞行棋，他们将棋子摆好后，各自拿了一个骰子开始投，小宇说：“该我走。”轩轩说：“明明该我走！”相持不下，于是两人各拿一个骰子，自顾自地走自己的棋。,耐心讲解共同游戏的规则，再以“棋手”身份加入游戏进行示范引导。,暂不介入，继续观察游戏进展，待区域小结时请幼儿分享游戏中的体验和问题。,拿走一个骰子，请幼儿商量只有一个骰子的共同游戏规则，达成一致后再开始游戏。,待幼儿体验一轮各走各的游戏后，询问幼儿的游戏体验，提示共同游戏规则的作用。,E 共同游戏组织与规则共建,B 规则平衡,P,1,,1,,0.5,0.05,0.857143,0.5,0.613222,1.0,0.744143,0.632751,0.559601,28,31.808993,来自P分候选，作答过程具有访谈解释价值；IIV规范化信号：主要IIV信号：选项焦点变化、过程冲突、同题过程信息量；可追问选项比较：教师B：暂不介入，继续观察游戏进展，待区域小结时请幼儿分享游戏中的体验和问题。；教师D：待幼儿体验一轮各走各的游戏后，询问幼儿的游戏体验，提示共同游戏规则的作用。,覆盖能力类型：E 共同游戏组织与规则共建,追问后续主要在比较哪些做法、为什么调整；追问最理想或最不理想做法的判断为什么发生变化；追问是否曾把某做法从合适改判为不合适，或相反；追问当时是否在几个判断标准之间反复权衡,A,B/D,教师A：耐心讲解共同游戏的规则，再以“棋手”身份加入游戏进行示范引导。,教师B：暂不介入，继续观察游戏进展，待区域小结时请幼儿分享游戏中的体验和问题。；教师D：待幼儿体验一轮各走各的游戏后，询问幼儿的游戏体验，提示共同游戏规则的作用。,请回忆第7题这个情境。当时的情境是：大班区域游戏中，轩轩和小宇一起玩飞行棋，他们将棋子摆好后，各自拿了一个骰子开始投，小宇说：“该我走。”轩轩说：“明明该我走！”相持不下，于是两人各拿一个骰子，自顾自地走自己的棋。当时提供的做法包括：教师A：耐心讲解共同游戏的规则，再以“棋手”身份加入游戏进行示范引导；教师B：暂不介入，继续观察游戏进展，待区域小结时请幼儿分享游戏中的体验和问题；教师C：拿走一个骰子，请幼儿商量只有一个骰子的共同游戏规则，达成一致后再开始游戏；教师D：待幼儿体验一轮各走各的游戏后，询问幼儿的游戏体验，提示共同游戏规则的作用。可以先从这个情境本身追问：两个孩子各走各的棋时，你当时更关注共同游戏规则的建立，还是先让他们体验这种玩法会带来什么问题？；你觉得教师怎样帮助幼儿从各玩各的，过渡到真正的共同游戏？。然后可围绕其作答过程中的重点比较追问：你当时是怎样比较以下两种做法的：教师B：暂不介入，继续观察游戏进展，待区域小结时请幼儿分享游戏中的体验和问题；教师D：待幼儿体验一轮各走各的游戏后，询问幼儿的游戏体验，提示共同游戏规则的作用？如果教师提到调整过顺序，再追问：是什么信息或想法让你改变了当时的排序？请只围绕情境理解、判断依据和选项比较提问，不要提及任何内部计算指标、得分、排名、入选原因或评价性判断。,,访谈提醒：本程序用于筛选值得访谈的情境题，不用于向教师反馈测评成绩。后续AI访谈或人工访谈时，不得向教师透露得分、排名、R/P/G分、IIV或任何评价性结果。
教师32,sim_openid_032_852002,1,Q10,10,引水难题未解,中班上学期，幼儿在“引水游戏”中遇到了难题——水无法被引到竹片管道上。他们不断调整竹片拼接的方式，却始终没能成功，即竹片一头高于出水管道，阻碍了引流。渐渐地幼儿的探索兴趣也减弱了，有的开始玩水，有的甚至离开了水池。,示范正确的引水方法，请幼儿注意观察并说说引水的要领，再自己试一试。,加入幼儿的探索，引导他们观察水流受阻的位置，一起尝试调整竹片的摆放方式。,组织幼儿就游戏困难进行讨论，寻找解决问题的方案，引导幼儿再次尝试。,投放更多辅助引水的材料，重新激起幼儿的探索兴趣，继续观察游戏进展。,C 观察诊断与介入时机,D 探究支架,R/P/G,3,1,1,1,0.25,0.25,0.8,0.5,0.646278,1.0,0.850128,0.524628,0.514634,96,95.503837,R/P/G多源证据重复入选，系统解释强度较高；IIV规范化信号：主要IIV信号：选项焦点变化、同题过程信息量、过程冲突；可追问选项比较：教师C：组织幼儿就游戏困难进行讨论，寻找解决问题的方案，引导幼儿再次尝试。；教师D：投放更多辅助引水的材料，重新激起幼儿的探索兴趣，继续观察游戏进展。,覆盖能力类型：C 观察诊断与介入时机,解释相对优势端如何形成；请教师回忆读到情境后最先注意到什么、是否很快形成判断或感到难判断；追问后续主要在比较哪些做法、为什么调整；追问最理想或最不理想做法的判断为什么发生变化；追问当时是否在几个判断标准之间反复权衡；能力分化画像,D,C/D,教师D：投放更多辅助引水的材料，重新激起幼儿的探索兴趣，继续观察游戏进展。,教师C：组织幼儿就游戏困难进行讨论，寻找解决问题的方案，引导幼儿再次尝试。；教师D：投放更多辅助引水的材料，重新激起幼儿的探索兴趣，继续观察游戏进展。,请回忆第10题这个情境。当时的情境是：中班上学期，幼儿在“引水游戏”中遇到了难题——水无法被引到竹片管道上。他们不断调整竹片拼接的方式，却始终没能成功，即竹片一头高于出水管道，阻碍了引流。渐渐地幼儿的探索兴趣也减弱了，有的开始玩水，有的甚至离开了水池。当时提供的做法包括：教师A：示范正确的引水方法，请幼儿注意观察并说说引水的要领，再自己试一试；教师B：加入幼儿的探索，引导他们观察水流受阻的位置，一起尝试调整竹片的摆放方式；教师C：组织幼儿就游戏困难进行讨论，寻找解决问题的方案，引导幼儿再次尝试；教师D：投放更多辅助引水的材料，重新激起幼儿的探索兴趣，继续观察游戏进展。可以先从这个情境本身追问：孩子们引水失败、兴趣减弱时，你当时更倾向于直接示范方法，还是继续支持他们自己发现水流受阻的原因？；你觉得教师怎样提供支架，既能帮助问题解决，又保留幼儿继续探究的空间？。然后可围绕其作答过程中的重点比较追问：你当时是怎样比较以下两种做法的：教师C：组织幼儿就游戏困难进行讨论，寻找解决问题的方案，引导幼儿再次尝试；教师D：投放更多辅助引水的材料，重新激起幼儿的探索兴趣，继续观察游戏进展？如果教师提到调整过顺序，再追问：是什么信息或想法让你改变了当时的排序？请只围绕情境理解、判断依据和选项比较提问，不要提及任何内部计算指标、得分、排名、入选原因或评价性判断。,,访谈提醒：本程序用于筛选值得访谈的情境题，不用于向教师反馈测评成绩。后续AI访谈或人工访谈时，不得向教师透露得分、排名、R/P/G分、IIV或任何评价性结果。
教师32,sim_openid_032_852002,2,Q9,9,艾莎公主不运动,小班的一次户外运动，有几个女孩子从一开始就没有选择任何体育活动项目，而是聚在一起坐在地上玩“艾莎公主”的游戏，比一比谁的鞋子最漂亮，谁的魔法最厉害。,询问幼儿没有参与运动的原因，提供丰富的活动材料吸引幼儿参与运动活动。,提醒幼儿现在是运动时间，请他们等自由游戏时间再一起玩“艾莎公主”的游戏。,利用艾莎公主的鞋子设计走、跑、跳等活动，并以参与者的身份邀请幼儿一起参与运动。,肯定幼儿自主游戏的行为，言语引导幼儿穿着“漂亮的鞋子”参与运动。,D 支架策略与游戏推进,A 儿童视角/B 目标平衡,R/G,2,2,,2,0.75,0.25,0.833333,0.25,0.433125,1.0,0.8205,0.659979,0.609337,59,93.881713,R/P/G多源证据重复入选，系统解释强度较高；IIV规范化信号：主要IIV信号：选项焦点变化、过程冲突、同题过程信息量；可追问选项比较：教师C：利用艾莎公主的鞋子设计走、跑、跳等活动，并以参与者的身份邀请幼儿一起参与运动。；教师D：肯定幼儿自主游戏的行为，言语引导幼儿穿着“漂亮的鞋子”参与运动。,覆盖能力类型：D 支架策略与游戏推进,解释相对薄弱端如何形成；能力分化画像,A,C/D,教师A：询问幼儿没有参与运动的原因，提供丰富的活动材料吸引幼儿参与运动活动。,教师C：利用艾莎公主的鞋子设计走、跑、跳等活动，并以参与者的身份邀请幼儿一起参与运动。；教师D：肯定幼儿自主游戏的行为，言语引导幼儿穿着“漂亮的鞋子”参与运动。,请回忆第9题这个情境。当时的情境是：小班的一次户外运动，有几个女孩子从一开始就没有选择任何体育活动项目，而是聚在一起坐在地上玩“艾莎公主”的游戏，比一比谁的鞋子最漂亮，谁的魔法最厉害。当时提供的做法包括：教师A：询问幼儿没有参与运动的原因，提供丰富的活动材料吸引幼儿参与运动活动；教师B：提醒幼儿现在是运动时间，请他们等自由游戏时间再一起玩“艾莎公主”的游戏；教师C：利用艾莎公主的鞋子设计走、跑、跳等活动，并以参与者的身份邀请幼儿一起参与运动；教师D：肯定幼儿自主游戏的行为，言语引导幼儿穿着“漂亮的鞋子”参与运动。可以先从这个情境本身追问：几个女孩在户外运动时间玩艾莎公主时，你当时更关注运动目标，还是关注她们正在生成的角色游戏兴趣？；如果要把艾莎公主游戏和运动活动连接起来，你觉得教师可以怎样做才不显得生硬？。然后可围绕其作答过程中的重点比较追问：你当时是怎样比较以下两种做法的：教师C：利用艾莎公主的鞋子设计走、跑、跳等活动，并以参与者的身份邀请幼儿一起参与运动；教师D：肯定幼儿自主游戏的行为，言语引导幼儿穿着“漂亮的鞋子”参与运动？如果教师提到调整过顺序，再追问：是什么信息或想法让你改变了当时的排序？请只围绕情境理解、判断依据和选项比较提问，不要提及任何内部计算指标、得分、排名、入选原因或评价性判断。,,访谈提醒：本程序用于筛选值得访谈的情境题，不用于向教师反馈测评成绩。后续AI访谈或人工访谈时，不得向教师透露得分、排名、R/P/G分、IIV或任何评价性结果。
教师32,sim_openid_032_852002,3,Q8,8,跳绳秩序混乱,周三下午，大五班的幼儿正自发进行跳绳游戏。李老师观察后发现，挤在一起跳绳的幼儿人数较多，整个场面十分混乱，幼儿很容易出现碰撞现象。此外，由于当“柱子”的幼儿很久才能轮上跳绳，因此也显得很不耐烦。,请幼儿暂停游戏，将幼儿分成多个小组并引导他们以小组为单位分区域开展游戏。,请幼儿说一说跳绳活动中存在的问题，并邀请幼儿一起设置跳绳的规则。,提供更多数量和不同种类的跳绳，并言语引导幼儿分组分区同时进行跳绳游戏。,暂不介入，活动分享时通过照片或视频回放引导幼儿发现问题并商议解决办法。,E 共同游戏组织与规则共建,B 安全秩序,P,1,,2,,0.5,0.0,0.833333,0.25,0.064907,1.0,0.840682,0.523157,0.461025,24,32.86183,来自P分候选，作答过程具有访谈解释价值；IIV规范化信号：主要IIV信号：选项焦点变化、同题过程信息量、过程冲突；可追问选项比较：教师A：请幼儿暂停游戏，将幼儿分成多个小组并引导他们以小组为单位分区域开展游戏。；教师C：提供更多数量和不同种类的跳绳，并言语引导幼儿分组分区同时进行跳绳游戏。,覆盖能力类型：E 共同游戏组织与规则共建,请教师回忆读到情境后最先注意到什么、是否很快形成判断或感到难判断；追问后续主要在比较哪些做法、为什么调整；追问最理想或最不理想做法的判断为什么发生变化；追问是否曾把某做法从合适改判为不合适，或相反；追问当时是否在几个判断标准之间反复权衡,A,A/C,教师A：请幼儿暂停游戏，将幼儿分成多个小组并引导他们以小组为单位分区域开展游戏。,教师A：请幼儿暂停游戏，将幼儿分成多个小组并引导他们以小组为单位分区域开展游戏。；教师C：提供更多数量和不同种类的跳绳，并言语引导幼儿分组分区同时进行跳绳游戏。,请回忆第8题这个情境。当时的情境是：周三下午，大五班的幼儿正自发进行跳绳游戏。李老师观察后发现，挤在一起跳绳的幼儿人数较多，整个场面十分混乱，幼儿很容易出现碰撞现象。此外，由于当“柱子”的幼儿很久才能轮上跳绳，因此也显得很不耐烦。当时提供的做法包括：教师A：请幼儿暂停游戏，将幼儿分成多个小组并引导他们以小组为单位分区域开展游戏；教师B：请幼儿说一说跳绳活动中存在的问题，并邀请幼儿一起设置跳绳的规则；教师C：提供更多数量和不同种类的跳绳，并言语引导幼儿分组分区同时进行跳绳游戏；教师D：暂不介入，活动分享时通过照片或视频回放引导幼儿发现问题并商议解决办法。可以先从这个情境本身追问：跳绳现场混乱且可能碰撞时，你当时更倾向于立即组织秩序，还是先让幼儿自己发现问题？；在安全风险和幼儿自主制定规则之间，你觉得教师应该怎样把握介入时机？。然后可围绕其作答过程中的重点比较追问：你当时是怎样比较以下两种做法的：教师A：请幼儿暂停游戏，将幼儿分成多个小组并引导他们以小组为单位分区域开展游戏；教师C：提供更多数量和不同种类的跳绳，并言语引导幼儿分组分区同时进行跳绳游戏？如果教师提到调整过顺序，再追问：是什么信息或想法让你改变了当时的排序？请只围绕情境理解、判断依据和选项比较提问，不要提及任何内部计算指标、得分、排名、入选原因或评价性判断。,,访谈提醒：本程序用于筛选值得访谈的情境题，不用于向教师反馈测评成绩。后续AI访谈或人工访谈时，不得向教师透露得分、排名、R/P/G分、IIV或任何评价性结果。
教师33,sim_openid_033_569567,1,Q10,10,引水难题未解,中班上学期，幼儿在“引水游戏”中遇到了难题——水无法被引到竹片管道上。他们不断调整竹片拼接的方式，却始终没能成功，即竹片一头高于出水管道，阻碍了引流。渐渐地幼儿的探索兴趣也减弱了，有的开始玩水，有的甚至离开了水池。,示范正确的引水方法，请幼儿注意观察并说说引水的要领，再自己试一试。,加入幼儿的探索，引导他们观察水流受阻的位置，一起尝试调整竹片的摆放方式。,组织幼儿就游戏困难进行讨论，寻找解决问题的方案，引导幼儿再次尝试。,投放更多辅助引水的材料，重新激起幼儿的探索兴趣，继续观察游戏进展。,C 观察诊断与介入时机,D 探究支架,R/G,2,1,,1,0.0,0.425,1.0,1.0,0.0,1.0,0.641888,0.5,0.495844,68,89.256628,R/P/G多源证据重复入选，系统解释强度较高；IIV规范化信号：主要IIV信号：过程冲突、修正信号、选项焦点变化；可追问选项比较：教师A：示范正确的引水方法，请幼儿注意观察并说说引水的要领，再自己试一试。；教师B：加入幼儿的探索，引导他们观察水流受阻的位置，一起尝试调整竹片的摆放方式。,覆盖能力类型：C 观察诊断与介入时机,解释相对优势端如何形成；能力分化画像,D,A/B,教师D：投放更多辅助引水的材料，重新激起幼儿的探索兴趣，继续观察游戏进展。,教师A：示范正确的引水方法，请幼儿注意观察并说说引水的要领，再自己试一试。；教师B：加入幼儿的探索，引导他们观察水流受阻的位置，一起尝试调整竹片的摆放方式。,请回忆第10题这个情境。当时的情境是：中班上学期，幼儿在“引水游戏”中遇到了难题——水无法被引到竹片管道上。他们不断调整竹片拼接的方式，却始终没能成功，即竹片一头高于出水管道，阻碍了引流。渐渐地幼儿的探索兴趣也减弱了，有的开始玩水，有的甚至离开了水池。当时提供的做法包括：教师A：示范正确的引水方法，请幼儿注意观察并说说引水的要领，再自己试一试；教师B：加入幼儿的探索，引导他们观察水流受阻的位置，一起尝试调整竹片的摆放方式；教师C：组织幼儿就游戏困难进行讨论，寻找解决问题的方案，引导幼儿再次尝试；教师D：投放更多辅助引水的材料，重新激起幼儿的探索兴趣，继续观察游戏进展。可以先从这个情境本身追问：孩子们引水失败、兴趣减弱时，你当时更倾向于直接示范方法，还是继续支持他们自己发现水流受阻的原因？；你觉得教师怎样提供支架，既能帮助问题解决，又保留幼儿继续探究的空间？。然后可围绕其作答过程中的重点比较追问：你当时是怎样比较以下两种做法的：教师A：示范正确的引水方法，请幼儿注意观察并说说引水的要领，再自己试一试；教师B：加入幼儿的探索，引导他们观察水流受阻的位置，一起尝试调整竹片的摆放方式？如果教师提到调整过顺序，再追问：是什么信息或想法让你改变了当时的排序？请只围绕情境理解、判断依据和选项比较提问，不要提及任何内部计算指标、得分、排名、入选原因或评价性判断。,,访谈提醒：本程序用于筛选值得访谈的情境题，不用于向教师反馈测评成绩。后续AI访谈或人工访谈时，不得向教师透露得分、排名、R/P/G分、IIV或任何评价性结果。
教师33,sim_openid_033_569567,2,Q5,5,消防员救火开心,近几天，中班的幼儿十分热衷于在区域游戏时间玩“消防员救火”的游戏。游戏结束后的交流活动中，老师问幼儿最想分享什么时，阳阳说“娃娃家着火了，好开心啊！”。,抓住教育契机，向幼儿耐心解释真实的火灾会造成物品损失和人员伤亡。,询问幼儿开心的是“着火”本身，还是消防员成功救火、娃娃家的人得救？,引导幼儿思考“娃娃家着火”值不值得开心，帮助他们认识真实火灾是危险的。,请阳阳讲讲娃娃家着火后发生了什么、为什么开心，借此理解幼儿的游戏体验。,A 游戏意义理解与儿童视角,B 价值平衡,R/G,2,2,,2,0.75,0.325,0.75,0.25,0.8847,0.75,0.721837,0.66347,0.623312,59,74.76504,R/P/G多源证据重复入选，系统解释强度较高；IIV规范化信号：主要IIV信号：相对时间信号、结果风险、过程冲突；可追问选项比较：教师A：抓住教育契机，向幼儿耐心解释真实的火灾会造成物品损失和人员伤亡。；教师B：询问幼儿开心的是“着火”本身，还是消防员成功救火、娃娃家的人得救？,覆盖能力类型：A 游戏意义理解与儿童视角,解释相对薄弱端如何形成；能力分化画像,A,A/B,教师A：抓住教育契机，向幼儿耐心解释真实的火灾会造成物品损失和人员伤亡。,教师A：抓住教育契机，向幼儿耐心解释真实的火灾会造成物品损失和人员伤亡。；教师B：询问幼儿开心的是“着火”本身，还是消防员成功救火、娃娃家的人得救？,请回忆第5题这个情境。当时的情境是：近几天，中班的幼儿十分热衷于在区域游戏时间玩“消防员救火”的游戏。游戏结束后的交流活动中，老师问幼儿最想分享什么时，阳阳说“娃娃家着火了，好开心啊！”。当时提供的做法包括：教师A：抓住教育契机，向幼儿耐心解释真实的火灾会造成物品损失和人员伤亡；教师B：询问幼儿开心的是“着火”本身，还是消防员成功救火、娃娃家的人得救；教师C：引导幼儿思考“娃娃家着火”值不值得开心，帮助他们认识真实火灾是危险的；教师D：请阳阳讲讲娃娃家着火后发生了什么、为什么开心，借此理解幼儿的游戏体验。可以先从这个情境本身追问：阳阳说娃娃家着火了很开心时，你当时更关注真实火灾的危险教育，还是先理解他在游戏里的开心来自哪里？；你觉得教师怎样回应，既不否定幼儿的游戏体验，又能引导他们理解真实火灾的意义？。然后可围绕其作答过程中的重点比较追问：你当时是怎样比较以下两种做法的：教师A：抓住教育契机，向幼儿耐心解释真实的火灾会造成物品损失和人员伤亡；教师B：询问幼儿开心的是“着火”本身，还是消防员成功救火、娃娃家的人得救？如果教师提到调整过顺序，再追问：是什么信息或想法让你改变了当时的排序？请只围绕情境理解、判断依据和选项比较提问，不要提及任何内部计算指标、得分、排名、入选原因或评价性判断。,,访谈提醒：本程序用于筛选值得访谈的情境题，不用于向教师反馈测评成绩。后续AI访谈或人工访谈时，不得向教师透露得分、排名、R/P/G分、IIV或任何评价性结果。
教师33,sim_openid_033_569567,3,Q7,7,飞行棋各走各的,大班区域游戏中，轩轩和小宇一起玩飞行棋，他们将棋子摆好后，各自拿了一个骰子开始投，小宇说：“该我走。”轩轩说：“明明该我走！”相持不下，于是两人各拿一个骰子，自顾自地走自己的棋。,耐心讲解共同游戏的规则，再以“棋手”身份加入游戏进行示范引导。,暂不介入，继续观察游戏进展，待区域小结时请幼儿分享游戏中的体验和问题。,拿走一个骰子，请幼儿商量只有一个骰子的共同游戏规则，达成一致后再开始游戏。,待幼儿体验一轮各走各的游戏后，询问幼儿的游戏体验，提示共同游戏规则的作用。,E 共同游戏组织与规则共建,B 规则平衡,P,1,,1,,0.25,0.175,0.857143,0.75,0.465064,1.0,0.889353,0.567935,0.533295,28,55.786004,来自P分候选，作答过程具有访谈解释价值；IIV规范化信号：主要IIV信号：选项焦点变化、同题过程信息量、过程冲突；可追问选项比较：教师A：耐心讲解共同游戏的规则，再以“棋手”身份加入游戏进行示范引导。；教师B：暂不介入，继续观察游戏进展，待区域小结时请幼儿分享游戏中的体验和问题。,覆盖能力类型：E 共同游戏组织与规则共建,请教师回忆读到情境后最先注意到什么、是否很快形成判断或感到难判断；追问后续主要在比较哪些做法、为什么调整；追问最理想或最不理想做法的判断为什么发生变化；追问当时是否在几个判断标准之间反复权衡,C,A/B,教师C：拿走一个骰子，请幼儿商量只有一个骰子的共同游戏规则，达成一致后再开始游戏。,教师A：耐心讲解共同游戏的规则，再以“棋手”身份加入游戏进行示范引导。；教师B：暂不介入，继续观察游戏进展，待区域小结时请幼儿分享游戏中的体验和问题。,请回忆第7题这个情境。当时的情境是：大班区域游戏中，轩轩和小宇一起玩飞行棋，他们将棋子摆好后，各自拿了一个骰子开始投，小宇说：“该我走。”轩轩说：“明明该我走！”相持不下，于是两人各拿一个骰子，自顾自地走自己的棋。当时提供的做法包括：教师A：耐心讲解共同游戏的规则，再以“棋手”身份加入游戏进行示范引导；教师B：暂不介入，继续观察游戏进展，待区域小结时请幼儿分享游戏中的体验和问题；教师C：拿走一个骰子，请幼儿商量只有一个骰子的共同游戏规则，达成一致后再开始游戏；教师D：待幼儿体验一轮各走各的游戏后，询问幼儿的游戏体验，提示共同游戏规则的作用。可以先从这个情境本身追问：两个孩子各走各的棋时，你当时更关注共同游戏规则的建立，还是先让他们体验这种玩法会带来什么问题？；你觉得教师怎样帮助幼儿从各玩各的，过渡到真正的共同游戏？。然后可围绕其作答过程中的重点比较追问：你当时是怎样比较以下两种做法的：教师A：耐心讲解共同游戏的规则，再以“棋手”身份加入游戏进行示范引导；教师B：暂不介入，继续观察游戏进展，待区域小结时请幼儿分享游戏中的体验和问题？如果教师提到调整过顺序，再追问：是什么信息或想法让你改变了当时的排序？请只围绕情境理解、判断依据和选项比较提问，不要提及任何内部计算指标、得分、排名、入选原因或评价性判断。,,访谈提醒：本程序用于筛选值得访谈的情境题，不用于向教师反馈测评成绩。后续AI访谈或人工访谈时，不得向教师透露得分、排名、R/P/G分、IIV或任何评价性结果。
教师34,sim_openid_034_769373,1,Q9,9,艾莎公主不运动,小班的一次户外运动，有几个女孩子从一开始就没有选择任何体育活动项目，而是聚在一起坐在地上玩“艾莎公主”的游戏，比一比谁的鞋子最漂亮，谁的魔法最厉害。,询问幼儿没有参与运动的原因，提供丰富的活动材料吸引幼儿参与运动活动。,提醒幼儿现在是运动时间，请他们等自由游戏时间再一起玩“艾莎公主”的游戏。,利用艾莎公主的鞋子设计走、跑、跳等活动，并以参与者的身份邀请幼儿一起参与运动。,肯定幼儿自主游戏的行为，言语引导幼儿穿着“漂亮的鞋子”参与运动。,D 支架策略与游戏推进,A 儿童视角/B 目标平衡,R/P/G,3,1,2,1,0.0,0.45,1.0,1.0,1.0,1.0,0.777848,0.6,0.606392,92,79.616043,R/P/G多源证据重复入选，系统解释强度较高；IIV规范化信号：主要IIV信号：过程冲突、修正信号、相对时间信号；可追问选项比较：教师B：提醒幼儿现在是运动时间，请他们等自由游戏时间再一起玩“艾莎公主”的游戏。；教师D：肯定幼儿自主游戏的行为，言语引导幼儿穿着“漂亮的鞋子”参与运动。,覆盖能力类型：D 支架策略与游戏推进,解释相对优势端如何形成；追问后续主要在比较哪些做法、为什么调整；追问最理想或最不理想做法的判断为什么发生变化；追问当时是否在几个判断标准之间反复权衡；能力分化画像,B,B/D,教师B：提醒幼儿现在是运动时间，请他们等自由游戏时间再一起玩“艾莎公主”的游戏。,教师B：提醒幼儿现在是运动时间，请他们等自由游戏时间再一起玩“艾莎公主”的游戏。；教师D：肯定幼儿自主游戏的行为，言语引导幼儿穿着“漂亮的鞋子”参与运动。,请回忆第9题这个情境。当时的情境是：小班的一次户外运动，有几个女孩子从一开始就没有选择任何体育活动项目，而是聚在一起坐在地上玩“艾莎公主”的游戏，比一比谁的鞋子最漂亮，谁的魔法最厉害。当时提供的做法包括：教师A：询问幼儿没有参与运动的原因，提供丰富的活动材料吸引幼儿参与运动活动；教师B：提醒幼儿现在是运动时间，请他们等自由游戏时间再一起玩“艾莎公主”的游戏；教师C：利用艾莎公主的鞋子设计走、跑、跳等活动，并以参与者的身份邀请幼儿一起参与运动；教师D：肯定幼儿自主游戏的行为，言语引导幼儿穿着“漂亮的鞋子”参与运动。可以先从这个情境本身追问：几个女孩在户外运动时间玩艾莎公主时，你当时更关注运动目标，还是关注她们正在生成的角色游戏兴趣？；如果要把艾莎公主游戏和运动活动连接起来，你觉得教师可以怎样做才不显得生硬？。然后可围绕其作答过程中的重点比较追问：你当时是怎样比较以下两种做法的：教师B：提醒幼儿现在是运动时间，请他们等自由游戏时间再一起玩“艾莎公主”的游戏；教师D：肯定幼儿自主游戏的行为，言语引导幼儿穿着“漂亮的鞋子”参与运动？如果教师提到调整过顺序，再追问：是什么信息或想法让你改变了当时的排序？请只围绕情境理解、判断依据和选项比较提问，不要提及任何内部计算指标、得分、排名、入选原因或评价性判断。,,访谈提醒：本程序用于筛选值得访谈的情境题，不用于向教师反馈测评成绩。后续AI访谈或人工访谈时，不得向教师透露得分、排名、R/P/G分、IIV或任何评价性结果。
教师34,sim_openid_034_769373,2,Q6,6,区域停留短,小班幼儿瑶瑶在区域活动时，一会儿在娃娃家切切菜，一会儿到美工区搓搓橡皮泥，一会儿又开心地跑到其它区域游戏，在任何一个区域停留时间都不超过三分钟。,提议瑶瑶完成某项游戏任务，如在娃娃家做菜，请他活动小结时分享。,游戏前提醒区域活动规则，活动结束后表扬区域游戏规则遵守得好的小朋友。,仔细观察瑶瑶在不同区域的游戏情况，分析他发生迅速转移的原因。,以同伴的身份陪伴瑶瑶在某一区域游戏，待他专注游戏后再离开。,C 观察诊断与介入时机,A 儿童视角,R/P/G,3,2,1,2,1.0,0.55,1.0,1.0,0.310718,1.0,0.825907,0.931072,0.854867,87,94.777209,R/P/G多源证据重复入选，系统解释强度较高；IIV规范化信号：主要IIV信号：结果风险、过程冲突、修正信号；可追问选项比较：教师A：提议瑶瑶完成某项游戏任务，如在娃娃家做菜，请他活动小结时分享。；教师B：游戏前提醒区域活动规则，活动结束后表扬区域游戏规则遵守得好的小朋友。,覆盖能力类型：C 观察诊断与介入时机,解释相对薄弱端如何形成；请教师回忆读到情境后最先注意到什么、是否很快形成判断或感到难判断；追问后续主要在比较哪些做法、为什么调整；追问最理想或最不理想做法的判断为什么发生变化；能力分化画像,A,A/B,教师A：提议瑶瑶完成某项游戏任务，如在娃娃家做菜，请他活动小结时分享。,教师A：提议瑶瑶完成某项游戏任务，如在娃娃家做菜，请他活动小结时分享。；教师B：游戏前提醒区域活动规则，活动结束后表扬区域游戏规则遵守得好的小朋友。,请回忆第6题这个情境。当时的情境是：小班幼儿瑶瑶在区域活动时，一会儿在娃娃家切切菜，一会儿到美工区搓搓橡皮泥，一会儿又开心地跑到其它区域游戏，在任何一个区域停留时间都不超过三分钟。当时提供的做法包括：教师A：提议瑶瑶完成某项游戏任务，如在娃娃家做菜，请他活动小结时分享；教师B：游戏前提醒区域活动规则，活动结束后表扬区域游戏规则遵守得好的小朋友；教师C：仔细观察瑶瑶在不同区域的游戏情况，分析他发生迅速转移的原因；教师D：以同伴的身份陪伴瑶瑶在某一区域游戏，待他专注游戏后再离开。可以先从这个情境本身追问：瑶瑶在多个区域快速转换时，你当时会先把它看作注意力不集中、规则问题，还是一种探索不同材料的方式？；如果你在现场，你会先观察哪些信息来判断是否需要介入？。然后可围绕其作答过程中的重点比较追问：你当时是怎样比较以下两种做法的：教师A：提议瑶瑶完成某项游戏任务，如在娃娃家做菜，请他活动小结时分享；教师B：游戏前提醒区域活动规则，活动结束后表扬区域游戏规则遵守得好的小朋友？如果教师提到调整过顺序，再追问：是什么信息或想法让你改变了当时的排序？请只围绕情境理解、判断依据和选项比较提问，不要提及任何内部计算指标、得分、排名、入选原因或评价性判断。,,访谈提醒：本程序用于筛选值得访谈的情境题，不用于向教师反馈测评成绩。后续AI访谈或人工访谈时，不得向教师透露得分、排名、R/P/G分、IIV或任何评价性结果。
教师34,sim_openid_034_769373,3,Q1,1,篮球架玩水,操场上新安装了一些篮球架，幼儿经常在这里投篮。某天户外活动时，几名幼儿带着画笔和水桶来到这里，他们先是快乐地粉刷篮球架，之后开始往篮框里灌水，有的从上面灌，有的在下面接，忙的不亦乐乎，俨然这里成为了玩水的场地。,看到幼儿玩得很开心，不干预他们的玩水行为，待兴趣减弱后再讨论玩水的适宜性。,表扬幼儿的新发现，并询问在篮球架旁玩水是否合适，提议幼儿可以换个地方玩水。,参与到幼儿的“粉刷”游戏中，逐步引导幼儿到适宜玩水的地方继续开展游戏。,提醒幼儿篮球架是用于开展运动的，与其他幼儿一起召唤他们打篮球，转移他们的关注点。,B 自主游戏与规则/安全/价值平衡,A 游戏意义理解,备用补入,0,,,,1.0,0.55,1.0,1.0,0.463322,1.0,0.566232,0.946332,0.857144,0,80.481678,候选不足时按备用综合分补入；IIV规范化信号：主要IIV信号：结果风险、过程冲突、修正信号；可追问选项比较：教师B：表扬幼儿的新发现，并询问在篮球架旁玩水是否合适，提议幼儿可以换个地方玩水。；教师D：提醒幼儿篮球架是用于开展运动的，与其他幼儿一起召唤他们打篮球，转移他们的关注点。,覆盖能力类型：B 自主游戏与规则/安全/价值平衡,围绕该情境理解、选项比较和判断依据进行访谈,A,B/D,教师A：看到幼儿玩得很开心，不干预他们的玩水行为，待兴趣减弱后再讨论玩水的适宜性。,教师B：表扬幼儿的新发现，并询问在篮球架旁玩水是否合适，提议幼儿可以换个地方玩水。；教师D：提醒幼儿篮球架是用于开展运动的，与其他幼儿一起召唤他们打篮球，转移他们的关注点。,请回忆第1题这个情境。当时的情境是：操场上新安装了一些篮球架，幼儿经常在这里投篮。某天户外活动时，几名幼儿带着画笔和水桶来到这里，他们先是快乐地粉刷篮球架，之后开始往篮框里灌水，有的从上面灌，有的在下面接，忙的不亦乐乎，俨然这里成为了玩水的场地。当时提供的做法包括：教师A：看到幼儿玩得很开心，不干预他们的玩水行为，待兴趣减弱后再讨论玩水的适宜性；教师B：表扬幼儿的新发现，并询问在篮球架旁玩水是否合适，提议幼儿可以换个地方玩水；教师C：参与到幼儿的“粉刷”游戏中，逐步引导幼儿到适宜玩水的地方继续开展游戏；教师D：提醒幼儿篮球架是用于开展运动的，与其他幼儿一起召唤他们打篮球，转移他们的关注点。可以先从这个情境本身追问：这个情境里，孩子把篮球架变成玩水场地，你当时更关注他们的游戏兴趣、器械用途，还是安全与场地适宜性？；如果既想保护孩子的探索兴趣，又要回应篮球架原本的运动功能，你觉得教师可以怎样衔接？。然后可围绕其作答过程中的重点比较追问：你当时是怎样比较以下两种做法的：教师B：表扬幼儿的新发现，并询问在篮球架旁玩水是否合适，提议幼儿可以换个地方玩水；教师D：提醒幼儿篮球架是用于开展运动的，与其他幼儿一起召唤他们打篮球，转移他们的关注点？如果教师提到调整过顺序，再追问：是什么信息或想法让你改变了当时的排序？请只围绕情境理解、判断依据和选项比较提问，不要提及任何内部计算指标、得分、排名、入选原因或评价性判断。,候选池不足3题，按备用综合分补入,访谈提醒：本程序用于筛选值得访谈的情境题，不用于向教师反馈测评成绩。后续AI访谈或人工访谈时，不得向教师透露得分、排名、R/P/G分、IIV或任何评价性结果。
教师35,sim_openid_035_385846,1,Q5,5,消防员救火开心,近几天，中班的幼儿十分热衷于在区域游戏时间玩“消防员救火”的游戏。游戏结束后的交流活动中，老师问幼儿最想分享什么时，阳阳说“娃娃家着火了，好开心啊！”。,抓住教育契机，向幼儿耐心解释真实的火灾会造成物品损失和人员伤亡。,询问幼儿开心的是“着火”本身，还是消防员成功救火、娃娃家的人得救？,引导幼儿思考“娃娃家着火”值不值得开心，帮助他们认识真实火灾是危险的。,请阳阳讲讲娃娃家着火后发生了什么、为什么开心，借此理解幼儿的游戏体验。,A 游戏意义理解与儿童视角,B 价值平衡,R/P/G,3,2,1,2,1.0,0.525,0.875,0.5,0.683078,1.0,0.931422,0.843308,0.799879,87,97.942674,R/P/G多源证据重复入选，系统解释强度较高；IIV规范化信号：主要IIV信号：结果风险、选项焦点变化、同题过程信息量；可追问选项比较：教师C：引导幼儿思考“娃娃家着火”值不值得开心，帮助他们认识真实火灾是危险的。；教师D：请阳阳讲讲娃娃家着火后发生了什么、为什么开心，借此理解幼儿的游戏体验。,覆盖能力类型：A 游戏意义理解与儿童视角,解释相对薄弱端如何形成；请教师回忆读到情境后最先注意到什么、是否很快形成判断或感到难判断；追问后续主要在比较哪些做法、为什么调整；追问最理想或最不理想做法的判断为什么发生变化；追问是否曾把某做法从合适改判为不合适，或相反；追问当时是否在几个判断标准之间反复权衡；能力分化画像,D,C/D,教师D：请阳阳讲讲娃娃家着火后发生了什么、为什么开心，借此理解幼儿的游戏体验。,教师C：引导幼儿思考“娃娃家着火”值不值得开心，帮助他们认识真实火灾是危险的。；教师D：请阳阳讲讲娃娃家着火后发生了什么、为什么开心，借此理解幼儿的游戏体验。,请回忆第5题这个情境。当时的情境是：近几天，中班的幼儿十分热衷于在区域游戏时间玩“消防员救火”的游戏。游戏结束后的交流活动中，老师问幼儿最想分享什么时，阳阳说“娃娃家着火了，好开心啊！”。当时提供的做法包括：教师A：抓住教育契机，向幼儿耐心解释真实的火灾会造成物品损失和人员伤亡；教师B：询问幼儿开心的是“着火”本身，还是消防员成功救火、娃娃家的人得救；教师C：引导幼儿思考“娃娃家着火”值不值得开心，帮助他们认识真实火灾是危险的；教师D：请阳阳讲讲娃娃家着火后发生了什么、为什么开心，借此理解幼儿的游戏体验。可以先从这个情境本身追问：阳阳说娃娃家着火了很开心时，你当时更关注真实火灾的危险教育，还是先理解他在游戏里的开心来自哪里？；你觉得教师怎样回应，既不否定幼儿的游戏体验，又能引导他们理解真实火灾的意义？。然后可围绕其作答过程中的重点比较追问：你当时是怎样比较以下两种做法的：教师C：引导幼儿思考“娃娃家着火”值不值得开心，帮助他们认识真实火灾是危险的；教师D：请阳阳讲讲娃娃家着火后发生了什么、为什么开心，借此理解幼儿的游戏体验？如果教师提到调整过顺序，再追问：是什么信息或想法让你改变了当时的排序？请只围绕情境理解、判断依据和选项比较提问，不要提及任何内部计算指标、得分、排名、入选原因或评价性判断。,,访谈提醒：本程序用于筛选值得访谈的情境题，不用于向教师反馈测评成绩。后续AI访谈或人工访谈时，不得向教师透露得分、排名、R/P/G分、IIV或任何评价性结果。
教师35,sim_openid_035_385846,2,Q6,6,区域停留短,小班幼儿瑶瑶在区域活动时，一会儿在娃娃家切切菜，一会儿到美工区搓搓橡皮泥，一会儿又开心地跑到其它区域游戏，在任何一个区域停留时间都不超过三分钟。,提议瑶瑶完成某项游戏任务，如在娃娃家做菜，请他活动小结时分享。,游戏前提醒区域活动规则，活动结束后表扬区域游戏规则遵守得好的小朋友。,仔细观察瑶瑶在不同区域的游戏情况，分析他发生迅速转移的原因。,以同伴的身份陪伴瑶瑶在某一区域游戏，待他专注游戏后再离开。,C 观察诊断与介入时机,A 儿童视角,R/G,2,1,,1,0.0,0.475,1.0,1.0,0.53494,1.0,0.827124,0.553494,0.5661,68,83.804153,R/P/G多源证据重复入选，系统解释强度较高；IIV规范化信号：主要IIV信号：过程冲突、修正信号、选项焦点变化；可追问选项比较：教师B：游戏前提醒区域活动规则，活动结束后表扬区域游戏规则遵守得好的小朋友。；教师C：仔细观察瑶瑶在不同区域的游戏情况，分析他发生迅速转移的原因。,覆盖能力类型：C 观察诊断与介入时机,解释相对优势端如何形成；能力分化画像,A,B/C,教师A：提议瑶瑶完成某项游戏任务，如在娃娃家做菜，请他活动小结时分享。,教师B：游戏前提醒区域活动规则，活动结束后表扬区域游戏规则遵守得好的小朋友。；教师C：仔细观察瑶瑶在不同区域的游戏情况，分析他发生迅速转移的原因。,请回忆第6题这个情境。当时的情境是：小班幼儿瑶瑶在区域活动时，一会儿在娃娃家切切菜，一会儿到美工区搓搓橡皮泥，一会儿又开心地跑到其它区域游戏，在任何一个区域停留时间都不超过三分钟。当时提供的做法包括：教师A：提议瑶瑶完成某项游戏任务，如在娃娃家做菜，请他活动小结时分享；教师B：游戏前提醒区域活动规则，活动结束后表扬区域游戏规则遵守得好的小朋友；教师C：仔细观察瑶瑶在不同区域的游戏情况，分析他发生迅速转移的原因；教师D：以同伴的身份陪伴瑶瑶在某一区域游戏，待他专注游戏后再离开。可以先从这个情境本身追问：瑶瑶在多个区域快速转换时，你当时会先把它看作注意力不集中、规则问题，还是一种探索不同材料的方式？；如果你在现场，你会先观察哪些信息来判断是否需要介入？。然后可围绕其作答过程中的重点比较追问：你当时是怎样比较以下两种做法的：教师B：游戏前提醒区域活动规则，活动结束后表扬区域游戏规则遵守得好的小朋友；教师C：仔细观察瑶瑶在不同区域的游戏情况，分析他发生迅速转移的原因？如果教师提到调整过顺序，再追问：是什么信息或想法让你改变了当时的排序？请只围绕情境理解、判断依据和选项比较提问，不要提及任何内部计算指标、得分、排名、入选原因或评价性判断。,,访谈提醒：本程序用于筛选值得访谈的情境题，不用于向教师反馈测评成绩。后续AI访谈或人工访谈时，不得向教师透露得分、排名、R/P/G分、IIV或任何评价性结果。
教师35,sim_openid_035_385846,3,Q9,9,艾莎公主不运动,小班的一次户外运动，有几个女孩子从一开始就没有选择任何体育活动项目，而是聚在一起坐在地上玩“艾莎公主”的游戏，比一比谁的鞋子最漂亮，谁的魔法最厉害。,询问幼儿没有参与运动的原因，提供丰富的活动材料吸引幼儿参与运动活动。,提醒幼儿现在是运动时间，请他们等自由游戏时间再一起玩“艾莎公主”的游戏。,利用艾莎公主的鞋子设计走、跑、跳等活动，并以参与者的身份邀请幼儿一起参与运动。,肯定幼儿自主游戏的行为，言语引导幼儿穿着“漂亮的鞋子”参与运动。,D 支架策略与游戏推进,A 儿童视角/B 目标平衡,P,1,,2,,0.25,0.225,0.833333,0.75,0.367336,1.0,0.880091,0.5534,0.526988,24,41.440391,来自P分候选，作答过程具有访谈解释价值；IIV规范化信号：主要IIV信号：选项焦点变化、同题过程信息量、过程冲突；可追问选项比较：教师C：利用艾莎公主的鞋子设计走、跑、跳等活动，并以参与者的身份邀请幼儿一起参与运动。；教师D：肯定幼儿自主游戏的行为，言语引导幼儿穿着“漂亮的鞋子”参与运动。,覆盖能力类型：D 支架策略与游戏推进,请教师回忆读到情境后最先注意到什么、是否很快形成判断或感到难判断；追问后续主要在比较哪些做法、为什么调整；追问最理想或最不理想做法的判断为什么发生变化；追问是否曾把某做法从合适改判为不合适，或相反；追问当时是否在几个判断标准之间反复权衡,B,C/D,教师B：提醒幼儿现在是运动时间，请他们等自由游戏时间再一起玩“艾莎公主”的游戏。,教师C：利用艾莎公主的鞋子设计走、跑、跳等活动，并以参与者的身份邀请幼儿一起参与运动。；教师D：肯定幼儿自主游戏的行为，言语引导幼儿穿着“漂亮的鞋子”参与运动。,请回忆第9题这个情境。当时的情境是：小班的一次户外运动，有几个女孩子从一开始就没有选择任何体育活动项目，而是聚在一起坐在地上玩“艾莎公主”的游戏，比一比谁的鞋子最漂亮，谁的魔法最厉害。当时提供的做法包括：教师A：询问幼儿没有参与运动的原因，提供丰富的活动材料吸引幼儿参与运动活动；教师B：提醒幼儿现在是运动时间，请他们等自由游戏时间再一起玩“艾莎公主”的游戏；教师C：利用艾莎公主的鞋子设计走、跑、跳等活动，并以参与者的身份邀请幼儿一起参与运动；教师D：肯定幼儿自主游戏的行为，言语引导幼儿穿着“漂亮的鞋子”参与运动。可以先从这个情境本身追问：几个女孩在户外运动时间玩艾莎公主时，你当时更关注运动目标，还是关注她们正在生成的角色游戏兴趣？；如果要把艾莎公主游戏和运动活动连接起来，你觉得教师可以怎样做才不显得生硬？。然后可围绕其作答过程中的重点比较追问：你当时是怎样比较以下两种做法的：教师C：利用艾莎公主的鞋子设计走、跑、跳等活动，并以参与者的身份邀请幼儿一起参与运动；教师D：肯定幼儿自主游戏的行为，言语引导幼儿穿着“漂亮的鞋子”参与运动？如果教师提到调整过顺序，再追问：是什么信息或想法让你改变了当时的排序？请只围绕情境理解、判断依据和选项比较提问，不要提及任何内部计算指标、得分、排名、入选原因或评价性判断。,,访谈提醒：本程序用于筛选值得访谈的情境题，不用于向教师反馈测评成绩。后续AI访谈或人工访谈时，不得向教师透露得分、排名、R/P/G分、IIV或任何评价性结果。
教师36,sim_openid_036_874418,1,Q1,1,篮球架玩水,操场上新安装了一些篮球架，幼儿经常在这里投篮。某天户外活动时，几名幼儿带着画笔和水桶来到这里，他们先是快乐地粉刷篮球架，之后开始往篮框里灌水，有的从上面灌，有的在下面接，忙的不亦乐乎，俨然这里成为了玩水的场地。,看到幼儿玩得很开心，不干预他们的玩水行为，待兴趣减弱后再讨论玩水的适宜性。,表扬幼儿的新发现，并询问在篮球架旁玩水是否合适，提议幼儿可以换个地方玩水。,参与到幼儿的“粉刷”游戏中，逐步引导幼儿到适宜玩水的地方继续开展游戏。,提醒幼儿篮球架是用于开展运动的，与其他幼儿一起召唤他们打篮球，转移他们的关注点。,B 自主游戏与规则/安全/价值平衡,A 游戏意义理解,R/P/G,3,1,2,1,0.25,0.3,0.833333,0.5,0.536696,1.0,0.856663,0.520336,0.516503,92,86.324878,R/P/G多源证据重复入选，系统解释强度较高；IIV规范化信号：主要IIV信号：选项焦点变化、同题过程信息量、过程冲突；可追问选项比较：教师A：看到幼儿玩得很开心，不干预他们的玩水行为，待兴趣减弱后再讨论玩水的适宜性。；教师B：表扬幼儿的新发现，并询问在篮球架旁玩水是否合适，提议幼儿可以换个地方玩水。,覆盖能力类型：B 自主游戏与规则/安全/价值平衡,解释如何通过比较、修正或重新权衡形成相对较好判断，关注可激活能力；请教师回忆读到情境后最先注意到什么、是否很快形成判断或感到难判断；追问后续主要在比较哪些做法、为什么调整；追问最理想或最不理想做法的判断为什么发生变化；追问当时是否在几个判断标准之间反复权衡；相对优势和可激活能力解释,A,A/B,教师A：看到幼儿玩得很开心，不干预他们的玩水行为，待兴趣减弱后再讨论玩水的适宜性。,教师A：看到幼儿玩得很开心，不干预他们的玩水行为，待兴趣减弱后再讨论玩水的适宜性。；教师B：表扬幼儿的新发现，并询问在篮球架旁玩水是否合适，提议幼儿可以换个地方玩水。,请回忆第1题这个情境。当时的情境是：操场上新安装了一些篮球架，幼儿经常在这里投篮。某天户外活动时，几名幼儿带着画笔和水桶来到这里，他们先是快乐地粉刷篮球架，之后开始往篮框里灌水，有的从上面灌，有的在下面接，忙的不亦乐乎，俨然这里成为了玩水的场地。当时提供的做法包括：教师A：看到幼儿玩得很开心，不干预他们的玩水行为，待兴趣减弱后再讨论玩水的适宜性；教师B：表扬幼儿的新发现，并询问在篮球架旁玩水是否合适，提议幼儿可以换个地方玩水；教师C：参与到幼儿的“粉刷”游戏中，逐步引导幼儿到适宜玩水的地方继续开展游戏；教师D：提醒幼儿篮球架是用于开展运动的，与其他幼儿一起召唤他们打篮球，转移他们的关注点。可以先从这个情境本身追问：这个情境里，孩子把篮球架变成玩水场地，你当时更关注他们的游戏兴趣、器械用途，还是安全与场地适宜性？；如果既想保护孩子的探索兴趣，又要回应篮球架原本的运动功能，你觉得教师可以怎样衔接？。然后可围绕其作答过程中的重点比较追问：你当时是怎样比较以下两种做法的：教师A：看到幼儿玩得很开心，不干预他们的玩水行为，待兴趣减弱后再讨论玩水的适宜性；教师B：表扬幼儿的新发现，并询问在篮球架旁玩水是否合适，提议幼儿可以换个地方玩水？如果教师提到调整过顺序，再追问：是什么信息或想法让你改变了当时的排序？请只围绕情境理解、判断依据和选项比较提问，不要提及任何内部计算指标、得分、排名、入选原因或评价性判断。,,访谈提醒：本程序用于筛选值得访谈的情境题，不用于向教师反馈测评成绩。后续AI访谈或人工访谈时，不得向教师透露得分、排名、R/P/G分、IIV或任何评价性结果。
教师36,sim_openid_036_874418,2,Q5,5,消防员救火开心,近几天，中班的幼儿十分热衷于在区域游戏时间玩“消防员救火”的游戏。游戏结束后的交流活动中，老师问幼儿最想分享什么时，阳阳说“娃娃家着火了，好开心啊！”。,抓住教育契机，向幼儿耐心解释真实的火灾会造成物品损失和人员伤亡。,询问幼儿开心的是“着火”本身，还是消防员成功救火、娃娃家的人得救？,引导幼儿思考“娃娃家着火”值不值得开心，帮助他们认识真实火灾是危险的。,请阳阳讲讲娃娃家着火后发生了什么、为什么开心，借此理解幼儿的游戏体验。,A 游戏意义理解与儿童视角,B 价值平衡,R/G,2,2,,2,0.25,0.3,0.8,0.5,0.0,1.0,0.702469,0.46,0.450123,59,67.789986,R/P/G多源证据重复入选，系统解释强度较高；IIV规范化信号：主要IIV信号：选项焦点变化、过程冲突、同题过程信息量；可追问选项比较：教师B：询问幼儿开心的是“着火”本身，还是消防员成功救火、娃娃家的人得救？；教师D：请阳阳讲讲娃娃家着火后发生了什么、为什么开心，借此理解幼儿的游戏体验。,覆盖能力类型：A 游戏意义理解与儿童视角,解释为什么能快速稳定形成较好判断，关注已有经验或优势图式；相对优势和可激活能力解释,A,B/D,教师A：抓住教育契机，向幼儿耐心解释真实的火灾会造成物品损失和人员伤亡。,教师B：询问幼儿开心的是“着火”本身，还是消防员成功救火、娃娃家的人得救？；教师D：请阳阳讲讲娃娃家着火后发生了什么、为什么开心，借此理解幼儿的游戏体验。,请回忆第5题这个情境。当时的情境是：近几天，中班的幼儿十分热衷于在区域游戏时间玩“消防员救火”的游戏。游戏结束后的交流活动中，老师问幼儿最想分享什么时，阳阳说“娃娃家着火了，好开心啊！”。当时提供的做法包括：教师A：抓住教育契机，向幼儿耐心解释真实的火灾会造成物品损失和人员伤亡；教师B：询问幼儿开心的是“着火”本身，还是消防员成功救火、娃娃家的人得救；教师C：引导幼儿思考“娃娃家着火”值不值得开心，帮助他们认识真实火灾是危险的；教师D：请阳阳讲讲娃娃家着火后发生了什么、为什么开心，借此理解幼儿的游戏体验。可以先从这个情境本身追问：阳阳说娃娃家着火了很开心时，你当时更关注真实火灾的危险教育，还是先理解他在游戏里的开心来自哪里？；你觉得教师怎样回应，既不否定幼儿的游戏体验，又能引导他们理解真实火灾的意义？。然后可围绕其作答过程中的重点比较追问：你当时是怎样比较以下两种做法的：教师B：询问幼儿开心的是“着火”本身，还是消防员成功救火、娃娃家的人得救；教师D：请阳阳讲讲娃娃家着火后发生了什么、为什么开心，借此理解幼儿的游戏体验？如果教师提到调整过顺序，再追问：是什么信息或想法让你改变了当时的排序？请只围绕情境理解、判断依据和选项比较提问，不要提及任何内部计算指标、得分、排名、入选原因或评价性判断。,,访谈提醒：本程序用于筛选值得访谈的情境题，不用于向教师反馈测评成绩。后续AI访谈或人工访谈时，不得向教师透露得分、排名、R/P/G分、IIV或任何评价性结果。
教师36,sim_openid_036_874418,3,Q9,9,艾莎公主不运动,小班的一次户外运动，有几个女孩子从一开始就没有选择任何体育活动项目，而是聚在一起坐在地上玩“艾莎公主”的游戏，比一比谁的鞋子最漂亮，谁的魔法最厉害。,询问幼儿没有参与运动的原因，提供丰富的活动材料吸引幼儿参与运动活动。,提醒幼儿现在是运动时间，请他们等自由游戏时间再一起玩“艾莎公主”的游戏。,利用艾莎公主的鞋子设计走、跑、跳等活动，并以参与者的身份邀请幼儿一起参与运动。,肯定幼儿自主游戏的行为，言语引导幼儿穿着“漂亮的鞋子”参与运动。,D 支架策略与游戏推进,A 儿童视角/B 目标平衡,P,1,,1,,1.0,0.45,0.833333,0.5,0.624639,1.0,0.860773,0.829131,0.773003,28,61.552685,来自P分候选，作答过程具有访谈解释价值；IIV规范化信号：主要IIV信号：结果风险、选项焦点变化、同题过程信息量；可追问选项比较：教师A：询问幼儿没有参与运动的原因，提供丰富的活动材料吸引幼儿参与运动活动。；教师C：利用艾莎公主的鞋子设计走、跑、跳等活动，并以参与者的身份邀请幼儿一起参与运动。,覆盖能力类型：D 支架策略与游戏推进,请教师回忆读到情境后最先注意到什么、是否很快形成判断或感到难判断；追问后续主要在比较哪些做法、为什么调整；追问最理想或最不理想做法的判断为什么发生变化；追问是否曾把某做法从合适改判为不合适，或相反；追问当时是否在几个判断标准之间反复权衡,A,A/C,教师A：询问幼儿没有参与运动的原因，提供丰富的活动材料吸引幼儿参与运动活动。,教师A：询问幼儿没有参与运动的原因，提供丰富的活动材料吸引幼儿参与运动活动。；教师C：利用艾莎公主的鞋子设计走、跑、跳等活动，并以参与者的身份邀请幼儿一起参与运动。,请回忆第9题这个情境。当时的情境是：小班的一次户外运动，有几个女孩子从一开始就没有选择任何体育活动项目，而是聚在一起坐在地上玩“艾莎公主”的游戏，比一比谁的鞋子最漂亮，谁的魔法最厉害。当时提供的做法包括：教师A：询问幼儿没有参与运动的原因，提供丰富的活动材料吸引幼儿参与运动活动；教师B：提醒幼儿现在是运动时间，请他们等自由游戏时间再一起玩“艾莎公主”的游戏；教师C：利用艾莎公主的鞋子设计走、跑、跳等活动，并以参与者的身份邀请幼儿一起参与运动；教师D：肯定幼儿自主游戏的行为，言语引导幼儿穿着“漂亮的鞋子”参与运动。可以先从这个情境本身追问：几个女孩在户外运动时间玩艾莎公主时，你当时更关注运动目标，还是关注她们正在生成的角色游戏兴趣？；如果要把艾莎公主游戏和运动活动连接起来，你觉得教师可以怎样做才不显得生硬？。然后可围绕其作答过程中的重点比较追问：你当时是怎样比较以下两种做法的：教师A：询问幼儿没有参与运动的原因，提供丰富的活动材料吸引幼儿参与运动活动；教师C：利用艾莎公主的鞋子设计走、跑、跳等活动，并以参与者的身份邀请幼儿一起参与运动？如果教师提到调整过顺序，再追问：是什么信息或想法让你改变了当时的排序？请只围绕情境理解、判断依据和选项比较提问，不要提及任何内部计算指标、得分、排名、入选原因或评价性判断。,,访谈提醒：本程序用于筛选值得访谈的情境题，不用于向教师反馈测评成绩。后续AI访谈或人工访谈时，不得向教师透露得分、排名、R/P/G分、IIV或任何评价性结果。
教师37,sim_openid_037_400000,1,Q6,6,区域停留短,小班幼儿瑶瑶在区域活动时，一会儿在娃娃家切切菜，一会儿到美工区搓搓橡皮泥，一会儿又开心地跑到其它区域游戏，在任何一个区域停留时间都不超过三分钟。,提议瑶瑶完成某项游戏任务，如在娃娃家做菜，请他活动小结时分享。,游戏前提醒区域活动规则，活动结束后表扬区域游戏规则遵守得好的小朋友。,仔细观察瑶瑶在不同区域的游戏情况，分析他发生迅速转移的原因。,以同伴的身份陪伴瑶瑶在某一区域游戏，待他专注游戏后再离开。,C 观察诊断与介入时机,A 儿童视角,R/P/G,3,2,1,1,0.5,0.275,0.857143,0.5,0.617805,1.0,0.890116,0.633209,0.601108,92,70.935092,R/P/G多源证据重复入选，系统解释强度较高；IIV规范化信号：主要IIV信号：选项焦点变化、同题过程信息量、过程冲突；可追问选项比较：教师A：提议瑶瑶完成某项游戏任务，如在娃娃家做菜，请他活动小结时分享。；教师D：以同伴的身份陪伴瑶瑶在某一区域游戏，待他专注游戏后再离开。,覆盖能力类型：C 观察诊断与介入时机,解释为什么投入较多比较和修正后仍形成相对低结果，关注专业标准冲突或误区；请教师回忆读到情境后最先注意到什么、是否很快形成判断或感到难判断；追问后续主要在比较哪些做法、为什么调整；追问最理想或最不理想做法的判断为什么发生变化；追问是否曾把某做法从合适改判为不合适，或相反；追问当时是否在几个判断标准之间反复权衡；局部短板解释,,A/D,,教师A：提议瑶瑶完成某项游戏任务，如在娃娃家做菜，请他活动小结时分享。；教师D：以同伴的身份陪伴瑶瑶在某一区域游戏，待他专注游戏后再离开。,请回忆第6题这个情境。当时的情境是：小班幼儿瑶瑶在区域活动时，一会儿在娃娃家切切菜，一会儿到美工区搓搓橡皮泥，一会儿又开心地跑到其它区域游戏，在任何一个区域停留时间都不超过三分钟。当时提供的做法包括：教师A：提议瑶瑶完成某项游戏任务，如在娃娃家做菜，请他活动小结时分享；教师B：游戏前提醒区域活动规则，活动结束后表扬区域游戏规则遵守得好的小朋友；教师C：仔细观察瑶瑶在不同区域的游戏情况，分析他发生迅速转移的原因；教师D：以同伴的身份陪伴瑶瑶在某一区域游戏，待他专注游戏后再离开。可以先从这个情境本身追问：瑶瑶在多个区域快速转换时，你当时会先把它看作注意力不集中、规则问题，还是一种探索不同材料的方式？；如果你在现场，你会先观察哪些信息来判断是否需要介入？。然后可围绕其作答过程中的重点比较追问：你当时是怎样比较以下两种做法的：教师A：提议瑶瑶完成某项游戏任务，如在娃娃家做菜，请他活动小结时分享；教师D：以同伴的身份陪伴瑶瑶在某一区域游戏，待他专注游戏后再离开？如果教师提到调整过顺序，再追问：是什么信息或想法让你改变了当时的排序？请只围绕情境理解、判断依据和选项比较提问，不要提及任何内部计算指标、得分、排名、入选原因或评价性判断。,,访谈提醒：本程序用于筛选值得访谈的情境题，不用于向教师反馈测评成绩。后续AI访谈或人工访谈时，不得向教师透露得分、排名、R/P/G分、IIV或任何评价性结果。
教师37,sim_openid_037_400000,2,Q8,8,跳绳秩序混乱,周三下午，大五班的幼儿正自发进行跳绳游戏。李老师观察后发现，挤在一起跳绳的幼儿人数较多，整个场面十分混乱，幼儿很容易出现碰撞现象。此外，由于当“柱子”的幼儿很久才能轮上跳绳，因此也显得很不耐烦。,请幼儿暂停游戏，将幼儿分成多个小组并引导他们以小组为单位分区域开展游戏。,请幼儿说一说跳绳活动中存在的问题，并邀请幼儿一起设置跳绳的规则。,提供更多数量和不同种类的跳绳，并言语引导幼儿分组分区同时进行跳绳游戏。,暂不介入，活动分享时通过照片或视频回放引导幼儿发现问题并商议解决办法。,E 共同游戏组织与规则共建,B 安全秩序,R/G,2,1,,2,0.75,0.525,0.5,0.25,0.297699,0.25,0.256015,0.50477,0.483821,63,77.680455,R/P/G多源证据重复入选，系统解释强度较高；IIV规范化信号：主要IIV信号：结果风险、个人内相对偏离、过程冲突；可追问选项比较：教师A：请幼儿暂停游戏，将幼儿分成多个小组并引导他们以小组为单位分区域开展游戏。；教师B：请幼儿说一说跳绳活动中存在的问题，并邀请幼儿一起设置跳绳的规则。,覆盖能力类型：E 共同游戏组织与规则共建,解释为什么快速稳定形成相对低判断，关注经验惯性、隐性盲点或直觉偏差；局部短板解释,A,A/B,教师A：请幼儿暂停游戏，将幼儿分成多个小组并引导他们以小组为单位分区域开展游戏。,教师A：请幼儿暂停游戏，将幼儿分成多个小组并引导他们以小组为单位分区域开展游戏。；教师B：请幼儿说一说跳绳活动中存在的问题，并邀请幼儿一起设置跳绳的规则。,请回忆第8题这个情境。当时的情境是：周三下午，大五班的幼儿正自发进行跳绳游戏。李老师观察后发现，挤在一起跳绳的幼儿人数较多，整个场面十分混乱，幼儿很容易出现碰撞现象。此外，由于当“柱子”的幼儿很久才能轮上跳绳，因此也显得很不耐烦。当时提供的做法包括：教师A：请幼儿暂停游戏，将幼儿分成多个小组并引导他们以小组为单位分区域开展游戏；教师B：请幼儿说一说跳绳活动中存在的问题，并邀请幼儿一起设置跳绳的规则；教师C：提供更多数量和不同种类的跳绳，并言语引导幼儿分组分区同时进行跳绳游戏；教师D：暂不介入，活动分享时通过照片或视频回放引导幼儿发现问题并商议解决办法。可以先从这个情境本身追问：跳绳现场混乱且可能碰撞时，你当时更倾向于立即组织秩序，还是先让幼儿自己发现问题？；在安全风险和幼儿自主制定规则之间，你觉得教师应该怎样把握介入时机？。然后可围绕其作答过程中的重点比较追问：你当时是怎样比较以下两种做法的：教师A：请幼儿暂停游戏，将幼儿分成多个小组并引导他们以小组为单位分区域开展游戏；教师B：请幼儿说一说跳绳活动中存在的问题，并邀请幼儿一起设置跳绳的规则？如果教师提到调整过顺序，再追问：是什么信息或想法让你改变了当时的排序？请只围绕情境理解、判断依据和选项比较提问，不要提及任何内部计算指标、得分、排名、入选原因或评价性判断。,,访谈提醒：本程序用于筛选值得访谈的情境题，不用于向教师反馈测评成绩。后续AI访谈或人工访谈时，不得向教师透露得分、排名、R/P/G分、IIV或任何评价性结果。
教师37,sim_openid_037_400000,3,Q10,10,引水难题未解,中班上学期，幼儿在“引水游戏”中遇到了难题——水无法被引到竹片管道上。他们不断调整竹片拼接的方式，却始终没能成功，即竹片一头高于出水管道，阻碍了引流。渐渐地幼儿的探索兴趣也减弱了，有的开始玩水，有的甚至离开了水池。,示范正确的引水方法，请幼儿注意观察并说说引水的要领，再自己试一试。,加入幼儿的探索，引导他们观察水流受阻的位置，一起尝试调整竹片的摆放方式。,组织幼儿就游戏困难进行讨论，寻找解决问题的方案，引导幼儿再次尝试。,投放更多辅助引水的材料，重新激起幼儿的探索兴趣，继续观察游戏进展。,C 观察诊断与介入时机,D 探究支架,P,1,,2,,0.0,0.225,0.833333,0.75,0.170011,1.0,0.742341,0.433668,0.425368,24,39.713333,来自P分候选，作答过程具有访谈解释价值；IIV规范化信号：主要IIV信号：选项焦点变化、过程冲突、修正信号；可追问选项比较：教师C：组织幼儿就游戏困难进行讨论，寻找解决问题的方案，引导幼儿再次尝试。；教师D：投放更多辅助引水的材料，重新激起幼儿的探索兴趣，继续观察游戏进展。,覆盖能力类型：C 观察诊断与介入时机,追问后续主要在比较哪些做法、为什么调整；追问最理想或最不理想做法的判断为什么发生变化；追问当时是否在几个判断标准之间反复权衡,D,C/D,教师D：投放更多辅助引水的材料，重新激起幼儿的探索兴趣，继续观察游戏进展。,教师C：组织幼儿就游戏困难进行讨论，寻找解决问题的方案，引导幼儿再次尝试。；教师D：投放更多辅助引水的材料，重新激起幼儿的探索兴趣，继续观察游戏进展。,请回忆第10题这个情境。当时的情境是：中班上学期，幼儿在“引水游戏”中遇到了难题——水无法被引到竹片管道上。他们不断调整竹片拼接的方式，却始终没能成功，即竹片一头高于出水管道，阻碍了引流。渐渐地幼儿的探索兴趣也减弱了，有的开始玩水，有的甚至离开了水池。当时提供的做法包括：教师A：示范正确的引水方法，请幼儿注意观察并说说引水的要领，再自己试一试；教师B：加入幼儿的探索，引导他们观察水流受阻的位置，一起尝试调整竹片的摆放方式；教师C：组织幼儿就游戏困难进行讨论，寻找解决问题的方案，引导幼儿再次尝试；教师D：投放更多辅助引水的材料，重新激起幼儿的探索兴趣，继续观察游戏进展。可以先从这个情境本身追问：孩子们引水失败、兴趣减弱时，你当时更倾向于直接示范方法，还是继续支持他们自己发现水流受阻的原因？；你觉得教师怎样提供支架，既能帮助问题解决，又保留幼儿继续探究的空间？。然后可围绕其作答过程中的重点比较追问：你当时是怎样比较以下两种做法的：教师C：组织幼儿就游戏困难进行讨论，寻找解决问题的方案，引导幼儿再次尝试；教师D：投放更多辅助引水的材料，重新激起幼儿的探索兴趣，继续观察游戏进展？如果教师提到调整过顺序，再追问：是什么信息或想法让你改变了当时的排序？请只围绕情境理解、判断依据和选项比较提问，不要提及任何内部计算指标、得分、排名、入选原因或评价性判断。,,访谈提醒：本程序用于筛选值得访谈的情境题，不用于向教师反馈测评成绩。后续AI访谈或人工访谈时，不得向教师透露得分、排名、R/P/G分、IIV或任何评价性结果。
教师38,sim_openid_038_190162,1,Q7,7,飞行棋各走各的,大班区域游戏中，轩轩和小宇一起玩飞行棋，他们将棋子摆好后，各自拿了一个骰子开始投，小宇说：“该我走。”轩轩说：“明明该我走！”相持不下，于是两人各拿一个骰子，自顾自地走自己的棋。,耐心讲解共同游戏的规则，再以“棋手”身份加入游戏进行示范引导。,暂不介入，继续观察游戏进展，待区域小结时请幼儿分享游戏中的体验和问题。,拿走一个骰子，请幼儿商量只有一个骰子的共同游戏规则，达成一致后再开始游戏。,待幼儿体验一轮各走各的游戏后，询问幼儿的游戏体验，提示共同游戏规则的作用。,E 共同游戏组织与规则共建,B 规则平衡,R/G,2,1,,1,0.25,0.25,0.75,0.75,0.401713,0.75,0.515547,0.515171,0.478449,68,84.893378,R/P/G多源证据重复入选，系统解释强度较高；IIV规范化信号：主要IIV信号：过程冲突、修正信号、选项焦点变化；可追问选项比较：教师B：暂不介入，继续观察游戏进展，待区域小结时请幼儿分享游戏中的体验和问题。；教师C：拿走一个骰子，请幼儿商量只有一个骰子的共同游戏规则，达成一致后再开始游戏。,覆盖能力类型：E 共同游戏组织与规则共建,解释相对优势端如何形成；能力分化画像,C,B/C,教师C：拿走一个骰子，请幼儿商量只有一个骰子的共同游戏规则，达成一致后再开始游戏。,教师B：暂不介入，继续观察游戏进展，待区域小结时请幼儿分享游戏中的体验和问题。；教师C：拿走一个骰子，请幼儿商量只有一个骰子的共同游戏规则，达成一致后再开始游戏。,请回忆第7题这个情境。当时的情境是：大班区域游戏中，轩轩和小宇一起玩飞行棋，他们将棋子摆好后，各自拿了一个骰子开始投，小宇说：“该我走。”轩轩说：“明明该我走！”相持不下，于是两人各拿一个骰子，自顾自地走自己的棋。当时提供的做法包括：教师A：耐心讲解共同游戏的规则，再以“棋手”身份加入游戏进行示范引导；教师B：暂不介入，继续观察游戏进展，待区域小结时请幼儿分享游戏中的体验和问题；教师C：拿走一个骰子，请幼儿商量只有一个骰子的共同游戏规则，达成一致后再开始游戏；教师D：待幼儿体验一轮各走各的游戏后，询问幼儿的游戏体验，提示共同游戏规则的作用。可以先从这个情境本身追问：两个孩子各走各的棋时，你当时更关注共同游戏规则的建立，还是先让他们体验这种玩法会带来什么问题？；你觉得教师怎样帮助幼儿从各玩各的，过渡到真正的共同游戏？。然后可围绕其作答过程中的重点比较追问：你当时是怎样比较以下两种做法的：教师B：暂不介入，继续观察游戏进展，待区域小结时请幼儿分享游戏中的体验和问题；教师C：拿走一个骰子，请幼儿商量只有一个骰子的共同游戏规则，达成一致后再开始游戏？如果教师提到调整过顺序，再追问：是什么信息或想法让你改变了当时的排序？请只围绕情境理解、判断依据和选项比较提问，不要提及任何内部计算指标、得分、排名、入选原因或评价性判断。,,访谈提醒：本程序用于筛选值得访谈的情境题，不用于向教师反馈测评成绩。后续AI访谈或人工访谈时，不得向教师透露得分、排名、R/P/G分、IIV或任何评价性结果。
教师38,sim_openid_038_190162,2,Q4,4,频繁求助,中班区域活动时，小明选择了建构区。玩了一会儿，他跑到老师面前说“老师，我不会搭……帮帮我吧”，教师问他需要什么帮助时，他一边说我不会搭，一边却很快地将房子从一层积木加高到了两层。看小明专注搭建后，老师就离开建构区了。可是没一会，小明又找了老师好几次，说“老师，帮帮我吧，我不会搭”。,鼓励小明独立搭建，引导他思考接下来如何搭建，及时表扬他的努力。,先示范搭建关键部分，请小明观察方法，再鼓励他照着继续搭建。,在旁观察小明的搭建过程，并适时反馈，帮助他理清搭建步骤。,帮小明回顾已搭建完成的部分，指导他设定小目标，尝试自己实现。,C 观察诊断与介入时机,D 支架策略,R/G,2,2,,2,0.75,0.25,0.5,0.25,0.105304,0.5,0.537,0.51053,0.46238,59,86.11,R/P/G多源证据重复入选，系统解释强度较高；IIV规范化信号：主要IIV信号：结果风险、同题过程信息量、过程冲突；可追问选项比较：教师A：鼓励小明独立搭建，引导他思考接下来如何搭建，及时表扬他的努力。；教师B：先示范搭建关键部分，请小明观察方法，再鼓励他照着继续搭建。,覆盖能力类型：C 观察诊断与介入时机,解释相对薄弱端如何形成；能力分化画像,D,A/B,教师D：帮小明回顾已搭建完成的部分，指导他设定小目标，尝试自己实现。,教师A：鼓励小明独立搭建，引导他思考接下来如何搭建，及时表扬他的努力。；教师B：先示范搭建关键部分，请小明观察方法，再鼓励他照着继续搭建。,请回忆第4题这个情境。当时的情境是：中班区域活动时，小明选择了建构区。玩了一会儿，他跑到老师面前说“老师，我不会搭……帮帮我吧”，教师问他需要什么帮助时，他一边说我不会搭，一边却很快地将房子从一层积木加高到了两层。看小明专注搭建后，老师就离开建构区了。可是没一会，小明又找了老师好几次，说“老师，帮帮我吧，我不会搭”。当时提供的做法包括：教师A：鼓励小明独立搭建，引导他思考接下来如何搭建，及时表扬他的努力；教师B：先示范搭建关键部分，请小明观察方法，再鼓励他照着继续搭建；教师C：在旁观察小明的搭建过程，并适时反馈，帮助他理清搭建步骤；教师D：帮小明回顾已搭建完成的部分，指导他设定小目标，尝试自己实现。可以先从这个情境本身追问：小明一边说不会搭，一边又能继续加高房子，你当时怎样判断他真正需要的帮助是什么？；面对幼儿反复求助，你觉得教师怎样支持，既不替代幼儿完成，又能帮助他继续推进游戏？。然后可围绕其作答过程中的重点比较追问：你当时是怎样比较以下两种做法的：教师A：鼓励小明独立搭建，引导他思考接下来如何搭建，及时表扬他的努力；教师B：先示范搭建关键部分，请小明观察方法，再鼓励他照着继续搭建？如果教师提到调整过顺序，再追问：是什么信息或想法让你改变了当时的排序？请只围绕情境理解、判断依据和选项比较提问，不要提及任何内部计算指标、得分、排名、入选原因或评价性判断。,,访谈提醒：本程序用于筛选值得访谈的情境题，不用于向教师反馈测评成绩。后续AI访谈或人工访谈时，不得向教师透露得分、排名、R/P/G分、IIV或任何评价性结果。
教师38,sim_openid_038_190162,3,Q8,8,跳绳秩序混乱,周三下午，大五班的幼儿正自发进行跳绳游戏。李老师观察后发现，挤在一起跳绳的幼儿人数较多，整个场面十分混乱，幼儿很容易出现碰撞现象。此外，由于当“柱子”的幼儿很久才能轮上跳绳，因此也显得很不耐烦。,请幼儿暂停游戏，将幼儿分成多个小组并引导他们以小组为单位分区域开展游戏。,请幼儿说一说跳绳活动中存在的问题，并邀请幼儿一起设置跳绳的规则。,提供更多数量和不同种类的跳绳，并言语引导幼儿分组分区同时进行跳绳游戏。,暂不介入，活动分享时通过照片或视频回放引导幼儿发现问题并商议解决办法。,E 共同游戏组织与规则共建,B 安全秩序,P,1,,1,,0.5,0.0,0.875,0.25,0.673677,1.0,0.690955,0.592368,0.520665,28,29.776093,来自P分候选，作答过程具有访谈解释价值；IIV规范化信号：主要IIV信号：选项焦点变化、过程冲突、同题过程信息量；可追问选项比较：教师B：请幼儿说一说跳绳活动中存在的问题，并邀请幼儿一起设置跳绳的规则。；教师D：暂不介入，活动分享时通过照片或视频回放引导幼儿发现问题并商议解决办法。,覆盖能力类型：E 共同游戏组织与规则共建,追问后续主要在比较哪些做法、为什么调整；追问最理想或最不理想做法的判断为什么发生变化；追问当时是否在几个判断标准之间反复权衡,C,B/D,教师C：提供更多数量和不同种类的跳绳，并言语引导幼儿分组分区同时进行跳绳游戏。,教师B：请幼儿说一说跳绳活动中存在的问题，并邀请幼儿一起设置跳绳的规则。；教师D：暂不介入，活动分享时通过照片或视频回放引导幼儿发现问题并商议解决办法。,请回忆第8题这个情境。当时的情境是：周三下午，大五班的幼儿正自发进行跳绳游戏。李老师观察后发现，挤在一起跳绳的幼儿人数较多，整个场面十分混乱，幼儿很容易出现碰撞现象。此外，由于当“柱子”的幼儿很久才能轮上跳绳，因此也显得很不耐烦。当时提供的做法包括：教师A：请幼儿暂停游戏，将幼儿分成多个小组并引导他们以小组为单位分区域开展游戏；教师B：请幼儿说一说跳绳活动中存在的问题，并邀请幼儿一起设置跳绳的规则；教师C：提供更多数量和不同种类的跳绳，并言语引导幼儿分组分区同时进行跳绳游戏；教师D：暂不介入，活动分享时通过照片或视频回放引导幼儿发现问题并商议解决办法。可以先从这个情境本身追问：跳绳现场混乱且可能碰撞时，你当时更倾向于立即组织秩序，还是先让幼儿自己发现问题？；在安全风险和幼儿自主制定规则之间，你觉得教师应该怎样把握介入时机？。然后可围绕其作答过程中的重点比较追问：你当时是怎样比较以下两种做法的：教师B：请幼儿说一说跳绳活动中存在的问题，并邀请幼儿一起设置跳绳的规则；教师D：暂不介入，活动分享时通过照片或视频回放引导幼儿发现问题并商议解决办法？如果教师提到调整过顺序，再追问：是什么信息或想法让你改变了当时的排序？请只围绕情境理解、判断依据和选项比较提问，不要提及任何内部计算指标、得分、排名、入选原因或评价性判断。,,访谈提醒：本程序用于筛选值得访谈的情境题，不用于向教师反馈测评成绩。后续AI访谈或人工访谈时，不得向教师透露得分、排名、R/P/G分、IIV或任何评价性结果。
教师39,sim_openid_039_228153,1,Q4,4,频繁求助,中班区域活动时，小明选择了建构区。玩了一会儿，他跑到老师面前说“老师，我不会搭……帮帮我吧”，教师问他需要什么帮助时，他一边说我不会搭，一边却很快地将房子从一层积木加高到了两层。看小明专注搭建后，老师就离开建构区了。可是没一会，小明又找了老师好几次，说“老师，帮帮我吧，我不会搭”。,鼓励小明独立搭建，引导他思考接下来如何搭建，及时表扬他的努力。,先示范搭建关键部分，请小明观察方法，再鼓励他照着继续搭建。,在旁观察小明的搭建过程，并适时反馈，帮助他理清搭建步骤。,帮小明回顾已搭建完成的部分，指导他设定小目标，尝试自己实现。,C 观察诊断与介入时机,D 支架策略,R/P/G,3,2,1,1,0.5,0.075,0.875,0.25,0.671141,1.0,0.8735,0.592114,0.540789,92,45.951825,R/P/G多源证据重复入选，系统解释强度较高；IIV规范化信号：主要IIV信号：选项焦点变化、过程冲突、同题过程信息量；可追问选项比较：教师C：在旁观察小明的搭建过程，并适时反馈，帮助他理清搭建步骤。；教师D：帮小明回顾已搭建完成的部分，指导他设定小目标，尝试自己实现。,覆盖能力类型：C 观察诊断与介入时机,解释如何通过比较、修正或重新权衡形成相对较好判断，关注可激活能力；追问后续主要在比较哪些做法、为什么调整；追问最理想或最不理想做法的判断为什么发生变化；追问是否曾把某做法从合适改判为不合适，或相反；追问当时是否在几个判断标准之间反复权衡；相对优势和可激活能力解释,,C/D,,教师C：在旁观察小明的搭建过程，并适时反馈，帮助他理清搭建步骤。；教师D：帮小明回顾已搭建完成的部分，指导他设定小目标，尝试自己实现。,请回忆第4题这个情境。当时的情境是：中班区域活动时，小明选择了建构区。玩了一会儿，他跑到老师面前说“老师，我不会搭……帮帮我吧”，教师问他需要什么帮助时，他一边说我不会搭，一边却很快地将房子从一层积木加高到了两层。看小明专注搭建后，老师就离开建构区了。可是没一会，小明又找了老师好几次，说“老师，帮帮我吧，我不会搭”。当时提供的做法包括：教师A：鼓励小明独立搭建，引导他思考接下来如何搭建，及时表扬他的努力；教师B：先示范搭建关键部分，请小明观察方法，再鼓励他照着继续搭建；教师C：在旁观察小明的搭建过程，并适时反馈，帮助他理清搭建步骤；教师D：帮小明回顾已搭建完成的部分，指导他设定小目标，尝试自己实现。可以先从这个情境本身追问：小明一边说不会搭，一边又能继续加高房子，你当时怎样判断他真正需要的帮助是什么？；面对幼儿反复求助，你觉得教师怎样支持，既不替代幼儿完成，又能帮助他继续推进游戏？。然后可围绕其作答过程中的重点比较追问：你当时是怎样比较以下两种做法的：教师C：在旁观察小明的搭建过程，并适时反馈，帮助他理清搭建步骤；教师D：帮小明回顾已搭建完成的部分，指导他设定小目标，尝试自己实现？如果教师提到调整过顺序，再追问：是什么信息或想法让你改变了当时的排序？请只围绕情境理解、判断依据和选项比较提问，不要提及任何内部计算指标、得分、排名、入选原因或评价性判断。,,访谈提醒：本程序用于筛选值得访谈的情境题，不用于向教师反馈测评成绩。后续AI访谈或人工访谈时，不得向教师透露得分、排名、R/P/G分、IIV或任何评价性结果。
教师39,sim_openid_039_228153,2,Q1,1,篮球架玩水,操场上新安装了一些篮球架，幼儿经常在这里投篮。某天户外活动时，几名幼儿带着画笔和水桶来到这里，他们先是快乐地粉刷篮球架，之后开始往篮框里灌水，有的从上面灌，有的在下面接，忙的不亦乐乎，俨然这里成为了玩水的场地。,看到幼儿玩得很开心，不干预他们的玩水行为，待兴趣减弱后再讨论玩水的适宜性。,表扬幼儿的新发现，并询问在篮球架旁玩水是否合适，提议幼儿可以换个地方玩水。,参与到幼儿的“粉刷”游戏中，逐步引导幼儿到适宜玩水的地方继续开展游戏。,提醒幼儿篮球架是用于开展运动的，与其他幼儿一起召唤他们打篮球，转移他们的关注点。,B 自主游戏与规则/安全/价值平衡,A 游戏意义理解,R/G,2,1,,2,0.25,0.325,0.0,0.0,0.0,0.0,0.103833,0.1,0.128942,63,65.972143,R/P/G多源证据重复入选，系统解释强度较高；IIV规范化信号：主要IIV信号：个人内相对偏离、结果风险、同题过程信息量,覆盖能力类型：B 自主游戏与规则/安全/价值平衡,解释为什么能快速稳定形成较好判断，关注已有经验或优势图式；相对优势和可激活能力解释,,,,,请回忆第1题这个情境。当时的情境是：操场上新安装了一些篮球架，幼儿经常在这里投篮。某天户外活动时，几名幼儿带着画笔和水桶来到这里，他们先是快乐地粉刷篮球架，之后开始往篮框里灌水，有的从上面灌，有的在下面接，忙的不亦乐乎，俨然这里成为了玩水的场地。当时提供的做法包括：教师A：看到幼儿玩得很开心，不干预他们的玩水行为，待兴趣减弱后再讨论玩水的适宜性；教师B：表扬幼儿的新发现，并询问在篮球架旁玩水是否合适，提议幼儿可以换个地方玩水；教师C：参与到幼儿的“粉刷”游戏中，逐步引导幼儿到适宜玩水的地方继续开展游戏；教师D：提醒幼儿篮球架是用于开展运动的，与其他幼儿一起召唤他们打篮球，转移他们的关注点。可以先从这个情境本身追问：这个情境里，孩子把篮球架变成玩水场地，你当时更关注他们的游戏兴趣、器械用途，还是安全与场地适宜性？；如果既想保护孩子的探索兴趣，又要回应篮球架原本的运动功能，你觉得教师可以怎样衔接？。然后可追问：你当时主要依据什么来排列这些做法？如果教师提到调整过顺序，再追问：是什么信息或想法让你改变了当时的排序？请只围绕情境理解、判断依据和选项比较提问，不要提及任何内部计算指标、得分、排名、入选原因或评价性判断。,,访谈提醒：本程序用于筛选值得访谈的情境题，不用于向教师反馈测评成绩。后续AI访谈或人工访谈时，不得向教师透露得分、排名、R/P/G分、IIV或任何评价性结果。
教师39,sim_openid_039_228153,3,Q8,8,跳绳秩序混乱,周三下午，大五班的幼儿正自发进行跳绳游戏。李老师观察后发现，挤在一起跳绳的幼儿人数较多，整个场面十分混乱，幼儿很容易出现碰撞现象。此外，由于当“柱子”的幼儿很久才能轮上跳绳，因此也显得很不耐烦。,请幼儿暂停游戏，将幼儿分成多个小组并引导他们以小组为单位分区域开展游戏。,请幼儿说一说跳绳活动中存在的问题，并邀请幼儿一起设置跳绳的规则。,提供更多数量和不同种类的跳绳，并言语引导幼儿分组分区同时进行跳绳游戏。,暂不介入，活动分享时通过照片或视频回放引导幼儿发现问题并商议解决办法。,E 共同游戏组织与规则共建,B 安全秩序,P,1,,2,,0.5,0.075,0.833333,0.25,0.754066,1.0,0.71697,0.592073,0.535005,24,27.969228,来自P分候选，作答过程具有访谈解释价值；IIV规范化信号：主要IIV信号：选项焦点变化、过程冲突、相对时间信号；可追问选项比较：教师A：请幼儿暂停游戏，将幼儿分成多个小组并引导他们以小组为单位分区域开展游戏。；教师C：提供更多数量和不同种类的跳绳，并言语引导幼儿分组分区同时进行跳绳游戏。,覆盖能力类型：E 共同游戏组织与规则共建,追问后续主要在比较哪些做法、为什么调整；追问最理想或最不理想做法的判断为什么发生变化；追问是否曾把某做法从合适改判为不合适，或相反；追问当时是否在几个判断标准之间反复权衡,A,A/C,教师A：请幼儿暂停游戏，将幼儿分成多个小组并引导他们以小组为单位分区域开展游戏。,教师A：请幼儿暂停游戏，将幼儿分成多个小组并引导他们以小组为单位分区域开展游戏。；教师C：提供更多数量和不同种类的跳绳，并言语引导幼儿分组分区同时进行跳绳游戏。,请回忆第8题这个情境。当时的情境是：周三下午，大五班的幼儿正自发进行跳绳游戏。李老师观察后发现，挤在一起跳绳的幼儿人数较多，整个场面十分混乱，幼儿很容易出现碰撞现象。此外，由于当“柱子”的幼儿很久才能轮上跳绳，因此也显得很不耐烦。当时提供的做法包括：教师A：请幼儿暂停游戏，将幼儿分成多个小组并引导他们以小组为单位分区域开展游戏；教师B：请幼儿说一说跳绳活动中存在的问题，并邀请幼儿一起设置跳绳的规则；教师C：提供更多数量和不同种类的跳绳，并言语引导幼儿分组分区同时进行跳绳游戏；教师D：暂不介入，活动分享时通过照片或视频回放引导幼儿发现问题并商议解决办法。可以先从这个情境本身追问：跳绳现场混乱且可能碰撞时，你当时更倾向于立即组织秩序，还是先让幼儿自己发现问题？；在安全风险和幼儿自主制定规则之间，你觉得教师应该怎样把握介入时机？。然后可围绕其作答过程中的重点比较追问：你当时是怎样比较以下两种做法的：教师A：请幼儿暂停游戏，将幼儿分成多个小组并引导他们以小组为单位分区域开展游戏；教师C：提供更多数量和不同种类的跳绳，并言语引导幼儿分组分区同时进行跳绳游戏？如果教师提到调整过顺序，再追问：是什么信息或想法让你改变了当时的排序？请只围绕情境理解、判断依据和选项比较提问，不要提及任何内部计算指标、得分、排名、入选原因或评价性判断。,,访谈提醒：本程序用于筛选值得访谈的情境题，不用于向教师反馈测评成绩。后续AI访谈或人工访谈时，不得向教师透露得分、排名、R/P/G分、IIV或任何评价性结果。
教师40,sim_openid_040_746434,1,Q4,4,频繁求助,中班区域活动时，小明选择了建构区。玩了一会儿，他跑到老师面前说“老师，我不会搭……帮帮我吧”，教师问他需要什么帮助时，他一边说我不会搭，一边却很快地将房子从一层积木加高到了两层。看小明专注搭建后，老师就离开建构区了。可是没一会，小明又找了老师好几次，说“老师，帮帮我吧，我不会搭”。,鼓励小明独立搭建，引导他思考接下来如何搭建，及时表扬他的努力。,先示范搭建关键部分，请小明观察方法，再鼓励他照着继续搭建。,在旁观察小明的搭建过程，并适时反馈，帮助他理清搭建步骤。,帮小明回顾已搭建完成的部分，指导他设定小目标，尝试自己实现。,C 观察诊断与介入时机,D 支架策略,R/P/G,3,2,1,2,0.75,0.275,0.833333,0.25,0.266378,1.0,0.885333,0.643304,0.599654,87,96.56,R/P/G多源证据重复入选，系统解释强度较高；IIV规范化信号：主要IIV信号：选项焦点变化、同题过程信息量、过程冲突；可追问选项比较：教师B：先示范搭建关键部分，请小明观察方法，再鼓励他照着继续搭建。；教师C：在旁观察小明的搭建过程，并适时反馈，帮助他理清搭建步骤。,覆盖能力类型：C 观察诊断与介入时机,解释相对薄弱端如何形成；请教师回忆读到情境后最先注意到什么、是否很快形成判断或感到难判断；追问后续主要在比较哪些做法、为什么调整；追问最理想或最不理想做法的判断为什么发生变化；追问是否曾把某做法从合适改判为不合适，或相反；追问当时是否在几个判断标准之间反复权衡；能力分化画像,A,B/C,教师A：鼓励小明独立搭建，引导他思考接下来如何搭建，及时表扬他的努力。,教师B：先示范搭建关键部分，请小明观察方法，再鼓励他照着继续搭建。；教师C：在旁观察小明的搭建过程，并适时反馈，帮助他理清搭建步骤。,请回忆第4题这个情境。当时的情境是：中班区域活动时，小明选择了建构区。玩了一会儿，他跑到老师面前说“老师，我不会搭……帮帮我吧”，教师问他需要什么帮助时，他一边说我不会搭，一边却很快地将房子从一层积木加高到了两层。看小明专注搭建后，老师就离开建构区了。可是没一会，小明又找了老师好几次，说“老师，帮帮我吧，我不会搭”。当时提供的做法包括：教师A：鼓励小明独立搭建，引导他思考接下来如何搭建，及时表扬他的努力；教师B：先示范搭建关键部分，请小明观察方法，再鼓励他照着继续搭建；教师C：在旁观察小明的搭建过程，并适时反馈，帮助他理清搭建步骤；教师D：帮小明回顾已搭建完成的部分，指导他设定小目标，尝试自己实现。可以先从这个情境本身追问：小明一边说不会搭，一边又能继续加高房子，你当时怎样判断他真正需要的帮助是什么？；面对幼儿反复求助，你觉得教师怎样支持，既不替代幼儿完成，又能帮助他继续推进游戏？。然后可围绕其作答过程中的重点比较追问：你当时是怎样比较以下两种做法的：教师B：先示范搭建关键部分，请小明观察方法，再鼓励他照着继续搭建；教师C：在旁观察小明的搭建过程，并适时反馈，帮助他理清搭建步骤？如果教师提到调整过顺序，再追问：是什么信息或想法让你改变了当时的排序？请只围绕情境理解、判断依据和选项比较提问，不要提及任何内部计算指标、得分、排名、入选原因或评价性判断。,,访谈提醒：本程序用于筛选值得访谈的情境题，不用于向教师反馈测评成绩。后续AI访谈或人工访谈时，不得向教师透露得分、排名、R/P/G分、IIV或任何评价性结果。
教师40,sim_openid_040_746434,2,Q9,9,艾莎公主不运动,小班的一次户外运动，有几个女孩子从一开始就没有选择任何体育活动项目，而是聚在一起坐在地上玩“艾莎公主”的游戏，比一比谁的鞋子最漂亮，谁的魔法最厉害。,询问幼儿没有参与运动的原因，提供丰富的活动材料吸引幼儿参与运动活动。,提醒幼儿现在是运动时间，请他们等自由游戏时间再一起玩“艾莎公主”的游戏。,利用艾莎公主的鞋子设计走、跑、跳等活动，并以参与者的身份邀请幼儿一起参与运动。,肯定幼儿自主游戏的行为，言语引导幼儿穿着“漂亮的鞋子”参与运动。,D 支架策略与游戏推进,A 儿童视角/B 目标平衡,R/G,2,1,,1,0.25,0.225,0.75,0.75,0.198001,1.0,0.721227,0.5198,0.489612,68,77.482852,R/P/G多源证据重复入选，系统解释强度较高；IIV规范化信号：主要IIV信号：选项焦点变化、过程冲突、修正信号；可追问选项比较：教师B：提醒幼儿现在是运动时间，请他们等自由游戏时间再一起玩“艾莎公主”的游戏。；教师C：利用艾莎公主的鞋子设计走、跑、跳等活动，并以参与者的身份邀请幼儿一起参与运动。,覆盖能力类型：D 支架策略与游戏推进,解释相对优势端如何形成；能力分化画像,B,B/C,教师B：提醒幼儿现在是运动时间，请他们等自由游戏时间再一起玩“艾莎公主”的游戏。,教师B：提醒幼儿现在是运动时间，请他们等自由游戏时间再一起玩“艾莎公主”的游戏。；教师C：利用艾莎公主的鞋子设计走、跑、跳等活动，并以参与者的身份邀请幼儿一起参与运动。,请回忆第9题这个情境。当时的情境是：小班的一次户外运动，有几个女孩子从一开始就没有选择任何体育活动项目，而是聚在一起坐在地上玩“艾莎公主”的游戏，比一比谁的鞋子最漂亮，谁的魔法最厉害。当时提供的做法包括：教师A：询问幼儿没有参与运动的原因，提供丰富的活动材料吸引幼儿参与运动活动；教师B：提醒幼儿现在是运动时间，请他们等自由游戏时间再一起玩“艾莎公主”的游戏；教师C：利用艾莎公主的鞋子设计走、跑、跳等活动，并以参与者的身份邀请幼儿一起参与运动；教师D：肯定幼儿自主游戏的行为，言语引导幼儿穿着“漂亮的鞋子”参与运动。可以先从这个情境本身追问：几个女孩在户外运动时间玩艾莎公主时，你当时更关注运动目标，还是关注她们正在生成的角色游戏兴趣？；如果要把艾莎公主游戏和运动活动连接起来，你觉得教师可以怎样做才不显得生硬？。然后可围绕其作答过程中的重点比较追问：你当时是怎样比较以下两种做法的：教师B：提醒幼儿现在是运动时间，请他们等自由游戏时间再一起玩“艾莎公主”的游戏；教师C：利用艾莎公主的鞋子设计走、跑、跳等活动，并以参与者的身份邀请幼儿一起参与运动？如果教师提到调整过顺序，再追问：是什么信息或想法让你改变了当时的排序？请只围绕情境理解、判断依据和选项比较提问，不要提及任何内部计算指标、得分、排名、入选原因或评价性判断。,,访谈提醒：本程序用于筛选值得访谈的情境题，不用于向教师反馈测评成绩。后续AI访谈或人工访谈时，不得向教师透露得分、排名、R/P/G分、IIV或任何评价性结果。
教师40,sim_openid_040_746434,3,Q1,1,篮球架玩水,操场上新安装了一些篮球架，幼儿经常在这里投篮。某天户外活动时，几名幼儿带着画笔和水桶来到这里，他们先是快乐地粉刷篮球架，之后开始往篮框里灌水，有的从上面灌，有的在下面接，忙的不亦乐乎，俨然这里成为了玩水的场地。,看到幼儿玩得很开心，不干预他们的玩水行为，待兴趣减弱后再讨论玩水的适宜性。,表扬幼儿的新发现，并询问在篮球架旁玩水是否合适，提议幼儿可以换个地方玩水。,参与到幼儿的“粉刷”游戏中，逐步引导幼儿到适宜玩水的地方继续开展游戏。,提醒幼儿篮球架是用于开展运动的，与其他幼儿一起召唤他们打篮球，转移他们的关注点。,B 自主游戏与规则/安全/价值平衡,A 游戏意义理解,P,1,,2,,0.5,0.025,1.0,0.5,0.250444,1.0,0.730134,0.625044,0.540301,24,34.257098,来自P分候选，作答过程具有访谈解释价值；IIV规范化信号：主要IIV信号：过程冲突、选项焦点变化、同题过程信息量；可追问选项比较：教师A：看到幼儿玩得很开心，不干预他们的玩水行为，待兴趣减弱后再讨论玩水的适宜性。；教师C：参与到幼儿的“粉刷”游戏中，逐步引导幼儿到适宜玩水的地方继续开展游戏。,覆盖能力类型：B 自主游戏与规则/安全/价值平衡,请教师回忆读到情境后最先注意到什么、是否很快形成判断或感到难判断；追问最理想或最不理想做法的判断为什么发生变化；追问是否曾把某做法从合适改判为不合适，或相反,A,A/C,教师A：看到幼儿玩得很开心，不干预他们的玩水行为，待兴趣减弱后再讨论玩水的适宜性。,教师A：看到幼儿玩得很开心，不干预他们的玩水行为，待兴趣减弱后再讨论玩水的适宜性。；教师C：参与到幼儿的“粉刷”游戏中，逐步引导幼儿到适宜玩水的地方继续开展游戏。,请回忆第1题这个情境。当时的情境是：操场上新安装了一些篮球架，幼儿经常在这里投篮。某天户外活动时，几名幼儿带着画笔和水桶来到这里，他们先是快乐地粉刷篮球架，之后开始往篮框里灌水，有的从上面灌，有的在下面接，忙的不亦乐乎，俨然这里成为了玩水的场地。当时提供的做法包括：教师A：看到幼儿玩得很开心，不干预他们的玩水行为，待兴趣减弱后再讨论玩水的适宜性；教师B：表扬幼儿的新发现，并询问在篮球架旁玩水是否合适，提议幼儿可以换个地方玩水；教师C：参与到幼儿的“粉刷”游戏中，逐步引导幼儿到适宜玩水的地方继续开展游戏；教师D：提醒幼儿篮球架是用于开展运动的，与其他幼儿一起召唤他们打篮球，转移他们的关注点。可以先从这个情境本身追问：这个情境里，孩子把篮球架变成玩水场地，你当时更关注他们的游戏兴趣、器械用途，还是安全与场地适宜性？；如果既想保护孩子的探索兴趣，又要回应篮球架原本的运动功能，你觉得教师可以怎样衔接？。然后可围绕其作答过程中的重点比较追问：你当时是怎样比较以下两种做法的：教师A：看到幼儿玩得很开心，不干预他们的玩水行为，待兴趣减弱后再讨论玩水的适宜性；教师C：参与到幼儿的“粉刷”游戏中，逐步引导幼儿到适宜玩水的地方继续开展游戏？如果教师提到调整过顺序，再追问：是什么信息或想法让你改变了当时的排序？请只围绕情境理解、判断依据和选项比较提问，不要提及任何内部计算指标、得分、排名、入选原因或评价性判断。,,访谈提醒：本程序用于筛选值得访谈的情境题，不用于向教师反馈测评成绩。后续AI访谈或人工访谈时，不得向教师透露得分、排名、R/P/G分、IIV或任何评价性结果。
教师41,sim_openid_041_881030,1,Q4,4,频繁求助,中班区域活动时，小明选择了建构区。玩了一会儿，他跑到老师面前说“老师，我不会搭……帮帮我吧”，教师问他需要什么帮助时，他一边说我不会搭，一边却很快地将房子从一层积木加高到了两层。看小明专注搭建后，老师就离开建构区了。可是没一会，小明又找了老师好几次，说“老师，帮帮我吧，我不会搭”。,鼓励小明独立搭建，引导他思考接下来如何搭建，及时表扬他的努力。,先示范搭建关键部分，请小明观察方法，再鼓励他照着继续搭建。,在旁观察小明的搭建过程，并适时反馈，帮助他理清搭建步骤。,帮小明回顾已搭建完成的部分，指导他设定小目标，尝试自己实现。,C 观察诊断与介入时机,D 支架策略,R/P/G,3,1,1,1,0.0,0.575,0.8,0.5,0.566219,1.0,0.734167,0.416622,0.47458,96,92.025,R/P/G多源证据重复入选，系统解释强度较高；IIV规范化信号：主要IIV信号：选项焦点变化、过程冲突、同题过程信息量；可追问选项比较：教师A：鼓励小明独立搭建，引导他思考接下来如何搭建，及时表扬他的努力。；教师B：先示范搭建关键部分，请小明观察方法，再鼓励他照着继续搭建。,覆盖能力类型：C 观察诊断与介入时机,解释如何通过比较、修正或重新权衡形成相对较好判断，关注可激活能力；追问后续主要在比较哪些做法、为什么调整；追问最理想或最不理想做法的判断为什么发生变化；追问当时是否在几个判断标准之间反复权衡；相对优势和可激活能力解释,B,A/B,教师B：先示范搭建关键部分，请小明观察方法，再鼓励他照着继续搭建。,教师A：鼓励小明独立搭建，引导他思考接下来如何搭建，及时表扬他的努力。；教师B：先示范搭建关键部分，请小明观察方法，再鼓励他照着继续搭建。,请回忆第4题这个情境。当时的情境是：中班区域活动时，小明选择了建构区。玩了一会儿，他跑到老师面前说“老师，我不会搭……帮帮我吧”，教师问他需要什么帮助时，他一边说我不会搭，一边却很快地将房子从一层积木加高到了两层。看小明专注搭建后，老师就离开建构区了。可是没一会，小明又找了老师好几次，说“老师，帮帮我吧，我不会搭”。当时提供的做法包括：教师A：鼓励小明独立搭建，引导他思考接下来如何搭建，及时表扬他的努力；教师B：先示范搭建关键部分，请小明观察方法，再鼓励他照着继续搭建；教师C：在旁观察小明的搭建过程，并适时反馈，帮助他理清搭建步骤；教师D：帮小明回顾已搭建完成的部分，指导他设定小目标，尝试自己实现。可以先从这个情境本身追问：小明一边说不会搭，一边又能继续加高房子，你当时怎样判断他真正需要的帮助是什么？；面对幼儿反复求助，你觉得教师怎样支持，既不替代幼儿完成，又能帮助他继续推进游戏？。然后可围绕其作答过程中的重点比较追问：你当时是怎样比较以下两种做法的：教师A：鼓励小明独立搭建，引导他思考接下来如何搭建，及时表扬他的努力；教师B：先示范搭建关键部分，请小明观察方法，再鼓励他照着继续搭建？如果教师提到调整过顺序，再追问：是什么信息或想法让你改变了当时的排序？请只围绕情境理解、判断依据和选项比较提问，不要提及任何内部计算指标、得分、排名、入选原因或评价性判断。,,访谈提醒：本程序用于筛选值得访谈的情境题，不用于向教师反馈测评成绩。后续AI访谈或人工访谈时，不得向教师透露得分、排名、R/P/G分、IIV或任何评价性结果。
教师41,sim_openid_041_881030,2,Q9,9,艾莎公主不运动,小班的一次户外运动，有几个女孩子从一开始就没有选择任何体育活动项目，而是聚在一起坐在地上玩“艾莎公主”的游戏，比一比谁的鞋子最漂亮，谁的魔法最厉害。,询问幼儿没有参与运动的原因，提供丰富的活动材料吸引幼儿参与运动活动。,提醒幼儿现在是运动时间，请他们等自由游戏时间再一起玩“艾莎公主”的游戏。,利用艾莎公主的鞋子设计走、跑、跳等活动，并以参与者的身份邀请幼儿一起参与运动。,肯定幼儿自主游戏的行为，言语引导幼儿穿着“漂亮的鞋子”参与运动。,D 支架策略与游戏推进,A 儿童视角/B 目标平衡,R/G,2,2,,2,0.0,0.575,1.0,1.0,0.001619,0.5,0.385076,0.450162,0.455666,59,67.219976,R/P/G多源证据重复入选，系统解释强度较高；IIV规范化信号：主要IIV信号：过程冲突、修正信号、个人内相对偏离；可追问选项比较：教师A：询问幼儿没有参与运动的原因，提供丰富的活动材料吸引幼儿参与运动活动。；教师B：提醒幼儿现在是运动时间，请他们等自由游戏时间再一起玩“艾莎公主”的游戏。,覆盖能力类型：D 支架策略与游戏推进,解释为什么能快速稳定形成较好判断，关注已有经验或优势图式；相对优势和可激活能力解释,B,A/B,教师B：提醒幼儿现在是运动时间，请他们等自由游戏时间再一起玩“艾莎公主”的游戏。,教师A：询问幼儿没有参与运动的原因，提供丰富的活动材料吸引幼儿参与运动活动。；教师B：提醒幼儿现在是运动时间，请他们等自由游戏时间再一起玩“艾莎公主”的游戏。,请回忆第9题这个情境。当时的情境是：小班的一次户外运动，有几个女孩子从一开始就没有选择任何体育活动项目，而是聚在一起坐在地上玩“艾莎公主”的游戏，比一比谁的鞋子最漂亮，谁的魔法最厉害。当时提供的做法包括：教师A：询问幼儿没有参与运动的原因，提供丰富的活动材料吸引幼儿参与运动活动；教师B：提醒幼儿现在是运动时间，请他们等自由游戏时间再一起玩“艾莎公主”的游戏；教师C：利用艾莎公主的鞋子设计走、跑、跳等活动，并以参与者的身份邀请幼儿一起参与运动；教师D：肯定幼儿自主游戏的行为，言语引导幼儿穿着“漂亮的鞋子”参与运动。可以先从这个情境本身追问：几个女孩在户外运动时间玩艾莎公主时，你当时更关注运动目标，还是关注她们正在生成的角色游戏兴趣？；如果要把艾莎公主游戏和运动活动连接起来，你觉得教师可以怎样做才不显得生硬？。然后可围绕其作答过程中的重点比较追问：你当时是怎样比较以下两种做法的：教师A：询问幼儿没有参与运动的原因，提供丰富的活动材料吸引幼儿参与运动活动；教师B：提醒幼儿现在是运动时间，请他们等自由游戏时间再一起玩“艾莎公主”的游戏？如果教师提到调整过顺序，再追问：是什么信息或想法让你改变了当时的排序？请只围绕情境理解、判断依据和选项比较提问，不要提及任何内部计算指标、得分、排名、入选原因或评价性判断。,,访谈提醒：本程序用于筛选值得访谈的情境题，不用于向教师反馈测评成绩。后续AI访谈或人工访谈时，不得向教师透露得分、排名、R/P/G分、IIV或任何评价性结果。
教师41,sim_openid_041_881030,3,Q8,8,跳绳秩序混乱,周三下午，大五班的幼儿正自发进行跳绳游戏。李老师观察后发现，挤在一起跳绳的幼儿人数较多，整个场面十分混乱，幼儿很容易出现碰撞现象。此外，由于当“柱子”的幼儿很久才能轮上跳绳，因此也显得很不耐烦。,请幼儿暂停游戏，将幼儿分成多个小组并引导他们以小组为单位分区域开展游戏。,请幼儿说一说跳绳活动中存在的问题，并邀请幼儿一起设置跳绳的规则。,提供更多数量和不同种类的跳绳，并言语引导幼儿分组分区同时进行跳绳游戏。,暂不介入，活动分享时通过照片或视频回放引导幼儿发现问题并商议解决办法。,E 共同游戏组织与规则共建,B 安全秩序,P,1,,2,,1.0,0.425,0.75,0.5,0.360769,1.0,0.648712,0.786077,0.719763,24,39.828999,来自P分候选，作答过程具有访谈解释价值；IIV规范化信号：主要IIV信号：结果风险、选项焦点变化、过程冲突；可追问选项比较：教师A：请幼儿暂停游戏，将幼儿分成多个小组并引导他们以小组为单位分区域开展游戏。；教师C：提供更多数量和不同种类的跳绳，并言语引导幼儿分组分区同时进行跳绳游戏。,覆盖能力类型：E 共同游戏组织与规则共建,追问最理想或最不理想做法的判断为什么发生变化；追问当时是否在几个判断标准之间反复权衡,B,A/C,教师B：请幼儿说一说跳绳活动中存在的问题，并邀请幼儿一起设置跳绳的规则。,教师A：请幼儿暂停游戏，将幼儿分成多个小组并引导他们以小组为单位分区域开展游戏。；教师C：提供更多数量和不同种类的跳绳，并言语引导幼儿分组分区同时进行跳绳游戏。,请回忆第8题这个情境。当时的情境是：周三下午，大五班的幼儿正自发进行跳绳游戏。李老师观察后发现，挤在一起跳绳的幼儿人数较多，整个场面十分混乱，幼儿很容易出现碰撞现象。此外，由于当“柱子”的幼儿很久才能轮上跳绳，因此也显得很不耐烦。当时提供的做法包括：教师A：请幼儿暂停游戏，将幼儿分成多个小组并引导他们以小组为单位分区域开展游戏；教师B：请幼儿说一说跳绳活动中存在的问题，并邀请幼儿一起设置跳绳的规则；教师C：提供更多数量和不同种类的跳绳，并言语引导幼儿分组分区同时进行跳绳游戏；教师D：暂不介入，活动分享时通过照片或视频回放引导幼儿发现问题并商议解决办法。可以先从这个情境本身追问：跳绳现场混乱且可能碰撞时，你当时更倾向于立即组织秩序，还是先让幼儿自己发现问题？；在安全风险和幼儿自主制定规则之间，你觉得教师应该怎样把握介入时机？。然后可围绕其作答过程中的重点比较追问：你当时是怎样比较以下两种做法的：教师A：请幼儿暂停游戏，将幼儿分成多个小组并引导他们以小组为单位分区域开展游戏；教师C：提供更多数量和不同种类的跳绳，并言语引导幼儿分组分区同时进行跳绳游戏？如果教师提到调整过顺序，再追问：是什么信息或想法让你改变了当时的排序？请只围绕情境理解、判断依据和选项比较提问，不要提及任何内部计算指标、得分、排名、入选原因或评价性判断。,,访谈提醒：本程序用于筛选值得访谈的情境题，不用于向教师反馈测评成绩。后续AI访谈或人工访谈时，不得向教师透露得分、排名、R/P/G分、IIV或任何评价性结果。
教师42,sim_openid_042_480037,1,Q10,10,引水难题未解,中班上学期，幼儿在“引水游戏”中遇到了难题——水无法被引到竹片管道上。他们不断调整竹片拼接的方式，却始终没能成功，即竹片一头高于出水管道，阻碍了引流。渐渐地幼儿的探索兴趣也减弱了，有的开始玩水，有的甚至离开了水池。,示范正确的引水方法，请幼儿注意观察并说说引水的要领，再自己试一试。,加入幼儿的探索，引导他们观察水流受阻的位置，一起尝试调整竹片的摆放方式。,组织幼儿就游戏困难进行讨论，寻找解决问题的方案，引导幼儿再次尝试。,投放更多辅助引水的材料，重新激起幼儿的探索兴趣，继续观察游戏进展。,C 观察诊断与介入时机,D 探究支架,R/G,2,1,,1,0.0,0.525,0.833333,0.75,0.0,1.0,0.834434,0.416667,0.457972,68,83.479751,R/P/G多源证据重复入选，系统解释强度较高；IIV规范化信号：主要IIV信号：选项焦点变化、同题过程信息量、过程冲突；可追问选项比较：教师A：示范正确的引水方法，请幼儿注意观察并说说引水的要领，再自己试一试。；教师B：加入幼儿的探索，引导他们观察水流受阻的位置，一起尝试调整竹片的摆放方式。,覆盖能力类型：C 观察诊断与介入时机,解释如何通过比较、修正或重新权衡形成相对较好判断，关注可激活能力；相对优势和可激活能力解释,D,A/B,教师D：投放更多辅助引水的材料，重新激起幼儿的探索兴趣，继续观察游戏进展。,教师A：示范正确的引水方法，请幼儿注意观察并说说引水的要领，再自己试一试。；教师B：加入幼儿的探索，引导他们观察水流受阻的位置，一起尝试调整竹片的摆放方式。,请回忆第10题这个情境。当时的情境是：中班上学期，幼儿在“引水游戏”中遇到了难题——水无法被引到竹片管道上。他们不断调整竹片拼接的方式，却始终没能成功，即竹片一头高于出水管道，阻碍了引流。渐渐地幼儿的探索兴趣也减弱了，有的开始玩水，有的甚至离开了水池。当时提供的做法包括：教师A：示范正确的引水方法，请幼儿注意观察并说说引水的要领，再自己试一试；教师B：加入幼儿的探索，引导他们观察水流受阻的位置，一起尝试调整竹片的摆放方式；教师C：组织幼儿就游戏困难进行讨论，寻找解决问题的方案，引导幼儿再次尝试；教师D：投放更多辅助引水的材料，重新激起幼儿的探索兴趣，继续观察游戏进展。可以先从这个情境本身追问：孩子们引水失败、兴趣减弱时，你当时更倾向于直接示范方法，还是继续支持他们自己发现水流受阻的原因？；你觉得教师怎样提供支架，既能帮助问题解决，又保留幼儿继续探究的空间？。然后可围绕其作答过程中的重点比较追问：你当时是怎样比较以下两种做法的：教师A：示范正确的引水方法，请幼儿注意观察并说说引水的要领，再自己试一试；教师B：加入幼儿的探索，引导他们观察水流受阻的位置，一起尝试调整竹片的摆放方式？如果教师提到调整过顺序，再追问：是什么信息或想法让你改变了当时的排序？请只围绕情境理解、判断依据和选项比较提问，不要提及任何内部计算指标、得分、排名、入选原因或评价性判断。,,访谈提醒：本程序用于筛选值得访谈的情境题，不用于向教师反馈测评成绩。后续AI访谈或人工访谈时，不得向教师透露得分、排名、R/P/G分、IIV或任何评价性结果。
教师42,sim_openid_042_480037,2,Q4,4,频繁求助,中班区域活动时，小明选择了建构区。玩了一会儿，他跑到老师面前说“老师，我不会搭……帮帮我吧”，教师问他需要什么帮助时，他一边说我不会搭，一边却很快地将房子从一层积木加高到了两层。看小明专注搭建后，老师就离开建构区了。可是没一会，小明又找了老师好几次，说“老师，帮帮我吧，我不会搭”。,鼓励小明独立搭建，引导他思考接下来如何搭建，及时表扬他的努力。,先示范搭建关键部分，请小明观察方法，再鼓励他照着继续搭建。,在旁观察小明的搭建过程，并适时反馈，帮助他理清搭建步骤。,帮小明回顾已搭建完成的部分，指导他设定小目标，尝试自己实现。,C 观察诊断与介入时机,D 支架策略,R/G,2,2,,2,0.0,0.525,0.0,0.0,0.0,0.0,0.1015,0.0,0.083825,59,73.045,R/P/G多源证据重复入选，系统解释强度较高；IIV规范化信号：主要IIV信号：个人内相对偏离、同题过程信息量,覆盖能力类型：C 观察诊断与介入时机,解释为什么能快速稳定形成较好判断，关注已有经验或优势图式；相对优势和可激活能力解释,,,,,请回忆第4题这个情境。当时的情境是：中班区域活动时，小明选择了建构区。玩了一会儿，他跑到老师面前说“老师，我不会搭……帮帮我吧”，教师问他需要什么帮助时，他一边说我不会搭，一边却很快地将房子从一层积木加高到了两层。看小明专注搭建后，老师就离开建构区了。可是没一会，小明又找了老师好几次，说“老师，帮帮我吧，我不会搭”。当时提供的做法包括：教师A：鼓励小明独立搭建，引导他思考接下来如何搭建，及时表扬他的努力；教师B：先示范搭建关键部分，请小明观察方法，再鼓励他照着继续搭建；教师C：在旁观察小明的搭建过程，并适时反馈，帮助他理清搭建步骤；教师D：帮小明回顾已搭建完成的部分，指导他设定小目标，尝试自己实现。可以先从这个情境本身追问：小明一边说不会搭，一边又能继续加高房子，你当时怎样判断他真正需要的帮助是什么？；面对幼儿反复求助，你觉得教师怎样支持，既不替代幼儿完成，又能帮助他继续推进游戏？。然后可追问：你当时主要依据什么来排列这些做法？如果教师提到调整过顺序，再追问：是什么信息或想法让你改变了当时的排序？请只围绕情境理解、判断依据和选项比较提问，不要提及任何内部计算指标、得分、排名、入选原因或评价性判断。,,访谈提醒：本程序用于筛选值得访谈的情境题，不用于向教师反馈测评成绩。后续AI访谈或人工访谈时，不得向教师透露得分、排名、R/P/G分、IIV或任何评价性结果。
教师42,sim_openid_042_480037,3,Q2,2,未参与小组建构,大班建构活动中，睿睿和其他幼儿计划一起搭积木大桥，他们讨论了搭建方法，并进入区域开始搭建。就在其他幼儿在认真搭建时，睿睿发现了一块长条木板，他一会儿在地上推着走，一会儿当枪使，没有再参与小组的搭建。,继续观察，后续分享中支持睿睿思考如何把长条木板融入小组的建构中。,肯定睿睿的创造性玩法，询问他长条板能否当桥面，引导他参与到搭桥任务中。,引导睿睿回顾计划，建议他先完成共同任务，长条木板可以等自由游戏时再玩。,看到睿睿玩得开心，暂不介入，等下一次活动时再提醒他根据计划开展游戏。,D 支架策略与游戏推进,E 共同游戏组织,P,1,,1,,0.25,0.275,1.0,0.75,0.612125,1.0,0.908444,0.611213,0.585385,28,58.392748,来自P分候选，作答过程具有访谈解释价值；IIV规范化信号：主要IIV信号：过程冲突、选项焦点变化、同题过程信息量；可追问选项比较：教师B：肯定睿睿的创造性玩法，询问他长条板能否当桥面，引导他参与到搭桥任务中。；教师C：引导睿睿回顾计划，建议他先完成共同任务，长条木板可以等自由游戏时再玩。,覆盖能力类型：D 支架策略与游戏推进,请教师回忆读到情境后最先注意到什么、是否很快形成判断或感到难判断；追问后续主要在比较哪些做法、为什么调整；追问最理想或最不理想做法的判断为什么发生变化；追问是否曾把某做法从合适改判为不合适，或相反；追问当时是否在几个判断标准之间反复权衡,A,B/C,教师A：继续观察，后续分享中支持睿睿思考如何把长条木板融入小组的建构中。,教师B：肯定睿睿的创造性玩法，询问他长条板能否当桥面，引导他参与到搭桥任务中。；教师C：引导睿睿回顾计划，建议他先完成共同任务，长条木板可以等自由游戏时再玩。,请回忆第2题这个情境。当时的情境是：大班建构活动中，睿睿和其他幼儿计划一起搭积木大桥，他们讨论了搭建方法，并进入区域开始搭建。就在其他幼儿在认真搭建时，睿睿发现了一块长条木板，他一会儿在地上推着走，一会儿当枪使，没有再参与小组的搭建。当时提供的做法包括：教师A：继续观察，后续分享中支持睿睿思考如何把长条木板融入小组的建构中；教师B：肯定睿睿的创造性玩法，询问他长条板能否当桥面，引导他参与到搭桥任务中；教师C：引导睿睿回顾计划，建议他先完成共同任务，长条木板可以等自由游戏时再玩；教师D：看到睿睿玩得开心，暂不介入，等下一次活动时再提醒他根据计划开展游戏。可以先从这个情境本身追问：睿睿离开了原来的搭桥计划去玩长条木板，你当时怎样理解他的行为：是偏离共同任务，还是出现了新的游戏线索？；面对共同建构计划和幼儿临时兴趣之间的变化，你觉得教师什么时候应该介入，什么时候可以继续观察？。然后可围绕其作答过程中的重点比较追问：你当时是怎样比较以下两种做法的：教师B：肯定睿睿的创造性玩法，询问他长条板能否当桥面，引导他参与到搭桥任务中；教师C：引导睿睿回顾计划，建议他先完成共同任务，长条木板可以等自由游戏时再玩？如果教师提到调整过顺序，再追问：是什么信息或想法让你改变了当时的排序？请只围绕情境理解、判断依据和选项比较提问，不要提及任何内部计算指标、得分、排名、入选原因或评价性判断。,,访谈提醒：本程序用于筛选值得访谈的情境题，不用于向教师反馈测评成绩。后续AI访谈或人工访谈时，不得向教师透露得分、排名、R/P/G分、IIV或任何评价性结果。
教师43,sim_openid_043_506613,1,Q3,3,材料选择无层次,大班上学期，张老师在建构区投放了按图搭建的游戏材料，并提供了不同星级难度的任务卡供幼儿选择，但有的幼儿一上来就选择高难度的三星级任务卡，结果不能顺利完成任务；而有的幼儿始终选择低难度的一星级任务卡。这天，浩浩又连续选择了几张一星级任务卡，很快就完成了任务。,调整任务卡提供方式，在游戏开始前根据幼儿的能力水平有针对性地发放任务卡。,暂不介入，尊重幼儿的自主选择和游戏体验，只要完成任务就是一种经验积累。,调整任务卡呈现方式，如增加“我想挑战”等提示，鼓励幼儿选择不同星级的挑战。,和浩浩回顾已完成的任务，比较不同星级的难度，邀请他选择稍有挑战的任务。,D 支架策略与游戏推进,C 观察诊断,R/G,2,2,,1,0.0,0.525,1.0,1.0,0.504454,0.75,0.609,0.525445,0.534645,64,88.27,R/P/G多源证据重复入选，系统解释强度较高；IIV规范化信号：主要IIV信号：过程冲突、修正信号、选项焦点变化；可追问选项比较：教师B：暂不介入，尊重幼儿的自主选择和游戏体验，只要完成任务就是一种经验积累。；教师C：调整任务卡呈现方式，如增加“我想挑战”等提示，鼓励幼儿选择不同星级的挑战。,覆盖能力类型：D 支架策略与游戏推进,解释如何通过比较、修正或重新权衡形成相对较好判断，关注可激活能力；相对优势和可激活能力解释,A,B/C,教师A：调整任务卡提供方式，在游戏开始前根据幼儿的能力水平有针对性地发放任务卡。,教师B：暂不介入，尊重幼儿的自主选择和游戏体验，只要完成任务就是一种经验积累。；教师C：调整任务卡呈现方式，如增加“我想挑战”等提示，鼓励幼儿选择不同星级的挑战。,请回忆第3题这个情境。当时的情境是：大班上学期，张老师在建构区投放了按图搭建的游戏材料，并提供了不同星级难度的任务卡供幼儿选择，但有的幼儿一上来就选择高难度的三星级任务卡，结果不能顺利完成任务；而有的幼儿始终选择低难度的一星级任务卡。这天，浩浩又连续选择了几张一星级任务卡，很快就完成了任务。当时提供的做法包括：教师A：调整任务卡提供方式，在游戏开始前根据幼儿的能力水平有针对性地发放任务卡；教师B：暂不介入，尊重幼儿的自主选择和游戏体验，只要完成任务就是一种经验积累；教师C：调整任务卡呈现方式，如增加“我想挑战”等提示，鼓励幼儿选择不同星级的挑战；教师D：和浩浩回顾已完成的任务，比较不同星级的难度，邀请他选择稍有挑战的任务。可以先从这个情境本身追问：浩浩反复选择一星任务卡时，你当时更想尊重他的自主选择，还是推动他尝试更有挑战的任务？；你觉得教师应该怎样判断幼儿是需要安全感、缺少挑战意识，还是任务卡呈现方式本身需要调整？。然后可围绕其作答过程中的重点比较追问：你当时是怎样比较以下两种做法的：教师B：暂不介入，尊重幼儿的自主选择和游戏体验，只要完成任务就是一种经验积累；教师C：调整任务卡呈现方式，如增加“我想挑战”等提示，鼓励幼儿选择不同星级的挑战？如果教师提到调整过顺序，再追问：是什么信息或想法让你改变了当时的排序？请只围绕情境理解、判断依据和选项比较提问，不要提及任何内部计算指标、得分、排名、入选原因或评价性判断。,,访谈提醒：本程序用于筛选值得访谈的情境题，不用于向教师反馈测评成绩。后续AI访谈或人工访谈时，不得向教师透露得分、排名、R/P/G分、IIV或任何评价性结果。
教师43,sim_openid_043_506613,2,Q4,4,频繁求助,中班区域活动时，小明选择了建构区。玩了一会儿，他跑到老师面前说“老师，我不会搭……帮帮我吧”，教师问他需要什么帮助时，他一边说我不会搭，一边却很快地将房子从一层积木加高到了两层。看小明专注搭建后，老师就离开建构区了。可是没一会，小明又找了老师好几次，说“老师，帮帮我吧，我不会搭”。,鼓励小明独立搭建，引导他思考接下来如何搭建，及时表扬他的努力。,先示范搭建关键部分，请小明观察方法，再鼓励他照着继续搭建。,在旁观察小明的搭建过程，并适时反馈，帮助他理清搭建步骤。,帮小明回顾已搭建完成的部分，指导他设定小目标，尝试自己实现。,C 观察诊断与介入时机,D 支架策略,R/G,2,1,,2,0.0,0.525,0.75,0.5,0.160727,1.0,0.641833,0.366073,0.414414,63,80.196137,R/P/G多源证据重复入选，系统解释强度较高；IIV规范化信号：主要IIV信号：选项焦点变化、过程冲突、同题过程信息量；可追问选项比较：教师B：先示范搭建关键部分，请小明观察方法，再鼓励他照着继续搭建。；教师D：帮小明回顾已搭建完成的部分，指导他设定小目标，尝试自己实现。,覆盖能力类型：C 观察诊断与介入时机,解释为什么能快速稳定形成较好判断，关注已有经验或优势图式；相对优势和可激活能力解释,B,B/D,教师B：先示范搭建关键部分，请小明观察方法，再鼓励他照着继续搭建。,教师B：先示范搭建关键部分，请小明观察方法，再鼓励他照着继续搭建。；教师D：帮小明回顾已搭建完成的部分，指导他设定小目标，尝试自己实现。,请回忆第4题这个情境。当时的情境是：中班区域活动时，小明选择了建构区。玩了一会儿，他跑到老师面前说“老师，我不会搭……帮帮我吧”，教师问他需要什么帮助时，他一边说我不会搭，一边却很快地将房子从一层积木加高到了两层。看小明专注搭建后，老师就离开建构区了。可是没一会，小明又找了老师好几次，说“老师，帮帮我吧，我不会搭”。当时提供的做法包括：教师A：鼓励小明独立搭建，引导他思考接下来如何搭建，及时表扬他的努力；教师B：先示范搭建关键部分，请小明观察方法，再鼓励他照着继续搭建；教师C：在旁观察小明的搭建过程，并适时反馈，帮助他理清搭建步骤；教师D：帮小明回顾已搭建完成的部分，指导他设定小目标，尝试自己实现。可以先从这个情境本身追问：小明一边说不会搭，一边又能继续加高房子，你当时怎样判断他真正需要的帮助是什么？；面对幼儿反复求助，你觉得教师怎样支持，既不替代幼儿完成，又能帮助他继续推进游戏？。然后可围绕其作答过程中的重点比较追问：你当时是怎样比较以下两种做法的：教师B：先示范搭建关键部分，请小明观察方法，再鼓励他照着继续搭建；教师D：帮小明回顾已搭建完成的部分，指导他设定小目标，尝试自己实现？如果教师提到调整过顺序，再追问：是什么信息或想法让你改变了当时的排序？请只围绕情境理解、判断依据和选项比较提问，不要提及任何内部计算指标、得分、排名、入选原因或评价性判断。,,访谈提醒：本程序用于筛选值得访谈的情境题，不用于向教师反馈测评成绩。后续AI访谈或人工访谈时，不得向教师透露得分、排名、R/P/G分、IIV或任何评价性结果。
教师43,sim_openid_043_506613,3,Q5,5,消防员救火开心,近几天，中班的幼儿十分热衷于在区域游戏时间玩“消防员救火”的游戏。游戏结束后的交流活动中，老师问幼儿最想分享什么时，阳阳说“娃娃家着火了，好开心啊！”。,抓住教育契机，向幼儿耐心解释真实的火灾会造成物品损失和人员伤亡。,询问幼儿开心的是“着火”本身，还是消防员成功救火、娃娃家的人得救？,引导幼儿思考“娃娃家着火”值不值得开心，帮助他们认识真实火灾是危险的。,请阳阳讲讲娃娃家着火后发生了什么、为什么开心，借此理解幼儿的游戏体验。,A 游戏意义理解与儿童视角,B 价值平衡,P,1,,1,,0.25,0.275,0.875,0.75,0.688373,1.0,0.952818,0.593837,0.576478,28,71.236238,来自P分候选，作答过程具有访谈解释价值；IIV规范化信号：主要IIV信号：选项焦点变化、同题过程信息量、过程冲突；可追问选项比较：教师B：询问幼儿开心的是“着火”本身，还是消防员成功救火、娃娃家的人得救？；教师C：引导幼儿思考“娃娃家着火”值不值得开心，帮助他们认识真实火灾是危险的。,覆盖能力类型：A 游戏意义理解与儿童视角,请教师回忆读到情境后最先注意到什么、是否很快形成判断或感到难判断；追问后续主要在比较哪些做法、为什么调整；追问最理想或最不理想做法的判断为什么发生变化；追问是否曾把某做法从合适改判为不合适，或相反；追问当时是否在几个判断标准之间反复权衡,A,B/C,教师A：抓住教育契机，向幼儿耐心解释真实的火灾会造成物品损失和人员伤亡。,教师B：询问幼儿开心的是“着火”本身，还是消防员成功救火、娃娃家的人得救？；教师C：引导幼儿思考“娃娃家着火”值不值得开心，帮助他们认识真实火灾是危险的。,请回忆第5题这个情境。当时的情境是：近几天，中班的幼儿十分热衷于在区域游戏时间玩“消防员救火”的游戏。游戏结束后的交流活动中，老师问幼儿最想分享什么时，阳阳说“娃娃家着火了，好开心啊！”。当时提供的做法包括：教师A：抓住教育契机，向幼儿耐心解释真实的火灾会造成物品损失和人员伤亡；教师B：询问幼儿开心的是“着火”本身，还是消防员成功救火、娃娃家的人得救；教师C：引导幼儿思考“娃娃家着火”值不值得开心，帮助他们认识真实火灾是危险的；教师D：请阳阳讲讲娃娃家着火后发生了什么、为什么开心，借此理解幼儿的游戏体验。可以先从这个情境本身追问：阳阳说娃娃家着火了很开心时，你当时更关注真实火灾的危险教育，还是先理解他在游戏里的开心来自哪里？；你觉得教师怎样回应，既不否定幼儿的游戏体验，又能引导他们理解真实火灾的意义？。然后可围绕其作答过程中的重点比较追问：你当时是怎样比较以下两种做法的：教师B：询问幼儿开心的是“着火”本身，还是消防员成功救火、娃娃家的人得救；教师C：引导幼儿思考“娃娃家着火”值不值得开心，帮助他们认识真实火灾是危险的？如果教师提到调整过顺序，再追问：是什么信息或想法让你改变了当时的排序？请只围绕情境理解、判断依据和选项比较提问，不要提及任何内部计算指标、得分、排名、入选原因或评价性判断。,,访谈提醒：本程序用于筛选值得访谈的情境题，不用于向教师反馈测评成绩。后续AI访谈或人工访谈时，不得向教师透露得分、排名、R/P/G分、IIV或任何评价性结果。
教师44,sim_openid_044_185936,1,Q3,3,材料选择无层次,大班上学期，张老师在建构区投放了按图搭建的游戏材料，并提供了不同星级难度的任务卡供幼儿选择，但有的幼儿一上来就选择高难度的三星级任务卡，结果不能顺利完成任务；而有的幼儿始终选择低难度的一星级任务卡。这天，浩浩又连续选择了几张一星级任务卡，很快就完成了任务。,调整任务卡提供方式，在游戏开始前根据幼儿的能力水平有针对性地发放任务卡。,暂不介入，尊重幼儿的自主选择和游戏体验，只要完成任务就是一种经验积累。,调整任务卡呈现方式，如增加“我想挑战”等提示，鼓励幼儿选择不同星级的挑战。,和浩浩回顾已完成的任务，比较不同星级的难度，邀请他选择稍有挑战的任务。,D 支架策略与游戏推进,C 观察诊断,R/P/G,3,1,2,1,0.0,0.375,1.0,1.0,0.431811,0.75,0.601333,0.518181,0.504498,92,88.04,R/P/G多源证据重复入选，系统解释强度较高；IIV规范化信号：主要IIV信号：过程冲突、修正信号、选项焦点变化；可追问选项比较：教师B：暂不介入，尊重幼儿的自主选择和游戏体验，只要完成任务就是一种经验积累。；教师C：调整任务卡呈现方式，如增加“我想挑战”等提示，鼓励幼儿选择不同星级的挑战。,覆盖能力类型：D 支架策略与游戏推进,解释相对优势端如何形成；追问最理想或最不理想做法的判断为什么发生变化；追问是否曾把某做法从合适改判为不合适，或相反；能力分化画像,A,B/C,教师A：调整任务卡提供方式，在游戏开始前根据幼儿的能力水平有针对性地发放任务卡。,教师B：暂不介入，尊重幼儿的自主选择和游戏体验，只要完成任务就是一种经验积累。；教师C：调整任务卡呈现方式，如增加“我想挑战”等提示，鼓励幼儿选择不同星级的挑战。,请回忆第3题这个情境。当时的情境是：大班上学期，张老师在建构区投放了按图搭建的游戏材料，并提供了不同星级难度的任务卡供幼儿选择，但有的幼儿一上来就选择高难度的三星级任务卡，结果不能顺利完成任务；而有的幼儿始终选择低难度的一星级任务卡。这天，浩浩又连续选择了几张一星级任务卡，很快就完成了任务。当时提供的做法包括：教师A：调整任务卡提供方式，在游戏开始前根据幼儿的能力水平有针对性地发放任务卡；教师B：暂不介入，尊重幼儿的自主选择和游戏体验，只要完成任务就是一种经验积累；教师C：调整任务卡呈现方式，如增加“我想挑战”等提示，鼓励幼儿选择不同星级的挑战；教师D：和浩浩回顾已完成的任务，比较不同星级的难度，邀请他选择稍有挑战的任务。可以先从这个情境本身追问：浩浩反复选择一星任务卡时，你当时更想尊重他的自主选择，还是推动他尝试更有挑战的任务？；你觉得教师应该怎样判断幼儿是需要安全感、缺少挑战意识，还是任务卡呈现方式本身需要调整？。然后可围绕其作答过程中的重点比较追问：你当时是怎样比较以下两种做法的：教师B：暂不介入，尊重幼儿的自主选择和游戏体验，只要完成任务就是一种经验积累；教师C：调整任务卡呈现方式，如增加“我想挑战”等提示，鼓励幼儿选择不同星级的挑战？如果教师提到调整过顺序，再追问：是什么信息或想法让你改变了当时的排序？请只围绕情境理解、判断依据和选项比较提问，不要提及任何内部计算指标、得分、排名、入选原因或评价性判断。,,访谈提醒：本程序用于筛选值得访谈的情境题，不用于向教师反馈测评成绩。后续AI访谈或人工访谈时，不得向教师透露得分、排名、R/P/G分、IIV或任何评价性结果。
教师44,sim_openid_044_185936,2,Q10,10,引水难题未解,中班上学期，幼儿在“引水游戏”中遇到了难题——水无法被引到竹片管道上。他们不断调整竹片拼接的方式，却始终没能成功，即竹片一头高于出水管道，阻碍了引流。渐渐地幼儿的探索兴趣也减弱了，有的开始玩水，有的甚至离开了水池。,示范正确的引水方法，请幼儿注意观察并说说引水的要领，再自己试一试。,加入幼儿的探索，引导他们观察水流受阻的位置，一起尝试调整竹片的摆放方式。,组织幼儿就游戏困难进行讨论，寻找解决问题的方案，引导幼儿再次尝试。,投放更多辅助引水的材料，重新激起幼儿的探索兴趣，继续观察游戏进展。,C 观察诊断与介入时机,D 探究支架,R/G,2,2,,2,0.75,0.375,0.5,0.25,0.105862,0.5,0.373198,0.510586,0.472996,59,75.555646,R/P/G多源证据重复入选，系统解释强度较高；IIV规范化信号：主要IIV信号：结果风险、过程冲突、选项焦点变化；可追问选项比较：教师C：组织幼儿就游戏困难进行讨论，寻找解决问题的方案，引导幼儿再次尝试。；教师D：投放更多辅助引水的材料，重新激起幼儿的探索兴趣，继续观察游戏进展。,覆盖能力类型：C 观察诊断与介入时机,解释相对薄弱端如何形成；能力分化画像,A,C/D,教师A：示范正确的引水方法，请幼儿注意观察并说说引水的要领，再自己试一试。,教师C：组织幼儿就游戏困难进行讨论，寻找解决问题的方案，引导幼儿再次尝试。；教师D：投放更多辅助引水的材料，重新激起幼儿的探索兴趣，继续观察游戏进展。,请回忆第10题这个情境。当时的情境是：中班上学期，幼儿在“引水游戏”中遇到了难题——水无法被引到竹片管道上。他们不断调整竹片拼接的方式，却始终没能成功，即竹片一头高于出水管道，阻碍了引流。渐渐地幼儿的探索兴趣也减弱了，有的开始玩水，有的甚至离开了水池。当时提供的做法包括：教师A：示范正确的引水方法，请幼儿注意观察并说说引水的要领，再自己试一试；教师B：加入幼儿的探索，引导他们观察水流受阻的位置，一起尝试调整竹片的摆放方式；教师C：组织幼儿就游戏困难进行讨论，寻找解决问题的方案，引导幼儿再次尝试；教师D：投放更多辅助引水的材料，重新激起幼儿的探索兴趣，继续观察游戏进展。可以先从这个情境本身追问：孩子们引水失败、兴趣减弱时，你当时更倾向于直接示范方法，还是继续支持他们自己发现水流受阻的原因？；你觉得教师怎样提供支架，既能帮助问题解决，又保留幼儿继续探究的空间？。然后可围绕其作答过程中的重点比较追问：你当时是怎样比较以下两种做法的：教师C：组织幼儿就游戏困难进行讨论，寻找解决问题的方案，引导幼儿再次尝试；教师D：投放更多辅助引水的材料，重新激起幼儿的探索兴趣，继续观察游戏进展？如果教师提到调整过顺序，再追问：是什么信息或想法让你改变了当时的排序？请只围绕情境理解、判断依据和选项比较提问，不要提及任何内部计算指标、得分、排名、入选原因或评价性判断。,,访谈提醒：本程序用于筛选值得访谈的情境题，不用于向教师反馈测评成绩。后续AI访谈或人工访谈时，不得向教师透露得分、排名、R/P/G分、IIV或任何评价性结果。
教师44,sim_openid_044_185936,3,Q1,1,篮球架玩水,操场上新安装了一些篮球架，幼儿经常在这里投篮。某天户外活动时，几名幼儿带着画笔和水桶来到这里，他们先是快乐地粉刷篮球架，之后开始往篮框里灌水，有的从上面灌，有的在下面接，忙的不亦乐乎，俨然这里成为了玩水的场地。,看到幼儿玩得很开心，不干预他们的玩水行为，待兴趣减弱后再讨论玩水的适宜性。,表扬幼儿的新发现，并询问在篮球架旁玩水是否合适，提议幼儿可以换个地方玩水。,参与到幼儿的“粉刷”游戏中，逐步引导幼儿到适宜玩水的地方继续开展游戏。,提醒幼儿篮球架是用于开展运动的，与其他幼儿一起召唤他们打篮球，转移他们的关注点。,B 自主游戏与规则/安全/价值平衡,A 游戏意义理解,P,1,,1,,0.5,0.125,0.75,0.5,0.638342,1.0,0.692085,0.613834,0.554688,28,30.921189,来自P分候选，作答过程具有访谈解释价值；IIV规范化信号：主要IIV信号：选项焦点变化、过程冲突、同题过程信息量；可追问选项比较：教师A：看到幼儿玩得很开心，不干预他们的玩水行为，待兴趣减弱后再讨论玩水的适宜性。；教师C：参与到幼儿的“粉刷”游戏中，逐步引导幼儿到适宜玩水的地方继续开展游戏。,覆盖能力类型：B 自主游戏与规则/安全/价值平衡,请教师回忆读到情境后最先注意到什么、是否很快形成判断或感到难判断；追问最理想或最不理想做法的判断为什么发生变化；追问是否曾把某做法从合适改判为不合适，或相反,B,A/C,教师B：表扬幼儿的新发现，并询问在篮球架旁玩水是否合适，提议幼儿可以换个地方玩水。,教师A：看到幼儿玩得很开心，不干预他们的玩水行为，待兴趣减弱后再讨论玩水的适宜性。；教师C：参与到幼儿的“粉刷”游戏中，逐步引导幼儿到适宜玩水的地方继续开展游戏。,请回忆第1题这个情境。当时的情境是：操场上新安装了一些篮球架，幼儿经常在这里投篮。某天户外活动时，几名幼儿带着画笔和水桶来到这里，他们先是快乐地粉刷篮球架，之后开始往篮框里灌水，有的从上面灌，有的在下面接，忙的不亦乐乎，俨然这里成为了玩水的场地。当时提供的做法包括：教师A：看到幼儿玩得很开心，不干预他们的玩水行为，待兴趣减弱后再讨论玩水的适宜性；教师B：表扬幼儿的新发现，并询问在篮球架旁玩水是否合适，提议幼儿可以换个地方玩水；教师C：参与到幼儿的“粉刷”游戏中，逐步引导幼儿到适宜玩水的地方继续开展游戏；教师D：提醒幼儿篮球架是用于开展运动的，与其他幼儿一起召唤他们打篮球，转移他们的关注点。可以先从这个情境本身追问：这个情境里，孩子把篮球架变成玩水场地，你当时更关注他们的游戏兴趣、器械用途，还是安全与场地适宜性？；如果既想保护孩子的探索兴趣，又要回应篮球架原本的运动功能，你觉得教师可以怎样衔接？。然后可围绕其作答过程中的重点比较追问：你当时是怎样比较以下两种做法的：教师A：看到幼儿玩得很开心，不干预他们的玩水行为，待兴趣减弱后再讨论玩水的适宜性；教师C：参与到幼儿的“粉刷”游戏中，逐步引导幼儿到适宜玩水的地方继续开展游戏？如果教师提到调整过顺序，再追问：是什么信息或想法让你改变了当时的排序？请只围绕情境理解、判断依据和选项比较提问，不要提及任何内部计算指标、得分、排名、入选原因或评价性判断。,,访谈提醒：本程序用于筛选值得访谈的情境题，不用于向教师反馈测评成绩。后续AI访谈或人工访谈时，不得向教师透露得分、排名、R/P/G分、IIV或任何评价性结果。
教师45,sim_openid_045_327696,1,Q10,10,引水难题未解,中班上学期，幼儿在“引水游戏”中遇到了难题——水无法被引到竹片管道上。他们不断调整竹片拼接的方式，却始终没能成功，即竹片一头高于出水管道，阻碍了引流。渐渐地幼儿的探索兴趣也减弱了，有的开始玩水，有的甚至离开了水池。,示范正确的引水方法，请幼儿注意观察并说说引水的要领，再自己试一试。,加入幼儿的探索，引导他们观察水流受阻的位置，一起尝试调整竹片的摆放方式。,组织幼儿就游戏困难进行讨论，寻找解决问题的方案，引导幼儿再次尝试。,投放更多辅助引水的材料，重新激起幼儿的探索兴趣，继续观察游戏进展。,C 观察诊断与介入时机,D 探究支架,R/P/G,3,1,1,1,0.0,0.5,0.75,0.75,0.0,0.75,0.583895,0.375,0.404195,96,87.51686,R/P/G多源证据重复入选，系统解释强度较高；IIV规范化信号：主要IIV信号：过程冲突、修正信号、选项焦点变化；可追问选项比较：教师B：加入幼儿的探索，引导他们观察水流受阻的位置，一起尝试调整竹片的摆放方式。；教师C：组织幼儿就游戏困难进行讨论，寻找解决问题的方案，引导幼儿再次尝试。,覆盖能力类型：C 观察诊断与介入时机,解释相对优势端如何形成；请教师回忆读到情境后最先注意到什么、是否很快形成判断或感到难判断；追问最理想或最不理想做法的判断为什么发生变化；追问是否曾把某做法从合适改判为不合适，或相反；能力分化画像,D,B/C,教师D：投放更多辅助引水的材料，重新激起幼儿的探索兴趣，继续观察游戏进展。,教师B：加入幼儿的探索，引导他们观察水流受阻的位置，一起尝试调整竹片的摆放方式。；教师C：组织幼儿就游戏困难进行讨论，寻找解决问题的方案，引导幼儿再次尝试。,请回忆第10题这个情境。当时的情境是：中班上学期，幼儿在“引水游戏”中遇到了难题——水无法被引到竹片管道上。他们不断调整竹片拼接的方式，却始终没能成功，即竹片一头高于出水管道，阻碍了引流。渐渐地幼儿的探索兴趣也减弱了，有的开始玩水，有的甚至离开了水池。当时提供的做法包括：教师A：示范正确的引水方法，请幼儿注意观察并说说引水的要领，再自己试一试；教师B：加入幼儿的探索，引导他们观察水流受阻的位置，一起尝试调整竹片的摆放方式；教师C：组织幼儿就游戏困难进行讨论，寻找解决问题的方案，引导幼儿再次尝试；教师D：投放更多辅助引水的材料，重新激起幼儿的探索兴趣，继续观察游戏进展。可以先从这个情境本身追问：孩子们引水失败、兴趣减弱时，你当时更倾向于直接示范方法，还是继续支持他们自己发现水流受阻的原因？；你觉得教师怎样提供支架，既能帮助问题解决，又保留幼儿继续探究的空间？。然后可围绕其作答过程中的重点比较追问：你当时是怎样比较以下两种做法的：教师B：加入幼儿的探索，引导他们观察水流受阻的位置，一起尝试调整竹片的摆放方式；教师C：组织幼儿就游戏困难进行讨论，寻找解决问题的方案，引导幼儿再次尝试？如果教师提到调整过顺序，再追问：是什么信息或想法让你改变了当时的排序？请只围绕情境理解、判断依据和选项比较提问，不要提及任何内部计算指标、得分、排名、入选原因或评价性判断。,,访谈提醒：本程序用于筛选值得访谈的情境题，不用于向教师反馈测评成绩。后续AI访谈或人工访谈时，不得向教师透露得分、排名、R/P/G分、IIV或任何评价性结果。
教师45,sim_openid_045_327696,2,Q6,6,区域停留短,小班幼儿瑶瑶在区域活动时，一会儿在娃娃家切切菜，一会儿到美工区搓搓橡皮泥，一会儿又开心地跑到其它区域游戏，在任何一个区域停留时间都不超过三分钟。,提议瑶瑶完成某项游戏任务，如在娃娃家做菜，请他活动小结时分享。,游戏前提醒区域活动规则，活动结束后表扬区域游戏规则遵守得好的小朋友。,仔细观察瑶瑶在不同区域的游戏情况，分析他发生迅速转移的原因。,以同伴的身份陪伴瑶瑶在某一区域游戏，待他专注游戏后再离开。,C 观察诊断与介入时机,A 儿童视角,R/P/G,3,2,2,2,0.75,0.25,0.75,0.5,0.621304,1.0,0.562655,0.71213,0.640263,83,54.899098,R/P/G多源证据重复入选，系统解释强度较高；IIV规范化信号：主要IIV信号：选项焦点变化、结果风险、过程冲突；可追问选项比较：教师B：游戏前提醒区域活动规则，活动结束后表扬区域游戏规则遵守得好的小朋友。；教师C：仔细观察瑶瑶在不同区域的游戏情况，分析他发生迅速转移的原因。,覆盖能力类型：C 观察诊断与介入时机,解释相对薄弱端如何形成；追问最理想或最不理想做法的判断为什么发生变化；追问当时是否在几个判断标准之间反复权衡；能力分化画像,A,B/C,教师A：提议瑶瑶完成某项游戏任务，如在娃娃家做菜，请他活动小结时分享。,教师B：游戏前提醒区域活动规则，活动结束后表扬区域游戏规则遵守得好的小朋友。；教师C：仔细观察瑶瑶在不同区域的游戏情况，分析他发生迅速转移的原因。,请回忆第6题这个情境。当时的情境是：小班幼儿瑶瑶在区域活动时，一会儿在娃娃家切切菜，一会儿到美工区搓搓橡皮泥，一会儿又开心地跑到其它区域游戏，在任何一个区域停留时间都不超过三分钟。当时提供的做法包括：教师A：提议瑶瑶完成某项游戏任务，如在娃娃家做菜，请他活动小结时分享；教师B：游戏前提醒区域活动规则，活动结束后表扬区域游戏规则遵守得好的小朋友；教师C：仔细观察瑶瑶在不同区域的游戏情况，分析他发生迅速转移的原因；教师D：以同伴的身份陪伴瑶瑶在某一区域游戏，待他专注游戏后再离开。可以先从这个情境本身追问：瑶瑶在多个区域快速转换时，你当时会先把它看作注意力不集中、规则问题，还是一种探索不同材料的方式？；如果你在现场，你会先观察哪些信息来判断是否需要介入？。然后可围绕其作答过程中的重点比较追问：你当时是怎样比较以下两种做法的：教师B：游戏前提醒区域活动规则，活动结束后表扬区域游戏规则遵守得好的小朋友；教师C：仔细观察瑶瑶在不同区域的游戏情况，分析他发生迅速转移的原因？如果教师提到调整过顺序，再追问：是什么信息或想法让你改变了当时的排序？请只围绕情境理解、判断依据和选项比较提问，不要提及任何内部计算指标、得分、排名、入选原因或评价性判断。,,访谈提醒：本程序用于筛选值得访谈的情境题，不用于向教师反馈测评成绩。后续AI访谈或人工访谈时，不得向教师透露得分、排名、R/P/G分、IIV或任何评价性结果。
教师45,sim_openid_045_327696,3,Q3,3,材料选择无层次,大班上学期，张老师在建构区投放了按图搭建的游戏材料，并提供了不同星级难度的任务卡供幼儿选择，但有的幼儿一上来就选择高难度的三星级任务卡，结果不能顺利完成任务；而有的幼儿始终选择低难度的一星级任务卡。这天，浩浩又连续选择了几张一星级任务卡，很快就完成了任务。,调整任务卡提供方式，在游戏开始前根据幼儿的能力水平有针对性地发放任务卡。,暂不介入，尊重幼儿的自主选择和游戏体验，只要完成任务就是一种经验积累。,调整任务卡呈现方式，如增加“我想挑战”等提示，鼓励幼儿选择不同星级的挑战。,和浩浩回顾已完成的任务，比较不同星级的难度，邀请他选择稍有挑战的任务。,D 支架策略与游戏推进,C 观察诊断,备用补入,0,,,,0.25,0.25,0.75,0.75,0.90453,1.0,0.515111,0.590453,0.553709,0,52.271881,候选不足时按备用综合分补入；IIV规范化信号：主要IIV信号：选项焦点变化、相对时间信号、过程冲突；可追问选项比较：教师B：暂不介入，尊重幼儿的自主选择和游戏体验，只要完成任务就是一种经验积累。；教师C：调整任务卡呈现方式，如增加“我想挑战”等提示，鼓励幼儿选择不同星级的挑战。,覆盖能力类型：D 支架策略与游戏推进,围绕该情境理解、选项比较和判断依据进行访谈,D,B/C,教师D：和浩浩回顾已完成的任务，比较不同星级的难度，邀请他选择稍有挑战的任务。,教师B：暂不介入，尊重幼儿的自主选择和游戏体验，只要完成任务就是一种经验积累。；教师C：调整任务卡呈现方式，如增加“我想挑战”等提示，鼓励幼儿选择不同星级的挑战。,请回忆第3题这个情境。当时的情境是：大班上学期，张老师在建构区投放了按图搭建的游戏材料，并提供了不同星级难度的任务卡供幼儿选择，但有的幼儿一上来就选择高难度的三星级任务卡，结果不能顺利完成任务；而有的幼儿始终选择低难度的一星级任务卡。这天，浩浩又连续选择了几张一星级任务卡，很快就完成了任务。当时提供的做法包括：教师A：调整任务卡提供方式，在游戏开始前根据幼儿的能力水平有针对性地发放任务卡；教师B：暂不介入，尊重幼儿的自主选择和游戏体验，只要完成任务就是一种经验积累；教师C：调整任务卡呈现方式，如增加“我想挑战”等提示，鼓励幼儿选择不同星级的挑战；教师D：和浩浩回顾已完成的任务，比较不同星级的难度，邀请他选择稍有挑战的任务。可以先从这个情境本身追问：浩浩反复选择一星任务卡时，你当时更想尊重他的自主选择，还是推动他尝试更有挑战的任务？；你觉得教师应该怎样判断幼儿是需要安全感、缺少挑战意识，还是任务卡呈现方式本身需要调整？。然后可围绕其作答过程中的重点比较追问：你当时是怎样比较以下两种做法的：教师B：暂不介入，尊重幼儿的自主选择和游戏体验，只要完成任务就是一种经验积累；教师C：调整任务卡呈现方式，如增加“我想挑战”等提示，鼓励幼儿选择不同星级的挑战？如果教师提到调整过顺序，再追问：是什么信息或想法让你改变了当时的排序？请只围绕情境理解、判断依据和选项比较提问，不要提及任何内部计算指标、得分、排名、入选原因或评价性判断。,候选池不足3题，按备用综合分补入,访谈提醒：本程序用于筛选值得访谈的情境题，不用于向教师反馈测评成绩。后续AI访谈或人工访谈时，不得向教师透露得分、排名、R/P/G分、IIV或任何评价性结果。
