participantName,userOpenid,item_id,questionIndex,item_title,scenarioText,optionA,optionB,optionC,optionD,raw_item_time_sec,effective_item_time_sec,effective_first_response_time_sec,effective_post_first_time_sec,revision_count,action_count,first_position_change_count,last_position_change_count,top_bottom_swap_count,unique_state_count,repeated_state_count,backtracking_count,oscillation_count,priorityOption,priorityPair,priorityOptionText,priorityPairText,max_idle_gap_sec,time_removed_sec,interruption_flag,F_score,M_score,B_score,O_score,P_IVI,selection_status,process_type,process_labels,suggested_interview_focus
教师01,sim_openid_001_867882,Q1,1,篮球架玩水,操场上新安装了一些篮球架，幼儿经常在这里投篮。某天户外活动时，几名幼儿带着画笔和水桶来到这里，他们先是快乐地粉刷篮球架，之后开始往篮框里灌水，有的从上面灌，有的在下面接，忙的不亦乐乎，俨然这里成为了玩水的场地。,看到幼儿玩得很开心，不干预他们的玩水行为，待兴趣减弱后再讨论玩水的适宜性。,表扬幼儿的新发现，并询问在篮球架旁玩水是否合适，提议幼儿可以换个地方玩水。,参与到幼儿的“粉刷”游戏中，逐步引导幼儿到适宜玩水的地方继续开展游戏。,提醒幼儿篮球架是用于开展运动的，与其他幼儿一起召唤他们打篮球，转移他们的关注点。,28.904,28.904,,,0,0,0,0,0,1,0,0,0,,,,,28.904,0.0,0,0.0,22.666667,0.0,23.888889,10.383333,eligible,过程简单,过程相对平稳,追问教师当时主要依据什么形成排序
教师01,sim_openid_001_867882,Q2,2,未参与小组建构,大班建构活动中，睿睿和其他幼儿计划一起搭积木大桥，他们讨论了搭建方法，并进入区域开始搭建。就在其他幼儿在认真搭建时，睿睿发现了一块长条木板，他一会儿在地上推着走，一会儿当枪使，没有再参与小组的搭建。,继续观察，后续分享中支持睿睿思考如何把长条木板融入小组的建构中。,肯定睿睿的创造性玩法，询问他长条板能否当桥面，引导他参与到搭桥任务中。,引导睿睿回顾计划，建议他先完成共同任务，长条木板可以等自由游戏时再玩。,看到睿睿玩得开心，暂不介入，等下一次活动时再提醒他根据计划开展游戏。,25.807,25.807,11.655,14.152,3,3,1,1,0,4,0,0,0,A,B/C,教师A：继续观察，后续分享中支持睿睿思考如何把长条木板融入小组的建构中。,教师B：肯定睿睿的创造性玩法，询问他长条板能否当桥面，引导他参与到搭桥任务中。；教师C：引导睿睿回顾计划，建议他先完成共同任务，长条木板可以等自由游戏时再玩。,11.655,0.0,0,62.222222,21.555556,60.0,29.666667,44.361111,eligible,过程中等,首反应异常；多次调整；首末位摇摆,请教师回忆读到情境后最先注意到什么、是否很快形成判断或感到难判断；追问最理想或最不理想做法的判断为什么发生变化
教师01,sim_openid_001_867882,Q3,3,材料选择无层次,大班上学期，张老师在建构区投放了按图搭建的游戏材料，并提供了不同星级难度的任务卡供幼儿选择，但有的幼儿一上来就选择高难度的三星级任务卡，结果不能顺利完成任务；而有的幼儿始终选择低难度的一星级任务卡。这天，浩浩又连续选择了几张一星级任务卡，很快就完成了任务。,调整任务卡提供方式，在游戏开始前根据幼儿的能力水平有针对性地发放任务卡。,暂不介入，尊重幼儿的自主选择和游戏体验，只要完成任务就是一种经验积累。,调整任务卡呈现方式，如增加“我想挑战”等提示，鼓励幼儿选择不同星级的挑战。,和浩浩回顾已完成的任务，比较不同星级的难度，邀请他选择稍有挑战的任务。,44.552,44.552,26.218,18.334,4,4,1,3,1,5,0,0,0,A,B/C,教师A：调整任务卡提供方式，在游戏开始前根据幼儿的能力水平有针对性地发放任务卡。,教师B：暂不介入，尊重幼儿的自主选择和游戏体验，只要完成任务就是一种经验积累。；教师C：调整任务卡呈现方式，如增加“我想挑战”等提示，鼓励幼儿选择不同星级的挑战。,26.218,0.0,0,71.111111,43.333333,100.0,36.888889,67.755556,eligible,过程复杂,首反应异常；多次调整；首末位摇摆；优劣方向冲突,请教师回忆读到情境后最先注意到什么、是否很快形成判断或感到难判断；追问最理想或最不理想做法的判断为什么发生变化；追问是否曾把某做法从合适改判为不合适，或相反
教师01,sim_openid_001_867882,Q4,4,频繁求助,中班区域活动时，小明选择了建构区。玩了一会儿，他跑到老师面前说“老师，我不会搭……帮帮我吧”，教师问他需要什么帮助时，他一边说我不会搭，一边却很快地将房子从一层积木加高到了两层。看小明专注搭建后，老师就离开建构区了。可是没一会，小明又找了老师好几次，说“老师，帮帮我吧，我不会搭”。,鼓励小明独立搭建，引导他思考接下来如何搭建，及时表扬他的努力。,先示范搭建关键部分，请小明观察方法，再鼓励他照着继续搭建。,在旁观察小明的搭建过程，并适时反馈，帮助他理清搭建步骤。,帮小明回顾已搭建完成的部分，指导他设定小目标，尝试自己实现。,32.005,32.005,10.223,21.782,4,4,2,1,0,4,1,1,1,B,A/C,教师B：先示范搭建关键部分，请小明观察方法，再鼓励他照着继续搭建。,教师A：鼓励小明独立搭建，引导他思考接下来如何搭建，及时表扬他的努力。；教师C：在旁观察小明的搭建过程，并适时反馈，帮助他理清搭建步骤。,10.223,0.0,0,42.5,59.166667,80.0,65.555556,64.083333,eligible,过程复杂,多次调整；首末位摇摆；路径振荡,追问最理想或最不理想做法的判断为什么发生变化；追问当时是否在几个判断标准之间反复权衡
教师01,sim_openid_001_867882,Q5,5,消防员救火开心,近几天，中班的幼儿十分热衷于在区域游戏时间玩“消防员救火”的游戏。游戏结束后的交流活动中，老师问幼儿最想分享什么时，阳阳说“娃娃家着火了，好开心啊！”。,抓住教育契机，向幼儿耐心解释真实的火灾会造成物品损失和人员伤亡。,询问幼儿开心的是“着火”本身，还是消防员成功救火、娃娃家的人得救？,引导幼儿思考“娃娃家着火”值不值得开心，帮助他们认识真实火灾是危险的。,请阳阳讲讲娃娃家着火后发生了什么、为什么开心，借此理解幼儿的游戏体验。,21.841,21.841,10.412,11.429,3,3,1,3,1,4,0,0,0,A,A/B,教师A：抓住教育契机，向幼儿耐心解释真实的火灾会造成物品损失和人员伤亡。,教师A：抓住教育契机，向幼儿耐心解释真实的火灾会造成物品损失和人员伤亡。；教师B：询问幼儿开心的是“着火”本身，还是消防员成功救火、娃娃家的人得救？,10.412,0.0,0,74.418605,26.976744,100.0,32.444444,62.843411,eligible,过程中等,首反应异常；多次调整；首末位摇摆；优劣方向冲突,请教师回忆读到情境后最先注意到什么、是否很快形成判断或感到难判断；追问最理想或最不理想做法的判断为什么发生变化；追问是否曾把某做法从合适改判为不合适，或相反
教师01,sim_openid_001_867882,Q6,6,区域停留短,小班幼儿瑶瑶在区域活动时，一会儿在娃娃家切切菜，一会儿到美工区搓搓橡皮泥，一会儿又开心地跑到其它区域游戏，在任何一个区域停留时间都不超过三分钟。,提议瑶瑶完成某项游戏任务，如在娃娃家做菜，请他活动小结时分享。,游戏前提醒区域活动规则，活动结束后表扬区域游戏规则遵守得好的小朋友。,仔细观察瑶瑶在不同区域的游戏情况，分析他发生迅速转移的原因。,以同伴的身份陪伴瑶瑶在某一区域游戏，待他专注游戏后再离开。,41.478,41.478,25.404,16.074,2,2,0,1,0,3,0,0,0,D,C/D,教师D：以同伴的身份陪伴瑶瑶在某一区域游戏，待他专注游戏后再离开。,教师C：仔细观察瑶瑶在不同区域的游戏情况，分析他发生迅速转移的原因。；教师D：以同伴的身份陪伴瑶瑶在某一区域游戏，待他专注游戏后再离开。,25.404,0.0,0,51.162791,19.891473,30.0,24.888889,30.433333,eligible,过程简单,过程相对平稳,追问教师当时主要依据什么形成排序
教师01,sim_openid_001_867882,Q7,7,飞行棋各走各的,大班区域游戏中，轩轩和小宇一起玩飞行棋，他们将棋子摆好后，各自拿了一个骰子开始投，小宇说：“该我走。”轩轩说：“明明该我走！”相持不下，于是两人各拿一个骰子，自顾自地走自己的棋。,耐心讲解共同游戏的规则，再以“棋手”身份加入游戏进行示范引导。,暂不介入，继续观察游戏进展，待区域小结时请幼儿分享游戏中的体验和问题。,拿走一个骰子，请幼儿商量只有一个骰子的共同游戏规则，达成一致后再开始游戏。,待幼儿体验一轮各走各的游戏后，询问幼儿的游戏体验，提示共同游戏规则的作用。,26.085,26.085,6.93,19.155,4,4,2,0,0,3,2,2,2,,B/C,,教师B：暂不介入，继续观察游戏进展，待区域小结时请幼儿分享游戏中的体验和问题。；教师C：拿走一个骰子，请幼儿商量只有一个骰子的共同游戏规则，达成一致后再开始游戏。,6.93,0.0,0,93.023256,52.263566,50.0,75.888889,63.167054,eligible,过程中等,首反应异常；多次调整；首末位摇摆；路径振荡,请教师回忆读到情境后最先注意到什么、是否很快形成判断或感到难判断；追问最理想或最不理想做法的判断为什么发生变化；追问当时是否在几个判断标准之间反复权衡
教师01,sim_openid_001_867882,Q8,8,跳绳秩序混乱,周三下午，大五班的幼儿正自发进行跳绳游戏。李老师观察后发现，挤在一起跳绳的幼儿人数较多，整个场面十分混乱，幼儿很容易出现碰撞现象。此外，由于当“柱子”的幼儿很久才能轮上跳绳，因此也显得很不耐烦。,请幼儿暂停游戏，将幼儿分成多个小组并引导他们以小组为单位分区域开展游戏。,请幼儿说一说跳绳活动中存在的问题，并邀请幼儿一起设置跳绳的规则。,提供更多数量和不同种类的跳绳，并言语引导幼儿分组分区同时进行跳绳游戏。,暂不介入，活动分享时通过照片或视频回放引导幼儿发现问题并商议解决办法。,40.686,40.686,16.388,24.298,5,5,2,3,1,6,0,0,0,A,B/C,教师A：请幼儿暂停游戏，将幼儿分成多个小组并引导他们以小组为单位分区域开展游戏。,教师B：请幼儿说一说跳绳活动中存在的问题，并邀请幼儿一起设置跳绳的规则。；教师C：提供更多数量和不同种类的跳绳，并言语引导幼儿分组分区同时进行跳绳游戏。,16.388,0.0,0,11.363636,65.909091,100.0,41.888889,63.328788,eligible,过程复杂,高修正投入；多次调整；首末位摇摆；优劣方向冲突,追问后续主要在比较哪些做法、为什么调整；追问最理想或最不理想做法的判断为什么发生变化；追问是否曾把某做法从合适改判为不合适，或相反
教师01,sim_openid_001_867882,Q9,9,艾莎公主不运动,小班的一次户外运动，有几个女孩子从一开始就没有选择任何体育活动项目，而是聚在一起坐在地上玩“艾莎公主”的游戏，比一比谁的鞋子最漂亮，谁的魔法最厉害。,询问幼儿没有参与运动的原因，提供丰富的活动材料吸引幼儿参与运动活动。,提醒幼儿现在是运动时间，请他们等自由游戏时间再一起玩“艾莎公主”的游戏。,利用艾莎公主的鞋子设计走、跑、跳等活动，并以参与者的身份邀请幼儿一起参与运动。,肯定幼儿自主游戏的行为，言语引导幼儿穿着“漂亮的鞋子”参与运动。,14.331,14.331,6.392,7.939,2,2,0,1,0,3,0,0,0,B,C/D,教师B：提醒幼儿现在是运动时间，请他们等自由游戏时间再一起玩“艾莎公主”的游戏。,教师C：利用艾莎公主的鞋子设计走、跑、跳等活动，并以参与者的身份邀请幼儿一起参与运动。；教师D：肯定幼儿自主游戏的行为，言语引导幼儿穿着“漂亮的鞋子”参与运动。,6.582,0.0,0,97.727273,14.090909,30.0,32.777778,39.189394,eligible,过程中等,首反应异常,请教师回忆读到情境后最先注意到什么、是否很快形成判断或感到难判断
教师01,sim_openid_001_867882,Q10,10,引水难题未解,中班上学期，幼儿在“引水游戏”中遇到了难题——水无法被引到竹片管道上。他们不断调整竹片拼接的方式，却始终没能成功，即竹片一头高于出水管道，阻碍了引流。渐渐地幼儿的探索兴趣也减弱了，有的开始玩水，有的甚至离开了水池。,示范正确的引水方法，请幼儿注意观察并说说引水的要领，再自己试一试。,加入幼儿的探索，引导他们观察水流受阻的位置，一起尝试调整竹片的摆放方式。,组织幼儿就游戏困难进行讨论，寻找解决问题的方案，引导幼儿再次尝试。,投放更多辅助引水的材料，重新激起幼儿的探索兴趣，继续观察游戏进展。,22.948,22.948,14.057,8.891,2,2,1,1,0,3,0,0,0,D,C/D,教师D：投放更多辅助引水的材料，重新激起幼儿的探索兴趣，继续观察游戏进展。,教师C：组织幼儿就游戏困难进行讨论，寻找解决问题的方案，引导幼儿再次尝试。；教师D：投放更多辅助引水的材料，重新激起幼儿的探索兴趣，继续观察游戏进展。,14.057,0.0,0,4.651163,14.449612,60.0,29.666667,30.715116,eligible,过程简单,首末位摇摆,追问最理想或最不理想做法的判断为什么发生变化
教师02,sim_openid_002_963914,Q1,1,篮球架玩水,操场上新安装了一些篮球架，幼儿经常在这里投篮。某天户外活动时，几名幼儿带着画笔和水桶来到这里，他们先是快乐地粉刷篮球架，之后开始往篮框里灌水，有的从上面灌，有的在下面接，忙的不亦乐乎，俨然这里成为了玩水的场地。,看到幼儿玩得很开心，不干预他们的玩水行为，待兴趣减弱后再讨论玩水的适宜性。,表扬幼儿的新发现，并询问在篮球架旁玩水是否合适，提议幼儿可以换个地方玩水。,参与到幼儿的“粉刷”游戏中，逐步引导幼儿到适宜玩水的地方继续开展游戏。,提醒幼儿篮球架是用于开展运动的，与其他幼儿一起召唤他们打篮球，转移他们的关注点。,55.47,55.47,24.997,30.473,7,7,4,2,2,6,2,2,0,B,B/C,教师B：表扬幼儿的新发现，并询问在篮球架旁玩水是否合适，提议幼儿可以换个地方玩水。,教师B：表扬幼儿的新发现，并询问在篮球架旁玩水是否合适，提议幼儿可以换个地方玩水。；教师C：参与到幼儿的“粉刷”游戏中，逐步引导幼儿到适宜玩水的地方继续开展游戏。,24.997,0.0,0,73.170732,87.318428,100.0,71.777778,86.596341,eligible,过程复杂,首反应异常；高修正投入；多次调整；首末位摇摆；优劣方向冲突；路径振荡,请教师回忆读到情境后最先注意到什么、是否很快形成判断或感到难判断；追问后续主要在比较哪些做法、为什么调整；追问最理想或最不理想做法的判断为什么发生变化；追问是否曾把某做法从合适改判为不合适，或相反；追问当时是否在几个判断标准之间反复权衡
教师02,sim_openid_002_963914,Q2,2,未参与小组建构,大班建构活动中，睿睿和其他幼儿计划一起搭积木大桥，他们讨论了搭建方法，并进入区域开始搭建。就在其他幼儿在认真搭建时，睿睿发现了一块长条木板，他一会儿在地上推着走，一会儿当枪使，没有再参与小组的搭建。,继续观察，后续分享中支持睿睿思考如何把长条木板融入小组的建构中。,肯定睿睿的创造性玩法，询问他长条板能否当桥面，引导他参与到搭桥任务中。,引导睿睿回顾计划，建议他先完成共同任务，长条木板可以等自由游戏时再玩。,看到睿睿玩得开心，暂不介入，等下一次活动时再提醒他根据计划开展游戏。,34.319,34.319,12.172,22.147,5,5,2,1,0,4,2,2,0,B,B/C,教师B：肯定睿睿的创造性玩法，询问他长条板能否当桥面，引导他参与到搭桥任务中。,教师B：肯定睿睿的创造性玩法，询问他长条板能否当桥面，引导他参与到搭桥任务中。；教师C：引导睿睿回顾计划，建议他先完成共同任务，长条木板可以等自由游戏时再玩。,12.172,0.0,0,44.444444,55.111111,80.0,60.222222,62.455556,eligible,过程中等,多次调整；首末位摇摆；路径振荡,追问最理想或最不理想做法的判断为什么发生变化；追问当时是否在几个判断标准之间反复权衡
教师02,sim_openid_002_963914,Q3,3,材料选择无层次,大班上学期，张老师在建构区投放了按图搭建的游戏材料，并提供了不同星级难度的任务卡供幼儿选择，但有的幼儿一上来就选择高难度的三星级任务卡，结果不能顺利完成任务；而有的幼儿始终选择低难度的一星级任务卡。这天，浩浩又连续选择了几张一星级任务卡，很快就完成了任务。,调整任务卡提供方式，在游戏开始前根据幼儿的能力水平有针对性地发放任务卡。,暂不介入，尊重幼儿的自主选择和游戏体验，只要完成任务就是一种经验积累。,调整任务卡呈现方式，如增加“我想挑战”等提示，鼓励幼儿选择不同星级的挑战。,和浩浩回顾已完成的任务，比较不同星级的难度，邀请他选择稍有挑战的任务。,38.506,38.506,23.775,14.731,4,4,1,3,1,5,0,0,0,A,B/C,教师A：调整任务卡提供方式，在游戏开始前根据幼儿的能力水平有针对性地发放任务卡。,教师B：暂不介入，尊重幼儿的自主选择和游戏体验，只要完成任务就是一种经验积累。；教师C：调整任务卡呈现方式，如增加“我想挑战”等提示，鼓励幼儿选择不同星级的挑战。,23.775,0.0,0,35.555556,38.0,100.0,36.888889,59.044444,eligible,过程中等,多次调整；首末位摇摆；优劣方向冲突,追问最理想或最不理想做法的判断为什么发生变化；追问是否曾把某做法从合适改判为不合适，或相反
教师02,sim_openid_002_963914,Q4,4,频繁求助,中班区域活动时，小明选择了建构区。玩了一会儿，他跑到老师面前说“老师，我不会搭……帮帮我吧”，教师问他需要什么帮助时，他一边说我不会搭，一边却很快地将房子从一层积木加高到了两层。看小明专注搭建后，老师就离开建构区了。可是没一会，小明又找了老师好几次，说“老师，帮帮我吧，我不会搭”。,鼓励小明独立搭建，引导他思考接下来如何搭建，及时表扬他的努力。,先示范搭建关键部分，请小明观察方法，再鼓励他照着继续搭建。,在旁观察小明的搭建过程，并适时反馈，帮助他理清搭建步骤。,帮小明回顾已搭建完成的部分，指导他设定小目标，尝试自己实现。,14.709,14.709,,,0,0,0,0,0,1,0,0,0,,,,,14.709,0.0,0,0.0,23.333333,0.0,21.0,10.15,eligible,过程简单,过程相对平稳,追问教师当时主要依据什么形成排序
教师02,sim_openid_002_963914,Q5,5,消防员救火开心,近几天，中班的幼儿十分热衷于在区域游戏时间玩“消防员救火”的游戏。游戏结束后的交流活动中，老师问幼儿最想分享什么时，阳阳说“娃娃家着火了，好开心啊！”。,抓住教育契机，向幼儿耐心解释真实的火灾会造成物品损失和人员伤亡。,询问幼儿开心的是“着火”本身，还是消防员成功救火、娃娃家的人得救？,引导幼儿思考“娃娃家着火”值不值得开心，帮助他们认识真实火灾是危险的。,请阳阳讲讲娃娃家着火后发生了什么、为什么开心，借此理解幼儿的游戏体验。,18.706,18.706,13.893,4.813,1,1,1,0,0,2,0,0,0,A,A/B,教师A：抓住教育契机，向幼儿耐心解释真实的火灾会造成物品损失和人员伤亡。,教师A：抓住教育契机，向幼儿耐心解释真实的火灾会造成物品损失和人员伤亡。；教师B：询问幼儿开心的是“着火”本身，还是消防员成功救火、娃娃家的人得救？,13.893,0.0,0,37.209302,4.465116,30.0,24.888889,23.014729,eligible,过程简单,过程相对平稳,追问教师当时主要依据什么形成排序
教师02,sim_openid_002_963914,Q6,6,区域停留短,小班幼儿瑶瑶在区域活动时，一会儿在娃娃家切切菜，一会儿到美工区搓搓橡皮泥，一会儿又开心地跑到其它区域游戏，在任何一个区域停留时间都不超过三分钟。,提议瑶瑶完成某项游戏任务，如在娃娃家做菜，请他活动小结时分享。,游戏前提醒区域活动规则，活动结束后表扬区域游戏规则遵守得好的小朋友。,仔细观察瑶瑶在不同区域的游戏情况，分析他发生迅速转移的原因。,以同伴的身份陪伴瑶瑶在某一区域游戏，待他专注游戏后再离开。,25.702,25.702,11.992,13.71,3,3,0,1,0,4,0,0,0,B,B/C,教师B：游戏前提醒区域活动规则，活动结束后表扬区域游戏规则遵守得好的小朋友。,教师B：游戏前提醒区域活动规则，活动结束后表扬区域游戏规则遵守得好的小朋友。；教师C：仔细观察瑶瑶在不同区域的游戏情况，分析他发生迅速转移的原因。,11.992,0.0,0,51.162791,27.503876,30.0,30.222222,33.517054,eligible,过程简单,多次调整,
教师02,sim_openid_002_963914,Q7,7,飞行棋各走各的,大班区域游戏中，轩轩和小宇一起玩飞行棋，他们将棋子摆好后，各自拿了一个骰子开始投，小宇说：“该我走。”轩轩说：“明明该我走！”相持不下，于是两人各拿一个骰子，自顾自地走自己的棋。,耐心讲解共同游戏的规则，再以“棋手”身份加入游戏进行示范引导。,暂不介入，继续观察游戏进展，待区域小结时请幼儿分享游戏中的体验和问题。,拿走一个骰子，请幼儿商量只有一个骰子的共同游戏规则，达成一致后再开始游戏。,待幼儿体验一轮各走各的游戏后，询问幼儿的游戏体验，提示共同游戏规则的作用。,57.219,57.219,21.552,35.667,9,9,4,5,2,8,2,2,0,C,A/B,教师C：拿走一个骰子，请幼儿商量只有一个骰子的共同游戏规则，达成一致后再开始游戏。,教师A：耐心讲解共同游戏的规则，再以“棋手”身份加入游戏进行示范引导。；教师B：暂不介入，继续观察游戏进展，待区域小结时请幼儿分享游戏中的体验和问题。,21.552,0.0,0,41.860465,94.217054,100.0,74.555556,82.820543,eligible,过程复杂,高修正投入；多次调整；首末位摇摆；优劣方向冲突；路径振荡,追问后续主要在比较哪些做法、为什么调整；追问最理想或最不理想做法的判断为什么发生变化；追问是否曾把某做法从合适改判为不合适，或相反；追问当时是否在几个判断标准之间反复权衡
教师02,sim_openid_002_963914,Q8,8,跳绳秩序混乱,周三下午，大五班的幼儿正自发进行跳绳游戏。李老师观察后发现，挤在一起跳绳的幼儿人数较多，整个场面十分混乱，幼儿很容易出现碰撞现象。此外，由于当“柱子”的幼儿很久才能轮上跳绳，因此也显得很不耐烦。,请幼儿暂停游戏，将幼儿分成多个小组并引导他们以小组为单位分区域开展游戏。,请幼儿说一说跳绳活动中存在的问题，并邀请幼儿一起设置跳绳的规则。,提供更多数量和不同种类的跳绳，并言语引导幼儿分组分区同时进行跳绳游戏。,暂不介入，活动分享时通过照片或视频回放引导幼儿发现问题并商议解决办法。,38.663,38.663,19.626,19.037,3,3,2,1,0,4,0,0,0,A,A/B,教师A：请幼儿暂停游戏，将幼儿分成多个小组并引导他们以小组为单位分区域开展游戏。,教师A：请幼儿暂停游戏，将幼儿分成多个小组并引导他们以小组为单位分区域开展游戏。；教师B：请幼儿说一说跳绳活动中存在的问题，并邀请幼儿一起设置跳绳的规则。,19.626,0.0,0,2.272727,46.939394,80.0,36.333333,47.986364,eligible,过程中等,多次调整；首末位摇摆,追问最理想或最不理想做法的判断为什么发生变化
教师02,sim_openid_002_963914,Q9,9,艾莎公主不运动,小班的一次户外运动，有几个女孩子从一开始就没有选择任何体育活动项目，而是聚在一起坐在地上玩“艾莎公主”的游戏，比一比谁的鞋子最漂亮，谁的魔法最厉害。,询问幼儿没有参与运动的原因，提供丰富的活动材料吸引幼儿参与运动活动。,提醒幼儿现在是运动时间，请他们等自由游戏时间再一起玩“艾莎公主”的游戏。,利用艾莎公主的鞋子设计走、跑、跳等活动，并以参与者的身份邀请幼儿一起参与运动。,肯定幼儿自主游戏的行为，言语引导幼儿穿着“漂亮的鞋子”参与运动。,42.055,42.055,20.698,21.357,4,4,2,2,0,5,0,0,0,A,B/C,教师A：询问幼儿没有参与运动的原因，提供丰富的活动材料吸引幼儿参与运动活动。,教师B：提醒幼儿现在是运动时间，请他们等自由游戏时间再一起玩“艾莎公主”的游戏。；教师C：利用艾莎公主的鞋子设计走、跑、跳等活动，并以参与者的身份邀请幼儿一起参与运动。,20.698,0.0,0,20.454545,51.121212,100.0,40.555556,60.510606,eligible,过程中等,多次调整；首末位摇摆,追问最理想或最不理想做法的判断为什么发生变化
教师02,sim_openid_002_963914,Q10,10,引水难题未解,中班上学期，幼儿在“引水游戏”中遇到了难题——水无法被引到竹片管道上。他们不断调整竹片拼接的方式，却始终没能成功，即竹片一头高于出水管道，阻碍了引流。渐渐地幼儿的探索兴趣也减弱了，有的开始玩水，有的甚至离开了水池。,示范正确的引水方法，请幼儿注意观察并说说引水的要领，再自己试一试。,加入幼儿的探索，引导他们观察水流受阻的位置，一起尝试调整竹片的摆放方式。,组织幼儿就游戏困难进行讨论，寻找解决问题的方案，引导幼儿再次尝试。,投放更多辅助引水的材料，重新激起幼儿的探索兴趣，继续观察游戏进展。,45.363,45.363,22.469,22.894,5,5,3,1,1,6,0,0,0,D,B/C,教师D：投放更多辅助引水的材料，重新激起幼儿的探索兴趣，继续观察游戏进展。,教师B：加入幼儿的探索，引导他们观察水流受阻的位置，一起尝试调整竹片的摆放方式。；教师C：组织幼儿就游戏困难进行讨论，寻找解决问题的方案，引导幼儿再次尝试。,22.469,0.0,0,60.465116,66.914729,100.0,42.777778,73.584109,eligible,过程复杂,首反应异常；高修正投入；多次调整；首末位摇摆；优劣方向冲突,请教师回忆读到情境后最先注意到什么、是否很快形成判断或感到难判断；追问后续主要在比较哪些做法、为什么调整；追问最理想或最不理想做法的判断为什么发生变化；追问是否曾把某做法从合适改判为不合适，或相反
教师03,sim_openid_003_147733,Q1,1,篮球架玩水,操场上新安装了一些篮球架，幼儿经常在这里投篮。某天户外活动时，几名幼儿带着画笔和水桶来到这里，他们先是快乐地粉刷篮球架，之后开始往篮框里灌水，有的从上面灌，有的在下面接，忙的不亦乐乎，俨然这里成为了玩水的场地。,看到幼儿玩得很开心，不干预他们的玩水行为，待兴趣减弱后再讨论玩水的适宜性。,表扬幼儿的新发现，并询问在篮球架旁玩水是否合适，提议幼儿可以换个地方玩水。,参与到幼儿的“粉刷”游戏中，逐步引导幼儿到适宜玩水的地方继续开展游戏。,提醒幼儿篮球架是用于开展运动的，与其他幼儿一起召唤他们打篮球，转移他们的关注点。,31.04,31.04,12.662,18.378,3,3,0,1,0,3,1,1,1,C,B/D,教师C：参与到幼儿的“粉刷”游戏中，逐步引导幼儿到适宜玩水的地方继续开展游戏。,教师B：表扬幼儿的新发现，并询问在篮球架旁玩水是否合适，提议幼儿可以换个地方玩水。；教师D：提醒幼儿篮球架是用于开展运动的，与其他幼儿一起召唤他们打篮球，转移他们的关注点。,12.662,0.0,0,63.414634,34.097561,30.0,62.444444,42.778862,eligible,过程中等,首反应异常；多次调整；路径振荡,请教师回忆读到情境后最先注意到什么、是否很快形成判断或感到难判断；追问当时是否在几个判断标准之间反复权衡
教师03,sim_openid_003_147733,Q2,2,未参与小组建构,大班建构活动中，睿睿和其他幼儿计划一起搭积木大桥，他们讨论了搭建方法，并进入区域开始搭建。就在其他幼儿在认真搭建时，睿睿发现了一块长条木板，他一会儿在地上推着走，一会儿当枪使，没有再参与小组的搭建。,继续观察，后续分享中支持睿睿思考如何把长条木板融入小组的建构中。,肯定睿睿的创造性玩法，询问他长条板能否当桥面，引导他参与到搭桥任务中。,引导睿睿回顾计划，建议他先完成共同任务，长条木板可以等自由游戏时再玩。,看到睿睿玩得开心，暂不介入，等下一次活动时再提醒他根据计划开展游戏。,61.633,61.633,26.551,35.082,6,6,5,2,1,6,1,1,1,A,A/B,教师A：继续观察，后续分享中支持睿睿思考如何把长条木板融入小组的建构中。,教师A：继续观察，后续分享中支持睿睿思考如何把长条木板融入小组的建构中。；教师B：肯定睿睿的创造性玩法，询问他长条板能否当桥面，引导他参与到搭桥任务中。,26.551,0.0,0,53.333333,76.666667,100.0,72.777778,79.583333,eligible,过程复杂,高修正投入；多次调整；首末位摇摆；优劣方向冲突；路径振荡,追问后续主要在比较哪些做法、为什么调整；追问最理想或最不理想做法的判断为什么发生变化；追问是否曾把某做法从合适改判为不合适，或相反；追问当时是否在几个判断标准之间反复权衡
教师03,sim_openid_003_147733,Q3,3,材料选择无层次,大班上学期，张老师在建构区投放了按图搭建的游戏材料，并提供了不同星级难度的任务卡供幼儿选择，但有的幼儿一上来就选择高难度的三星级任务卡，结果不能顺利完成任务；而有的幼儿始终选择低难度的一星级任务卡。这天，浩浩又连续选择了几张一星级任务卡，很快就完成了任务。,调整任务卡提供方式，在游戏开始前根据幼儿的能力水平有针对性地发放任务卡。,暂不介入，尊重幼儿的自主选择和游戏体验，只要完成任务就是一种经验积累。,调整任务卡呈现方式，如增加“我想挑战”等提示，鼓励幼儿选择不同星级的挑战。,和浩浩回顾已完成的任务，比较不同星级的难度，邀请他选择稍有挑战的任务。,50.34,50.34,27.421,22.919,6,6,3,3,1,7,0,0,0,D,A/B,教师D：和浩浩回顾已完成的任务，比较不同星级的难度，邀请他选择稍有挑战的任务。,教师A：调整任务卡提供方式，在游戏开始前根据幼儿的能力水平有针对性地发放任务卡。；教师B：暂不介入，尊重幼儿的自主选择和游戏体验，只要完成任务就是一种经验积累。,27.421,0.0,0,75.555556,69.555556,100.0,43.555556,77.511111,eligible,过程复杂,首反应异常；高修正投入；多次调整；首末位摇摆；优劣方向冲突,请教师回忆读到情境后最先注意到什么、是否很快形成判断或感到难判断；追问后续主要在比较哪些做法、为什么调整；追问最理想或最不理想做法的判断为什么发生变化；追问是否曾把某做法从合适改判为不合适，或相反
教师03,sim_openid_003_147733,Q4,4,频繁求助,中班区域活动时，小明选择了建构区。玩了一会儿，他跑到老师面前说“老师，我不会搭……帮帮我吧”，教师问他需要什么帮助时，他一边说我不会搭，一边却很快地将房子从一层积木加高到了两层。看小明专注搭建后，老师就离开建构区了。可是没一会，小明又找了老师好几次，说“老师，帮帮我吧，我不会搭”。,鼓励小明独立搭建，引导他思考接下来如何搭建，及时表扬他的努力。,先示范搭建关键部分，请小明观察方法，再鼓励他照着继续搭建。,在旁观察小明的搭建过程，并适时反馈，帮助他理清搭建步骤。,帮小明回顾已搭建完成的部分，指导他设定小目标，尝试自己实现。,33.656,33.656,14.147,19.509,4,4,3,1,0,5,0,0,0,B,A/C,教师B：先示范搭建关键部分，请小明观察方法，再鼓励他照着继续搭建。,教师A：鼓励小明独立搭建，引导他思考接下来如何搭建，及时表扬他的努力。；教师C：在旁观察小明的搭建过程，并适时反馈，帮助他理清搭建步骤。,14.147,0.0,0,17.5,54.166667,80.0,35.0,53.0,eligible,过程中等,多次调整；首末位摇摆,追问最理想或最不理想做法的判断为什么发生变化
教师03,sim_openid_003_147733,Q5,5,消防员救火开心,近几天，中班的幼儿十分热衷于在区域游戏时间玩“消防员救火”的游戏。游戏结束后的交流活动中，老师问幼儿最想分享什么时，阳阳说“娃娃家着火了，好开心啊！”。,抓住教育契机，向幼儿耐心解释真实的火灾会造成物品损失和人员伤亡。,询问幼儿开心的是“着火”本身，还是消防员成功救火、娃娃家的人得救？,引导幼儿思考“娃娃家着火”值不值得开心，帮助他们认识真实火灾是危险的。,请阳阳讲讲娃娃家着火后发生了什么、为什么开心，借此理解幼儿的游戏体验。,34.504,34.504,17.677,16.827,3,3,1,2,0,3,1,1,1,C,A/B,教师C：引导幼儿思考“娃娃家着火”值不值得开心，帮助他们认识真实火灾是危险的。,教师A：抓住教育契机，向幼儿耐心解释真实的火灾会造成物品损失和人员伤亡。；教师B：询问幼儿开心的是“着火”本身，还是消防员成功救火、娃娃家的人得救？,17.677,0.0,0,0.0,36.27907,80.0,63.0,48.333721,eligible,过程中等,多次调整；首末位摇摆；路径振荡,追问最理想或最不理想做法的判断为什么发生变化；追问当时是否在几个判断标准之间反复权衡
教师03,sim_openid_003_147733,Q6,6,区域停留短,小班幼儿瑶瑶在区域活动时，一会儿在娃娃家切切菜，一会儿到美工区搓搓橡皮泥，一会儿又开心地跑到其它区域游戏，在任何一个区域停留时间都不超过三分钟。,提议瑶瑶完成某项游戏任务，如在娃娃家做菜，请他活动小结时分享。,游戏前提醒区域活动规则，活动结束后表扬区域游戏规则遵守得好的小朋友。,仔细观察瑶瑶在不同区域的游戏情况，分析他发生迅速转移的原因。,以同伴的身份陪伴瑶瑶在某一区域游戏，待他专注游戏后再离开。,34.474,34.474,18.068,16.406,3,3,1,0,0,3,1,1,1,A,A/C,教师A：提议瑶瑶完成某项游戏任务，如在娃娃家做菜，请他活动小结时分享。,教师A：提议瑶瑶完成某项游戏任务，如在娃娃家做菜，请他活动小结时分享。；教师C：仔细观察瑶瑶在不同区域的游戏情况，分析他发生迅速转移的原因。,18.068,0.0,0,0.0,32.155039,30.0,59.444444,29.063178,eligible,过程简单,多次调整,
教师03,sim_openid_003_147733,Q7,7,飞行棋各走各的,大班区域游戏中，轩轩和小宇一起玩飞行棋，他们将棋子摆好后，各自拿了一个骰子开始投，小宇说：“该我走。”轩轩说：“明明该我走！”相持不下，于是两人各拿一个骰子，自顾自地走自己的棋。,耐心讲解共同游戏的规则，再以“棋手”身份加入游戏进行示范引导。,暂不介入，继续观察游戏进展，待区域小结时请幼儿分享游戏中的体验和问题。,拿走一个骰子，请幼儿商量只有一个骰子的共同游戏规则，达成一致后再开始游戏。,待幼儿体验一轮各走各的游戏后，询问幼儿的游戏体验，提示共同游戏规则的作用。,21.749,21.749,6.954,14.795,3,3,2,1,1,4,0,0,0,A,B/D,教师A：耐心讲解共同游戏的规则，再以“棋手”身份加入游戏进行示范引导。,教师B：暂不介入，继续观察游戏进展，待区域小结时请幼儿分享游戏中的体验和问题。；教师D：待幼儿体验一轮各走各的游戏后，询问幼儿的游戏体验，提示共同游戏规则的作用。,7.765,0.0,0,88.372093,28.96124,100.0,34.222222,66.496124,eligible,过程复杂,首反应异常；多次调整；首末位摇摆；优劣方向冲突,请教师回忆读到情境后最先注意到什么、是否很快形成判断或感到难判断；追问最理想或最不理想做法的判断为什么发生变化；追问是否曾把某做法从合适改判为不合适，或相反
教师03,sim_openid_003_147733,Q8,8,跳绳秩序混乱,周三下午，大五班的幼儿正自发进行跳绳游戏。李老师观察后发现，挤在一起跳绳的幼儿人数较多，整个场面十分混乱，幼儿很容易出现碰撞现象。此外，由于当“柱子”的幼儿很久才能轮上跳绳，因此也显得很不耐烦。,请幼儿暂停游戏，将幼儿分成多个小组并引导他们以小组为单位分区域开展游戏。,请幼儿说一说跳绳活动中存在的问题，并邀请幼儿一起设置跳绳的规则。,提供更多数量和不同种类的跳绳，并言语引导幼儿分组分区同时进行跳绳游戏。,暂不介入，活动分享时通过照片或视频回放引导幼儿发现问题并商议解决办法。,29.254,29.254,20.153,9.101,2,2,1,1,1,3,0,0,0,A,C/D,教师A：请幼儿暂停游戏，将幼儿分成多个小组并引导他们以小组为单位分区域开展游戏。,教师C：提供更多数量和不同种类的跳绳，并言语引导幼儿分组分区同时进行跳绳游戏。；教师D：暂不介入，活动分享时通过照片或视频回放引导幼儿发现问题并商议解决办法。,20.153,0.0,0,6.818182,16.575758,90.0,30.555556,42.419697,eligible,过程简单,首末位摇摆；优劣方向冲突,追问最理想或最不理想做法的判断为什么发生变化；追问是否曾把某做法从合适改判为不合适，或相反
教师03,sim_openid_003_147733,Q9,9,艾莎公主不运动,小班的一次户外运动，有几个女孩子从一开始就没有选择任何体育活动项目，而是聚在一起坐在地上玩“艾莎公主”的游戏，比一比谁的鞋子最漂亮，谁的魔法最厉害。,询问幼儿没有参与运动的原因，提供丰富的活动材料吸引幼儿参与运动活动。,提醒幼儿现在是运动时间，请他们等自由游戏时间再一起玩“艾莎公主”的游戏。,利用艾莎公主的鞋子设计走、跑、跳等活动，并以参与者的身份邀请幼儿一起参与运动。,肯定幼儿自主游戏的行为，言语引导幼儿穿着“漂亮的鞋子”参与运动。,28.76,28.76,13.451,15.309,3,3,1,1,0,4,0,0,0,A,B/C,教师A：询问幼儿没有参与运动的原因，提供丰富的活动材料吸引幼儿参与运动活动。,教师B：提醒幼儿现在是运动时间，请他们等自由游戏时间再一起玩“艾莎公主”的游戏。；教师C：利用艾莎公主的鞋子设计走、跑、跳等活动，并以参与者的身份邀请幼儿一起参与运动。,13.451,0.0,0,34.090909,35.0,60.0,36.555556,43.801515,eligible,过程中等,多次调整；首末位摇摆,追问最理想或最不理想做法的判断为什么发生变化
教师03,sim_openid_003_147733,Q10,10,引水难题未解,中班上学期，幼儿在“引水游戏”中遇到了难题——水无法被引到竹片管道上。他们不断调整竹片拼接的方式，却始终没能成功，即竹片一头高于出水管道，阻碍了引流。渐渐地幼儿的探索兴趣也减弱了，有的开始玩水，有的甚至离开了水池。,示范正确的引水方法，请幼儿注意观察并说说引水的要领，再自己试一试。,加入幼儿的探索，引导他们观察水流受阻的位置，一起尝试调整竹片的摆放方式。,组织幼儿就游戏困难进行讨论，寻找解决问题的方案，引导幼儿再次尝试。,投放更多辅助引水的材料，重新激起幼儿的探索兴趣，继续观察游戏进展。,12.473,12.473,7.931,4.542,2,2,1,1,0,3,0,0,0,D,C/D,教师D：投放更多辅助引水的材料，重新激起幼儿的探索兴趣，继续观察游戏进展。,教师C：组织幼儿就游戏困难进行讨论，寻找解决问题的方案，引导幼儿再次尝试。；教师D：投放更多辅助引水的材料，重新激起幼儿的探索兴趣，继续观察游戏进展。,7.931,0.0,0,60.465116,9.79845,60.0,29.666667,40.482558,eligible,过程简单,首反应异常；首末位摇摆,请教师回忆读到情境后最先注意到什么、是否很快形成判断或感到难判断；追问最理想或最不理想做法的判断为什么发生变化
教师04,sim_openid_004_774211,Q1,1,篮球架玩水,操场上新安装了一些篮球架，幼儿经常在这里投篮。某天户外活动时，几名幼儿带着画笔和水桶来到这里，他们先是快乐地粉刷篮球架，之后开始往篮框里灌水，有的从上面灌，有的在下面接，忙的不亦乐乎，俨然这里成为了玩水的场地。,看到幼儿玩得很开心，不干预他们的玩水行为，待兴趣减弱后再讨论玩水的适宜性。,表扬幼儿的新发现，并询问在篮球架旁玩水是否合适，提议幼儿可以换个地方玩水。,参与到幼儿的“粉刷”游戏中，逐步引导幼儿到适宜玩水的地方继续开展游戏。,提醒幼儿篮球架是用于开展运动的，与其他幼儿一起召唤他们打篮球，转移他们的关注点。,37.671,37.671,25.137,12.534,2,2,1,0,0,3,0,0,0,A,A/B,教师A：看到幼儿玩得很开心，不干预他们的玩水行为，待兴趣减弱后再讨论玩水的适宜性。,教师A：看到幼儿玩得很开心，不干预他们的玩水行为，待兴趣减弱后再讨论玩水的适宜性。；教师B：表扬幼儿的新发现，并询问在篮球架旁玩水是否合适，提议幼儿可以换个地方玩水。,25.137,0.0,0,78.04878,15.365854,30.0,27.888889,34.902846,eligible,过程简单,首反应异常,请教师回忆读到情境后最先注意到什么、是否很快形成判断或感到难判断
教师04,sim_openid_004_774211,Q2,2,未参与小组建构,大班建构活动中，睿睿和其他幼儿计划一起搭积木大桥，他们讨论了搭建方法，并进入区域开始搭建。就在其他幼儿在认真搭建时，睿睿发现了一块长条木板，他一会儿在地上推着走，一会儿当枪使，没有再参与小组的搭建。,继续观察，后续分享中支持睿睿思考如何把长条木板融入小组的建构中。,肯定睿睿的创造性玩法，询问他长条板能否当桥面，引导他参与到搭桥任务中。,引导睿睿回顾计划，建议他先完成共同任务，长条木板可以等自由游戏时再玩。,看到睿睿玩得开心，暂不介入，等下一次活动时再提醒他根据计划开展游戏。,46.506,46.506,11.868,34.638,7,7,2,5,2,6,2,2,0,C,C/D,教师C：引导睿睿回顾计划，建议他先完成共同任务，长条木板可以等自由游戏时再玩。,教师C：引导睿睿回顾计划，建议他先完成共同任务，长条木板可以等自由游戏时再玩。；教师D：看到睿睿玩得开心，暂不介入，等下一次活动时再提醒他根据计划开展游戏。,11.868,0.0,0,53.333333,85.777778,100.0,69.777778,81.866667,eligible,过程复杂,高修正投入；多次调整；首末位摇摆；优劣方向冲突；路径振荡,追问后续主要在比较哪些做法、为什么调整；追问最理想或最不理想做法的判断为什么发生变化；追问是否曾把某做法从合适改判为不合适，或相反；追问当时是否在几个判断标准之间反复权衡
教师04,sim_openid_004_774211,Q3,3,材料选择无层次,大班上学期，张老师在建构区投放了按图搭建的游戏材料，并提供了不同星级难度的任务卡供幼儿选择，但有的幼儿一上来就选择高难度的三星级任务卡，结果不能顺利完成任务；而有的幼儿始终选择低难度的一星级任务卡。这天，浩浩又连续选择了几张一星级任务卡，很快就完成了任务。,调整任务卡提供方式，在游戏开始前根据幼儿的能力水平有针对性地发放任务卡。,暂不介入，尊重幼儿的自主选择和游戏体验，只要完成任务就是一种经验积累。,调整任务卡呈现方式，如增加“我想挑战”等提示，鼓励幼儿选择不同星级的挑战。,和浩浩回顾已完成的任务，比较不同星级的难度，邀请他选择稍有挑战的任务。,28.102,28.102,8.256,19.846,4,4,2,1,0,5,0,0,0,D,A/B,教师D：和浩浩回顾已完成的任务，比较不同星级的难度，邀请他选择稍有挑战的任务。,教师A：调整任务卡提供方式，在游戏开始前根据幼儿的能力水平有针对性地发放任务卡。；教师B：暂不介入，尊重幼儿的自主选择和游戏体验，只要完成任务就是一种经验积累。,8.491,0.0,0,71.111111,45.111111,80.0,36.888889,61.288889,eligible,过程中等,首反应异常；多次调整；首末位摇摆,请教师回忆读到情境后最先注意到什么、是否很快形成判断或感到难判断；追问最理想或最不理想做法的判断为什么发生变化
教师04,sim_openid_004_774211,Q4,4,频繁求助,中班区域活动时，小明选择了建构区。玩了一会儿，他跑到老师面前说“老师，我不会搭……帮帮我吧”，教师问他需要什么帮助时，他一边说我不会搭，一边却很快地将房子从一层积木加高到了两层。看小明专注搭建后，老师就离开建构区了。可是没一会，小明又找了老师好几次，说“老师，帮帮我吧，我不会搭”。,鼓励小明独立搭建，引导他思考接下来如何搭建，及时表扬他的努力。,先示范搭建关键部分，请小明观察方法，再鼓励他照着继续搭建。,在旁观察小明的搭建过程，并适时反馈，帮助他理清搭建步骤。,帮小明回顾已搭建完成的部分，指导他设定小目标，尝试自己实现。,33.062,33.062,19.911,13.151,4,4,0,3,0,4,1,1,0,C,C/D,教师C：在旁观察小明的搭建过程，并适时反馈，帮助他理清搭建步骤。,教师C：在旁观察小明的搭建过程，并适时反馈，帮助他理清搭建步骤。；教师D：帮小明回顾已搭建完成的部分，指导他设定小目标，尝试自己实现。,19.911,0.0,0,12.5,44.166667,50.0,51.222222,40.933333,eligible,过程中等,多次调整；首末位摇摆,追问最理想或最不理想做法的判断为什么发生变化
教师04,sim_openid_004_774211,Q5,5,消防员救火开心,近几天，中班的幼儿十分热衷于在区域游戏时间玩“消防员救火”的游戏。游戏结束后的交流活动中，老师问幼儿最想分享什么时，阳阳说“娃娃家着火了，好开心啊！”。,抓住教育契机，向幼儿耐心解释真实的火灾会造成物品损失和人员伤亡。,询问幼儿开心的是“着火”本身，还是消防员成功救火、娃娃家的人得救？,引导幼儿思考“娃娃家着火”值不值得开心，帮助他们认识真实火灾是危险的。,请阳阳讲讲娃娃家着火后发生了什么、为什么开心，借此理解幼儿的游戏体验。,29.869,29.869,17.363,12.506,3,3,0,3,0,3,1,1,1,C,C/D,教师C：引导幼儿思考“娃娃家着火”值不值得开心，帮助他们认识真实火灾是危险的。,教师C：引导幼儿思考“娃娃家着火”值不值得开心，帮助他们认识真实火灾是危险的。；教师D：请阳阳讲讲娃娃家着火后发生了什么、为什么开心，借此理解幼儿的游戏体验。,17.363,0.0,0,9.302326,28.837209,50.0,63.0,37.461628,eligible,过程简单,多次调整；首末位摇摆；路径振荡,追问最理想或最不理想做法的判断为什么发生变化；追问当时是否在几个判断标准之间反复权衡
教师04,sim_openid_004_774211,Q6,6,区域停留短,小班幼儿瑶瑶在区域活动时，一会儿在娃娃家切切菜，一会儿到美工区搓搓橡皮泥，一会儿又开心地跑到其它区域游戏，在任何一个区域停留时间都不超过三分钟。,提议瑶瑶完成某项游戏任务，如在娃娃家做菜，请他活动小结时分享。,游戏前提醒区域活动规则，活动结束后表扬区域游戏规则遵守得好的小朋友。,仔细观察瑶瑶在不同区域的游戏情况，分析他发生迅速转移的原因。,以同伴的身份陪伴瑶瑶在某一区域游戏，待他专注游戏后再离开。,48.677,48.677,27.46,21.217,6,6,3,1,0,7,0,0,0,A,B/C,教师A：提议瑶瑶完成某项游戏任务，如在娃娃家做菜，请他活动小结时分享。,教师B：游戏前提醒区域活动规则，活动结束后表扬区域游戏规则遵守得好的小朋友。；教师C：仔细观察瑶瑶在不同区域的游戏情况，分析他发生迅速转移的原因。,27.46,0.0,0,79.069767,71.457364,80.0,38.666667,71.051163,eligible,过程复杂,首反应异常；高修正投入；多次调整；首末位摇摆,请教师回忆读到情境后最先注意到什么、是否很快形成判断或感到难判断；追问后续主要在比较哪些做法、为什么调整；追问最理想或最不理想做法的判断为什么发生变化
教师04,sim_openid_004_774211,Q7,7,飞行棋各走各的,大班区域游戏中，轩轩和小宇一起玩飞行棋，他们将棋子摆好后，各自拿了一个骰子开始投，小宇说：“该我走。”轩轩说：“明明该我走！”相持不下，于是两人各拿一个骰子，自顾自地走自己的棋。,耐心讲解共同游戏的规则，再以“棋手”身份加入游戏进行示范引导。,暂不介入，继续观察游戏进展，待区域小结时请幼儿分享游戏中的体验和问题。,拿走一个骰子，请幼儿商量只有一个骰子的共同游戏规则，达成一致后再开始游戏。,待幼儿体验一轮各走各的游戏后，询问幼儿的游戏体验，提示共同游戏规则的作用。,37.171,37.171,21.144,16.027,4,4,2,1,1,5,0,0,0,A,B/C,教师A：耐心讲解共同游戏的规则，再以“棋手”身份加入游戏进行示范引导。,教师B：暂不介入，继续观察游戏进展，待区域小结时请幼儿分享游戏中的体验和问题。；教师C：拿走一个骰子，请幼儿商量只有一个骰子的共同游戏规则，达成一致后再开始游戏。,21.144,0.0,0,27.906977,45.751938,100.0,38.888889,60.14031,eligible,过程中等,多次调整；首末位摇摆；优劣方向冲突,追问最理想或最不理想做法的判断为什么发生变化；追问是否曾把某做法从合适改判为不合适，或相反
教师04,sim_openid_004_774211,Q8,8,跳绳秩序混乱,周三下午，大五班的幼儿正自发进行跳绳游戏。李老师观察后发现，挤在一起跳绳的幼儿人数较多，整个场面十分混乱，幼儿很容易出现碰撞现象。此外，由于当“柱子”的幼儿很久才能轮上跳绳，因此也显得很不耐烦。,请幼儿暂停游戏，将幼儿分成多个小组并引导他们以小组为单位分区域开展游戏。,请幼儿说一说跳绳活动中存在的问题，并邀请幼儿一起设置跳绳的规则。,提供更多数量和不同种类的跳绳，并言语引导幼儿分组分区同时进行跳绳游戏。,暂不介入，活动分享时通过照片或视频回放引导幼儿发现问题并商议解决办法。,29.04,29.04,21.786,7.254,2,2,1,1,1,3,0,0,0,D,A/B,教师D：暂不介入，活动分享时通过照片或视频回放引导幼儿发现问题并商议解决办法。,教师A：请幼儿暂停游戏，将幼儿分成多个小组并引导他们以小组为单位分区域开展游戏。；教师B：请幼儿说一说跳绳活动中存在的问题，并邀请幼儿一起设置跳绳的规则。,21.786,0.0,0,20.454545,12.939394,90.0,30.555556,44.056061,eligible,过程中等,首末位摇摆；优劣方向冲突,追问最理想或最不理想做法的判断为什么发生变化；追问是否曾把某做法从合适改判为不合适，或相反
教师04,sim_openid_004_774211,Q9,9,艾莎公主不运动,小班的一次户外运动，有几个女孩子从一开始就没有选择任何体育活动项目，而是聚在一起坐在地上玩“艾莎公主”的游戏，比一比谁的鞋子最漂亮，谁的魔法最厉害。,询问幼儿没有参与运动的原因，提供丰富的活动材料吸引幼儿参与运动活动。,提醒幼儿现在是运动时间，请他们等自由游戏时间再一起玩“艾莎公主”的游戏。,利用艾莎公主的鞋子设计走、跑、跳等活动，并以参与者的身份邀请幼儿一起参与运动。,肯定幼儿自主游戏的行为，言语引导幼儿穿着“漂亮的鞋子”参与运动。,30.501,30.501,19.379,11.122,2,2,0,2,0,3,0,0,0,B,B/C,教师B：提醒幼儿现在是运动时间，请他们等自由游戏时间再一起玩“艾莎公主”的游戏。,教师B：提醒幼儿现在是运动时间，请他们等自由游戏时间再一起玩“艾莎公主”的游戏。；教师C：利用艾莎公主的鞋子设计走、跑、跳等活动，并以参与者的身份邀请幼儿一起参与运动。,19.379,0.0,0,15.909091,17.727273,50.0,32.777778,30.916667,eligible,过程简单,首末位摇摆,追问最理想或最不理想做法的判断为什么发生变化
教师04,sim_openid_004_774211,Q10,10,引水难题未解,中班上学期，幼儿在“引水游戏”中遇到了难题——水无法被引到竹片管道上。他们不断调整竹片拼接的方式，却始终没能成功，即竹片一头高于出水管道，阻碍了引流。渐渐地幼儿的探索兴趣也减弱了，有的开始玩水，有的甚至离开了水池。,示范正确的引水方法，请幼儿注意观察并说说引水的要领，再自己试一试。,加入幼儿的探索，引导他们观察水流受阻的位置，一起尝试调整竹片的摆放方式。,组织幼儿就游戏困难进行讨论，寻找解决问题的方案，引导幼儿再次尝试。,投放更多辅助引水的材料，重新激起幼儿的探索兴趣，继续观察游戏进展。,46.947,46.947,27.92,19.027,6,6,1,3,1,7,0,0,0,D,B/C,教师D：投放更多辅助引水的材料，重新激起幼儿的探索兴趣，继续观察游戏进展。,教师B：加入幼儿的探索，引导他们观察水流受阻的位置，一起尝试调整竹片的摆放方式。；教师C：组织幼儿就游戏困难进行讨论，寻找解决问题的方案，引导幼儿再次尝试。,27.92,0.0,0,74.418605,74.527132,100.0,45.0,78.99186,eligible,过程复杂,首反应异常；高修正投入；多次调整；首末位摇摆；优劣方向冲突,请教师回忆读到情境后最先注意到什么、是否很快形成判断或感到难判断；追问后续主要在比较哪些做法、为什么调整；追问最理想或最不理想做法的判断为什么发生变化；追问是否曾把某做法从合适改判为不合适，或相反
教师05,sim_openid_005_597917,Q1,1,篮球架玩水,操场上新安装了一些篮球架，幼儿经常在这里投篮。某天户外活动时，几名幼儿带着画笔和水桶来到这里，他们先是快乐地粉刷篮球架，之后开始往篮框里灌水，有的从上面灌，有的在下面接，忙的不亦乐乎，俨然这里成为了玩水的场地。,看到幼儿玩得很开心，不干预他们的玩水行为，待兴趣减弱后再讨论玩水的适宜性。,表扬幼儿的新发现，并询问在篮球架旁玩水是否合适，提议幼儿可以换个地方玩水。,参与到幼儿的“粉刷”游戏中，逐步引导幼儿到适宜玩水的地方继续开展游戏。,提醒幼儿篮球架是用于开展运动的，与其他幼儿一起召唤他们打篮球，转移他们的关注点。,42.125,42.125,17.042,25.083,5,5,3,2,0,5,1,1,1,A,A/B,教师A：看到幼儿玩得很开心，不干预他们的玩水行为，待兴趣减弱后再讨论玩水的适宜性。,教师A：看到幼儿玩得很开心，不干预他们的玩水行为，待兴趣减弱后再讨论玩水的适宜性。；教师B：表扬幼儿的新发现，并询问在篮球架旁玩水是否合适，提议幼儿可以换个地方玩水。,17.042,0.0,0,9.756098,66.520325,100.0,71.555556,67.64065,eligible,过程中等,高修正投入；多次调整；首末位摇摆；路径振荡,追问后续主要在比较哪些做法、为什么调整；追问最理想或最不理想做法的判断为什么发生变化；追问当时是否在几个判断标准之间反复权衡
教师05,sim_openid_005_597917,Q2,2,未参与小组建构,大班建构活动中，睿睿和其他幼儿计划一起搭积木大桥，他们讨论了搭建方法，并进入区域开始搭建。就在其他幼儿在认真搭建时，睿睿发现了一块长条木板，他一会儿在地上推着走，一会儿当枪使，没有再参与小组的搭建。,继续观察，后续分享中支持睿睿思考如何把长条木板融入小组的建构中。,肯定睿睿的创造性玩法，询问他长条板能否当桥面，引导他参与到搭桥任务中。,引导睿睿回顾计划，建议他先完成共同任务，长条木板可以等自由游戏时再玩。,看到睿睿玩得开心，暂不介入，等下一次活动时再提醒他根据计划开展游戏。,36.317,36.317,8.786,27.531,5,5,3,1,0,6,0,0,0,D,A/C,教师D：看到睿睿玩得开心，暂不介入，等下一次活动时再提醒他根据计划开展游戏。,教师A：继续观察，后续分享中支持睿睿思考如何把长条木板融入小组的建构中。；教师C：引导睿睿回顾计划，建议他先完成共同任务，长条木板可以等自由游戏时再玩。,8.786,0.0,0,75.555556,60.444444,80.0,39.222222,67.127778,eligible,过程中等,首反应异常；高修正投入；多次调整；首末位摇摆,请教师回忆读到情境后最先注意到什么、是否很快形成判断或感到难判断；追问后续主要在比较哪些做法、为什么调整；追问最理想或最不理想做法的判断为什么发生变化
教师05,sim_openid_005_597917,Q3,3,材料选择无层次,大班上学期，张老师在建构区投放了按图搭建的游戏材料，并提供了不同星级难度的任务卡供幼儿选择，但有的幼儿一上来就选择高难度的三星级任务卡，结果不能顺利完成任务；而有的幼儿始终选择低难度的一星级任务卡。这天，浩浩又连续选择了几张一星级任务卡，很快就完成了任务。,调整任务卡提供方式，在游戏开始前根据幼儿的能力水平有针对性地发放任务卡。,暂不介入，尊重幼儿的自主选择和游戏体验，只要完成任务就是一种经验积累。,调整任务卡呈现方式，如增加“我想挑战”等提示，鼓励幼儿选择不同星级的挑战。,和浩浩回顾已完成的任务，比较不同星级的难度，邀请他选择稍有挑战的任务。,45.411,45.411,11.808,33.603,6,6,3,2,0,6,1,1,0,B,C/D,教师B：暂不介入，尊重幼儿的自主选择和游戏体验，只要完成任务就是一种经验积累。,教师C：调整任务卡呈现方式，如增加“我想挑战”等提示，鼓励幼儿选择不同星级的挑战。；教师D：和浩浩回顾已完成的任务，比较不同星级的难度，邀请他选择稍有挑战的任务。,11.808,0.0,0,44.444444,78.444444,100.0,63.0,76.872222,eligible,过程复杂,高修正投入；多次调整；首末位摇摆；路径振荡,追问后续主要在比较哪些做法、为什么调整；追问最理想或最不理想做法的判断为什么发生变化；追问当时是否在几个判断标准之间反复权衡
教师05,sim_openid_005_597917,Q4,4,频繁求助,中班区域活动时，小明选择了建构区。玩了一会儿，他跑到老师面前说“老师，我不会搭……帮帮我吧”，教师问他需要什么帮助时，他一边说我不会搭，一边却很快地将房子从一层积木加高到了两层。看小明专注搭建后，老师就离开建构区了。可是没一会，小明又找了老师好几次，说“老师，帮帮我吧，我不会搭”。,鼓励小明独立搭建，引导他思考接下来如何搭建，及时表扬他的努力。,先示范搭建关键部分，请小明观察方法，再鼓励他照着继续搭建。,在旁观察小明的搭建过程，并适时反馈，帮助他理清搭建步骤。,帮小明回顾已搭建完成的部分，指导他设定小目标，尝试自己实现。,27.15,27.15,7.973,19.177,4,4,2,1,0,4,1,1,0,B,B/C,教师B：先示范搭建关键部分，请小明观察方法，再鼓励他照着继续搭建。,教师B：先示范搭建关键部分，请小明观察方法，再鼓励他照着继续搭建。；教师C：在旁观察小明的搭建过程，并适时反馈，帮助他理清搭建步骤。,7.973,0.0,0,72.5,53.166667,80.0,51.222222,66.133333,eligible,过程简单,首反应异常；多次调整；首末位摇摆,请教师回忆读到情境后最先注意到什么、是否很快形成判断或感到难判断；追问最理想或最不理想做法的判断为什么发生变化
教师05,sim_openid_005_597917,Q5,5,消防员救火开心,近几天，中班的幼儿十分热衷于在区域游戏时间玩“消防员救火”的游戏。游戏结束后的交流活动中，老师问幼儿最想分享什么时，阳阳说“娃娃家着火了，好开心啊！”。,抓住教育契机，向幼儿耐心解释真实的火灾会造成物品损失和人员伤亡。,询问幼儿开心的是“着火”本身，还是消防员成功救火、娃娃家的人得救？,引导幼儿思考“娃娃家着火”值不值得开心，帮助他们认识真实火灾是危险的。,请阳阳讲讲娃娃家着火后发生了什么、为什么开心，借此理解幼儿的游戏体验。,46.304,46.304,23.747,22.557,5,5,1,4,1,6,0,0,0,A,B/C,教师A：抓住教育契机，向幼儿耐心解释真实的火灾会造成物品损失和人员伤亡。,教师B：询问幼儿开心的是“着火”本身，还是消防员成功救火、娃娃家的人得救？；教师C：引导幼儿思考“娃娃家着火”值不值得开心，帮助他们认识真实火灾是危险的。,23.747,0.0,0,46.511628,71.844961,100.0,39.333333,71.755814,eligible,过程复杂,高修正投入；多次调整；首末位摇摆；优劣方向冲突,追问后续主要在比较哪些做法、为什么调整；追问最理想或最不理想做法的判断为什么发生变化；追问是否曾把某做法从合适改判为不合适，或相反
教师05,sim_openid_005_597917,Q6,6,区域停留短,小班幼儿瑶瑶在区域活动时，一会儿在娃娃家切切菜，一会儿到美工区搓搓橡皮泥，一会儿又开心地跑到其它区域游戏，在任何一个区域停留时间都不超过三分钟。,提议瑶瑶完成某项游戏任务，如在娃娃家做菜，请他活动小结时分享。,游戏前提醒区域活动规则，活动结束后表扬区域游戏规则遵守得好的小朋友。,仔细观察瑶瑶在不同区域的游戏情况，分析他发生迅速转移的原因。,以同伴的身份陪伴瑶瑶在某一区域游戏，待他专注游戏后再离开。,37.459,37.459,17.533,19.926,4,4,0,3,0,3,2,2,2,B,B/D,教师B：游戏前提醒区域活动规则，活动结束后表扬区域游戏规则遵守得好的小朋友。,教师B：游戏前提醒区域活动规则，活动结束后表扬区域游戏规则遵守得好的小朋友。；教师D：以同伴的身份陪伴瑶瑶在某一区域游戏，待他专注游戏后再离开。,17.533,0.0,0,4.651163,50.666667,50.0,79.0,45.480233,eligible,过程简单,多次调整；首末位摇摆；路径振荡,追问最理想或最不理想做法的判断为什么发生变化；追问当时是否在几个判断标准之间反复权衡
教师05,sim_openid_005_597917,Q7,7,飞行棋各走各的,大班区域游戏中，轩轩和小宇一起玩飞行棋，他们将棋子摆好后，各自拿了一个骰子开始投，小宇说：“该我走。”轩轩说：“明明该我走！”相持不下，于是两人各拿一个骰子，自顾自地走自己的棋。,耐心讲解共同游戏的规则，再以“棋手”身份加入游戏进行示范引导。,暂不介入，继续观察游戏进展，待区域小结时请幼儿分享游戏中的体验和问题。,拿走一个骰子，请幼儿商量只有一个骰子的共同游戏规则，达成一致后再开始游戏。,待幼儿体验一轮各走各的游戏后，询问幼儿的游戏体验，提示共同游戏规则的作用。,57.52,57.52,28.358,29.162,8,8,4,5,2,8,1,1,1,B,B/C,教师B：暂不介入，继续观察游戏进展，待区域小结时请幼儿分享游戏中的体验和问题。,教师B：暂不介入，继续观察游戏进展，待区域小结时请幼儿分享游戏中的体验和问题。；教师C：拿走一个骰子，请幼儿商量只有一个骰子的共同游戏规则，达成一致后再开始游戏。,28.358,0.0,0,79.069767,89.162791,100.0,78.222222,89.296124,eligible,过程复杂,首反应异常；高修正投入；多次调整；首末位摇摆；优劣方向冲突；路径振荡,请教师回忆读到情境后最先注意到什么、是否很快形成判断或感到难判断；追问后续主要在比较哪些做法、为什么调整；追问最理想或最不理想做法的判断为什么发生变化；追问是否曾把某做法从合适改判为不合适，或相反；追问当时是否在几个判断标准之间反复权衡
教师05,sim_openid_005_597917,Q8,8,跳绳秩序混乱,周三下午，大五班的幼儿正自发进行跳绳游戏。李老师观察后发现，挤在一起跳绳的幼儿人数较多，整个场面十分混乱，幼儿很容易出现碰撞现象。此外，由于当“柱子”的幼儿很久才能轮上跳绳，因此也显得很不耐烦。,请幼儿暂停游戏，将幼儿分成多个小组并引导他们以小组为单位分区域开展游戏。,请幼儿说一说跳绳活动中存在的问题，并邀请幼儿一起设置跳绳的规则。,提供更多数量和不同种类的跳绳，并言语引导幼儿分组分区同时进行跳绳游戏。,暂不介入，活动分享时通过照片或视频回放引导幼儿发现问题并商议解决办法。,17.964,17.964,,,0,0,0,0,0,1,0,0,0,,,,,17.964,0.0,0,0.0,20.666667,0.0,26.555556,10.183333,eligible,过程简单,过程相对平稳,追问教师当时主要依据什么形成排序
教师05,sim_openid_005_597917,Q9,9,艾莎公主不运动,小班的一次户外运动，有几个女孩子从一开始就没有选择任何体育活动项目，而是聚在一起坐在地上玩“艾莎公主”的游戏，比一比谁的鞋子最漂亮，谁的魔法最厉害。,询问幼儿没有参与运动的原因，提供丰富的活动材料吸引幼儿参与运动活动。,提醒幼儿现在是运动时间，请他们等自由游戏时间再一起玩“艾莎公主”的游戏。,利用艾莎公主的鞋子设计走、跑、跳等活动，并以参与者的身份邀请幼儿一起参与运动。,肯定幼儿自主游戏的行为，言语引导幼儿穿着“漂亮的鞋子”参与运动。,28.951,28.951,7.08,21.871,5,5,3,1,0,5,1,1,0,D,C/D,教师D：肯定幼儿自主游戏的行为，言语引导幼儿穿着“漂亮的鞋子”参与运动。,教师C：利用艾莎公主的鞋子设计走、跑、跳等活动，并以参与者的身份邀请幼儿一起参与运动。；教师D：肯定幼儿自主游戏的行为，言语引导幼儿穿着“漂亮的鞋子”参与运动。,8.603,0.0,0,88.636364,61.606061,80.0,63.333333,73.709091,eligible,过程复杂,首反应异常；高修正投入；多次调整；首末位摇摆；路径振荡,请教师回忆读到情境后最先注意到什么、是否很快形成判断或感到难判断；追问后续主要在比较哪些做法、为什么调整；追问最理想或最不理想做法的判断为什么发生变化；追问当时是否在几个判断标准之间反复权衡
教师05,sim_openid_005_597917,Q10,10,引水难题未解,中班上学期，幼儿在“引水游戏”中遇到了难题——水无法被引到竹片管道上。他们不断调整竹片拼接的方式，却始终没能成功，即竹片一头高于出水管道，阻碍了引流。渐渐地幼儿的探索兴趣也减弱了，有的开始玩水，有的甚至离开了水池。,示范正确的引水方法，请幼儿注意观察并说说引水的要领，再自己试一试。,加入幼儿的探索，引导他们观察水流受阻的位置，一起尝试调整竹片的摆放方式。,组织幼儿就游戏困难进行讨论，寻找解决问题的方案，引导幼儿再次尝试。,投放更多辅助引水的材料，重新激起幼儿的探索兴趣，继续观察游戏进展。,42.955,42.955,8.588,34.367,5,5,5,2,2,5,1,1,1,C,A/B,教师C：组织幼儿就游戏困难进行讨论，寻找解决问题的方案，引导幼儿再次尝试。,教师A：示范正确的引水方法，请幼儿注意观察并说说引水的要领，再自己试一试。；教师B：加入幼儿的探索，引导他们观察水流受阻的位置，一起尝试调整竹片的摆放方式。,10.099,0.0,0,51.162791,78.077519,100.0,74.444444,79.822481,eligible,过程复杂,高修正投入；多次调整；首末位摇摆；优劣方向冲突；路径振荡,追问后续主要在比较哪些做法、为什么调整；追问最理想或最不理想做法的判断为什么发生变化；追问是否曾把某做法从合适改判为不合适，或相反；追问当时是否在几个判断标准之间反复权衡
教师06,sim_openid_006_270790,Q1,1,篮球架玩水,操场上新安装了一些篮球架，幼儿经常在这里投篮。某天户外活动时，几名幼儿带着画笔和水桶来到这里，他们先是快乐地粉刷篮球架，之后开始往篮框里灌水，有的从上面灌，有的在下面接，忙的不亦乐乎，俨然这里成为了玩水的场地。,看到幼儿玩得很开心，不干预他们的玩水行为，待兴趣减弱后再讨论玩水的适宜性。,表扬幼儿的新发现，并询问在篮球架旁玩水是否合适，提议幼儿可以换个地方玩水。,参与到幼儿的“粉刷”游戏中，逐步引导幼儿到适宜玩水的地方继续开展游戏。,提醒幼儿篮球架是用于开展运动的，与其他幼儿一起召唤他们打篮球，转移他们的关注点。,22.309,22.309,14.639,7.67,3,3,2,2,1,4,0,0,0,A,B/D,教师A：看到幼儿玩得很开心，不干预他们的玩水行为，待兴趣减弱后再讨论玩水的适宜性。,教师B：表扬幼儿的新发现，并询问在篮球架旁玩水是否合适，提议幼儿可以换个地方玩水。；教师D：提醒幼儿篮球架是用于开展运动的，与其他幼儿一起召唤他们打篮球，转移他们的关注点。,14.639,0.0,0,34.146341,19.463415,100.0,32.555556,52.551626,eligible,过程中等,多次调整；首末位摇摆；优劣方向冲突,追问最理想或最不理想做法的判断为什么发生变化；追问是否曾把某做法从合适改判为不合适，或相反
教师06,sim_openid_006_270790,Q2,2,未参与小组建构,大班建构活动中，睿睿和其他幼儿计划一起搭积木大桥，他们讨论了搭建方法，并进入区域开始搭建。就在其他幼儿在认真搭建时，睿睿发现了一块长条木板，他一会儿在地上推着走，一会儿当枪使，没有再参与小组的搭建。,继续观察，后续分享中支持睿睿思考如何把长条木板融入小组的建构中。,肯定睿睿的创造性玩法，询问他长条板能否当桥面，引导他参与到搭桥任务中。,引导睿睿回顾计划，建议他先完成共同任务，长条木板可以等自由游戏时再玩。,看到睿睿玩得开心，暂不介入，等下一次活动时再提醒他根据计划开展游戏。,32.569,32.569,14.897,17.672,6,6,1,4,0,6,1,1,0,A,C/D,教师A：继续观察，后续分享中支持睿睿思考如何把长条木板融入小组的建构中。,教师C：引导睿睿回顾计划，建议他先完成共同任务，长条木板可以等自由游戏时再玩。；教师D：看到睿睿玩得开心，暂不介入，等下一次活动时再提醒他根据计划开展游戏。,14.897,0.0,0,13.333333,58.888889,80.0,58.111111,57.05,eligible,过程复杂,多次调整；首末位摇摆,追问最理想或最不理想做法的判断为什么发生变化
教师06,sim_openid_006_270790,Q3,3,材料选择无层次,大班上学期，张老师在建构区投放了按图搭建的游戏材料，并提供了不同星级难度的任务卡供幼儿选择，但有的幼儿一上来就选择高难度的三星级任务卡，结果不能顺利完成任务；而有的幼儿始终选择低难度的一星级任务卡。这天，浩浩又连续选择了几张一星级任务卡，很快就完成了任务。,调整任务卡提供方式，在游戏开始前根据幼儿的能力水平有针对性地发放任务卡。,暂不介入，尊重幼儿的自主选择和游戏体验，只要完成任务就是一种经验积累。,调整任务卡呈现方式，如增加“我想挑战”等提示，鼓励幼儿选择不同星级的挑战。,和浩浩回顾已完成的任务，比较不同星级的难度，邀请他选择稍有挑战的任务。,23.249,23.249,13.567,9.682,2,2,1,0,0,3,0,0,0,A,A/B,教师A：调整任务卡提供方式，在游戏开始前根据幼儿的能力水平有针对性地发放任务卡。,教师A：调整任务卡提供方式，在游戏开始前根据幼儿的能力水平有针对性地发放任务卡。；教师B：暂不介入，尊重幼儿的自主选择和游戏体验，只要完成任务就是一种经验积累。,13.567,0.0,0,31.111111,10.888889,30.0,28.222222,24.222222,eligible,过程简单,过程相对平稳,追问教师当时主要依据什么形成排序
教师06,sim_openid_006_270790,Q4,4,频繁求助,中班区域活动时，小明选择了建构区。玩了一会儿，他跑到老师面前说“老师，我不会搭……帮帮我吧”，教师问他需要什么帮助时，他一边说我不会搭，一边却很快地将房子从一层积木加高到了两层。看小明专注搭建后，老师就离开建构区了。可是没一会，小明又找了老师好几次，说“老师，帮帮我吧，我不会搭”。,鼓励小明独立搭建，引导他思考接下来如何搭建，及时表扬他的努力。,先示范搭建关键部分，请小明观察方法，再鼓励他照着继续搭建。,在旁观察小明的搭建过程，并适时反馈，帮助他理清搭建步骤。,帮小明回顾已搭建完成的部分，指导他设定小目标，尝试自己实现。,17.487,17.487,9.501,7.986,3,3,2,2,1,4,0,0,0,D,A/C,教师D：帮小明回顾已搭建完成的部分，指导他设定小目标，尝试自己实现。,教师A：鼓励小明独立搭建，引导他思考接下来如何搭建，及时表扬他的努力。；教师C：在旁观察小明的搭建过程，并适时反馈，帮助他理清搭建步骤。,9.501,0.0,0,57.5,23.833333,100.0,30.111111,58.166667,eligible,过程复杂,多次调整；首末位摇摆；优劣方向冲突,追问最理想或最不理想做法的判断为什么发生变化；追问是否曾把某做法从合适改判为不合适，或相反
教师06,sim_openid_006_270790,Q5,5,消防员救火开心,近几天，中班的幼儿十分热衷于在区域游戏时间玩“消防员救火”的游戏。游戏结束后的交流活动中，老师问幼儿最想分享什么时，阳阳说“娃娃家着火了，好开心啊！”。,抓住教育契机，向幼儿耐心解释真实的火灾会造成物品损失和人员伤亡。,询问幼儿开心的是“着火”本身，还是消防员成功救火、娃娃家的人得救？,引导幼儿思考“娃娃家着火”值不值得开心，帮助他们认识真实火灾是危险的。,请阳阳讲讲娃娃家着火后发生了什么、为什么开心，借此理解幼儿的游戏体验。,21.475,21.475,11.611,9.864,2,2,1,2,1,3,0,0,0,D,B/C,教师D：请阳阳讲讲娃娃家着火后发生了什么、为什么开心，借此理解幼儿的游戏体验。,教师B：询问幼儿开心的是“着火”本身，还是消防员成功救火、娃娃家的人得救？；教师C：引导幼儿思考“娃娃家着火”值不值得开心，帮助他们认识真实火灾是危险的。,11.611,0.0,0,60.465116,15.782946,100.0,28.222222,56.06124,eligible,过程中等,首反应异常；首末位摇摆；优劣方向冲突,请教师回忆读到情境后最先注意到什么、是否很快形成判断或感到难判断；追问最理想或最不理想做法的判断为什么发生变化；追问是否曾把某做法从合适改判为不合适，或相反
教师06,sim_openid_006_270790,Q6,6,区域停留短,小班幼儿瑶瑶在区域活动时，一会儿在娃娃家切切菜，一会儿到美工区搓搓橡皮泥，一会儿又开心地跑到其它区域游戏，在任何一个区域停留时间都不超过三分钟。,提议瑶瑶完成某项游戏任务，如在娃娃家做菜，请他活动小结时分享。,游戏前提醒区域活动规则，活动结束后表扬区域游戏规则遵守得好的小朋友。,仔细观察瑶瑶在不同区域的游戏情况，分析他发生迅速转移的原因。,以同伴的身份陪伴瑶瑶在某一区域游戏，待他专注游戏后再离开。,21.528,21.528,10.494,11.034,2,2,0,2,0,3,0,0,0,B,B/C,教师B：游戏前提醒区域活动规则，活动结束后表扬区域游戏规则遵守得好的小朋友。,教师B：游戏前提醒区域活动规则，活动结束后表扬区域游戏规则遵守得好的小朋友。；教师C：仔细观察瑶瑶在不同区域的游戏情况，分析他发生迅速转移的原因。,10.494,0.0,0,74.418605,11.51938,50.0,24.888889,39.572868,eligible,过程中等,首反应异常；首末位摇摆,请教师回忆读到情境后最先注意到什么、是否很快形成判断或感到难判断；追问最理想或最不理想做法的判断为什么发生变化
教师06,sim_openid_006_270790,Q7,7,飞行棋各走各的,大班区域游戏中，轩轩和小宇一起玩飞行棋，他们将棋子摆好后，各自拿了一个骰子开始投，小宇说：“该我走。”轩轩说：“明明该我走！”相持不下，于是两人各拿一个骰子，自顾自地走自己的棋。,耐心讲解共同游戏的规则，再以“棋手”身份加入游戏进行示范引导。,暂不介入，继续观察游戏进展，待区域小结时请幼儿分享游戏中的体验和问题。,拿走一个骰子，请幼儿商量只有一个骰子的共同游戏规则，达成一致后再开始游戏。,待幼儿体验一轮各走各的游戏后，询问幼儿的游戏体验，提示共同游戏规则的作用。,16.958,16.958,,,0,0,0,0,0,1,0,0,0,,,,,16.958,0.0,0,0.0,21.333333,0.0,26.0,10.3,eligible,过程简单,过程相对平稳,追问教师当时主要依据什么形成排序
教师06,sim_openid_006_270790,Q8,8,跳绳秩序混乱,周三下午，大五班的幼儿正自发进行跳绳游戏。李老师观察后发现，挤在一起跳绳的幼儿人数较多，整个场面十分混乱，幼儿很容易出现碰撞现象。此外，由于当“柱子”的幼儿很久才能轮上跳绳，因此也显得很不耐烦。,请幼儿暂停游戏，将幼儿分成多个小组并引导他们以小组为单位分区域开展游戏。,请幼儿说一说跳绳活动中存在的问题，并邀请幼儿一起设置跳绳的规则。,提供更多数量和不同种类的跳绳，并言语引导幼儿分组分区同时进行跳绳游戏。,暂不介入，活动分享时通过照片或视频回放引导幼儿发现问题并商议解决办法。,10.235,10.235,6.791,3.444,2,2,2,0,0,3,0,0,0,A,B/C,教师A：请幼儿暂停游戏，将幼儿分成多个小组并引导他们以小组为单位分区域开展游戏。,教师B：请幼儿说一说跳绳活动中存在的问题，并邀请幼儿一起设置跳绳的规则。；教师C：提供更多数量和不同种类的跳绳，并言语引导幼儿分组分区同时进行跳绳游戏。,6.791,0.0,0,93.181818,11.121212,50.0,30.555556,44.056061,eligible,过程中等,首反应异常；首末位摇摆,请教师回忆读到情境后最先注意到什么、是否很快形成判断或感到难判断；追问最理想或最不理想做法的判断为什么发生变化
教师06,sim_openid_006_270790,Q9,9,艾莎公主不运动,小班的一次户外运动，有几个女孩子从一开始就没有选择任何体育活动项目，而是聚在一起坐在地上玩“艾莎公主”的游戏，比一比谁的鞋子最漂亮，谁的魔法最厉害。,询问幼儿没有参与运动的原因，提供丰富的活动材料吸引幼儿参与运动活动。,提醒幼儿现在是运动时间，请他们等自由游戏时间再一起玩“艾莎公主”的游戏。,利用艾莎公主的鞋子设计走、跑、跳等活动，并以参与者的身份邀请幼儿一起参与运动。,肯定幼儿自主游戏的行为，言语引导幼儿穿着“漂亮的鞋子”参与运动。,9.288,9.288,,,0,0,0,0,0,1,0,0,0,,,,,9.288,0.0,0,0.0,20.666667,0.0,29.222222,10.583333,eligible,过程简单,过程相对平稳,追问教师当时主要依据什么形成排序
教师06,sim_openid_006_270790,Q10,10,引水难题未解,中班上学期，幼儿在“引水游戏”中遇到了难题——水无法被引到竹片管道上。他们不断调整竹片拼接的方式，却始终没能成功，即竹片一头高于出水管道，阻碍了引流。渐渐地幼儿的探索兴趣也减弱了，有的开始玩水，有的甚至离开了水池。,示范正确的引水方法，请幼儿注意观察并说说引水的要领，再自己试一试。,加入幼儿的探索，引导他们观察水流受阻的位置，一起尝试调整竹片的摆放方式。,组织幼儿就游戏困难进行讨论，寻找解决问题的方案，引导幼儿再次尝试。,投放更多辅助引水的材料，重新激起幼儿的探索兴趣，继续观察游戏进展。,18.312,18.312,7.027,11.285,3,3,2,1,0,4,0,0,0,A,B/D,教师A：示范正确的引水方法，请幼儿注意观察并说说引水的要领，再自己试一试。,教师B：加入幼儿的探索，引导他们观察水流受阻的位置，一起尝试调整竹片的摆放方式。；教师D：投放更多辅助引水的材料，重新激起幼儿的探索兴趣，继续观察游戏进展。,7.027,0.0,0,79.069767,29.906977,80.0,35.0,58.036047,eligible,过程复杂,首反应异常；多次调整；首末位摇摆,请教师回忆读到情境后最先注意到什么、是否很快形成判断或感到难判断；追问最理想或最不理想做法的判断为什么发生变化
教师07,sim_openid_007_148978,Q1,1,篮球架玩水,操场上新安装了一些篮球架，幼儿经常在这里投篮。某天户外活动时，几名幼儿带着画笔和水桶来到这里，他们先是快乐地粉刷篮球架，之后开始往篮框里灌水，有的从上面灌，有的在下面接，忙的不亦乐乎，俨然这里成为了玩水的场地。,看到幼儿玩得很开心，不干预他们的玩水行为，待兴趣减弱后再讨论玩水的适宜性。,表扬幼儿的新发现，并询问在篮球架旁玩水是否合适，提议幼儿可以换个地方玩水。,参与到幼儿的“粉刷”游戏中，逐步引导幼儿到适宜玩水的地方继续开展游戏。,提醒幼儿篮球架是用于开展运动的，与其他幼儿一起召唤他们打篮球，转移他们的关注点。,37.056,37.056,13.676,23.38,5,5,3,4,2,4,2,2,2,C,B/D,教师C：参与到幼儿的“粉刷”游戏中，逐步引导幼儿到适宜玩水的地方继续开展游戏。,教师B：表扬幼儿的新发现，并询问在篮球架旁玩水是否合适，提议幼儿可以换个地方玩水。；教师D：提醒幼儿篮球架是用于开展运动的，与其他幼儿一起召唤他们打篮球，转移他们的关注点。,13.676,0.0,0,43.902439,65.544715,100.0,81.555556,75.677236,eligible,过程复杂,高修正投入；多次调整；首末位摇摆；优劣方向冲突；路径振荡,追问后续主要在比较哪些做法、为什么调整；追问最理想或最不理想做法的判断为什么发生变化；追问是否曾把某做法从合适改判为不合适，或相反；追问当时是否在几个判断标准之间反复权衡
教师07,sim_openid_007_148978,Q2,2,未参与小组建构,大班建构活动中，睿睿和其他幼儿计划一起搭积木大桥，他们讨论了搭建方法，并进入区域开始搭建。就在其他幼儿在认真搭建时，睿睿发现了一块长条木板，他一会儿在地上推着走，一会儿当枪使，没有再参与小组的搭建。,继续观察，后续分享中支持睿睿思考如何把长条木板融入小组的建构中。,肯定睿睿的创造性玩法，询问他长条板能否当桥面，引导他参与到搭桥任务中。,引导睿睿回顾计划，建议他先完成共同任务，长条木板可以等自由游戏时再玩。,看到睿睿玩得开心，暂不介入，等下一次活动时再提醒他根据计划开展游戏。,35.01,35.01,22.623,12.387,3,3,1,1,0,4,0,0,0,A,B/D,教师A：继续观察，后续分享中支持睿睿思考如何把长条木板融入小组的建构中。,教师B：肯定睿睿的创造性玩法，询问他长条板能否当桥面，引导他参与到搭桥任务中。；教师D：看到睿睿玩得开心，暂不介入，等下一次活动时再提醒他根据计划开展游戏。,22.623,0.0,0,26.666667,17.111111,60.0,29.666667,35.916667,eligible,过程简单,多次调整；首末位摇摆,追问最理想或最不理想做法的判断为什么发生变化
教师07,sim_openid_007_148978,Q3,3,材料选择无层次,大班上学期，张老师在建构区投放了按图搭建的游戏材料，并提供了不同星级难度的任务卡供幼儿选择，但有的幼儿一上来就选择高难度的三星级任务卡，结果不能顺利完成任务；而有的幼儿始终选择低难度的一星级任务卡。这天，浩浩又连续选择了几张一星级任务卡，很快就完成了任务。,调整任务卡提供方式，在游戏开始前根据幼儿的能力水平有针对性地发放任务卡。,暂不介入，尊重幼儿的自主选择和游戏体验，只要完成任务就是一种经验积累。,调整任务卡呈现方式，如增加“我想挑战”等提示，鼓励幼儿选择不同星级的挑战。,和浩浩回顾已完成的任务，比较不同星级的难度，邀请他选择稍有挑战的任务。,52.981,52.981,27.87,25.111,5,5,3,2,1,6,0,0,0,D,B/C,教师D：和浩浩回顾已完成的任务，比较不同星级的难度，邀请他选择稍有挑战的任务。,教师B：暂不介入，尊重幼儿的自主选择和游戏体验，只要完成任务就是一种经验积累。；教师C：调整任务卡呈现方式，如增加“我想挑战”等提示，鼓励幼儿选择不同星级的挑战。,27.87,0.0,0,84.444444,60.666667,100.0,41.333333,76.288889,eligible,过程复杂,首反应异常；高修正投入；多次调整；首末位摇摆；优劣方向冲突,请教师回忆读到情境后最先注意到什么、是否很快形成判断或感到难判断；追问后续主要在比较哪些做法、为什么调整；追问最理想或最不理想做法的判断为什么发生变化；追问是否曾把某做法从合适改判为不合适，或相反
教师07,sim_openid_007_148978,Q4,4,频繁求助,中班区域活动时，小明选择了建构区。玩了一会儿，他跑到老师面前说“老师，我不会搭……帮帮我吧”，教师问他需要什么帮助时，他一边说我不会搭，一边却很快地将房子从一层积木加高到了两层。看小明专注搭建后，老师就离开建构区了。可是没一会，小明又找了老师好几次，说“老师，帮帮我吧，我不会搭”。,鼓励小明独立搭建，引导他思考接下来如何搭建，及时表扬他的努力。,先示范搭建关键部分，请小明观察方法，再鼓励他照着继续搭建。,在旁观察小明的搭建过程，并适时反馈，帮助他理清搭建步骤。,帮小明回顾已搭建完成的部分，指导他设定小目标，尝试自己实现。,34.272,34.272,13.294,20.978,4,4,2,2,1,5,0,0,0,A,C/D,教师A：鼓励小明独立搭建，引导他思考接下来如何搭建，及时表扬他的努力。,教师C：在旁观察小明的搭建过程，并适时反馈，帮助他理清搭建步骤。；教师D：帮小明回顾已搭建完成的部分，指导他设定小目标，尝试自己实现。,13.294,0.0,0,32.5,56.166667,100.0,35.0,63.6,eligible,过程中等,多次调整；首末位摇摆；优劣方向冲突,追问最理想或最不理想做法的判断为什么发生变化；追问是否曾把某做法从合适改判为不合适，或相反
教师07,sim_openid_007_148978,Q5,5,消防员救火开心,近几天，中班的幼儿十分热衷于在区域游戏时间玩“消防员救火”的游戏。游戏结束后的交流活动中，老师问幼儿最想分享什么时，阳阳说“娃娃家着火了，好开心啊！”。,抓住教育契机，向幼儿耐心解释真实的火灾会造成物品损失和人员伤亡。,询问幼儿开心的是“着火”本身，还是消防员成功救火、娃娃家的人得救？,引导幼儿思考“娃娃家着火”值不值得开心，帮助他们认识真实火灾是危险的。,请阳阳讲讲娃娃家着火后发生了什么、为什么开心，借此理解幼儿的游戏体验。,34.522,34.522,20.925,13.597,2,2,1,1,1,3,0,0,0,D,A/B,教师D：请阳阳讲讲娃娃家着火后发生了什么、为什么开心，借此理解幼儿的游戏体验。,教师A：抓住教育契机，向幼儿耐心解释真实的火灾会造成物品损失和人员伤亡。；教师B：询问幼儿开心的是“着火”本身，还是消防员成功救火、娃娃家的人得救？,20.925,0.0,0,27.906977,21.364341,90.0,28.222222,47.724031,eligible,过程简单,首末位摇摆；优劣方向冲突,追问最理想或最不理想做法的判断为什么发生变化；追问是否曾把某做法从合适改判为不合适，或相反
教师07,sim_openid_007_148978,Q6,6,区域停留短,小班幼儿瑶瑶在区域活动时，一会儿在娃娃家切切菜，一会儿到美工区搓搓橡皮泥，一会儿又开心地跑到其它区域游戏，在任何一个区域停留时间都不超过三分钟。,提议瑶瑶完成某项游戏任务，如在娃娃家做菜，请他活动小结时分享。,游戏前提醒区域活动规则，活动结束后表扬区域游戏规则遵守得好的小朋友。,仔细观察瑶瑶在不同区域的游戏情况，分析他发生迅速转移的原因。,以同伴的身份陪伴瑶瑶在某一区域游戏，待他专注游戏后再离开。,47.022,47.022,11.692,35.33,7,7,5,3,1,7,1,1,0,A,A/D,教师A：提议瑶瑶完成某项游戏任务，如在娃娃家做菜，请他活动小结时分享。,教师A：提议瑶瑶完成某项游戏任务，如在娃娃家做菜，请他活动小结时分享。；教师D：以同伴的身份陪伴瑶瑶在某一区域游戏，待他专注游戏后再离开。,11.692,0.0,0,60.465116,94.604651,100.0,59.222222,84.357752,eligible,过程复杂,首反应异常；高修正投入；多次调整；首末位摇摆；优劣方向冲突,请教师回忆读到情境后最先注意到什么、是否很快形成判断或感到难判断；追问后续主要在比较哪些做法、为什么调整；追问最理想或最不理想做法的判断为什么发生变化；追问是否曾把某做法从合适改判为不合适，或相反
教师07,sim_openid_007_148978,Q7,7,飞行棋各走各的,大班区域游戏中，轩轩和小宇一起玩飞行棋，他们将棋子摆好后，各自拿了一个骰子开始投，小宇说：“该我走。”轩轩说：“明明该我走！”相持不下，于是两人各拿一个骰子，自顾自地走自己的棋。,耐心讲解共同游戏的规则，再以“棋手”身份加入游戏进行示范引导。,暂不介入，继续观察游戏进展，待区域小结时请幼儿分享游戏中的体验和问题。,拿走一个骰子，请幼儿商量只有一个骰子的共同游戏规则，达成一致后再开始游戏。,待幼儿体验一轮各走各的游戏后，询问幼儿的游戏体验，提示共同游戏规则的作用。,27.472,27.472,9.761,17.711,5,5,1,3,1,6,0,0,0,A,B/C,教师A：耐心讲解共同游戏的规则，再以“棋手”身份加入游戏进行示范引导。,教师B：暂不介入，继续观察游戏进展，待区域小结时请幼儿分享游戏中的体验和问题。；教师C：拿走一个骰子，请幼儿商量只有一个骰子的共同游戏规则，达成一致后再开始游戏。,9.761,0.0,0,60.465116,60.806202,100.0,42.0,71.634884,eligible,过程复杂,首反应异常；高修正投入；多次调整；首末位摇摆；优劣方向冲突,请教师回忆读到情境后最先注意到什么、是否很快形成判断或感到难判断；追问后续主要在比较哪些做法、为什么调整；追问最理想或最不理想做法的判断为什么发生变化；追问是否曾把某做法从合适改判为不合适，或相反
教师07,sim_openid_007_148978,Q8,8,跳绳秩序混乱,周三下午，大五班的幼儿正自发进行跳绳游戏。李老师观察后发现，挤在一起跳绳的幼儿人数较多，整个场面十分混乱，幼儿很容易出现碰撞现象。此外，由于当“柱子”的幼儿很久才能轮上跳绳，因此也显得很不耐烦。,请幼儿暂停游戏，将幼儿分成多个小组并引导他们以小组为单位分区域开展游戏。,请幼儿说一说跳绳活动中存在的问题，并邀请幼儿一起设置跳绳的规则。,提供更多数量和不同种类的跳绳，并言语引导幼儿分组分区同时进行跳绳游戏。,暂不介入，活动分享时通过照片或视频回放引导幼儿发现问题并商议解决办法。,33.258,33.258,17.871,15.387,5,5,4,1,0,4,2,2,2,A,B/D,教师A：请幼儿暂停游戏，将幼儿分成多个小组并引导他们以小组为单位分区域开展游戏。,教师B：请幼儿说一说跳绳活动中存在的问题，并邀请幼儿一起设置跳绳的规则。；教师D：暂不介入，活动分享时通过照片或视频回放引导幼儿发现问题并商议解决办法。,17.871,0.0,0,6.818182,58.636364,80.0,84.555556,59.637879,eligible,过程中等,多次调整；首末位摇摆；路径振荡,追问最理想或最不理想做法的判断为什么发生变化；追问当时是否在几个判断标准之间反复权衡
教师07,sim_openid_007_148978,Q9,9,艾莎公主不运动,小班的一次户外运动，有几个女孩子从一开始就没有选择任何体育活动项目，而是聚在一起坐在地上玩“艾莎公主”的游戏，比一比谁的鞋子最漂亮，谁的魔法最厉害。,询问幼儿没有参与运动的原因，提供丰富的活动材料吸引幼儿参与运动活动。,提醒幼儿现在是运动时间，请他们等自由游戏时间再一起玩“艾莎公主”的游戏。,利用艾莎公主的鞋子设计走、跑、跳等活动，并以参与者的身份邀请幼儿一起参与运动。,肯定幼儿自主游戏的行为，言语引导幼儿穿着“漂亮的鞋子”参与运动。,24.741,24.741,16.941,7.8,2,2,1,1,0,3,0,0,0,A,A/B,教师A：询问幼儿没有参与运动的原因，提供丰富的活动材料吸引幼儿参与运动活动。,教师A：询问幼儿没有参与运动的原因，提供丰富的活动材料吸引幼儿参与运动活动。；教师B：提醒幼儿现在是运动时间，请他们等自由游戏时间再一起玩“艾莎公主”的游戏。,16.941,0.0,0,6.818182,13.181818,60.0,32.777778,31.234848,eligible,过程简单,首末位摇摆,追问最理想或最不理想做法的判断为什么发生变化
教师07,sim_openid_007_148978,Q10,10,引水难题未解,中班上学期，幼儿在“引水游戏”中遇到了难题——水无法被引到竹片管道上。他们不断调整竹片拼接的方式，却始终没能成功，即竹片一头高于出水管道，阻碍了引流。渐渐地幼儿的探索兴趣也减弱了，有的开始玩水，有的甚至离开了水池。,示范正确的引水方法，请幼儿注意观察并说说引水的要领，再自己试一试。,加入幼儿的探索，引导他们观察水流受阻的位置，一起尝试调整竹片的摆放方式。,组织幼儿就游戏困难进行讨论，寻找解决问题的方案，引导幼儿再次尝试。,投放更多辅助引水的材料，重新激起幼儿的探索兴趣，继续观察游戏进展。,36.454,36.454,19.231,17.223,4,4,2,3,1,4,1,1,1,B,A/B,教师B：加入幼儿的探索，引导他们观察水流受阻的位置，一起尝试调整竹片的摆放方式。,教师A：示范正确的引水方法，请幼儿注意观察并说说引水的要领，再自己试一试。；教师B：加入幼儿的探索，引导他们观察水流受阻的位置，一起尝试调整竹片的摆放方式。,19.231,0.0,0,27.906977,50.666667,100.0,70.0,66.281395,eligible,过程中等,多次调整；首末位摇摆；优劣方向冲突；路径振荡,追问最理想或最不理想做法的判断为什么发生变化；追问是否曾把某做法从合适改判为不合适，或相反；追问当时是否在几个判断标准之间反复权衡
教师08,sim_openid_008_921296,Q1,1,篮球架玩水,操场上新安装了一些篮球架，幼儿经常在这里投篮。某天户外活动时，几名幼儿带着画笔和水桶来到这里，他们先是快乐地粉刷篮球架，之后开始往篮框里灌水，有的从上面灌，有的在下面接，忙的不亦乐乎，俨然这里成为了玩水的场地。,看到幼儿玩得很开心，不干预他们的玩水行为，待兴趣减弱后再讨论玩水的适宜性。,表扬幼儿的新发现，并询问在篮球架旁玩水是否合适，提议幼儿可以换个地方玩水。,参与到幼儿的“粉刷”游戏中，逐步引导幼儿到适宜玩水的地方继续开展游戏。,提醒幼儿篮球架是用于开展运动的，与其他幼儿一起召唤他们打篮球，转移他们的关注点。,30.448,30.448,13.635,16.813,3,3,1,2,0,4,0,0,0,C,B/D,教师C：参与到幼儿的“粉刷”游戏中，逐步引导幼儿到适宜玩水的地方继续开展游戏。,教师B：表扬幼儿的新发现，并询问在篮球架旁玩水是否合适，提议幼儿可以换个地方玩水。；教师D：提醒幼儿篮球架是用于开展运动的，与其他幼儿一起召唤他们打篮球，转移他们的关注点。,13.635,0.0,0,48.780488,31.170732,80.0,32.555556,51.99065,eligible,过程中等,多次调整；首末位摇摆,追问最理想或最不理想做法的判断为什么发生变化
教师08,sim_openid_008_921296,Q2,2,未参与小组建构,大班建构活动中，睿睿和其他幼儿计划一起搭积木大桥，他们讨论了搭建方法，并进入区域开始搭建。就在其他幼儿在认真搭建时，睿睿发现了一块长条木板，他一会儿在地上推着走，一会儿当枪使，没有再参与小组的搭建。,继续观察，后续分享中支持睿睿思考如何把长条木板融入小组的建构中。,肯定睿睿的创造性玩法，询问他长条板能否当桥面，引导他参与到搭桥任务中。,引导睿睿回顾计划，建议他先完成共同任务，长条木板可以等自由游戏时再玩。,看到睿睿玩得开心，暂不介入，等下一次活动时再提醒他根据计划开展游戏。,29.995,29.995,18.068,11.927,3,3,1,1,0,4,0,0,0,D,C/D,教师D：看到睿睿玩得开心，暂不介入，等下一次活动时再提醒他根据计划开展游戏。,教师C：引导睿睿回顾计划，建议他先完成共同任务，长条木板可以等自由游戏时再玩。；教师D：看到睿睿玩得开心，暂不介入，等下一次活动时再提醒他根据计划开展游戏。,18.068,0.0,0,4.444444,16.222222,60.0,29.666667,31.205556,eligible,过程简单,多次调整；首末位摇摆,追问最理想或最不理想做法的判断为什么发生变化
教师08,sim_openid_008_921296,Q3,3,材料选择无层次,大班上学期，张老师在建构区投放了按图搭建的游戏材料，并提供了不同星级难度的任务卡供幼儿选择，但有的幼儿一上来就选择高难度的三星级任务卡，结果不能顺利完成任务；而有的幼儿始终选择低难度的一星级任务卡。这天，浩浩又连续选择了几张一星级任务卡，很快就完成了任务。,调整任务卡提供方式，在游戏开始前根据幼儿的能力水平有针对性地发放任务卡。,暂不介入，尊重幼儿的自主选择和游戏体验，只要完成任务就是一种经验积累。,调整任务卡呈现方式，如增加“我想挑战”等提示，鼓励幼儿选择不同星级的挑战。,和浩浩回顾已完成的任务，比较不同星级的难度，邀请他选择稍有挑战的任务。,36.299,36.299,18.514,17.785,4,4,2,3,1,5,0,0,0,A,C/D,教师A：调整任务卡提供方式，在游戏开始前根据幼儿的能力水平有针对性地发放任务卡。,教师C：调整任务卡呈现方式，如增加“我想挑战”等提示，鼓励幼儿选择不同星级的挑战。；教师D：和浩浩回顾已完成的任务，比较不同星级的难度，邀请他选择稍有挑战的任务。,18.514,0.0,0,0.0,42.444444,100.0,36.888889,53.266667,eligible,过程中等,多次调整；首末位摇摆；优劣方向冲突,追问最理想或最不理想做法的判断为什么发生变化；追问是否曾把某做法从合适改判为不合适，或相反
教师08,sim_openid_008_921296,Q4,4,频繁求助,中班区域活动时，小明选择了建构区。玩了一会儿，他跑到老师面前说“老师，我不会搭……帮帮我吧”，教师问他需要什么帮助时，他一边说我不会搭，一边却很快地将房子从一层积木加高到了两层。看小明专注搭建后，老师就离开建构区了。可是没一会，小明又找了老师好几次，说“老师，帮帮我吧，我不会搭”。,鼓励小明独立搭建，引导他思考接下来如何搭建，及时表扬他的努力。,先示范搭建关键部分，请小明观察方法，再鼓励他照着继续搭建。,在旁观察小明的搭建过程，并适时反馈，帮助他理清搭建步骤。,帮小明回顾已搭建完成的部分，指导他设定小目标，尝试自己实现。,39.089,39.089,23.98,15.109,3,3,0,2,0,3,1,1,1,B,B/D,教师B：先示范搭建关键部分，请小明观察方法，再鼓励他照着继续搭建。,教师B：先示范搭建关键部分，请小明观察方法，再鼓励他照着继续搭建。；教师D：帮小明回顾已搭建完成的部分，指导他设定小目标，尝试自己实现。,23.98,0.0,0,57.5,34.833333,50.0,60.444444,48.516667,eligible,过程中等,多次调整；首末位摇摆；路径振荡,追问最理想或最不理想做法的判断为什么发生变化；追问当时是否在几个判断标准之间反复权衡
教师08,sim_openid_008_921296,Q5,5,消防员救火开心,近几天，中班的幼儿十分热衷于在区域游戏时间玩“消防员救火”的游戏。游戏结束后的交流活动中，老师问幼儿最想分享什么时，阳阳说“娃娃家着火了，好开心啊！”。,抓住教育契机，向幼儿耐心解释真实的火灾会造成物品损失和人员伤亡。,询问幼儿开心的是“着火”本身，还是消防员成功救火、娃娃家的人得救？,引导幼儿思考“娃娃家着火”值不值得开心，帮助他们认识真实火灾是危险的。,请阳阳讲讲娃娃家着火后发生了什么、为什么开心，借此理解幼儿的游戏体验。,30.795,30.795,13.842,16.953,4,4,1,1,0,4,1,1,1,A,A/D,教师A：抓住教育契机，向幼儿耐心解释真实的火灾会造成物品损失和人员伤亡。,教师A：抓住教育契机，向幼儿耐心解释真实的火灾会造成物品损失和人员伤亡。；教师D：请阳阳讲讲娃娃家着火后发生了什么、为什么开心，借此理解幼儿的游戏体验。,13.842,0.0,0,41.860465,49.875969,60.0,67.222222,54.418217,eligible,过程复杂,多次调整；首末位摇摆；路径振荡,追问最理想或最不理想做法的判断为什么发生变化；追问当时是否在几个判断标准之间反复权衡
教师08,sim_openid_008_921296,Q6,6,区域停留短,小班幼儿瑶瑶在区域活动时，一会儿在娃娃家切切菜，一会儿到美工区搓搓橡皮泥，一会儿又开心地跑到其它区域游戏，在任何一个区域停留时间都不超过三分钟。,提议瑶瑶完成某项游戏任务，如在娃娃家做菜，请他活动小结时分享。,游戏前提醒区域活动规则，活动结束后表扬区域游戏规则遵守得好的小朋友。,仔细观察瑶瑶在不同区域的游戏情况，分析他发生迅速转移的原因。,以同伴的身份陪伴瑶瑶在某一区域游戏，待他专注游戏后再离开。,40.769,40.769,22.305,18.464,4,4,3,0,0,4,1,1,0,A,A/B,教师A：提议瑶瑶完成某项游戏任务，如在娃娃家做菜，请他活动小结时分享。,教师A：提议瑶瑶完成某项游戏任务，如在娃娃家做菜，请他活动小结时分享。；教师B：游戏前提醒区域活动规则，活动结束后表扬区域游戏规则遵守得好的小朋友。,22.305,0.0,0,32.55814,46.945736,50.0,50.777778,45.712016,eligible,过程简单,多次调整；首末位摇摆,追问最理想或最不理想做法的判断为什么发生变化
教师08,sim_openid_008_921296,Q7,7,飞行棋各走各的,大班区域游戏中，轩轩和小宇一起玩飞行棋，他们将棋子摆好后，各自拿了一个骰子开始投，小宇说：“该我走。”轩轩说：“明明该我走！”相持不下，于是两人各拿一个骰子，自顾自地走自己的棋。,耐心讲解共同游戏的规则，再以“棋手”身份加入游戏进行示范引导。,暂不介入，继续观察游戏进展，待区域小结时请幼儿分享游戏中的体验和问题。,拿走一个骰子，请幼儿商量只有一个骰子的共同游戏规则，达成一致后再开始游戏。,待幼儿体验一轮各走各的游戏后，询问幼儿的游戏体验，提示共同游戏规则的作用。,36.683,36.683,24.836,11.847,2,2,1,2,1,3,0,0,0,D,B/C,教师D：待幼儿体验一轮各走各的游戏后，询问幼儿的游戏体验，提示共同游戏规则的作用。,教师B：暂不介入，继续观察游戏进展，待区域小结时请幼儿分享游戏中的体验和问题。；教师C：拿走一个骰子，请幼儿商量只有一个骰子的共同游戏规则，达成一致后再开始游戏。,24.836,0.0,0,60.465116,15.643411,100.0,29.777778,56.252713,eligible,过程复杂,首反应异常；首末位摇摆；优劣方向冲突,请教师回忆读到情境后最先注意到什么、是否很快形成判断或感到难判断；追问最理想或最不理想做法的判断为什么发生变化；追问是否曾把某做法从合适改判为不合适，或相反
教师08,sim_openid_008_921296,Q8,8,跳绳秩序混乱,周三下午，大五班的幼儿正自发进行跳绳游戏。李老师观察后发现，挤在一起跳绳的幼儿人数较多，整个场面十分混乱，幼儿很容易出现碰撞现象。此外，由于当“柱子”的幼儿很久才能轮上跳绳，因此也显得很不耐烦。,请幼儿暂停游戏，将幼儿分成多个小组并引导他们以小组为单位分区域开展游戏。,请幼儿说一说跳绳活动中存在的问题，并邀请幼儿一起设置跳绳的规则。,提供更多数量和不同种类的跳绳，并言语引导幼儿分组分区同时进行跳绳游戏。,暂不介入，活动分享时通过照片或视频回放引导幼儿发现问题并商议解决办法。,27.846,27.846,24.234,3.612,2,2,1,1,0,3,0,0,0,A,C/D,教师A：请幼儿暂停游戏，将幼儿分成多个小组并引导他们以小组为单位分区域开展游戏。,教师C：提供更多数量和不同种类的跳绳，并言语引导幼儿分组分区同时进行跳绳游戏。；教师D：暂不介入，活动分享时通过照片或视频回放引导幼儿发现问题并商议解决办法。,24.234,0.0,0,61.363636,12.030303,60.0,30.555556,41.465152,eligible,过程简单,首反应异常；首末位摇摆,请教师回忆读到情境后最先注意到什么、是否很快形成判断或感到难判断；追问最理想或最不理想做法的判断为什么发生变化
教师08,sim_openid_008_921296,Q9,9,艾莎公主不运动,小班的一次户外运动，有几个女孩子从一开始就没有选择任何体育活动项目，而是聚在一起坐在地上玩“艾莎公主”的游戏，比一比谁的鞋子最漂亮，谁的魔法最厉害。,询问幼儿没有参与运动的原因，提供丰富的活动材料吸引幼儿参与运动活动。,提醒幼儿现在是运动时间，请他们等自由游戏时间再一起玩“艾莎公主”的游戏。,利用艾莎公主的鞋子设计走、跑、跳等活动，并以参与者的身份邀请幼儿一起参与运动。,肯定幼儿自主游戏的行为，言语引导幼儿穿着“漂亮的鞋子”参与运动。,38.107,38.107,25.519,12.588,3,3,2,1,0,4,0,0,0,D,B/D,教师D：肯定幼儿自主游戏的行为，言语引导幼儿穿着“漂亮的鞋子”参与运动。,教师B：提醒幼儿现在是运动时间，请他们等自由游戏时间再一起玩“艾莎公主”的游戏。；教师D：肯定幼儿自主游戏的行为，言语引导幼儿穿着“漂亮的鞋子”参与运动。,25.519,0.0,0,43.181818,30.454545,80.0,36.555556,51.256061,eligible,过程中等,多次调整；首末位摇摆,追问最理想或最不理想做法的判断为什么发生变化
教师08,sim_openid_008_921296,Q10,10,引水难题未解,中班上学期，幼儿在“引水游戏”中遇到了难题——水无法被引到竹片管道上。他们不断调整竹片拼接的方式，却始终没能成功，即竹片一头高于出水管道，阻碍了引流。渐渐地幼儿的探索兴趣也减弱了，有的开始玩水，有的甚至离开了水池。,示范正确的引水方法，请幼儿注意观察并说说引水的要领，再自己试一试。,加入幼儿的探索，引导他们观察水流受阻的位置，一起尝试调整竹片的摆放方式。,组织幼儿就游戏困难进行讨论，寻找解决问题的方案，引导幼儿再次尝试。,投放更多辅助引水的材料，重新激起幼儿的探索兴趣，继续观察游戏进展。,19.531,19.531,6.413,13.118,3,3,1,1,0,4,0,0,0,D,C/D,教师D：投放更多辅助引水的材料，重新激起幼儿的探索兴趣，继续观察游戏进展。,教师C：组织幼儿就游戏困难进行讨论，寻找解决问题的方案，引导幼儿再次尝试。；教师D：投放更多辅助引水的材料，重新激起幼儿的探索兴趣，继续观察游戏进展。,7.661,0.0,0,88.372093,33.627907,60.0,35.0,54.012791,eligible,过程复杂,首反应异常；多次调整；首末位摇摆,请教师回忆读到情境后最先注意到什么、是否很快形成判断或感到难判断；追问最理想或最不理想做法的判断为什么发生变化
教师09,sim_openid_009_149687,Q1,1,篮球架玩水,操场上新安装了一些篮球架，幼儿经常在这里投篮。某天户外活动时，几名幼儿带着画笔和水桶来到这里，他们先是快乐地粉刷篮球架，之后开始往篮框里灌水，有的从上面灌，有的在下面接，忙的不亦乐乎，俨然这里成为了玩水的场地。,看到幼儿玩得很开心，不干预他们的玩水行为，待兴趣减弱后再讨论玩水的适宜性。,表扬幼儿的新发现，并询问在篮球架旁玩水是否合适，提议幼儿可以换个地方玩水。,参与到幼儿的“粉刷”游戏中，逐步引导幼儿到适宜玩水的地方继续开展游戏。,提醒幼儿篮球架是用于开展运动的，与其他幼儿一起召唤他们打篮球，转移他们的关注点。,47.599,47.599,21.896,25.703,6,6,5,3,3,6,1,1,1,A,B/C,教师A：看到幼儿玩得很开心，不干预他们的玩水行为，待兴趣减弱后再讨论玩水的适宜性。,教师B：表扬幼儿的新发现，并询问在篮球架旁玩水是否合适，提议幼儿可以换个地方玩水。；教师C：参与到幼儿的“粉刷”游戏中，逐步引导幼儿到适宜玩水的地方继续开展游戏。,21.896,0.0,0,24.390244,77.415989,100.0,74.666667,74.302846,eligible,过程复杂,高修正投入；多次调整；首末位摇摆；优劣方向冲突；路径振荡,追问后续主要在比较哪些做法、为什么调整；追问最理想或最不理想做法的判断为什么发生变化；追问是否曾把某做法从合适改判为不合适，或相反；追问当时是否在几个判断标准之间反复权衡
教师09,sim_openid_009_149687,Q2,2,未参与小组建构,大班建构活动中，睿睿和其他幼儿计划一起搭积木大桥，他们讨论了搭建方法，并进入区域开始搭建。就在其他幼儿在认真搭建时，睿睿发现了一块长条木板，他一会儿在地上推着走，一会儿当枪使，没有再参与小组的搭建。,继续观察，后续分享中支持睿睿思考如何把长条木板融入小组的建构中。,肯定睿睿的创造性玩法，询问他长条板能否当桥面，引导他参与到搭桥任务中。,引导睿睿回顾计划，建议他先完成共同任务，长条木板可以等自由游戏时再玩。,看到睿睿玩得开心，暂不介入，等下一次活动时再提醒他根据计划开展游戏。,59.057,59.057,28.573,30.484,6,6,4,4,3,5,2,2,1,,A/B,,教师A：继续观察，后续分享中支持睿睿思考如何把长条木板融入小组的建构中。；教师B：肯定睿睿的创造性玩法，询问他长条板能否当桥面，引导他参与到搭桥任务中。,28.573,0.0,0,75.555556,74.0,100.0,80.666667,84.411111,eligible,过程复杂,首反应异常；高修正投入；多次调整；首末位摇摆；优劣方向冲突；路径振荡,请教师回忆读到情境后最先注意到什么、是否很快形成判断或感到难判断；追问后续主要在比较哪些做法、为什么调整；追问最理想或最不理想做法的判断为什么发生变化；追问是否曾把某做法从合适改判为不合适，或相反；追问当时是否在几个判断标准之间反复权衡
教师09,sim_openid_009_149687,Q3,3,材料选择无层次,大班上学期，张老师在建构区投放了按图搭建的游戏材料，并提供了不同星级难度的任务卡供幼儿选择，但有的幼儿一上来就选择高难度的三星级任务卡，结果不能顺利完成任务；而有的幼儿始终选择低难度的一星级任务卡。这天，浩浩又连续选择了几张一星级任务卡，很快就完成了任务。,调整任务卡提供方式，在游戏开始前根据幼儿的能力水平有针对性地发放任务卡。,暂不介入，尊重幼儿的自主选择和游戏体验，只要完成任务就是一种经验积累。,调整任务卡呈现方式，如增加“我想挑战”等提示，鼓励幼儿选择不同星级的挑战。,和浩浩回顾已完成的任务，比较不同星级的难度，邀请他选择稍有挑战的任务。,40.522,40.522,7.887,32.635,6,6,3,3,0,4,3,3,1,B,A/C,教师B：暂不介入，尊重幼儿的自主选择和游戏体验，只要完成任务就是一种经验积累。,教师A：调整任务卡提供方式，在游戏开始前根据幼儿的能力水平有针对性地发放任务卡。；教师C：调整任务卡呈现方式，如增加“我想挑战”等提示，鼓励幼儿选择不同星级的挑战。,7.887,0.0,0,75.555556,75.777778,100.0,78.111111,84.561111,eligible,过程复杂,首反应异常；高修正投入；多次调整；首末位摇摆；路径振荡,请教师回忆读到情境后最先注意到什么、是否很快形成判断或感到难判断；追问后续主要在比较哪些做法、为什么调整；追问最理想或最不理想做法的判断为什么发生变化；追问当时是否在几个判断标准之间反复权衡
教师09,sim_openid_009_149687,Q4,4,频繁求助,中班区域活动时，小明选择了建构区。玩了一会儿，他跑到老师面前说“老师，我不会搭……帮帮我吧”，教师问他需要什么帮助时，他一边说我不会搭，一边却很快地将房子从一层积木加高到了两层。看小明专注搭建后，老师就离开建构区了。可是没一会，小明又找了老师好几次，说“老师，帮帮我吧，我不会搭”。,鼓励小明独立搭建，引导他思考接下来如何搭建，及时表扬他的努力。,先示范搭建关键部分，请小明观察方法，再鼓励他照着继续搭建。,在旁观察小明的搭建过程，并适时反馈，帮助他理清搭建步骤。,帮小明回顾已搭建完成的部分，指导他设定小目标，尝试自己实现。,51.145,51.145,25.188,25.957,5,5,1,3,1,5,1,1,0,D,B/C,教师D：帮小明回顾已搭建完成的部分，指导他设定小目标，尝试自己实现。,教师B：先示范搭建关键部分，请小明观察方法，再鼓励他照着继续搭建。；教师C：在旁观察小明的搭建过程，并适时反馈，帮助他理清搭建步骤。,25.188,0.0,0,62.5,73.833333,100.0,56.111111,78.066667,eligible,过程复杂,首反应异常；高修正投入；多次调整；首末位摇摆；优劣方向冲突,请教师回忆读到情境后最先注意到什么、是否很快形成判断或感到难判断；追问后续主要在比较哪些做法、为什么调整；追问最理想或最不理想做法的判断为什么发生变化；追问是否曾把某做法从合适改判为不合适，或相反
教师09,sim_openid_009_149687,Q5,5,消防员救火开心,近几天，中班的幼儿十分热衷于在区域游戏时间玩“消防员救火”的游戏。游戏结束后的交流活动中，老师问幼儿最想分享什么时，阳阳说“娃娃家着火了，好开心啊！”。,抓住教育契机，向幼儿耐心解释真实的火灾会造成物品损失和人员伤亡。,询问幼儿开心的是“着火”本身，还是消防员成功救火、娃娃家的人得救？,引导幼儿思考“娃娃家着火”值不值得开心，帮助他们认识真实火灾是危险的。,请阳阳讲讲娃娃家着火后发生了什么、为什么开心，借此理解幼儿的游戏体验。,53.763,53.763,20.095,33.668,7,7,4,3,0,7,1,1,1,A,C/D,教师A：抓住教育契机，向幼儿耐心解释真实的火灾会造成物品损失和人员伤亡。,教师C：引导幼儿思考“娃娃家着火”值不值得开心，帮助他们认识真实火灾是危险的。；教师D：请阳阳讲讲娃娃家着火后发生了什么、为什么开心，借此理解幼儿的游戏体验。,20.095,0.0,0,18.604651,85.953488,100.0,75.666667,75.856977,eligible,过程复杂,高修正投入；多次调整；首末位摇摆；路径振荡,追问后续主要在比较哪些做法、为什么调整；追问最理想或最不理想做法的判断为什么发生变化；追问当时是否在几个判断标准之间反复权衡
教师09,sim_openid_009_149687,Q6,6,区域停留短,小班幼儿瑶瑶在区域活动时，一会儿在娃娃家切切菜，一会儿到美工区搓搓橡皮泥，一会儿又开心地跑到其它区域游戏，在任何一个区域停留时间都不超过三分钟。,提议瑶瑶完成某项游戏任务，如在娃娃家做菜，请他活动小结时分享。,游戏前提醒区域活动规则，活动结束后表扬区域游戏规则遵守得好的小朋友。,仔细观察瑶瑶在不同区域的游戏情况，分析他发生迅速转移的原因。,以同伴的身份陪伴瑶瑶在某一区域游戏，待他专注游戏后再离开。,36.211,36.211,10.141,26.07,6,6,3,3,1,6,1,1,0,D,A/B,教师D：以同伴的身份陪伴瑶瑶在某一区域游戏，待他专注游戏后再离开。,教师A：提议瑶瑶完成某项游戏任务，如在娃娃家做菜，请他活动小结时分享。；教师B：游戏前提醒区域活动规则，活动结束后表扬区域游戏规则遵守得好的小朋友。,10.141,0.0,0,79.069767,79.829457,100.0,56.777778,83.279457,eligible,过程复杂,首反应异常；高修正投入；多次调整；首末位摇摆；优劣方向冲突,请教师回忆读到情境后最先注意到什么、是否很快形成判断或感到难判断；追问后续主要在比较哪些做法、为什么调整；追问最理想或最不理想做法的判断为什么发生变化；追问是否曾把某做法从合适改判为不合适，或相反
教师09,sim_openid_009_149687,Q7,7,飞行棋各走各的,大班区域游戏中，轩轩和小宇一起玩飞行棋，他们将棋子摆好后，各自拿了一个骰子开始投，小宇说：“该我走。”轩轩说：“明明该我走！”相持不下，于是两人各拿一个骰子，自顾自地走自己的棋。,耐心讲解共同游戏的规则，再以“棋手”身份加入游戏进行示范引导。,暂不介入，继续观察游戏进展，待区域小结时请幼儿分享游戏中的体验和问题。,拿走一个骰子，请幼儿商量只有一个骰子的共同游戏规则，达成一致后再开始游戏。,待幼儿体验一轮各走各的游戏后，询问幼儿的游戏体验，提示共同游戏规则的作用。,72.389,72.389,29.66,42.729,7,7,2,1,0,4,4,4,3,C,B/D,教师C：拿走一个骰子，请幼儿商量只有一个骰子的共同游戏规则，达成一致后再开始游戏。,教师B：暂不介入，继续观察游戏进展，待区域小结时请幼儿分享游戏中的体验和问题。；教师D：待幼儿体验一轮各走各的游戏后，询问幼儿的游戏体验，提示共同游戏规则的作用。,29.66,0.0,0,83.72093,91.937984,80.0,87.777778,85.492248,eligible,过程复杂,首反应异常；高修正投入；多次调整；首末位摇摆；路径振荡,请教师回忆读到情境后最先注意到什么、是否很快形成判断或感到难判断；追问后续主要在比较哪些做法、为什么调整；追问最理想或最不理想做法的判断为什么发生变化；追问当时是否在几个判断标准之间反复权衡
教师09,sim_openid_009_149687,Q8,8,跳绳秩序混乱,周三下午，大五班的幼儿正自发进行跳绳游戏。李老师观察后发现，挤在一起跳绳的幼儿人数较多，整个场面十分混乱，幼儿很容易出现碰撞现象。此外，由于当“柱子”的幼儿很久才能轮上跳绳，因此也显得很不耐烦。,请幼儿暂停游戏，将幼儿分成多个小组并引导他们以小组为单位分区域开展游戏。,请幼儿说一说跳绳活动中存在的问题，并邀请幼儿一起设置跳绳的规则。,提供更多数量和不同种类的跳绳，并言语引导幼儿分组分区同时进行跳绳游戏。,暂不介入，活动分享时通过照片或视频回放引导幼儿发现问题并商议解决办法。,43.631,43.631,8.833,34.798,8,8,3,4,1,9,0,0,0,B,B/C,教师B：请幼儿说一说跳绳活动中存在的问题，并邀请幼儿一起设置跳绳的规则。,教师B：请幼儿说一说跳绳活动中存在的问题，并邀请幼儿一起设置跳绳的规则。；教师C：提供更多数量和不同种类的跳绳，并言语引导幼儿分组分区同时进行跳绳游戏。,8.833,0.0,0,79.545455,89.848485,100.0,45.888889,84.74697,eligible,过程复杂,首反应异常；高修正投入；多次调整；首末位摇摆；优劣方向冲突,请教师回忆读到情境后最先注意到什么、是否很快形成判断或感到难判断；追问后续主要在比较哪些做法、为什么调整；追问最理想或最不理想做法的判断为什么发生变化；追问是否曾把某做法从合适改判为不合适，或相反
教师09,sim_openid_009_149687,Q9,9,艾莎公主不运动,小班的一次户外运动，有几个女孩子从一开始就没有选择任何体育活动项目，而是聚在一起坐在地上玩“艾莎公主”的游戏，比一比谁的鞋子最漂亮，谁的魔法最厉害。,询问幼儿没有参与运动的原因，提供丰富的活动材料吸引幼儿参与运动活动。,提醒幼儿现在是运动时间，请他们等自由游戏时间再一起玩“艾莎公主”的游戏。,利用艾莎公主的鞋子设计走、跑、跳等活动，并以参与者的身份邀请幼儿一起参与运动。,肯定幼儿自主游戏的行为，言语引导幼儿穿着“漂亮的鞋子”参与运动。,32.444,32.444,12.703,19.741,4,4,2,3,1,5,0,0,0,B,A/C,教师B：提醒幼儿现在是运动时间，请他们等自由游戏时间再一起玩“艾莎公主”的游戏。,教师A：询问幼儿没有参与运动的原因，提供丰富的活动材料吸引幼儿参与运动活动。；教师C：利用艾莎公主的鞋子设计走、跑、跳等活动，并以参与者的身份邀请幼儿一起参与运动。,12.703,0.0,0,43.181818,49.30303,100.0,40.555556,64.510606,eligible,过程简单,多次调整；首末位摇摆；优劣方向冲突,追问最理想或最不理想做法的判断为什么发生变化；追问是否曾把某做法从合适改判为不合适，或相反
教师09,sim_openid_009_149687,Q10,10,引水难题未解,中班上学期，幼儿在“引水游戏”中遇到了难题——水无法被引到竹片管道上。他们不断调整竹片拼接的方式，却始终没能成功，即竹片一头高于出水管道，阻碍了引流。渐渐地幼儿的探索兴趣也减弱了，有的开始玩水，有的甚至离开了水池。,示范正确的引水方法，请幼儿注意观察并说说引水的要领，再自己试一试。,加入幼儿的探索，引导他们观察水流受阻的位置，一起尝试调整竹片的摆放方式。,组织幼儿就游戏困难进行讨论，寻找解决问题的方案，引导幼儿再次尝试。,投放更多辅助引水的材料，重新激起幼儿的探索兴趣，继续观察游戏进展。,46.943,46.943,13.983,32.96,7,7,3,3,0,8,0,0,0,A,B/C,教师A：示范正确的引水方法，请幼儿注意观察并说说引水的要领，再自己试一试。,教师B：加入幼儿的探索，引导他们观察水流受阻的位置，一起尝试调整竹片的摆放方式。；教师C：组织幼儿就游戏困难进行讨论，寻找解决问题的方案，引导幼儿再次尝试。,13.983,0.0,0,4.651163,93.147287,100.0,45.888889,70.757752,eligible,过程复杂,高修正投入；多次调整；首末位摇摆,追问后续主要在比较哪些做法、为什么调整；追问最理想或最不理想做法的判断为什么发生变化
教师10,sim_openid_010_681499,Q1,1,篮球架玩水,操场上新安装了一些篮球架，幼儿经常在这里投篮。某天户外活动时，几名幼儿带着画笔和水桶来到这里，他们先是快乐地粉刷篮球架，之后开始往篮框里灌水，有的从上面灌，有的在下面接，忙的不亦乐乎，俨然这里成为了玩水的场地。,看到幼儿玩得很开心，不干预他们的玩水行为，待兴趣减弱后再讨论玩水的适宜性。,表扬幼儿的新发现，并询问在篮球架旁玩水是否合适，提议幼儿可以换个地方玩水。,参与到幼儿的“粉刷”游戏中，逐步引导幼儿到适宜玩水的地方继续开展游戏。,提醒幼儿篮球架是用于开展运动的，与其他幼儿一起召唤他们打篮球，转移他们的关注点。,53.084,53.084,17.746,35.338,9,9,4,4,1,9,1,1,0,A,B/C,教师A：看到幼儿玩得很开心，不干预他们的玩水行为，待兴趣减弱后再讨论玩水的适宜性。,教师B：表扬幼儿的新发现，并询问在篮球架旁玩水是否合适，提议幼儿可以换个地方玩水。；教师C：参与到幼儿的“粉刷”游戏中，逐步引导幼儿到适宜玩水的地方继续开展游戏。,17.746,0.0,0,4.878049,93.96748,100.0,63.333333,73.665854,eligible,过程复杂,高修正投入；多次调整；首末位摇摆；优劣方向冲突；路径振荡,追问后续主要在比较哪些做法、为什么调整；追问最理想或最不理想做法的判断为什么发生变化；追问是否曾把某做法从合适改判为不合适，或相反；追问当时是否在几个判断标准之间反复权衡
教师10,sim_openid_010_681499,Q2,2,未参与小组建构,大班建构活动中，睿睿和其他幼儿计划一起搭积木大桥，他们讨论了搭建方法，并进入区域开始搭建。就在其他幼儿在认真搭建时，睿睿发现了一块长条木板，他一会儿在地上推着走，一会儿当枪使，没有再参与小组的搭建。,继续观察，后续分享中支持睿睿思考如何把长条木板融入小组的建构中。,肯定睿睿的创造性玩法，询问他长条板能否当桥面，引导他参与到搭桥任务中。,引导睿睿回顾计划，建议他先完成共同任务，长条木板可以等自由游戏时再玩。,看到睿睿玩得开心，暂不介入，等下一次活动时再提醒他根据计划开展游戏。,53.868,53.868,28.525,25.343,7,7,5,2,1,7,1,1,0,A,C/D,教师A：继续观察，后续分享中支持睿睿思考如何把长条木板融入小组的建构中。,教师C：引导睿睿回顾计划，建议他先完成共同任务，长条木板可以等自由游戏时再玩。；教师D：看到睿睿玩得开心，暂不介入，等下一次活动时再提醒他根据计划开展游戏。,28.525,0.0,0,71.111111,78.666667,100.0,61.0,81.972222,eligible,过程复杂,首反应异常；高修正投入；多次调整；首末位摇摆；优劣方向冲突；路径振荡,请教师回忆读到情境后最先注意到什么、是否很快形成判断或感到难判断；追问后续主要在比较哪些做法、为什么调整；追问最理想或最不理想做法的判断为什么发生变化；追问是否曾把某做法从合适改判为不合适，或相反；追问当时是否在几个判断标准之间反复权衡
教师10,sim_openid_010_681499,Q3,3,材料选择无层次,大班上学期，张老师在建构区投放了按图搭建的游戏材料，并提供了不同星级难度的任务卡供幼儿选择，但有的幼儿一上来就选择高难度的三星级任务卡，结果不能顺利完成任务；而有的幼儿始终选择低难度的一星级任务卡。这天，浩浩又连续选择了几张一星级任务卡，很快就完成了任务。,调整任务卡提供方式，在游戏开始前根据幼儿的能力水平有针对性地发放任务卡。,暂不介入，尊重幼儿的自主选择和游戏体验，只要完成任务就是一种经验积累。,调整任务卡呈现方式，如增加“我想挑战”等提示，鼓励幼儿选择不同星级的挑战。,和浩浩回顾已完成的任务，比较不同星级的难度，邀请他选择稍有挑战的任务。,61.365,61.365,24.983,36.382,8,8,5,6,3,8,1,1,0,A,A/D,教师A：调整任务卡提供方式，在游戏开始前根据幼儿的能力水平有针对性地发放任务卡。,教师A：调整任务卡提供方式，在游戏开始前根据幼儿的能力水平有针对性地发放任务卡。；教师D：和浩浩回顾已完成的任务，比较不同星级的难度，邀请他选择稍有挑战的任务。,24.983,0.0,0,57.777778,91.777778,100.0,66.333333,84.038889,eligible,过程复杂,高修正投入；多次调整；首末位摇摆；优劣方向冲突；路径振荡,追问后续主要在比较哪些做法、为什么调整；追问最理想或最不理想做法的判断为什么发生变化；追问是否曾把某做法从合适改判为不合适，或相反；追问当时是否在几个判断标准之间反复权衡
教师10,sim_openid_010_681499,Q4,4,频繁求助,中班区域活动时，小明选择了建构区。玩了一会儿，他跑到老师面前说“老师，我不会搭……帮帮我吧”，教师问他需要什么帮助时，他一边说我不会搭，一边却很快地将房子从一层积木加高到了两层。看小明专注搭建后，老师就离开建构区了。可是没一会，小明又找了老师好几次，说“老师，帮帮我吧，我不会搭”。,鼓励小明独立搭建，引导他思考接下来如何搭建，及时表扬他的努力。,先示范搭建关键部分，请小明观察方法，再鼓励他照着继续搭建。,在旁观察小明的搭建过程，并适时反馈，帮助他理清搭建步骤。,帮小明回顾已搭建完成的部分，指导他设定小目标，尝试自己实现。,31.15,31.15,13.778,17.372,5,5,2,2,0,6,0,0,0,A,B/C,教师A：鼓励小明独立搭建，引导他思考接下来如何搭建，及时表扬他的努力。,教师B：先示范搭建关键部分，请小明观察方法，再鼓励他照着继续搭建。；教师C：在旁观察小明的搭建过程，并适时反馈，帮助他理清搭建步骤。,13.778,0.0,0,22.5,62.833333,100.0,37.888889,64.033333,eligible,过程中等,高修正投入；多次调整；首末位摇摆,追问后续主要在比较哪些做法、为什么调整；追问最理想或最不理想做法的判断为什么发生变化
教师10,sim_openid_010_681499,Q5,5,消防员救火开心,近几天，中班的幼儿十分热衷于在区域游戏时间玩“消防员救火”的游戏。游戏结束后的交流活动中，老师问幼儿最想分享什么时，阳阳说“娃娃家着火了，好开心啊！”。,抓住教育契机，向幼儿耐心解释真实的火灾会造成物品损失和人员伤亡。,询问幼儿开心的是“着火”本身，还是消防员成功救火、娃娃家的人得救？,引导幼儿思考“娃娃家着火”值不值得开心，帮助他们认识真实火灾是危险的。,请阳阳讲讲娃娃家着火后发生了什么、为什么开心，借此理解幼儿的游戏体验。,39.403,39.403,17.688,21.715,4,4,1,2,0,5,0,0,0,A,B/C,教师A：抓住教育契机，向幼儿耐心解释真实的火灾会造成物品损失和人员伤亡。,教师B：询问幼儿开心的是“着火”本身，还是消防员成功救火、娃娃家的人得救？；教师C：引导幼儿思考“娃娃家着火”值不值得开心，帮助他们认识真实火灾是危险的。,17.688,0.0,0,4.651163,56.387597,80.0,36.666667,51.346512,eligible,过程简单,多次调整；首末位摇摆,追问最理想或最不理想做法的判断为什么发生变化
教师10,sim_openid_010_681499,Q6,6,区域停留短,小班幼儿瑶瑶在区域活动时，一会儿在娃娃家切切菜，一会儿到美工区搓搓橡皮泥，一会儿又开心地跑到其它区域游戏，在任何一个区域停留时间都不超过三分钟。,提议瑶瑶完成某项游戏任务，如在娃娃家做菜，请他活动小结时分享。,游戏前提醒区域活动规则，活动结束后表扬区域游戏规则遵守得好的小朋友。,仔细观察瑶瑶在不同区域的游戏情况，分析他发生迅速转移的原因。,以同伴的身份陪伴瑶瑶在某一区域游戏，待他专注游戏后再离开。,48.684,48.684,20.342,28.342,5,5,2,0,0,4,2,2,2,A,A/B,教师A：提议瑶瑶完成某项游戏任务，如在娃娃家做菜，请他活动小结时分享。,教师A：提议瑶瑶完成某项游戏任务，如在娃娃家做菜，请他活动小结时分享。；教师B：游戏前提醒区域活动规则，活动结束后表扬区域游戏规则遵守得好的小朋友。,20.342,0.0,0,18.604651,74.883721,50.0,84.333333,56.336047,eligible,过程简单,高修正投入；多次调整；首末位摇摆；路径振荡,追问后续主要在比较哪些做法、为什么调整；追问最理想或最不理想做法的判断为什么发生变化；追问当时是否在几个判断标准之间反复权衡
教师10,sim_openid_010_681499,Q7,7,飞行棋各走各的,大班区域游戏中，轩轩和小宇一起玩飞行棋，他们将棋子摆好后，各自拿了一个骰子开始投，小宇说：“该我走。”轩轩说：“明明该我走！”相持不下，于是两人各拿一个骰子，自顾自地走自己的棋。,耐心讲解共同游戏的规则，再以“棋手”身份加入游戏进行示范引导。,暂不介入，继续观察游戏进展，待区域小结时请幼儿分享游戏中的体验和问题。,拿走一个骰子，请幼儿商量只有一个骰子的共同游戏规则，达成一致后再开始游戏。,待幼儿体验一轮各走各的游戏后，询问幼儿的游戏体验，提示共同游戏规则的作用。,35.42,35.42,15.154,20.266,3,3,0,1,0,3,1,1,1,D,B/C,教师D：待幼儿体验一轮各走各的游戏后，询问幼儿的游戏体验，提示共同游戏规则的作用。,教师B：暂不介入，继续观察游戏进展，待区域小结时请幼儿分享游戏中的体验和问题。；教师C：拿走一个骰子，请幼儿商量只有一个骰子的共同游戏规则，达成一致后再开始游戏。,15.154,0.0,0,9.302326,39.193798,30.0,62.888889,33.551938,eligible,过程简单,多次调整；路径振荡,追问当时是否在几个判断标准之间反复权衡
教师10,sim_openid_010_681499,Q8,8,跳绳秩序混乱,周三下午，大五班的幼儿正自发进行跳绳游戏。李老师观察后发现，挤在一起跳绳的幼儿人数较多，整个场面十分混乱，幼儿很容易出现碰撞现象。此外，由于当“柱子”的幼儿很久才能轮上跳绳，因此也显得很不耐烦。,请幼儿暂停游戏，将幼儿分成多个小组并引导他们以小组为单位分区域开展游戏。,请幼儿说一说跳绳活动中存在的问题，并邀请幼儿一起设置跳绳的规则。,提供更多数量和不同种类的跳绳，并言语引导幼儿分组分区同时进行跳绳游戏。,暂不介入，活动分享时通过照片或视频回放引导幼儿发现问题并商议解决办法。,64.524,64.524,23.915,40.609,8,8,3,5,1,7,2,2,0,A,A/D,教师A：请幼儿暂停游戏，将幼儿分成多个小组并引导他们以小组为单位分区域开展游戏。,教师A：请幼儿暂停游戏，将幼儿分成多个小组并引导他们以小组为单位分区域开展游戏。；教师D：暂不介入，活动分享时通过照片或视频回放引导幼儿发现问题并商议解决办法。,23.915,0.0,0,56.818182,94.393939,100.0,75.111111,85.948485,eligible,过程复杂,高修正投入；多次调整；首末位摇摆；优劣方向冲突；路径振荡,追问后续主要在比较哪些做法、为什么调整；追问最理想或最不理想做法的判断为什么发生变化；追问是否曾把某做法从合适改判为不合适，或相反；追问当时是否在几个判断标准之间反复权衡
教师10,sim_openid_010_681499,Q9,9,艾莎公主不运动,小班的一次户外运动，有几个女孩子从一开始就没有选择任何体育活动项目，而是聚在一起坐在地上玩“艾莎公主”的游戏，比一比谁的鞋子最漂亮，谁的魔法最厉害。,询问幼儿没有参与运动的原因，提供丰富的活动材料吸引幼儿参与运动活动。,提醒幼儿现在是运动时间，请他们等自由游戏时间再一起玩“艾莎公主”的游戏。,利用艾莎公主的鞋子设计走、跑、跳等活动，并以参与者的身份邀请幼儿一起参与运动。,肯定幼儿自主游戏的行为，言语引导幼儿穿着“漂亮的鞋子”参与运动。,90.537,90.537,29.901,60.636,11,10,7,2,1,11,1,1,1,A,A/B,教师A：询问幼儿没有参与运动的原因，提供丰富的活动材料吸引幼儿参与运动活动。,教师A：询问幼儿没有参与运动的原因，提供丰富的活动材料吸引幼儿参与运动活动。；教师B：提醒幼儿现在是运动时间，请他们等自由游戏时间再一起玩“艾莎公主”的游戏。,29.901,0.0,0,84.090909,98.878788,100.0,86.555556,94.465152,eligible,过程复杂,首反应异常；高修正投入；多次调整；首末位摇摆；优劣方向冲突；路径振荡,请教师回忆读到情境后最先注意到什么、是否很快形成判断或感到难判断；追问后续主要在比较哪些做法、为什么调整；追问最理想或最不理想做法的判断为什么发生变化；追问是否曾把某做法从合适改判为不合适，或相反；追问当时是否在几个判断标准之间反复权衡
教师10,sim_openid_010_681499,Q10,10,引水难题未解,中班上学期，幼儿在“引水游戏”中遇到了难题——水无法被引到竹片管道上。他们不断调整竹片拼接的方式，却始终没能成功，即竹片一头高于出水管道，阻碍了引流。渐渐地幼儿的探索兴趣也减弱了，有的开始玩水，有的甚至离开了水池。,示范正确的引水方法，请幼儿注意观察并说说引水的要领，再自己试一试。,加入幼儿的探索，引导他们观察水流受阻的位置，一起尝试调整竹片的摆放方式。,组织幼儿就游戏困难进行讨论，寻找解决问题的方案，引导幼儿再次尝试。,投放更多辅助引水的材料，重新激起幼儿的探索兴趣，继续观察游戏进展。,38.726,38.726,13.99,24.736,5,5,3,3,1,4,2,2,2,D,A/B,教师D：投放更多辅助引水的材料，重新激起幼儿的探索兴趣，继续观察游戏进展。,教师A：示范正确的引水方法，请幼儿注意观察并说说引水的要领，再自己试一试。；教师B：加入幼儿的探索，引导他们观察水流受阻的位置，一起尝试调整竹片的摆放方式。,13.99,0.0,0,0.0,70.635659,100.0,83.0,68.640698,eligible,过程中等,高修正投入；多次调整；首末位摇摆；优劣方向冲突；路径振荡,追问后续主要在比较哪些做法、为什么调整；追问最理想或最不理想做法的判断为什么发生变化；追问是否曾把某做法从合适改判为不合适，或相反；追问当时是否在几个判断标准之间反复权衡
教师11,sim_openid_011_656566,Q1,1,篮球架玩水,操场上新安装了一些篮球架，幼儿经常在这里投篮。某天户外活动时，几名幼儿带着画笔和水桶来到这里，他们先是快乐地粉刷篮球架，之后开始往篮框里灌水，有的从上面灌，有的在下面接，忙的不亦乐乎，俨然这里成为了玩水的场地。,看到幼儿玩得很开心，不干预他们的玩水行为，待兴趣减弱后再讨论玩水的适宜性。,表扬幼儿的新发现，并询问在篮球架旁玩水是否合适，提议幼儿可以换个地方玩水。,参与到幼儿的“粉刷”游戏中，逐步引导幼儿到适宜玩水的地方继续开展游戏。,提醒幼儿篮球架是用于开展运动的，与其他幼儿一起召唤他们打篮球，转移他们的关注点。,15.521,15.521,7.57,7.951,1,1,0,0,0,2,0,0,0,B,B/C,教师B：表扬幼儿的新发现，并询问在篮球架旁玩水是否合适，提议幼儿可以换个地方玩水。,教师B：表扬幼儿的新发现，并询问在篮球架旁玩水是否合适，提议幼儿可以换个地方玩水。；教师C：参与到幼儿的“粉刷”游戏中，逐步引导幼儿到适宜玩水的地方继续开展游戏。,7.951,0.0,0,78.04878,9.105691,0.0,25.444444,22.15813,eligible,过程简单,首反应异常,请教师回忆读到情境后最先注意到什么、是否很快形成判断或感到难判断
教师11,sim_openid_011_656566,Q2,2,未参与小组建构,大班建构活动中，睿睿和其他幼儿计划一起搭积木大桥，他们讨论了搭建方法，并进入区域开始搭建。就在其他幼儿在认真搭建时，睿睿发现了一块长条木板，他一会儿在地上推着走，一会儿当枪使，没有再参与小组的搭建。,继续观察，后续分享中支持睿睿思考如何把长条木板融入小组的建构中。,肯定睿睿的创造性玩法，询问他长条板能否当桥面，引导他参与到搭桥任务中。,引导睿睿回顾计划，建议他先完成共同任务，长条木板可以等自由游戏时再玩。,看到睿睿玩得开心，暂不介入，等下一次活动时再提醒他根据计划开展游戏。,22.101,22.101,6.967,15.134,3,3,1,1,0,4,0,0,0,A,A/B,教师A：继续观察，后续分享中支持睿睿思考如何把长条木板融入小组的建构中。,教师A：继续观察，后续分享中支持睿睿思考如何把长条木板融入小组的建构中。；教师B：肯定睿睿的创造性玩法，询问他长条板能否当桥面，引导他参与到搭桥任务中。,6.967,0.0,0,80.0,24.222222,60.0,29.666667,48.716667,eligible,过程中等,首反应异常；多次调整；首末位摇摆,请教师回忆读到情境后最先注意到什么、是否很快形成判断或感到难判断；追问最理想或最不理想做法的判断为什么发生变化
教师11,sim_openid_011_656566,Q3,3,材料选择无层次,大班上学期，张老师在建构区投放了按图搭建的游戏材料，并提供了不同星级难度的任务卡供幼儿选择，但有的幼儿一上来就选择高难度的三星级任务卡，结果不能顺利完成任务；而有的幼儿始终选择低难度的一星级任务卡。这天，浩浩又连续选择了几张一星级任务卡，很快就完成了任务。,调整任务卡提供方式，在游戏开始前根据幼儿的能力水平有针对性地发放任务卡。,暂不介入，尊重幼儿的自主选择和游戏体验，只要完成任务就是一种经验积累。,调整任务卡呈现方式，如增加“我想挑战”等提示，鼓励幼儿选择不同星级的挑战。,和浩浩回顾已完成的任务，比较不同星级的难度，邀请他选择稍有挑战的任务。,59.187,59.187,24.334,34.853,8,8,4,5,2,9,0,0,0,D,A/D,教师D：和浩浩回顾已完成的任务，比较不同星级的难度，邀请他选择稍有挑战的任务。,教师A：调整任务卡提供方式，在游戏开始前根据幼儿的能力水平有针对性地发放任务卡。；教师D：和浩浩回顾已完成的任务，比较不同星级的难度，邀请他选择稍有挑战的任务。,24.334,0.0,0,44.444444,90.0,100.0,45.555556,77.722222,eligible,过程复杂,高修正投入；多次调整；首末位摇摆；优劣方向冲突,追问后续主要在比较哪些做法、为什么调整；追问最理想或最不理想做法的判断为什么发生变化；追问是否曾把某做法从合适改判为不合适，或相反
教师11,sim_openid_011_656566,Q4,4,频繁求助,中班区域活动时，小明选择了建构区。玩了一会儿，他跑到老师面前说“老师，我不会搭……帮帮我吧”，教师问他需要什么帮助时，他一边说我不会搭，一边却很快地将房子从一层积木加高到了两层。看小明专注搭建后，老师就离开建构区了。可是没一会，小明又找了老师好几次，说“老师，帮帮我吧，我不会搭”。,鼓励小明独立搭建，引导他思考接下来如何搭建，及时表扬他的努力。,先示范搭建关键部分，请小明观察方法，再鼓励他照着继续搭建。,在旁观察小明的搭建过程，并适时反馈，帮助他理清搭建步骤。,帮小明回顾已搭建完成的部分，指导他设定小目标，尝试自己实现。,43.258,43.258,22.912,20.346,7,7,3,4,2,7,1,1,0,B,A/C,教师B：先示范搭建关键部分，请小明观察方法，再鼓励他照着继续搭建。,教师A：鼓励小明独立搭建，引导他思考接下来如何搭建，及时表扬他的努力。；教师C：在旁观察小明的搭建过程，并适时反馈，帮助他理清搭建步骤。,22.912,0.0,0,32.5,77.833333,100.0,60.333333,73.9,eligible,过程复杂,高修正投入；多次调整；首末位摇摆；优劣方向冲突；路径振荡,追问后续主要在比较哪些做法、为什么调整；追问最理想或最不理想做法的判断为什么发生变化；追问是否曾把某做法从合适改判为不合适，或相反；追问当时是否在几个判断标准之间反复权衡
教师11,sim_openid_011_656566,Q5,5,消防员救火开心,近几天，中班的幼儿十分热衷于在区域游戏时间玩“消防员救火”的游戏。游戏结束后的交流活动中，老师问幼儿最想分享什么时，阳阳说“娃娃家着火了，好开心啊！”。,抓住教育契机，向幼儿耐心解释真实的火灾会造成物品损失和人员伤亡。,询问幼儿开心的是“着火”本身，还是消防员成功救火、娃娃家的人得救？,引导幼儿思考“娃娃家着火”值不值得开心，帮助他们认识真实火灾是危险的。,请阳阳讲讲娃娃家着火后发生了什么、为什么开心，借此理解幼儿的游戏体验。,33.485,33.485,24.566,8.919,2,2,1,1,0,3,0,0,0,A,C/D,教师A：抓住教育契机，向幼儿耐心解释真实的火灾会造成物品损失和人员伤亡。,教师C：引导幼儿思考“娃娃家着火”值不值得开心，帮助他们认识真实火灾是危险的。；教师D：请阳阳讲讲娃娃家着火后发生了什么、为什么开心，借此理解幼儿的游戏体验。,24.566,0.0,0,55.813953,12.992248,60.0,28.222222,40.293798,eligible,过程简单,首末位摇摆,追问最理想或最不理想做法的判断为什么发生变化
教师11,sim_openid_011_656566,Q6,6,区域停留短,小班幼儿瑶瑶在区域活动时，一会儿在娃娃家切切菜，一会儿到美工区搓搓橡皮泥，一会儿又开心地跑到其它区域游戏，在任何一个区域停留时间都不超过三分钟。,提议瑶瑶完成某项游戏任务，如在娃娃家做菜，请他活动小结时分享。,游戏前提醒区域活动规则，活动结束后表扬区域游戏规则遵守得好的小朋友。,仔细观察瑶瑶在不同区域的游戏情况，分析他发生迅速转移的原因。,以同伴的身份陪伴瑶瑶在某一区域游戏，待他专注游戏后再离开。,38.743,38.743,26.705,12.038,2,2,0,1,0,3,0,0,0,D,C/D,教师D：以同伴的身份陪伴瑶瑶在某一区域游戏，待他专注游戏后再离开。,教师C：仔细观察瑶瑶在不同区域的游戏情况，分析他发生迅速转移的原因。；教师D：以同伴的身份陪伴瑶瑶在某一区域游戏，待他专注游戏后再离开。,26.705,0.0,0,65.116279,12.449612,30.0,24.888889,30.991473,eligible,过程简单,首反应异常,请教师回忆读到情境后最先注意到什么、是否很快形成判断或感到难判断
教师11,sim_openid_011_656566,Q7,7,飞行棋各走各的,大班区域游戏中，轩轩和小宇一起玩飞行棋，他们将棋子摆好后，各自拿了一个骰子开始投，小宇说：“该我走。”轩轩说：“明明该我走！”相持不下，于是两人各拿一个骰子，自顾自地走自己的棋。,耐心讲解共同游戏的规则，再以“棋手”身份加入游戏进行示范引导。,暂不介入，继续观察游戏进展，待区域小结时请幼儿分享游戏中的体验和问题。,拿走一个骰子，请幼儿商量只有一个骰子的共同游戏规则，达成一致后再开始游戏。,待幼儿体验一轮各走各的游戏后，询问幼儿的游戏体验，提示共同游戏规则的作用。,46.364,46.364,25.596,20.768,5,5,0,4,0,4,2,2,0,C,C/D,教师C：拿走一个骰子，请幼儿商量只有一个骰子的共同游戏规则，达成一致后再开始游戏。,教师C：拿走一个骰子，请幼儿商量只有一个骰子的共同游戏规则，达成一致后再开始游戏。；教师D：待幼儿体验一轮各走各的游戏后，询问幼儿的游戏体验，提示共同游戏规则的作用。,25.596,0.0,0,69.767442,66.387597,50.0,63.666667,60.919767,eligible,过程中等,首反应异常；高修正投入；多次调整；首末位摇摆；路径振荡,请教师回忆读到情境后最先注意到什么、是否很快形成判断或感到难判断；追问后续主要在比较哪些做法、为什么调整；追问最理想或最不理想做法的判断为什么发生变化；追问当时是否在几个判断标准之间反复权衡
教师11,sim_openid_011_656566,Q8,8,跳绳秩序混乱,周三下午，大五班的幼儿正自发进行跳绳游戏。李老师观察后发现，挤在一起跳绳的幼儿人数较多，整个场面十分混乱，幼儿很容易出现碰撞现象。此外，由于当“柱子”的幼儿很久才能轮上跳绳，因此也显得很不耐烦。,请幼儿暂停游戏，将幼儿分成多个小组并引导他们以小组为单位分区域开展游戏。,请幼儿说一说跳绳活动中存在的问题，并邀请幼儿一起设置跳绳的规则。,提供更多数量和不同种类的跳绳，并言语引导幼儿分组分区同时进行跳绳游戏。,暂不介入，活动分享时通过照片或视频回放引导幼儿发现问题并商议解决办法。,39.894,39.894,23.494,16.4,3,3,1,2,0,4,0,0,0,A,A/C,教师A：请幼儿暂停游戏，将幼儿分成多个小组并引导他们以小组为单位分区域开展游戏。,教师A：请幼儿暂停游戏，将幼儿分成多个小组并引导他们以小组为单位分区域开展游戏。；教师C：提供更多数量和不同种类的跳绳，并言语引导幼儿分组分区同时进行跳绳游戏。,23.494,0.0,0,47.727273,45.121212,80.0,36.333333,56.531818,eligible,过程中等,多次调整；首末位摇摆,追问最理想或最不理想做法的判断为什么发生变化
教师11,sim_openid_011_656566,Q9,9,艾莎公主不运动,小班的一次户外运动，有几个女孩子从一开始就没有选择任何体育活动项目，而是聚在一起坐在地上玩“艾莎公主”的游戏，比一比谁的鞋子最漂亮，谁的魔法最厉害。,询问幼儿没有参与运动的原因，提供丰富的活动材料吸引幼儿参与运动活动。,提醒幼儿现在是运动时间，请他们等自由游戏时间再一起玩“艾莎公主”的游戏。,利用艾莎公主的鞋子设计走、跑、跳等活动，并以参与者的身份邀请幼儿一起参与运动。,肯定幼儿自主游戏的行为，言语引导幼儿穿着“漂亮的鞋子”参与运动。,41.32,41.32,16.661,24.659,4,4,3,2,1,4,1,1,1,B,A/C,教师B：提醒幼儿现在是运动时间，请他们等自由游戏时间再一起玩“艾莎公主”的游戏。,教师A：询问幼儿没有参与运动的原因，提供丰富的活动材料吸引幼儿参与运动活动。；教师C：利用艾莎公主的鞋子设计走、跑、跳等活动，并以参与者的身份邀请幼儿一起参与运动。,16.661,0.0,0,2.272727,56.575758,100.0,74.333333,63.577273,eligible,过程复杂,多次调整；首末位摇摆；优劣方向冲突；路径振荡,追问最理想或最不理想做法的判断为什么发生变化；追问是否曾把某做法从合适改判为不合适，或相反；追问当时是否在几个判断标准之间反复权衡
教师11,sim_openid_011_656566,Q10,10,引水难题未解,中班上学期，幼儿在“引水游戏”中遇到了难题——水无法被引到竹片管道上。他们不断调整竹片拼接的方式，却始终没能成功，即竹片一头高于出水管道，阻碍了引流。渐渐地幼儿的探索兴趣也减弱了，有的开始玩水，有的甚至离开了水池。,示范正确的引水方法，请幼儿注意观察并说说引水的要领，再自己试一试。,加入幼儿的探索，引导他们观察水流受阻的位置，一起尝试调整竹片的摆放方式。,组织幼儿就游戏困难进行讨论，寻找解决问题的方案，引导幼儿再次尝试。,投放更多辅助引水的材料，重新激起幼儿的探索兴趣，继续观察游戏进展。,33.035,33.035,20.044,12.991,2,2,1,2,1,3,0,0,0,D,B/C,教师D：投放更多辅助引水的材料，重新激起幼儿的探索兴趣，继续观察游戏进展。,教师B：加入幼儿的探索，引导他们观察水流受阻的位置，一起尝试调整竹片的摆放方式。；教师C：组织幼儿就游戏困难进行讨论，寻找解决问题的方案，引导幼儿再次尝试。,20.044,0.0,0,37.209302,20.031008,100.0,29.666667,52.901163,eligible,过程中等,首末位摇摆；优劣方向冲突,追问最理想或最不理想做法的判断为什么发生变化；追问是否曾把某做法从合适改判为不合适，或相反
教师12,sim_openid_012_439268,Q1,1,篮球架玩水,操场上新安装了一些篮球架，幼儿经常在这里投篮。某天户外活动时，几名幼儿带着画笔和水桶来到这里，他们先是快乐地粉刷篮球架，之后开始往篮框里灌水，有的从上面灌，有的在下面接，忙的不亦乐乎，俨然这里成为了玩水的场地。,看到幼儿玩得很开心，不干预他们的玩水行为，待兴趣减弱后再讨论玩水的适宜性。,表扬幼儿的新发现，并询问在篮球架旁玩水是否合适，提议幼儿可以换个地方玩水。,参与到幼儿的“粉刷”游戏中，逐步引导幼儿到适宜玩水的地方继续开展游戏。,提醒幼儿篮球架是用于开展运动的，与其他幼儿一起召唤他们打篮球，转移他们的关注点。,30.693,30.693,12.929,17.764,3,3,2,1,0,3,1,1,1,C,A/B,教师C：参与到幼儿的“粉刷”游戏中，逐步引导幼儿到适宜玩水的地方继续开展游戏。,教师A：看到幼儿玩得很开心，不干预他们的玩水行为，待兴趣减弱后再讨论玩水的适宜性。；教师B：表扬幼儿的新发现，并询问在篮球架旁玩水是否合适，提议幼儿可以换个地方玩水。,12.929,0.0,0,53.658537,33.121951,80.0,62.444444,58.034959,eligible,过程简单,多次调整；首末位摇摆；路径振荡,追问最理想或最不理想做法的判断为什么发生变化；追问当时是否在几个判断标准之间反复权衡
教师12,sim_openid_012_439268,Q2,2,未参与小组建构,大班建构活动中，睿睿和其他幼儿计划一起搭积木大桥，他们讨论了搭建方法，并进入区域开始搭建。就在其他幼儿在认真搭建时，睿睿发现了一块长条木板，他一会儿在地上推着走，一会儿当枪使，没有再参与小组的搭建。,继续观察，后续分享中支持睿睿思考如何把长条木板融入小组的建构中。,肯定睿睿的创造性玩法，询问他长条板能否当桥面，引导他参与到搭桥任务中。,引导睿睿回顾计划，建议他先完成共同任务，长条木板可以等自由游戏时再玩。,看到睿睿玩得开心，暂不介入，等下一次活动时再提醒他根据计划开展游戏。,64.553,64.553,22.334,42.219,8,8,5,5,2,7,2,2,1,,B/C,,教师B：肯定睿睿的创造性玩法，询问他长条板能否当桥面，引导他参与到搭桥任务中。；教师C：引导睿睿回顾计划，建议他先完成共同任务，长条木板可以等自由游戏时再玩。,22.334,0.0,0,22.222222,96.444444,100.0,87.333333,81.477778,eligible,过程复杂,高修正投入；多次调整；首末位摇摆；优劣方向冲突；路径振荡,追问后续主要在比较哪些做法、为什么调整；追问最理想或最不理想做法的判断为什么发生变化；追问是否曾把某做法从合适改判为不合适，或相反；追问当时是否在几个判断标准之间反复权衡
教师12,sim_openid_012_439268,Q3,3,材料选择无层次,大班上学期，张老师在建构区投放了按图搭建的游戏材料，并提供了不同星级难度的任务卡供幼儿选择，但有的幼儿一上来就选择高难度的三星级任务卡，结果不能顺利完成任务；而有的幼儿始终选择低难度的一星级任务卡。这天，浩浩又连续选择了几张一星级任务卡，很快就完成了任务。,调整任务卡提供方式，在游戏开始前根据幼儿的能力水平有针对性地发放任务卡。,暂不介入，尊重幼儿的自主选择和游戏体验，只要完成任务就是一种经验积累。,调整任务卡呈现方式，如增加“我想挑战”等提示，鼓励幼儿选择不同星级的挑战。,和浩浩回顾已完成的任务，比较不同星级的难度，邀请他选择稍有挑战的任务。,41.882,41.882,22.635,19.247,5,5,3,2,1,6,0,0,0,A,A/D,教师A：调整任务卡提供方式，在游戏开始前根据幼儿的能力水平有针对性地发放任务卡。,教师A：调整任务卡提供方式，在游戏开始前根据幼儿的能力水平有针对性地发放任务卡。；教师D：和浩浩回顾已完成的任务，比较不同星级的难度，邀请他选择稍有挑战的任务。,22.635,0.0,0,22.222222,56.222222,100.0,41.333333,62.511111,eligible,过程中等,多次调整；首末位摇摆；优劣方向冲突,追问最理想或最不理想做法的判断为什么发生变化；追问是否曾把某做法从合适改判为不合适，或相反
教师12,sim_openid_012_439268,Q4,4,频繁求助,中班区域活动时，小明选择了建构区。玩了一会儿，他跑到老师面前说“老师，我不会搭……帮帮我吧”，教师问他需要什么帮助时，他一边说我不会搭，一边却很快地将房子从一层积木加高到了两层。看小明专注搭建后，老师就离开建构区了。可是没一会，小明又找了老师好几次，说“老师，帮帮我吧，我不会搭”。,鼓励小明独立搭建，引导他思考接下来如何搭建，及时表扬他的努力。,先示范搭建关键部分，请小明观察方法，再鼓励他照着继续搭建。,在旁观察小明的搭建过程，并适时反馈，帮助他理清搭建步骤。,帮小明回顾已搭建完成的部分，指导他设定小目标，尝试自己实现。,11.702,11.702,,,0,0,0,0,0,1,0,0,0,,,,,11.702,0.0,0,0.0,23.333333,0.0,21.0,10.15,eligible,过程简单,过程相对平稳,追问教师当时主要依据什么形成排序
教师12,sim_openid_012_439268,Q5,5,消防员救火开心,近几天，中班的幼儿十分热衷于在区域游戏时间玩“消防员救火”的游戏。游戏结束后的交流活动中，老师问幼儿最想分享什么时，阳阳说“娃娃家着火了，好开心啊！”。,抓住教育契机，向幼儿耐心解释真实的火灾会造成物品损失和人员伤亡。,询问幼儿开心的是“着火”本身，还是消防员成功救火、娃娃家的人得救？,引导幼儿思考“娃娃家着火”值不值得开心，帮助他们认识真实火灾是危险的。,请阳阳讲讲娃娃家着火后发生了什么、为什么开心，借此理解幼儿的游戏体验。,31.751,31.751,12.698,19.053,4,4,2,2,0,5,0,0,0,A,A/B,教师A：抓住教育契机，向幼儿耐心解释真实的火灾会造成物品损失和人员伤亡。,教师A：抓住教育契机，向幼儿耐心解释真实的火灾会造成物品损失和人员伤亡。；教师B：询问幼儿开心的是“着火”本身，还是消防员成功救火、娃娃家的人得救？,12.698,0.0,0,51.162791,52.666667,100.0,36.666667,66.532558,eligible,过程中等,多次调整；首末位摇摆,追问最理想或最不理想做法的判断为什么发生变化
教师12,sim_openid_012_439268,Q6,6,区域停留短,小班幼儿瑶瑶在区域活动时，一会儿在娃娃家切切菜，一会儿到美工区搓搓橡皮泥，一会儿又开心地跑到其它区域游戏，在任何一个区域停留时间都不超过三分钟。,提议瑶瑶完成某项游戏任务，如在娃娃家做菜，请他活动小结时分享。,游戏前提醒区域活动规则，活动结束后表扬区域游戏规则遵守得好的小朋友。,仔细观察瑶瑶在不同区域的游戏情况，分析他发生迅速转移的原因。,以同伴的身份陪伴瑶瑶在某一区域游戏，待他专注游戏后再离开。,38.326,38.326,15.204,23.122,5,5,2,3,0,5,1,1,1,D,A/B,教师D：以同伴的身份陪伴瑶瑶在某一区域游戏，待他专注游戏后再离开。,教师A：提议瑶瑶完成某项游戏任务，如在娃娃家做菜，请他活动小结时分享。；教师B：游戏前提醒区域活动规则，活动结束后表扬区域游戏规则遵守得好的小朋友。,15.204,0.0,0,18.604651,65.581395,100.0,68.333333,68.645349,eligible,过程复杂,高修正投入；多次调整；首末位摇摆；路径振荡,追问后续主要在比较哪些做法、为什么调整；追问最理想或最不理想做法的判断为什么发生变化；追问当时是否在几个判断标准之间反复权衡
教师12,sim_openid_012_439268,Q7,7,飞行棋各走各的,大班区域游戏中，轩轩和小宇一起玩飞行棋，他们将棋子摆好后，各自拿了一个骰子开始投，小宇说：“该我走。”轩轩说：“明明该我走！”相持不下，于是两人各拿一个骰子，自顾自地走自己的棋。,耐心讲解共同游戏的规则，再以“棋手”身份加入游戏进行示范引导。,暂不介入，继续观察游戏进展，待区域小结时请幼儿分享游戏中的体验和问题。,拿走一个骰子，请幼儿商量只有一个骰子的共同游戏规则，达成一致后再开始游戏。,待幼儿体验一轮各走各的游戏后，询问幼儿的游戏体验，提示共同游戏规则的作用。,46.185,46.185,23.884,22.301,4,4,2,1,1,5,0,0,0,A,B/C,教师A：耐心讲解共同游戏的规则，再以“棋手”身份加入游戏进行示范引导。,教师B：暂不介入，继续观察游戏进展，待区域小结时请幼儿分享游戏中的体验和问题。；教师C：拿走一个骰子，请幼儿商量只有一个骰子的共同游戏规则，达成一致后再开始游戏。,23.884,0.0,0,55.813953,56.914729,100.0,38.888889,69.070543,eligible,过程复杂,多次调整；首末位摇摆；优劣方向冲突,追问最理想或最不理想做法的判断为什么发生变化；追问是否曾把某做法从合适改判为不合适，或相反
教师12,sim_openid_012_439268,Q8,8,跳绳秩序混乱,周三下午，大五班的幼儿正自发进行跳绳游戏。李老师观察后发现，挤在一起跳绳的幼儿人数较多，整个场面十分混乱，幼儿很容易出现碰撞现象。此外，由于当“柱子”的幼儿很久才能轮上跳绳，因此也显得很不耐烦。,请幼儿暂停游戏，将幼儿分成多个小组并引导他们以小组为单位分区域开展游戏。,请幼儿说一说跳绳活动中存在的问题，并邀请幼儿一起设置跳绳的规则。,提供更多数量和不同种类的跳绳，并言语引导幼儿分组分区同时进行跳绳游戏。,暂不介入，活动分享时通过照片或视频回放引导幼儿发现问题并商议解决办法。,24.683,24.683,9.896,14.787,3,3,2,0,0,4,0,0,0,C,A/B,教师C：提供更多数量和不同种类的跳绳，并言语引导幼儿分组分区同时进行跳绳游戏。,教师A：请幼儿暂停游戏，将幼儿分成多个小组并引导他们以小组为单位分区域开展游戏。；教师B：请幼儿说一说跳绳活动中存在的问题，并邀请幼儿一起设置跳绳的规则。,9.896,0.0,0,61.363636,41.484848,50.0,36.333333,47.668182,eligible,过程简单,首反应异常；多次调整；首末位摇摆,请教师回忆读到情境后最先注意到什么、是否很快形成判断或感到难判断；追问最理想或最不理想做法的判断为什么发生变化
教师12,sim_openid_012_439268,Q9,9,艾莎公主不运动,小班的一次户外运动，有几个女孩子从一开始就没有选择任何体育活动项目，而是聚在一起坐在地上玩“艾莎公主”的游戏，比一比谁的鞋子最漂亮，谁的魔法最厉害。,询问幼儿没有参与运动的原因，提供丰富的活动材料吸引幼儿参与运动活动。,提醒幼儿现在是运动时间，请他们等自由游戏时间再一起玩“艾莎公主”的游戏。,利用艾莎公主的鞋子设计走、跑、跳等活动，并以参与者的身份邀请幼儿一起参与运动。,肯定幼儿自主游戏的行为，言语引导幼儿穿着“漂亮的鞋子”参与运动。,42.059,42.059,14.799,27.26,7,7,4,1,0,5,3,3,0,D,C/D,教师D：肯定幼儿自主游戏的行为，言语引导幼儿穿着“漂亮的鞋子”参与运动。,教师C：利用艾莎公主的鞋子设计走、跑、跳等活动，并以参与者的身份邀请幼儿一起参与运动。；教师D：肯定幼儿自主游戏的行为，言语引导幼儿穿着“漂亮的鞋子”参与运动。,14.799,0.0,0,15.909091,81.545455,80.0,72.222222,66.478788,eligible,过程中等,高修正投入；多次调整；首末位摇摆；路径振荡,追问后续主要在比较哪些做法、为什么调整；追问最理想或最不理想做法的判断为什么发生变化；追问当时是否在几个判断标准之间反复权衡
教师12,sim_openid_012_439268,Q10,10,引水难题未解,中班上学期，幼儿在“引水游戏”中遇到了难题——水无法被引到竹片管道上。他们不断调整竹片拼接的方式，却始终没能成功，即竹片一头高于出水管道，阻碍了引流。渐渐地幼儿的探索兴趣也减弱了，有的开始玩水，有的甚至离开了水池。,示范正确的引水方法，请幼儿注意观察并说说引水的要领，再自己试一试。,加入幼儿的探索，引导他们观察水流受阻的位置，一起尝试调整竹片的摆放方式。,组织幼儿就游戏困难进行讨论，寻找解决问题的方案，引导幼儿再次尝试。,投放更多辅助引水的材料，重新激起幼儿的探索兴趣，继续观察游戏进展。,25.195,25.195,6.958,18.237,5,5,1,1,0,5,1,1,1,D,C/D,教师D：投放更多辅助引水的材料，重新激起幼儿的探索兴趣，继续观察游戏进展。,教师C：组织幼儿就游戏困难进行讨论，寻找解决问题的方案，引导幼儿再次尝试。；教师D：投放更多辅助引水的材料，重新激起幼儿的探索兴趣，继续观察游戏进展。,6.958,0.0,0,83.72093,62.263566,60.0,74.444444,67.589922,eligible,过程中等,首反应异常；高修正投入；多次调整；首末位摇摆；路径振荡,请教师回忆读到情境后最先注意到什么、是否很快形成判断或感到难判断；追问后续主要在比较哪些做法、为什么调整；追问最理想或最不理想做法的判断为什么发生变化；追问当时是否在几个判断标准之间反复权衡
教师13,sim_openid_013_622833,Q1,1,篮球架玩水,操场上新安装了一些篮球架，幼儿经常在这里投篮。某天户外活动时，几名幼儿带着画笔和水桶来到这里，他们先是快乐地粉刷篮球架，之后开始往篮框里灌水，有的从上面灌，有的在下面接，忙的不亦乐乎，俨然这里成为了玩水的场地。,看到幼儿玩得很开心，不干预他们的玩水行为，待兴趣减弱后再讨论玩水的适宜性。,表扬幼儿的新发现，并询问在篮球架旁玩水是否合适，提议幼儿可以换个地方玩水。,参与到幼儿的“粉刷”游戏中，逐步引导幼儿到适宜玩水的地方继续开展游戏。,提醒幼儿篮球架是用于开展运动的，与其他幼儿一起召唤他们打篮球，转移他们的关注点。,55.464,55.464,29.866,25.598,6,6,1,3,0,6,1,1,0,A,C/D,教师A：看到幼儿玩得很开心，不干预他们的玩水行为，待兴趣减弱后再讨论玩水的适宜性。,教师C：参与到幼儿的“粉刷”游戏中，逐步引导幼儿到适宜玩水的地方继续开展游戏。；教师D：提醒幼儿篮球架是用于开展运动的，与其他幼儿一起召唤他们打篮球，转移他们的关注点。,29.866,0.0,0,92.682927,76.440379,80.0,60.666667,78.568699,eligible,过程复杂,首反应异常；高修正投入；多次调整；首末位摇摆；路径振荡,请教师回忆读到情境后最先注意到什么、是否很快形成判断或感到难判断；追问后续主要在比较哪些做法、为什么调整；追问最理想或最不理想做法的判断为什么发生变化；追问当时是否在几个判断标准之间反复权衡
教师13,sim_openid_013_622833,Q2,2,未参与小组建构,大班建构活动中，睿睿和其他幼儿计划一起搭积木大桥，他们讨论了搭建方法，并进入区域开始搭建。就在其他幼儿在认真搭建时，睿睿发现了一块长条木板，他一会儿在地上推着走，一会儿当枪使，没有再参与小组的搭建。,继续观察，后续分享中支持睿睿思考如何把长条木板融入小组的建构中。,肯定睿睿的创造性玩法，询问他长条板能否当桥面，引导他参与到搭桥任务中。,引导睿睿回顾计划，建议他先完成共同任务，长条木板可以等自由游戏时再玩。,看到睿睿玩得开心，暂不介入，等下一次活动时再提醒他根据计划开展游戏。,62.06,62.06,13.613,48.447,8,8,2,5,0,8,1,1,0,B,B/D,教师B：肯定睿睿的创造性玩法，询问他长条板能否当桥面，引导他参与到搭桥任务中。,教师B：肯定睿睿的创造性玩法，询问他长条板能否当桥面，引导他参与到搭桥任务中。；教师D：看到睿睿玩得开心，暂不介入，等下一次活动时再提醒他根据计划开展游戏。,13.613,0.0,0,26.666667,98.222222,100.0,62.555556,79.183333,eligible,过程复杂,高修正投入；多次调整；首末位摇摆；路径振荡,追问后续主要在比较哪些做法、为什么调整；追问最理想或最不理想做法的判断为什么发生变化；追问当时是否在几个判断标准之间反复权衡
教师13,sim_openid_013_622833,Q3,3,材料选择无层次,大班上学期，张老师在建构区投放了按图搭建的游戏材料，并提供了不同星级难度的任务卡供幼儿选择，但有的幼儿一上来就选择高难度的三星级任务卡，结果不能顺利完成任务；而有的幼儿始终选择低难度的一星级任务卡。这天，浩浩又连续选择了几张一星级任务卡，很快就完成了任务。,调整任务卡提供方式，在游戏开始前根据幼儿的能力水平有针对性地发放任务卡。,暂不介入，尊重幼儿的自主选择和游戏体验，只要完成任务就是一种经验积累。,调整任务卡呈现方式，如增加“我想挑战”等提示，鼓励幼儿选择不同星级的挑战。,和浩浩回顾已完成的任务，比较不同星级的难度，邀请他选择稍有挑战的任务。,60.854,60.854,27.658,33.196,6,6,3,1,1,4,3,3,2,D,A/B,教师D：和浩浩回顾已完成的任务，比较不同星级的难度，邀请他选择稍有挑战的任务。,教师A：调整任务卡提供方式，在游戏开始前根据幼儿的能力水平有针对性地发放任务卡。；教师B：暂不介入，尊重幼儿的自主选择和游戏体验，只要完成任务就是一种经验积累。,27.658,0.0,0,80.0,77.555556,100.0,82.111111,86.583333,eligible,过程复杂,首反应异常；高修正投入；多次调整；首末位摇摆；优劣方向冲突；路径振荡,请教师回忆读到情境后最先注意到什么、是否很快形成判断或感到难判断；追问后续主要在比较哪些做法、为什么调整；追问最理想或最不理想做法的判断为什么发生变化；追问是否曾把某做法从合适改判为不合适，或相反；追问当时是否在几个判断标准之间反复权衡
教师13,sim_openid_013_622833,Q4,4,频繁求助,中班区域活动时，小明选择了建构区。玩了一会儿，他跑到老师面前说“老师，我不会搭……帮帮我吧”，教师问他需要什么帮助时，他一边说我不会搭，一边却很快地将房子从一层积木加高到了两层。看小明专注搭建后，老师就离开建构区了。可是没一会，小明又找了老师好几次，说“老师，帮帮我吧，我不会搭”。,鼓励小明独立搭建，引导他思考接下来如何搭建，及时表扬他的努力。,先示范搭建关键部分，请小明观察方法，再鼓励他照着继续搭建。,在旁观察小明的搭建过程，并适时反馈，帮助他理清搭建步骤。,帮小明回顾已搭建完成的部分，指导他设定小目标，尝试自己实现。,58.692,58.692,27.947,30.745,5,5,2,3,0,5,1,1,1,D,A/C,教师D：帮小明回顾已搭建完成的部分，指导他设定小目标，尝试自己实现。,教师A：鼓励小明独立搭建，引导他思考接下来如何搭建，及时表扬他的努力。；教师C：在旁观察小明的搭建过程，并适时反馈，帮助他理清搭建步骤。,27.947,0.0,0,87.5,78.833333,100.0,70.444444,86.716667,eligible,过程复杂,首反应异常；高修正投入；多次调整；首末位摇摆；路径振荡,请教师回忆读到情境后最先注意到什么、是否很快形成判断或感到难判断；追问后续主要在比较哪些做法、为什么调整；追问最理想或最不理想做法的判断为什么发生变化；追问当时是否在几个判断标准之间反复权衡
教师13,sim_openid_013_622833,Q5,5,消防员救火开心,近几天，中班的幼儿十分热衷于在区域游戏时间玩“消防员救火”的游戏。游戏结束后的交流活动中，老师问幼儿最想分享什么时，阳阳说“娃娃家着火了，好开心啊！”。,抓住教育契机，向幼儿耐心解释真实的火灾会造成物品损失和人员伤亡。,询问幼儿开心的是“着火”本身，还是消防员成功救火、娃娃家的人得救？,引导幼儿思考“娃娃家着火”值不值得开心，帮助他们认识真实火灾是危险的。,请阳阳讲讲娃娃家着火后发生了什么、为什么开心，借此理解幼儿的游戏体验。,47.024,47.024,27.082,19.942,4,4,2,2,0,3,2,2,2,,C/D,,教师C：引导幼儿思考“娃娃家着火”值不值得开心，帮助他们认识真实火灾是危险的。；教师D：请阳阳讲讲娃娃家着火后发生了什么、为什么开心，借此理解幼儿的游戏体验。,27.082,0.0,0,69.767442,54.527132,100.0,78.444444,77.078295,eligible,过程复杂,首反应异常；多次调整；首末位摇摆；路径振荡,请教师回忆读到情境后最先注意到什么、是否很快形成判断或感到难判断；追问最理想或最不理想做法的判断为什么发生变化；追问当时是否在几个判断标准之间反复权衡
教师13,sim_openid_013_622833,Q6,6,区域停留短,小班幼儿瑶瑶在区域活动时，一会儿在娃娃家切切菜，一会儿到美工区搓搓橡皮泥，一会儿又开心地跑到其它区域游戏，在任何一个区域停留时间都不超过三分钟。,提议瑶瑶完成某项游戏任务，如在娃娃家做菜，请他活动小结时分享。,游戏前提醒区域活动规则，活动结束后表扬区域游戏规则遵守得好的小朋友。,仔细观察瑶瑶在不同区域的游戏情况，分析他发生迅速转移的原因。,以同伴的身份陪伴瑶瑶在某一区域游戏，待他专注游戏后再离开。,46.709,46.709,27.984,18.725,2,2,1,0,0,3,0,0,0,A,A/B,教师A：提议瑶瑶完成某项游戏任务，如在娃娃家做菜，请他活动小结时分享。,教师A：提议瑶瑶完成某项游戏任务，如在娃娃家做菜，请他活动小结时分享。；教师B：游戏前提醒区域活动规则，活动结束后表扬区域游戏规则遵守得好的小朋友。,27.984,0.0,0,83.72093,25.472868,30.0,24.888889,38.61938,eligible,过程简单,首反应异常,请教师回忆读到情境后最先注意到什么、是否很快形成判断或感到难判断
教师13,sim_openid_013_622833,Q7,7,飞行棋各走各的,大班区域游戏中，轩轩和小宇一起玩飞行棋，他们将棋子摆好后，各自拿了一个骰子开始投，小宇说：“该我走。”轩轩说：“明明该我走！”相持不下，于是两人各拿一个骰子，自顾自地走自己的棋。,耐心讲解共同游戏的规则，再以“棋手”身份加入游戏进行示范引导。,暂不介入，继续观察游戏进展，待区域小结时请幼儿分享游戏中的体验和问题。,拿走一个骰子，请幼儿商量只有一个骰子的共同游戏规则，达成一致后再开始游戏。,待幼儿体验一轮各走各的游戏后，询问幼儿的游戏体验，提示共同游戏规则的作用。,57.937,57.937,19.148,38.789,7,7,2,3,0,6,2,2,0,C,B/D,教师C：拿走一个骰子，请幼儿商量只有一个骰子的共同游戏规则，达成一致后再开始游戏。,教师B：暂不介入，继续观察游戏进展，待区域小结时请幼儿分享游戏中的体验和问题。；教师D：待幼儿体验一轮各走各的游戏后，询问幼儿的游戏体验，提示共同游戏规则的作用。,19.148,0.0,0,18.604651,90.077519,100.0,71.444444,76.460853,eligible,过程复杂,高修正投入；多次调整；首末位摇摆；路径振荡,追问后续主要在比较哪些做法、为什么调整；追问最理想或最不理想做法的判断为什么发生变化；追问当时是否在几个判断标准之间反复权衡
教师13,sim_openid_013_622833,Q8,8,跳绳秩序混乱,周三下午，大五班的幼儿正自发进行跳绳游戏。李老师观察后发现，挤在一起跳绳的幼儿人数较多，整个场面十分混乱，幼儿很容易出现碰撞现象。此外，由于当“柱子”的幼儿很久才能轮上跳绳，因此也显得很不耐烦。,请幼儿暂停游戏，将幼儿分成多个小组并引导他们以小组为单位分区域开展游戏。,请幼儿说一说跳绳活动中存在的问题，并邀请幼儿一起设置跳绳的规则。,提供更多数量和不同种类的跳绳，并言语引导幼儿分组分区同时进行跳绳游戏。,暂不介入，活动分享时通过照片或视频回放引导幼儿发现问题并商议解决办法。,51.706,51.706,20.962,30.744,6,6,3,1,0,7,0,0,0,D,A/D,教师D：暂不介入，活动分享时通过照片或视频回放引导幼儿发现问题并商议解决办法。,教师A：请幼儿暂停游戏，将幼儿分成多个小组并引导他们以小组为单位分区域开展游戏。；教师D：暂不介入，活动分享时通过照片或视频回放引导幼儿发现问题并商议解决办法。,20.962,0.0,0,15.909091,76.878788,80.0,44.555556,60.928788,eligible,过程简单,高修正投入；多次调整；首末位摇摆,追问后续主要在比较哪些做法、为什么调整；追问最理想或最不理想做法的判断为什么发生变化
教师13,sim_openid_013_622833,Q9,9,艾莎公主不运动,小班的一次户外运动，有几个女孩子从一开始就没有选择任何体育活动项目，而是聚在一起坐在地上玩“艾莎公主”的游戏，比一比谁的鞋子最漂亮，谁的魔法最厉害。,询问幼儿没有参与运动的原因，提供丰富的活动材料吸引幼儿参与运动活动。,提醒幼儿现在是运动时间，请他们等自由游戏时间再一起玩“艾莎公主”的游戏。,利用艾莎公主的鞋子设计走、跑、跳等活动，并以参与者的身份邀请幼儿一起参与运动。,肯定幼儿自主游戏的行为，言语引导幼儿穿着“漂亮的鞋子”参与运动。,50.649,50.649,14.54,36.109,7,7,2,3,1,7,1,1,1,D,B/D,教师D：肯定幼儿自主游戏的行为，言语引导幼儿穿着“漂亮的鞋子”参与运动。,教师B：提醒幼儿现在是运动时间，请他们等自由游戏时间再一起玩“艾莎公主”的游戏。；教师D：肯定幼儿自主游戏的行为，言语引导幼儿穿着“漂亮的鞋子”参与运动。,14.54,0.0,0,20.454545,85.181818,100.0,84.111111,77.262121,eligible,过程复杂,高修正投入；多次调整；首末位摇摆；优劣方向冲突；路径振荡,追问后续主要在比较哪些做法、为什么调整；追问最理想或最不理想做法的判断为什么发生变化；追问是否曾把某做法从合适改判为不合适，或相反；追问当时是否在几个判断标准之间反复权衡
教师13,sim_openid_013_622833,Q10,10,引水难题未解,中班上学期，幼儿在“引水游戏”中遇到了难题——水无法被引到竹片管道上。他们不断调整竹片拼接的方式，却始终没能成功，即竹片一头高于出水管道，阻碍了引流。渐渐地幼儿的探索兴趣也减弱了，有的开始玩水，有的甚至离开了水池。,示范正确的引水方法，请幼儿注意观察并说说引水的要领，再自己试一试。,加入幼儿的探索，引导他们观察水流受阻的位置，一起尝试调整竹片的摆放方式。,组织幼儿就游戏困难进行讨论，寻找解决问题的方案，引导幼儿再次尝试。,投放更多辅助引水的材料，重新激起幼儿的探索兴趣，继续观察游戏进展。,67.095,67.095,39.194,27.901,5,5,3,3,1,4,2,2,2,D,A/B,教师D：投放更多辅助引水的材料，重新激起幼儿的探索兴趣，继续观察游戏进展。,教师A：示范正确的引水方法，请幼儿注意观察并说说引水的要领，再自己试一试。；教师B：加入幼儿的探索，引导他们观察水流受阻的位置，一起尝试调整竹片的摆放方式。,39.194,0.0,0,93.023256,75.286822,100.0,83.0,88.640698,eligible,过程复杂,首反应异常；高修正投入；多次调整；首末位摇摆；优劣方向冲突；路径振荡,请教师回忆读到情境后最先注意到什么、是否很快形成判断或感到难判断；追问后续主要在比较哪些做法、为什么调整；追问最理想或最不理想做法的判断为什么发生变化；追问是否曾把某做法从合适改判为不合适，或相反；追问当时是否在几个判断标准之间反复权衡
教师14,sim_openid_014_601439,Q1,1,篮球架玩水,操场上新安装了一些篮球架，幼儿经常在这里投篮。某天户外活动时，几名幼儿带着画笔和水桶来到这里，他们先是快乐地粉刷篮球架，之后开始往篮框里灌水，有的从上面灌，有的在下面接，忙的不亦乐乎，俨然这里成为了玩水的场地。,看到幼儿玩得很开心，不干预他们的玩水行为，待兴趣减弱后再讨论玩水的适宜性。,表扬幼儿的新发现，并询问在篮球架旁玩水是否合适，提议幼儿可以换个地方玩水。,参与到幼儿的“粉刷”游戏中，逐步引导幼儿到适宜玩水的地方继续开展游戏。,提醒幼儿篮球架是用于开展运动的，与其他幼儿一起召唤他们打篮球，转移他们的关注点。,59.976,59.976,28.133,31.843,5,5,3,4,2,6,0,0,0,A,A/C,教师A：看到幼儿玩得很开心，不干预他们的玩水行为，待兴趣减弱后再讨论玩水的适宜性。,教师A：看到幼儿玩得很开心，不干预他们的玩水行为，待兴趣减弱后再讨论玩水的适宜性。；教师C：参与到幼儿的“粉刷”游戏中，逐步引导幼儿到适宜玩水的地方继续开展游戏。,28.133,0.0,0,87.804878,73.349593,100.0,40.111111,80.58252,eligible,过程复杂,首反应异常；高修正投入；多次调整；首末位摇摆；优劣方向冲突,请教师回忆读到情境后最先注意到什么、是否很快形成判断或感到难判断；追问后续主要在比较哪些做法、为什么调整；追问最理想或最不理想做法的判断为什么发生变化；追问是否曾把某做法从合适改判为不合适，或相反
教师14,sim_openid_014_601439,Q2,2,未参与小组建构,大班建构活动中，睿睿和其他幼儿计划一起搭积木大桥，他们讨论了搭建方法，并进入区域开始搭建。就在其他幼儿在认真搭建时，睿睿发现了一块长条木板，他一会儿在地上推着走，一会儿当枪使，没有再参与小组的搭建。,继续观察，后续分享中支持睿睿思考如何把长条木板融入小组的建构中。,肯定睿睿的创造性玩法，询问他长条板能否当桥面，引导他参与到搭桥任务中。,引导睿睿回顾计划，建议他先完成共同任务，长条木板可以等自由游戏时再玩。,看到睿睿玩得开心，暂不介入，等下一次活动时再提醒他根据计划开展游戏。,53.338,53.338,40.732,12.606,4,4,2,3,1,5,0,0,0,A,C/D,教师A：继续观察，后续分享中支持睿睿思考如何把长条木板融入小组的建构中。,教师C：引导睿睿回顾计划，建议他先完成共同任务，长条木板可以等自由游戏时再玩。；教师D：看到睿睿玩得开心，暂不介入，等下一次活动时再提醒他根据计划开展游戏。,40.732,0.0,0,93.333333,30.0,100.0,35.444444,67.983333,eligible,过程简单,首反应异常；多次调整；首末位摇摆；优劣方向冲突,请教师回忆读到情境后最先注意到什么、是否很快形成判断或感到难判断；追问最理想或最不理想做法的判断为什么发生变化；追问是否曾把某做法从合适改判为不合适，或相反
教师14,sim_openid_014_601439,Q3,3,材料选择无层次,大班上学期，张老师在建构区投放了按图搭建的游戏材料，并提供了不同星级难度的任务卡供幼儿选择，但有的幼儿一上来就选择高难度的三星级任务卡，结果不能顺利完成任务；而有的幼儿始终选择低难度的一星级任务卡。这天，浩浩又连续选择了几张一星级任务卡，很快就完成了任务。,调整任务卡提供方式，在游戏开始前根据幼儿的能力水平有针对性地发放任务卡。,暂不介入，尊重幼儿的自主选择和游戏体验，只要完成任务就是一种经验积累。,调整任务卡呈现方式，如增加“我想挑战”等提示，鼓励幼儿选择不同星级的挑战。,和浩浩回顾已完成的任务，比较不同星级的难度，邀请他选择稍有挑战的任务。,55.338,55.338,14.289,41.049,5,5,4,3,2,6,0,0,0,A,A/D,教师A：调整任务卡提供方式，在游戏开始前根据幼儿的能力水平有针对性地发放任务卡。,教师A：调整任务卡提供方式，在游戏开始前根据幼儿的能力水平有针对性地发放任务卡。；教师D：和浩浩回顾已完成的任务，比较不同星级的难度，邀请他选择稍有挑战的任务。,14.289,0.0,0,17.777778,73.111111,100.0,41.333333,66.688889,eligible,过程简单,高修正投入；多次调整；首末位摇摆；优劣方向冲突,追问后续主要在比较哪些做法、为什么调整；追问最理想或最不理想做法的判断为什么发生变化；追问是否曾把某做法从合适改判为不合适，或相反
教师14,sim_openid_014_601439,Q4,4,频繁求助,中班区域活动时，小明选择了建构区。玩了一会儿，他跑到老师面前说“老师，我不会搭……帮帮我吧”，教师问他需要什么帮助时，他一边说我不会搭，一边却很快地将房子从一层积木加高到了两层。看小明专注搭建后，老师就离开建构区了。可是没一会，小明又找了老师好几次，说“老师，帮帮我吧，我不会搭”。,鼓励小明独立搭建，引导他思考接下来如何搭建，及时表扬他的努力。,先示范搭建关键部分，请小明观察方法，再鼓励他照着继续搭建。,在旁观察小明的搭建过程，并适时反馈，帮助他理清搭建步骤。,帮小明回顾已搭建完成的部分，指导他设定小目标，尝试自己实现。,52.843,52.843,22.532,30.311,6,6,3,3,0,6,1,1,1,A,A/D,教师A：鼓励小明独立搭建，引导他思考接下来如何搭建，及时表扬他的努力。,教师A：鼓励小明独立搭建，引导他思考接下来如何搭建，及时表扬他的努力。；教师D：帮小明回顾已搭建完成的部分，指导他设定小目标，尝试自己实现。,22.532,0.0,0,22.5,86.5,100.0,73.333333,76.45,eligible,过程复杂,高修正投入；多次调整；首末位摇摆；路径振荡,追问后续主要在比较哪些做法、为什么调整；追问最理想或最不理想做法的判断为什么发生变化；追问当时是否在几个判断标准之间反复权衡
教师14,sim_openid_014_601439,Q5,5,消防员救火开心,近几天，中班的幼儿十分热衷于在区域游戏时间玩“消防员救火”的游戏。游戏结束后的交流活动中，老师问幼儿最想分享什么时，阳阳说“娃娃家着火了，好开心啊！”。,抓住教育契机，向幼儿耐心解释真实的火灾会造成物品损失和人员伤亡。,询问幼儿开心的是“着火”本身，还是消防员成功救火、娃娃家的人得救？,引导幼儿思考“娃娃家着火”值不值得开心，帮助他们认识真实火灾是危险的。,请阳阳讲讲娃娃家着火后发生了什么、为什么开心，借此理解幼儿的游戏体验。,66.975,66.975,32.387,34.588,4,4,2,2,0,4,1,1,0,,B/D,,教师B：询问幼儿开心的是“着火”本身，还是消防员成功救火、娃娃家的人得救？；教师D：请阳阳讲讲娃娃家着火后发生了什么、为什么开心，借此理解幼儿的游戏体验。,32.387,0.0,0,88.372093,67.550388,100.0,53.555556,80.972868,eligible,过程复杂,首反应异常；高修正投入；多次调整；首末位摇摆,请教师回忆读到情境后最先注意到什么、是否很快形成判断或感到难判断；追问后续主要在比较哪些做法、为什么调整；追问最理想或最不理想做法的判断为什么发生变化
教师14,sim_openid_014_601439,Q6,6,区域停留短,小班幼儿瑶瑶在区域活动时，一会儿在娃娃家切切菜，一会儿到美工区搓搓橡皮泥，一会儿又开心地跑到其它区域游戏，在任何一个区域停留时间都不超过三分钟。,提议瑶瑶完成某项游戏任务，如在娃娃家做菜，请他活动小结时分享。,游戏前提醒区域活动规则，活动结束后表扬区域游戏规则遵守得好的小朋友。,仔细观察瑶瑶在不同区域的游戏情况，分析他发生迅速转移的原因。,以同伴的身份陪伴瑶瑶在某一区域游戏，待他专注游戏后再离开。,85.604,85.604,39.419,46.185,8,8,6,1,0,7,2,2,1,A,A/B,教师A：提议瑶瑶完成某项游戏任务，如在娃娃家做菜，请他活动小结时分享。,教师A：提议瑶瑶完成某项游戏任务，如在娃娃家做菜，请他活动小结时分享。；教师B：游戏前提醒区域活动规则，活动结束后表扬区域游戏规则遵守得好的小朋友。,39.419,0.0,0,93.023256,98.868217,80.0,87.111111,89.331783,eligible,过程复杂,首反应异常；高修正投入；多次调整；首末位摇摆；路径振荡,请教师回忆读到情境后最先注意到什么、是否很快形成判断或感到难判断；追问后续主要在比较哪些做法、为什么调整；追问最理想或最不理想做法的判断为什么发生变化；追问当时是否在几个判断标准之间反复权衡
教师14,sim_openid_014_601439,Q7,7,飞行棋各走各的,大班区域游戏中，轩轩和小宇一起玩飞行棋，他们将棋子摆好后，各自拿了一个骰子开始投，小宇说：“该我走。”轩轩说：“明明该我走！”相持不下，于是两人各拿一个骰子，自顾自地走自己的棋。,耐心讲解共同游戏的规则，再以“棋手”身份加入游戏进行示范引导。,暂不介入，继续观察游戏进展，待区域小结时请幼儿分享游戏中的体验和问题。,拿走一个骰子，请幼儿商量只有一个骰子的共同游戏规则，达成一致后再开始游戏。,待幼儿体验一轮各走各的游戏后，询问幼儿的游戏体验，提示共同游戏规则的作用。,34.617,34.617,16.542,18.075,3,3,2,2,1,4,0,0,0,C,A/D,教师C：拿走一个骰子，请幼儿商量只有一个骰子的共同游戏规则，达成一致后再开始游戏。,教师A：耐心讲解共同游戏的规则，再以“棋手”身份加入游戏进行示范引导。；教师D：待幼儿体验一轮各走各的游戏后，询问幼儿的游戏体验，提示共同游戏规则的作用。,16.542,0.0,0,9.302326,36.403101,100.0,34.222222,52.914729,eligible,过程简单,多次调整；首末位摇摆；优劣方向冲突,追问最理想或最不理想做法的判断为什么发生变化；追问是否曾把某做法从合适改判为不合适，或相反
教师14,sim_openid_014_601439,Q8,8,跳绳秩序混乱,周三下午，大五班的幼儿正自发进行跳绳游戏。李老师观察后发现，挤在一起跳绳的幼儿人数较多，整个场面十分混乱，幼儿很容易出现碰撞现象。此外，由于当“柱子”的幼儿很久才能轮上跳绳，因此也显得很不耐烦。,请幼儿暂停游戏，将幼儿分成多个小组并引导他们以小组为单位分区域开展游戏。,请幼儿说一说跳绳活动中存在的问题，并邀请幼儿一起设置跳绳的规则。,提供更多数量和不同种类的跳绳，并言语引导幼儿分组分区同时进行跳绳游戏。,暂不介入，活动分享时通过照片或视频回放引导幼儿发现问题并商议解决办法。,63.406,63.406,27.512,35.894,5,5,2,1,0,4,2,2,2,C,B/D,教师C：提供更多数量和不同种类的跳绳，并言语引导幼儿分组分区同时进行跳绳游戏。,教师B：请幼儿说一说跳绳活动中存在的问题，并邀请幼儿一起设置跳绳的规则。；教师D：暂不介入，活动分享时通过照片或视频回放引导幼儿发现问题并商议解决办法。,27.512,0.0,0,75.0,75.909091,80.0,84.555556,78.456061,eligible,过程复杂,首反应异常；高修正投入；多次调整；首末位摇摆；路径振荡,请教师回忆读到情境后最先注意到什么、是否很快形成判断或感到难判断；追问后续主要在比较哪些做法、为什么调整；追问最理想或最不理想做法的判断为什么发生变化；追问当时是否在几个判断标准之间反复权衡
教师14,sim_openid_014_601439,Q9,9,艾莎公主不运动,小班的一次户外运动，有几个女孩子从一开始就没有选择任何体育活动项目，而是聚在一起坐在地上玩“艾莎公主”的游戏，比一比谁的鞋子最漂亮，谁的魔法最厉害。,询问幼儿没有参与运动的原因，提供丰富的活动材料吸引幼儿参与运动活动。,提醒幼儿现在是运动时间，请他们等自由游戏时间再一起玩“艾莎公主”的游戏。,利用艾莎公主的鞋子设计走、跑、跳等活动，并以参与者的身份邀请幼儿一起参与运动。,肯定幼儿自主游戏的行为，言语引导幼儿穿着“漂亮的鞋子”参与运动。,65.361,65.361,27.726,37.635,7,7,4,4,3,5,3,3,0,B,C/D,教师B：提醒幼儿现在是运动时间，请他们等自由游戏时间再一起玩“艾莎公主”的游戏。,教师C：利用艾莎公主的鞋子设计走、跑、跳等活动，并以参与者的身份邀请幼儿一起参与运动。；教师D：肯定幼儿自主游戏的行为，言语引导幼儿穿着“漂亮的鞋子”参与运动。,27.726,0.0,0,70.454545,89.727273,100.0,72.222222,86.842424,eligible,过程复杂,首反应异常；高修正投入；多次调整；首末位摇摆；优劣方向冲突；路径振荡,请教师回忆读到情境后最先注意到什么、是否很快形成判断或感到难判断；追问后续主要在比较哪些做法、为什么调整；追问最理想或最不理想做法的判断为什么发生变化；追问是否曾把某做法从合适改判为不合适，或相反；追问当时是否在几个判断标准之间反复权衡
教师14,sim_openid_014_601439,Q10,10,引水难题未解,中班上学期，幼儿在“引水游戏”中遇到了难题——水无法被引到竹片管道上。他们不断调整竹片拼接的方式，却始终没能成功，即竹片一头高于出水管道，阻碍了引流。渐渐地幼儿的探索兴趣也减弱了，有的开始玩水，有的甚至离开了水池。,示范正确的引水方法，请幼儿注意观察并说说引水的要领，再自己试一试。,加入幼儿的探索，引导他们观察水流受阻的位置，一起尝试调整竹片的摆放方式。,组织幼儿就游戏困难进行讨论，寻找解决问题的方案，引导幼儿再次尝试。,投放更多辅助引水的材料，重新激起幼儿的探索兴趣，继续观察游戏进展。,58.992,58.992,16.499,42.493,7,7,2,4,1,6,2,2,2,A,C/D,教师A：示范正确的引水方法，请幼儿注意观察并说说引水的要领，再自己试一试。,教师C：组织幼儿就游戏困难进行讨论，寻找解决问题的方案，引导幼儿再次尝试。；教师D：投放更多辅助引水的材料，重新激起幼儿的探索兴趣，继续观察游戏进展。,16.499,0.0,0,18.604651,95.937984,100.0,90.777778,81.118992,eligible,过程复杂,高修正投入；多次调整；首末位摇摆；优劣方向冲突；路径振荡,追问后续主要在比较哪些做法、为什么调整；追问最理想或最不理想做法的判断为什么发生变化；追问是否曾把某做法从合适改判为不合适，或相反；追问当时是否在几个判断标准之间反复权衡
教师15,sim_openid_015_459012,Q1,1,篮球架玩水,操场上新安装了一些篮球架，幼儿经常在这里投篮。某天户外活动时，几名幼儿带着画笔和水桶来到这里，他们先是快乐地粉刷篮球架，之后开始往篮框里灌水，有的从上面灌，有的在下面接，忙的不亦乐乎，俨然这里成为了玩水的场地。,看到幼儿玩得很开心，不干预他们的玩水行为，待兴趣减弱后再讨论玩水的适宜性。,表扬幼儿的新发现，并询问在篮球架旁玩水是否合适，提议幼儿可以换个地方玩水。,参与到幼儿的“粉刷”游戏中，逐步引导幼儿到适宜玩水的地方继续开展游戏。,提醒幼儿篮球架是用于开展运动的，与其他幼儿一起召唤他们打篮球，转移他们的关注点。,21.281,21.281,5.112,16.169,7,6,2,6,1,8,0,0,0,A,A/B,教师A：看到幼儿玩得很开心，不干预他们的玩水行为，待兴趣减弱后再讨论玩水的适宜性。,教师A：看到幼儿玩得很开心，不干预他们的玩水行为，待兴趣减弱后再讨论玩水的适宜性。；教师B：表扬幼儿的新发现，并询问在篮球架旁玩水是否合适，提议幼儿可以换个地方玩水。,5.221,0.0,0,97.560976,63.355014,100.0,42.333333,79.868699,eligible,过程复杂,首反应异常；高修正投入；多次调整；首末位摇摆；优劣方向冲突,请教师回忆读到情境后最先注意到什么、是否很快形成判断或感到难判断；追问后续主要在比较哪些做法、为什么调整；追问最理想或最不理想做法的判断为什么发生变化；追问是否曾把某做法从合适改判为不合适，或相反
教师15,sim_openid_015_459012,Q2,2,未参与小组建构,大班建构活动中，睿睿和其他幼儿计划一起搭积木大桥，他们讨论了搭建方法，并进入区域开始搭建。就在其他幼儿在认真搭建时，睿睿发现了一块长条木板，他一会儿在地上推着走，一会儿当枪使，没有再参与小组的搭建。,继续观察，后续分享中支持睿睿思考如何把长条木板融入小组的建构中。,肯定睿睿的创造性玩法，询问他长条板能否当桥面，引导他参与到搭桥任务中。,引导睿睿回顾计划，建议他先完成共同任务，长条木板可以等自由游戏时再玩。,看到睿睿玩得开心，暂不介入，等下一次活动时再提醒他根据计划开展游戏。,21.137,21.137,10.956,10.181,4,4,1,3,1,4,1,1,0,D,A/C,教师D：看到睿睿玩得开心，暂不介入，等下一次活动时再提醒他根据计划开展游戏。,教师A：继续观察，后续分享中支持睿睿思考如何把长条木板融入小组的建构中。；教师C：引导睿睿回顾计划，建议他先完成共同任务，长条木板可以等自由游戏时再玩。,10.956,0.0,0,71.111111,27.333333,100.0,48.555556,64.705556,eligible,过程复杂,首反应异常；多次调整；首末位摇摆；优劣方向冲突,请教师回忆读到情境后最先注意到什么、是否很快形成判断或感到难判断；追问最理想或最不理想做法的判断为什么发生变化；追问是否曾把某做法从合适改判为不合适，或相反
教师15,sim_openid_015_459012,Q3,3,材料选择无层次,大班上学期，张老师在建构区投放了按图搭建的游戏材料，并提供了不同星级难度的任务卡供幼儿选择，但有的幼儿一上来就选择高难度的三星级任务卡，结果不能顺利完成任务；而有的幼儿始终选择低难度的一星级任务卡。这天，浩浩又连续选择了几张一星级任务卡，很快就完成了任务。,调整任务卡提供方式，在游戏开始前根据幼儿的能力水平有针对性地发放任务卡。,暂不介入，尊重幼儿的自主选择和游戏体验，只要完成任务就是一种经验积累。,调整任务卡呈现方式，如增加“我想挑战”等提示，鼓励幼儿选择不同星级的挑战。,和浩浩回顾已完成的任务，比较不同星级的难度，邀请他选择稍有挑战的任务。,9.101,9.101,3.78,5.321,2,2,0,2,0,3,0,0,0,B,B/C,教师B：暂不介入，尊重幼儿的自主选择和游戏体验，只要完成任务就是一种经验积累。,教师B：暂不介入，尊重幼儿的自主选择和游戏体验，只要完成任务就是一种经验积累。；教师C：调整任务卡呈现方式，如增加“我想挑战”等提示，鼓励幼儿选择不同星级的挑战。,4.297,0.0,0,97.777778,7.333333,50.0,28.222222,43.488889,eligible,过程中等,首反应异常；首末位摇摆,请教师回忆读到情境后最先注意到什么、是否很快形成判断或感到难判断；追问最理想或最不理想做法的判断为什么发生变化
教师15,sim_openid_015_459012,Q4,4,频繁求助,中班区域活动时，小明选择了建构区。玩了一会儿，他跑到老师面前说“老师，我不会搭……帮帮我吧”，教师问他需要什么帮助时，他一边说我不会搭，一边却很快地将房子从一层积木加高到了两层。看小明专注搭建后，老师就离开建构区了。可是没一会，小明又找了老师好几次，说“老师，帮帮我吧，我不会搭”。,鼓励小明独立搭建，引导他思考接下来如何搭建，及时表扬他的努力。,先示范搭建关键部分，请小明观察方法，再鼓励他照着继续搭建。,在旁观察小明的搭建过程，并适时反馈，帮助他理清搭建步骤。,帮小明回顾已搭建完成的部分，指导他设定小目标，尝试自己实现。,18.319,18.319,9.666,8.653,3,3,3,0,0,4,0,0,0,C,A/B,教师C：在旁观察小明的搭建过程，并适时反馈，帮助他理清搭建步骤。,教师A：鼓励小明独立搭建，引导他思考接下来如何搭建，及时表扬他的努力。；教师B：先示范搭建关键部分，请小明观察方法，再鼓励他照着继续搭建。,9.666,0.0,0,47.5,24.833333,50.0,30.111111,38.966667,eligible,过程简单,多次调整；首末位摇摆,追问最理想或最不理想做法的判断为什么发生变化
教师15,sim_openid_015_459012,Q5,5,消防员救火开心,近几天，中班的幼儿十分热衷于在区域游戏时间玩“消防员救火”的游戏。游戏结束后的交流活动中，老师问幼儿最想分享什么时，阳阳说“娃娃家着火了，好开心啊！”。,抓住教育契机，向幼儿耐心解释真实的火灾会造成物品损失和人员伤亡。,询问幼儿开心的是“着火”本身，还是消防员成功救火、娃娃家的人得救？,引导幼儿思考“娃娃家着火”值不值得开心，帮助他们认识真实火灾是危险的。,请阳阳讲讲娃娃家着火后发生了什么、为什么开心，借此理解幼儿的游戏体验。,26.108,26.108,14.382,11.726,3,3,3,1,1,4,0,0,0,A,C/D,教师A：抓住教育契机，向幼儿耐心解释真实的火灾会造成物品损失和人员伤亡。,教师C：引导幼儿思考“娃娃家着火”值不值得开心，帮助他们认识真实火灾是危险的。；教师D：请阳阳讲讲娃娃家着火后发生了什么、为什么开心，借此理解幼儿的游戏体验。,14.382,0.0,0,32.55814,27.906977,100.0,32.444444,54.750388,eligible,过程复杂,多次调整；首末位摇摆；优劣方向冲突,追问最理想或最不理想做法的判断为什么发生变化；追问是否曾把某做法从合适改判为不合适，或相反
教师15,sim_openid_015_459012,Q6,6,区域停留短,小班幼儿瑶瑶在区域活动时，一会儿在娃娃家切切菜，一会儿到美工区搓搓橡皮泥，一会儿又开心地跑到其它区域游戏，在任何一个区域停留时间都不超过三分钟。,提议瑶瑶完成某项游戏任务，如在娃娃家做菜，请他活动小结时分享。,游戏前提醒区域活动规则，活动结束后表扬区域游戏规则遵守得好的小朋友。,仔细观察瑶瑶在不同区域的游戏情况，分析他发生迅速转移的原因。,以同伴的身份陪伴瑶瑶在某一区域游戏，待他专注游戏后再离开。,24.455,24.455,11.36,13.095,3,3,0,2,0,4,0,0,0,D,B/C,教师D：以同伴的身份陪伴瑶瑶在某一区域游戏，待他专注游戏后再离开。,教师B：游戏前提醒区域活动规则，活动结束后表扬区域游戏规则遵守得好的小朋友。；教师C：仔细观察瑶瑶在不同区域的游戏情况，分析他发生迅速转移的原因。,11.36,0.0,0,65.116279,24.713178,50.0,30.222222,42.470543,eligible,过程中等,首反应异常；多次调整；首末位摇摆,请教师回忆读到情境后最先注意到什么、是否很快形成判断或感到难判断；追问最理想或最不理想做法的判断为什么发生变化
教师15,sim_openid_015_459012,Q7,7,飞行棋各走各的,大班区域游戏中，轩轩和小宇一起玩飞行棋，他们将棋子摆好后，各自拿了一个骰子开始投，小宇说：“该我走。”轩轩说：“明明该我走！”相持不下，于是两人各拿一个骰子，自顾自地走自己的棋。,耐心讲解共同游戏的规则，再以“棋手”身份加入游戏进行示范引导。,暂不介入，继续观察游戏进展，待区域小结时请幼儿分享游戏中的体验和问题。,拿走一个骰子，请幼儿商量只有一个骰子的共同游戏规则，达成一致后再开始游戏。,待幼儿体验一轮各走各的游戏后，询问幼儿的游戏体验，提示共同游戏规则的作用。,20.389,20.389,11.81,8.579,3,3,0,3,0,2,2,2,2,C,C/D,教师C：拿走一个骰子，请幼儿商量只有一个骰子的共同游戏规则，达成一致后再开始游戏。,教师C：拿走一个骰子，请幼儿商量只有一个骰子的共同游戏规则，达成一致后再开始游戏。；教师D：待幼儿体验一轮各走各的游戏后，询问幼儿的游戏体验，提示共同游戏规则的作用。,11.81,0.0,0,51.162791,20.589147,50.0,73.444444,44.925969,eligible,过程中等,多次调整；首末位摇摆；路径振荡,追问最理想或最不理想做法的判断为什么发生变化；追问当时是否在几个判断标准之间反复权衡
教师15,sim_openid_015_459012,Q8,8,跳绳秩序混乱,周三下午，大五班的幼儿正自发进行跳绳游戏。李老师观察后发现，挤在一起跳绳的幼儿人数较多，整个场面十分混乱，幼儿很容易出现碰撞现象。此外，由于当“柱子”的幼儿很久才能轮上跳绳，因此也显得很不耐烦。,请幼儿暂停游戏，将幼儿分成多个小组并引导他们以小组为单位分区域开展游戏。,请幼儿说一说跳绳活动中存在的问题，并邀请幼儿一起设置跳绳的规则。,提供更多数量和不同种类的跳绳，并言语引导幼儿分组分区同时进行跳绳游戏。,暂不介入，活动分享时通过照片或视频回放引导幼儿发现问题并商议解决办法。,25.586,25.586,12.826,12.76,3,3,1,1,0,4,0,0,0,A,A/B,教师A：请幼儿暂停游戏，将幼儿分成多个小组并引导他们以小组为单位分区域开展游戏。,教师A：请幼儿暂停游戏，将幼儿分成多个小组并引导他们以小组为单位分区域开展游戏。；教师B：请幼儿说一说跳绳活动中存在的问题，并邀请幼儿一起设置跳绳的规则。,12.826,0.0,0,29.545455,38.757576,60.0,36.333333,43.986364,eligible,过程中等,多次调整；首末位摇摆,追问最理想或最不理想做法的判断为什么发生变化
教师15,sim_openid_015_459012,Q9,9,艾莎公主不运动,小班的一次户外运动，有几个女孩子从一开始就没有选择任何体育活动项目，而是聚在一起坐在地上玩“艾莎公主”的游戏，比一比谁的鞋子最漂亮，谁的魔法最厉害。,询问幼儿没有参与运动的原因，提供丰富的活动材料吸引幼儿参与运动活动。,提醒幼儿现在是运动时间，请他们等自由游戏时间再一起玩“艾莎公主”的游戏。,利用艾莎公主的鞋子设计走、跑、跳等活动，并以参与者的身份邀请幼儿一起参与运动。,肯定幼儿自主游戏的行为，言语引导幼儿穿着“漂亮的鞋子”参与运动。,9.156,9.156,6.761,2.395,1,1,0,0,0,2,0,0,0,B,B/C,教师B：提醒幼儿现在是运动时间，请他们等自由游戏时间再一起玩“艾莎公主”的游戏。,教师B：提醒幼儿现在是运动时间，请他们等自由游戏时间再一起玩“艾莎公主”的游戏。；教师C：利用艾莎公主的鞋子设计走、跑、跳等活动，并以参与者的身份邀请幼儿一起参与运动。,6.761,0.0,0,93.181818,3.121212,0.0,30.111111,24.089394,eligible,过程简单,首反应异常,请教师回忆读到情境后最先注意到什么、是否很快形成判断或感到难判断
教师15,sim_openid_015_459012,Q10,10,引水难题未解,中班上学期，幼儿在“引水游戏”中遇到了难题——水无法被引到竹片管道上。他们不断调整竹片拼接的方式，却始终没能成功，即竹片一头高于出水管道，阻碍了引流。渐渐地幼儿的探索兴趣也减弱了，有的开始玩水，有的甚至离开了水池。,示范正确的引水方法，请幼儿注意观察并说说引水的要领，再自己试一试。,加入幼儿的探索，引导他们观察水流受阻的位置，一起尝试调整竹片的摆放方式。,组织幼儿就游戏困难进行讨论，寻找解决问题的方案，引导幼儿再次尝试。,投放更多辅助引水的材料，重新激起幼儿的探索兴趣，继续观察游戏进展。,11.48,11.48,3.801,7.679,2,2,1,0,0,3,0,0,0,C,B/C,教师C：组织幼儿就游戏困难进行讨论，寻找解决问题的方案，引导幼儿再次尝试。,教师B：加入幼儿的探索，引导他们观察水流受阻的位置，一起尝试调整竹片的摆放方式。；教师C：组织幼儿就游戏困难进行讨论，寻找解决问题的方案，引导幼儿再次尝试。,4.246,0.0,0,97.674419,12.589147,30.0,29.666667,38.261628,eligible,过程简单,首反应异常,请教师回忆读到情境后最先注意到什么、是否很快形成判断或感到难判断
教师16,sim_openid_016_686881,Q1,1,篮球架玩水,操场上新安装了一些篮球架，幼儿经常在这里投篮。某天户外活动时，几名幼儿带着画笔和水桶来到这里，他们先是快乐地粉刷篮球架，之后开始往篮框里灌水，有的从上面灌，有的在下面接，忙的不亦乐乎，俨然这里成为了玩水的场地。,看到幼儿玩得很开心，不干预他们的玩水行为，待兴趣减弱后再讨论玩水的适宜性。,表扬幼儿的新发现，并询问在篮球架旁玩水是否合适，提议幼儿可以换个地方玩水。,参与到幼儿的“粉刷”游戏中，逐步引导幼儿到适宜玩水的地方继续开展游戏。,提醒幼儿篮球架是用于开展运动的，与其他幼儿一起召唤他们打篮球，转移他们的关注点。,43.217,43.217,16.874,26.343,6,6,1,3,0,6,1,1,0,A,C/D,教师A：看到幼儿玩得很开心，不干预他们的玩水行为，待兴趣减弱后再讨论玩水的适宜性。,教师C：参与到幼儿的“粉刷”游戏中，逐步引导幼儿到适宜玩水的地方继续开展游戏。；教师D：提醒幼儿篮球架是用于开展运动的，与其他幼儿一起召唤他们打篮球，转移他们的关注点。,16.874,0.0,0,14.634146,78.391599,80.0,60.666667,63.544309,eligible,过程复杂,高修正投入；多次调整；首末位摇摆；路径振荡,追问后续主要在比较哪些做法、为什么调整；追问最理想或最不理想做法的判断为什么发生变化；追问当时是否在几个判断标准之间反复权衡
教师16,sim_openid_016_686881,Q2,2,未参与小组建构,大班建构活动中，睿睿和其他幼儿计划一起搭积木大桥，他们讨论了搭建方法，并进入区域开始搭建。就在其他幼儿在认真搭建时，睿睿发现了一块长条木板，他一会儿在地上推着走，一会儿当枪使，没有再参与小组的搭建。,继续观察，后续分享中支持睿睿思考如何把长条木板融入小组的建构中。,肯定睿睿的创造性玩法，询问他长条板能否当桥面，引导他参与到搭桥任务中。,引导睿睿回顾计划，建议他先完成共同任务，长条木板可以等自由游戏时再玩。,看到睿睿玩得开心，暂不介入，等下一次活动时再提醒他根据计划开展游戏。,48.145,48.145,27.773,20.372,4,4,0,3,0,4,1,1,0,,C/D,,教师C：引导睿睿回顾计划，建议他先完成共同任务，长条木板可以等自由游戏时再玩。；教师D：看到睿睿玩得开心，暂不介入，等下一次活动时再提醒他根据计划开展游戏。,27.773,0.0,0,62.222222,43.333333,50.0,48.555556,50.227778,eligible,过程中等,首反应异常；多次调整；首末位摇摆,请教师回忆读到情境后最先注意到什么、是否很快形成判断或感到难判断；追问最理想或最不理想做法的判断为什么发生变化
教师16,sim_openid_016_686881,Q3,3,材料选择无层次,大班上学期，张老师在建构区投放了按图搭建的游戏材料，并提供了不同星级难度的任务卡供幼儿选择，但有的幼儿一上来就选择高难度的三星级任务卡，结果不能顺利完成任务；而有的幼儿始终选择低难度的一星级任务卡。这天，浩浩又连续选择了几张一星级任务卡，很快就完成了任务。,调整任务卡提供方式，在游戏开始前根据幼儿的能力水平有针对性地发放任务卡。,暂不介入，尊重幼儿的自主选择和游戏体验，只要完成任务就是一种经验积累。,调整任务卡呈现方式，如增加“我想挑战”等提示，鼓励幼儿选择不同星级的挑战。,和浩浩回顾已完成的任务，比较不同星级的难度，邀请他选择稍有挑战的任务。,44.07,44.07,19.542,24.528,4,4,1,1,0,5,0,0,0,D,B/C,教师D：和浩浩回顾已完成的任务，比较不同星级的难度，邀请他选择稍有挑战的任务。,教师B：暂不介入，尊重幼儿的自主选择和游戏体验，只要完成任务就是一种经验积累。；教师C：调整任务卡呈现方式，如增加“我想挑战”等提示，鼓励幼儿选择不同星级的挑战。,19.542,0.0,0,8.888889,47.777778,60.0,36.888889,42.644444,eligible,过程中等,多次调整；首末位摇摆,追问最理想或最不理想做法的判断为什么发生变化
教师16,sim_openid_016_686881,Q4,4,频繁求助,中班区域活动时，小明选择了建构区。玩了一会儿，他跑到老师面前说“老师，我不会搭……帮帮我吧”，教师问他需要什么帮助时，他一边说我不会搭，一边却很快地将房子从一层积木加高到了两层。看小明专注搭建后，老师就离开建构区了。可是没一会，小明又找了老师好几次，说“老师，帮帮我吧，我不会搭”。,鼓励小明独立搭建，引导他思考接下来如何搭建，及时表扬他的努力。,先示范搭建关键部分，请小明观察方法，再鼓励他照着继续搭建。,在旁观察小明的搭建过程，并适时反馈，帮助他理清搭建步骤。,帮小明回顾已搭建完成的部分，指导他设定小目标，尝试自己实现。,18.88,18.88,6.75,12.13,3,3,0,2,0,3,1,1,1,B,B/C,教师B：先示范搭建关键部分，请小明观察方法，再鼓励他照着继续搭建。,教师B：先示范搭建关键部分，请小明观察方法，再鼓励他照着继续搭建。；教师C：在旁观察小明的搭建过程，并适时反馈，帮助他理清搭建步骤。,6.75,0.0,0,92.5,29.833333,50.0,60.444444,54.016667,eligible,过程中等,首反应异常；多次调整；首末位摇摆；路径振荡,请教师回忆读到情境后最先注意到什么、是否很快形成判断或感到难判断；追问最理想或最不理想做法的判断为什么发生变化；追问当时是否在几个判断标准之间反复权衡
教师16,sim_openid_016_686881,Q5,5,消防员救火开心,近几天，中班的幼儿十分热衷于在区域游戏时间玩“消防员救火”的游戏。游戏结束后的交流活动中，老师问幼儿最想分享什么时，阳阳说“娃娃家着火了，好开心啊！”。,抓住教育契机，向幼儿耐心解释真实的火灾会造成物品损失和人员伤亡。,询问幼儿开心的是“着火”本身，还是消防员成功救火、娃娃家的人得救？,引导幼儿思考“娃娃家着火”值不值得开心，帮助他们认识真实火灾是危险的。,请阳阳讲讲娃娃家着火后发生了什么、为什么开心，借此理解幼儿的游戏体验。,49.985,49.985,20.802,29.183,6,6,3,2,1,7,0,0,0,A,A/D,教师A：抓住教育契机，向幼儿耐心解释真实的火灾会造成物品损失和人员伤亡。,教师A：抓住教育契机，向幼儿耐心解释真实的火灾会造成物品损失和人员伤亡。；教师D：请阳阳讲讲娃娃家着火后发生了什么、为什么开心，借此理解幼儿的游戏体验。,20.802,0.0,0,23.255814,82.093023,100.0,40.888889,70.412403,eligible,过程复杂,高修正投入；多次调整；首末位摇摆；优劣方向冲突,追问后续主要在比较哪些做法、为什么调整；追问最理想或最不理想做法的判断为什么发生变化；追问是否曾把某做法从合适改判为不合适，或相反
教师16,sim_openid_016_686881,Q6,6,区域停留短,小班幼儿瑶瑶在区域活动时，一会儿在娃娃家切切菜，一会儿到美工区搓搓橡皮泥，一会儿又开心地跑到其它区域游戏，在任何一个区域停留时间都不超过三分钟。,提议瑶瑶完成某项游戏任务，如在娃娃家做菜，请他活动小结时分享。,游戏前提醒区域活动规则，活动结束后表扬区域游戏规则遵守得好的小朋友。,仔细观察瑶瑶在不同区域的游戏情况，分析他发生迅速转移的原因。,以同伴的身份陪伴瑶瑶在某一区域游戏，待他专注游戏后再离开。,26.967,26.967,11.785,15.182,3,3,0,0,0,2,2,2,2,B,B/C,教师B：游戏前提醒区域活动规则，活动结束后表扬区域游戏规则遵守得好的小朋友。,教师B：游戏前提醒区域活动规则，活动结束后表扬区域游戏规则遵守得好的小朋友。；教师C：仔细观察瑶瑶在不同区域的游戏情况，分析他发生迅速转移的原因。,11.785,0.0,0,55.813953,29.364341,0.0,75.888889,31.355426,eligible,过程简单,多次调整；路径振荡,追问当时是否在几个判断标准之间反复权衡
教师16,sim_openid_016_686881,Q7,7,飞行棋各走各的,大班区域游戏中，轩轩和小宇一起玩飞行棋，他们将棋子摆好后，各自拿了一个骰子开始投，小宇说：“该我走。”轩轩说：“明明该我走！”相持不下，于是两人各拿一个骰子，自顾自地走自己的棋。,耐心讲解共同游戏的规则，再以“棋手”身份加入游戏进行示范引导。,暂不介入，继续观察游戏进展，待区域小结时请幼儿分享游戏中的体验和问题。,拿走一个骰子，请幼儿商量只有一个骰子的共同游戏规则，达成一致后再开始游戏。,待幼儿体验一轮各走各的游戏后，询问幼儿的游戏体验，提示共同游戏规则的作用。,27.989,27.989,21.188,6.801,1,1,0,1,0,2,0,0,0,C,C/D,教师C：拿走一个骰子，请幼儿商量只有一个骰子的共同游戏规则，达成一致后再开始游戏。,教师C：拿走一个骰子，请幼儿商量只有一个骰子的共同游戏规则，达成一致后再开始游戏。；教师D：待幼儿体验一轮各走各的游戏后，询问幼儿的游戏体验，提示共同游戏规则的作用。,21.188,0.0,0,32.55814,6.062016,30.0,27.333333,22.930233,eligible,过程简单,过程相对平稳,追问教师当时主要依据什么形成排序
教师16,sim_openid_016_686881,Q8,8,跳绳秩序混乱,周三下午，大五班的幼儿正自发进行跳绳游戏。李老师观察后发现，挤在一起跳绳的幼儿人数较多，整个场面十分混乱，幼儿很容易出现碰撞现象。此外，由于当“柱子”的幼儿很久才能轮上跳绳，因此也显得很不耐烦。,请幼儿暂停游戏，将幼儿分成多个小组并引导他们以小组为单位分区域开展游戏。,请幼儿说一说跳绳活动中存在的问题，并邀请幼儿一起设置跳绳的规则。,提供更多数量和不同种类的跳绳，并言语引导幼儿分组分区同时进行跳绳游戏。,暂不介入，活动分享时通过照片或视频回放引导幼儿发现问题并商议解决办法。,20.656,20.656,11.96,8.696,2,2,1,1,0,3,0,0,0,A,A/B,教师A：请幼儿暂停游戏，将幼儿分成多个小组并引导他们以小组为单位分区域开展游戏。,教师A：请幼儿暂停游戏，将幼儿分成多个小组并引导他们以小组为单位分区域开展游戏。；教师B：请幼儿说一说跳绳活动中存在的问题，并邀请幼儿一起设置跳绳的规则。,11.96,0.0,0,43.181818,14.757576,60.0,30.555556,38.64697,eligible,过程简单,首末位摇摆,追问最理想或最不理想做法的判断为什么发生变化
教师16,sim_openid_016_686881,Q9,9,艾莎公主不运动,小班的一次户外运动，有几个女孩子从一开始就没有选择任何体育活动项目，而是聚在一起坐在地上玩“艾莎公主”的游戏，比一比谁的鞋子最漂亮，谁的魔法最厉害。,询问幼儿没有参与运动的原因，提供丰富的活动材料吸引幼儿参与运动活动。,提醒幼儿现在是运动时间，请他们等自由游戏时间再一起玩“艾莎公主”的游戏。,利用艾莎公主的鞋子设计走、跑、跳等活动，并以参与者的身份邀请幼儿一起参与运动。,肯定幼儿自主游戏的行为，言语引导幼儿穿着“漂亮的鞋子”参与运动。,24.918,24.918,9.577,15.341,3,3,1,2,0,4,0,0,0,A,A/C,教师A：询问幼儿没有参与运动的原因，提供丰富的活动材料吸引幼儿参与运动活动。,教师A：询问幼儿没有参与运动的原因，提供丰富的活动材料吸引幼儿参与运动活动。；教师C：利用艾莎公主的鞋子设计走、跑、跳等活动，并以参与者的身份邀请幼儿一起参与运动。,9.577,0.0,0,75.0,35.909091,80.0,36.555556,59.256061,eligible,过程中等,首反应异常；多次调整；首末位摇摆,请教师回忆读到情境后最先注意到什么、是否很快形成判断或感到难判断；追问最理想或最不理想做法的判断为什么发生变化
教师16,sim_openid_016_686881,Q10,10,引水难题未解,中班上学期，幼儿在“引水游戏”中遇到了难题——水无法被引到竹片管道上。他们不断调整竹片拼接的方式，却始终没能成功，即竹片一头高于出水管道，阻碍了引流。渐渐地幼儿的探索兴趣也减弱了，有的开始玩水，有的甚至离开了水池。,示范正确的引水方法，请幼儿注意观察并说说引水的要领，再自己试一试。,加入幼儿的探索，引导他们观察水流受阻的位置，一起尝试调整竹片的摆放方式。,组织幼儿就游戏困难进行讨论，寻找解决问题的方案，引导幼儿再次尝试。,投放更多辅助引水的材料，重新激起幼儿的探索兴趣，继续观察游戏进展。,25.586,25.586,10.011,15.575,4,4,2,2,1,5,0,0,0,D,A/B,教师D：投放更多辅助引水的材料，重新激起幼儿的探索兴趣，继续观察游戏进展。,教师A：示范正确的引水方法，请幼儿注意观察并说说引水的要领，再自己试一试。；教师B：加入幼儿的探索，引导他们观察水流受阻的位置，一起尝试调整竹片的摆放方式。,10.011,0.0,0,41.860465,46.945736,100.0,39.444444,63.372481,eligible,过程复杂,多次调整；首末位摇摆；优劣方向冲突,追问最理想或最不理想做法的判断为什么发生变化；追问是否曾把某做法从合适改判为不合适，或相反
教师17,sim_openid_017_558366,Q1,1,篮球架玩水,操场上新安装了一些篮球架，幼儿经常在这里投篮。某天户外活动时，几名幼儿带着画笔和水桶来到这里，他们先是快乐地粉刷篮球架，之后开始往篮框里灌水，有的从上面灌，有的在下面接，忙的不亦乐乎，俨然这里成为了玩水的场地。,看到幼儿玩得很开心，不干预他们的玩水行为，待兴趣减弱后再讨论玩水的适宜性。,表扬幼儿的新发现，并询问在篮球架旁玩水是否合适，提议幼儿可以换个地方玩水。,参与到幼儿的“粉刷”游戏中，逐步引导幼儿到适宜玩水的地方继续开展游戏。,提醒幼儿篮球架是用于开展运动的，与其他幼儿一起召唤他们打篮球，转移他们的关注点。,60.646,60.646,31.846,28.8,5,5,1,2,0,4,2,2,2,A,A/C,教师A：看到幼儿玩得很开心，不干预他们的玩水行为，待兴趣减弱后再讨论玩水的适宜性。,教师A：看到幼儿玩得很开心，不干预他们的玩水行为，待兴趣减弱后再讨论玩水的适宜性。；教师C：参与到幼儿的“粉刷”游戏中，逐步引导幼儿到适宜玩水的地方继续开展游戏。,31.846,0.0,0,97.560976,71.398374,80.0,81.555556,81.165041,eligible,过程复杂,首反应异常；高修正投入；多次调整；首末位摇摆；路径振荡,请教师回忆读到情境后最先注意到什么、是否很快形成判断或感到难判断；追问后续主要在比较哪些做法、为什么调整；追问最理想或最不理想做法的判断为什么发生变化；追问当时是否在几个判断标准之间反复权衡
教师17,sim_openid_017_558366,Q2,2,未参与小组建构,大班建构活动中，睿睿和其他幼儿计划一起搭积木大桥，他们讨论了搭建方法，并进入区域开始搭建。就在其他幼儿在认真搭建时，睿睿发现了一块长条木板，他一会儿在地上推着走，一会儿当枪使，没有再参与小组的搭建。,继续观察，后续分享中支持睿睿思考如何把长条木板融入小组的建构中。,肯定睿睿的创造性玩法，询问他长条板能否当桥面，引导他参与到搭桥任务中。,引导睿睿回顾计划，建议他先完成共同任务，长条木板可以等自由游戏时再玩。,看到睿睿玩得开心，暂不介入，等下一次活动时再提醒他根据计划开展游戏。,50.893,50.893,12.066,38.827,6,6,5,0,0,4,3,3,2,,B/C,,教师B：肯定睿睿的创造性玩法，询问他长条板能否当桥面，引导他参与到搭桥任务中。；教师C：引导睿睿回顾计划，建议他先完成共同任务，长条木板可以等自由游戏时再玩。,12.066,0.0,0,48.888889,78.444444,50.0,83.777778,63.377778,eligible,过程简单,高修正投入；多次调整；首末位摇摆；路径振荡,追问后续主要在比较哪些做法、为什么调整；追问最理想或最不理想做法的判断为什么发生变化；追问当时是否在几个判断标准之间反复权衡
教师17,sim_openid_017_558366,Q3,3,材料选择无层次,大班上学期，张老师在建构区投放了按图搭建的游戏材料，并提供了不同星级难度的任务卡供幼儿选择，但有的幼儿一上来就选择高难度的三星级任务卡，结果不能顺利完成任务；而有的幼儿始终选择低难度的一星级任务卡。这天，浩浩又连续选择了几张一星级任务卡，很快就完成了任务。,调整任务卡提供方式，在游戏开始前根据幼儿的能力水平有针对性地发放任务卡。,暂不介入，尊重幼儿的自主选择和游戏体验，只要完成任务就是一种经验积累。,调整任务卡呈现方式，如增加“我想挑战”等提示，鼓励幼儿选择不同星级的挑战。,和浩浩回顾已完成的任务，比较不同星级的难度，邀请他选择稍有挑战的任务。,54.654,54.654,24.662,29.992,7,7,3,5,1,6,2,2,2,A,C/D,教师A：调整任务卡提供方式，在游戏开始前根据幼儿的能力水平有针对性地发放任务卡。,教师C：调整任务卡呈现方式，如增加“我想挑战”等提示，鼓励幼儿选择不同星级的挑战。；教师D：和浩浩回顾已完成的任务，比较不同星级的难度，邀请他选择稍有挑战的任务。,24.662,0.0,0,48.888889,80.666667,100.0,88.666667,82.277778,eligible,过程复杂,高修正投入；多次调整；首末位摇摆；优劣方向冲突；路径振荡,追问后续主要在比较哪些做法、为什么调整；追问最理想或最不理想做法的判断为什么发生变化；追问是否曾把某做法从合适改判为不合适，或相反；追问当时是否在几个判断标准之间反复权衡
教师17,sim_openid_017_558366,Q4,4,频繁求助,中班区域活动时，小明选择了建构区。玩了一会儿，他跑到老师面前说“老师，我不会搭……帮帮我吧”，教师问他需要什么帮助时，他一边说我不会搭，一边却很快地将房子从一层积木加高到了两层。看小明专注搭建后，老师就离开建构区了。可是没一会，小明又找了老师好几次，说“老师，帮帮我吧，我不会搭”。,鼓励小明独立搭建，引导他思考接下来如何搭建，及时表扬他的努力。,先示范搭建关键部分，请小明观察方法，再鼓励他照着继续搭建。,在旁观察小明的搭建过程，并适时反馈，帮助他理清搭建步骤。,帮小明回顾已搭建完成的部分，指导他设定小目标，尝试自己实现。,25.447,25.447,,,0,0,0,0,0,1,0,0,0,,,,,25.447,0.0,0,0.0,23.333333,0.0,21.0,10.15,eligible,过程简单,过程相对平稳,追问教师当时主要依据什么形成排序
教师17,sim_openid_017_558366,Q5,5,消防员救火开心,近几天，中班的幼儿十分热衷于在区域游戏时间玩“消防员救火”的游戏。游戏结束后的交流活动中，老师问幼儿最想分享什么时，阳阳说“娃娃家着火了，好开心啊！”。,抓住教育契机，向幼儿耐心解释真实的火灾会造成物品损失和人员伤亡。,询问幼儿开心的是“着火”本身，还是消防员成功救火、娃娃家的人得救？,引导幼儿思考“娃娃家着火”值不值得开心，帮助他们认识真实火灾是危险的。,请阳阳讲讲娃娃家着火后发生了什么、为什么开心，借此理解幼儿的游戏体验。,70.695,70.695,27.109,43.586,7,7,5,2,0,8,0,0,0,A,A/B,教师A：抓住教育契机，向幼儿耐心解释真实的火灾会造成物品损失和人员伤亡。,教师A：抓住教育契机，向幼儿耐心解释真实的火灾会造成物品损失和人员伤亡。；教师B：询问幼儿开心的是“着火”本身，还是消防员成功救火、娃娃家的人得救？,27.109,0.0,0,74.418605,89.674419,100.0,42.666667,83.186047,eligible,过程复杂,首反应异常；高修正投入；多次调整；首末位摇摆,请教师回忆读到情境后最先注意到什么、是否很快形成判断或感到难判断；追问后续主要在比较哪些做法、为什么调整；追问最理想或最不理想做法的判断为什么发生变化
教师17,sim_openid_017_558366,Q6,6,区域停留短,小班幼儿瑶瑶在区域活动时，一会儿在娃娃家切切菜，一会儿到美工区搓搓橡皮泥，一会儿又开心地跑到其它区域游戏，在任何一个区域停留时间都不超过三分钟。,提议瑶瑶完成某项游戏任务，如在娃娃家做菜，请他活动小结时分享。,游戏前提醒区域活动规则，活动结束后表扬区域游戏规则遵守得好的小朋友。,仔细观察瑶瑶在不同区域的游戏情况，分析他发生迅速转移的原因。,以同伴的身份陪伴瑶瑶在某一区域游戏，待他专注游戏后再离开。,42.151,42.151,,,0,0,0,0,0,1,0,0,0,,,,,42.151,0.0,0,0.0,21.333333,0.0,20.888889,9.533333,eligible,过程简单,过程相对平稳,追问教师当时主要依据什么形成排序
教师17,sim_openid_017_558366,Q7,7,飞行棋各走各的,大班区域游戏中，轩轩和小宇一起玩飞行棋，他们将棋子摆好后，各自拿了一个骰子开始投，小宇说：“该我走。”轩轩说：“明明该我走！”相持不下，于是两人各拿一个骰子，自顾自地走自己的棋。,耐心讲解共同游戏的规则，再以“棋手”身份加入游戏进行示范引导。,暂不介入，继续观察游戏进展，待区域小结时请幼儿分享游戏中的体验和问题。,拿走一个骰子，请幼儿商量只有一个骰子的共同游戏规则，达成一致后再开始游戏。,待幼儿体验一轮各走各的游戏后，询问幼儿的游戏体验，提示共同游戏规则的作用。,34.516,34.516,12.947,21.569,4,4,2,3,1,5,0,0,0,A,C/D,教师A：耐心讲解共同游戏的规则，再以“棋手”身份加入游戏进行示范引导。,教师C：拿走一个骰子，请幼儿商量只有一个骰子的共同游戏规则，达成一致后再开始游戏。；教师D：待幼儿体验一轮各走各的游戏后，询问幼儿的游戏体验，提示共同游戏规则的作用。,12.947,0.0,0,37.209302,55.984496,100.0,38.888889,65.070543,eligible,过程中等,多次调整；首末位摇摆；优劣方向冲突,追问最理想或最不理想做法的判断为什么发生变化；追问是否曾把某做法从合适改判为不合适，或相反
教师17,sim_openid_017_558366,Q8,8,跳绳秩序混乱,周三下午，大五班的幼儿正自发进行跳绳游戏。李老师观察后发现，挤在一起跳绳的幼儿人数较多，整个场面十分混乱，幼儿很容易出现碰撞现象。此外，由于当“柱子”的幼儿很久才能轮上跳绳，因此也显得很不耐烦。,请幼儿暂停游戏，将幼儿分成多个小组并引导他们以小组为单位分区域开展游戏。,请幼儿说一说跳绳活动中存在的问题，并邀请幼儿一起设置跳绳的规则。,提供更多数量和不同种类的跳绳，并言语引导幼儿分组分区同时进行跳绳游戏。,暂不介入，活动分享时通过照片或视频回放引导幼儿发现问题并商议解决办法。,46.858,46.858,31.202,15.656,2,2,1,1,1,3,0,0,0,D,A/B,教师D：暂不介入，活动分享时通过照片或视频回放引导幼儿发现问题并商议解决办法。,教师A：请幼儿暂停游戏，将幼儿分成多个小组并引导他们以小组为单位分区域开展游戏。；教师B：请幼儿说一说跳绳活动中存在的问题，并邀请幼儿一起设置跳绳的规则。,31.202,0.0,0,93.181818,30.212121,90.0,30.555556,63.783333,eligible,过程中等,首反应异常；首末位摇摆；优劣方向冲突,请教师回忆读到情境后最先注意到什么、是否很快形成判断或感到难判断；追问最理想或最不理想做法的判断为什么发生变化；追问是否曾把某做法从合适改判为不合适，或相反
教师17,sim_openid_017_558366,Q9,9,艾莎公主不运动,小班的一次户外运动，有几个女孩子从一开始就没有选择任何体育活动项目，而是聚在一起坐在地上玩“艾莎公主”的游戏，比一比谁的鞋子最漂亮，谁的魔法最厉害。,询问幼儿没有参与运动的原因，提供丰富的活动材料吸引幼儿参与运动活动。,提醒幼儿现在是运动时间，请他们等自由游戏时间再一起玩“艾莎公主”的游戏。,利用艾莎公主的鞋子设计走、跑、跳等活动，并以参与者的身份邀请幼儿一起参与运动。,肯定幼儿自主游戏的行为，言语引导幼儿穿着“漂亮的鞋子”参与运动。,57.64,57.64,35.51,22.13,3,3,2,1,0,4,0,0,0,A,A/B,教师A：询问幼儿没有参与运动的原因，提供丰富的活动材料吸引幼儿参与运动活动。,教师A：询问幼儿没有参与运动的原因，提供丰富的活动材料吸引幼儿参与运动活动。；教师B：提醒幼儿现在是运动时间，请他们等自由游戏时间再一起玩“艾莎公主”的游戏。,35.51,0.0,0,88.636364,43.181818,80.0,36.555556,64.165152,eligible,过程中等,首反应异常；多次调整；首末位摇摆,请教师回忆读到情境后最先注意到什么、是否很快形成判断或感到难判断；追问最理想或最不理想做法的判断为什么发生变化
教师17,sim_openid_017_558366,Q10,10,引水难题未解,中班上学期，幼儿在“引水游戏”中遇到了难题——水无法被引到竹片管道上。他们不断调整竹片拼接的方式，却始终没能成功，即竹片一头高于出水管道，阻碍了引流。渐渐地幼儿的探索兴趣也减弱了，有的开始玩水，有的甚至离开了水池。,示范正确的引水方法，请幼儿注意观察并说说引水的要领，再自己试一试。,加入幼儿的探索，引导他们观察水流受阻的位置，一起尝试调整竹片的摆放方式。,组织幼儿就游戏困难进行讨论，寻找解决问题的方案，引导幼儿再次尝试。,投放更多辅助引水的材料，重新激起幼儿的探索兴趣，继续观察游戏进展。,66.639,66.639,23.203,43.436,8,8,2,4,0,7,2,2,0,B,B/D,教师B：加入幼儿的探索，引导他们观察水流受阻的位置，一起尝试调整竹片的摆放方式。,教师B：加入幼儿的探索，引导他们观察水流受阻的位置，一起尝试调整竹片的摆放方式。；教师D：投放更多辅助引水的材料，重新激起幼儿的探索兴趣，继续观察游戏进展。,23.203,0.0,0,69.767442,98.868217,100.0,75.0,89.863953,eligible,过程复杂,首反应异常；高修正投入；多次调整；首末位摇摆；路径振荡,请教师回忆读到情境后最先注意到什么、是否很快形成判断或感到难判断；追问后续主要在比较哪些做法、为什么调整；追问最理想或最不理想做法的判断为什么发生变化；追问当时是否在几个判断标准之间反复权衡
教师18,sim_openid_018_547359,Q1,1,篮球架玩水,操场上新安装了一些篮球架，幼儿经常在这里投篮。某天户外活动时，几名幼儿带着画笔和水桶来到这里，他们先是快乐地粉刷篮球架，之后开始往篮框里灌水，有的从上面灌，有的在下面接，忙的不亦乐乎，俨然这里成为了玩水的场地。,看到幼儿玩得很开心，不干预他们的玩水行为，待兴趣减弱后再讨论玩水的适宜性。,表扬幼儿的新发现，并询问在篮球架旁玩水是否合适，提议幼儿可以换个地方玩水。,参与到幼儿的“粉刷”游戏中，逐步引导幼儿到适宜玩水的地方继续开展游戏。,提醒幼儿篮球架是用于开展运动的，与其他幼儿一起召唤他们打篮球，转移他们的关注点。,52.491,52.491,16.848,35.643,5,5,0,5,0,2,4,4,4,C,C/D,教师C：参与到幼儿的“粉刷”游戏中，逐步引导幼儿到适宜玩水的地方继续开展游戏。,教师C：参与到幼儿的“粉刷”游戏中，逐步引导幼儿到适宜玩水的地方继续开展游戏。；教师D：提醒幼儿篮球架是用于开展运动的，与其他幼儿一起召唤他们打篮球，转移他们的关注点。,16.848,0.0,0,19.512195,76.276423,50.0,81.0,56.435366,eligible,过程简单,高修正投入；多次调整；首末位摇摆；路径振荡,追问后续主要在比较哪些做法、为什么调整；追问最理想或最不理想做法的判断为什么发生变化；追问当时是否在几个判断标准之间反复权衡
教师18,sim_openid_018_547359,Q2,2,未参与小组建构,大班建构活动中，睿睿和其他幼儿计划一起搭积木大桥，他们讨论了搭建方法，并进入区域开始搭建。就在其他幼儿在认真搭建时，睿睿发现了一块长条木板，他一会儿在地上推着走，一会儿当枪使，没有再参与小组的搭建。,继续观察，后续分享中支持睿睿思考如何把长条木板融入小组的建构中。,肯定睿睿的创造性玩法，询问他长条板能否当桥面，引导他参与到搭桥任务中。,引导睿睿回顾计划，建议他先完成共同任务，长条木板可以等自由游戏时再玩。,看到睿睿玩得开心，暂不介入，等下一次活动时再提醒他根据计划开展游戏。,75.935,75.935,36.272,39.663,7,7,1,4,0,4,4,4,1,A,A/C,教师A：继续观察，后续分享中支持睿睿思考如何把长条木板融入小组的建构中。,教师A：继续观察，后续分享中支持睿睿思考如何把长条木板融入小组的建构中。；教师C：引导睿睿回顾计划，建议他先完成共同任务，长条木板可以等自由游戏时再玩。,36.272,0.0,0,84.444444,89.333333,80.0,81.555556,83.922222,eligible,过程复杂,首反应异常；高修正投入；多次调整；首末位摇摆；路径振荡,请教师回忆读到情境后最先注意到什么、是否很快形成判断或感到难判断；追问后续主要在比较哪些做法、为什么调整；追问最理想或最不理想做法的判断为什么发生变化；追问当时是否在几个判断标准之间反复权衡
教师18,sim_openid_018_547359,Q3,3,材料选择无层次,大班上学期，张老师在建构区投放了按图搭建的游戏材料，并提供了不同星级难度的任务卡供幼儿选择，但有的幼儿一上来就选择高难度的三星级任务卡，结果不能顺利完成任务；而有的幼儿始终选择低难度的一星级任务卡。这天，浩浩又连续选择了几张一星级任务卡，很快就完成了任务。,调整任务卡提供方式，在游戏开始前根据幼儿的能力水平有针对性地发放任务卡。,暂不介入，尊重幼儿的自主选择和游戏体验，只要完成任务就是一种经验积累。,调整任务卡呈现方式，如增加“我想挑战”等提示，鼓励幼儿选择不同星级的挑战。,和浩浩回顾已完成的任务，比较不同星级的难度，邀请他选择稍有挑战的任务。,82.283,82.283,44.477,37.806,7,7,3,3,1,7,1,1,0,A,B/C,教师A：调整任务卡提供方式，在游戏开始前根据幼儿的能力水平有针对性地发放任务卡。,教师B：暂不介入，尊重幼儿的自主选择和游戏体验，只要完成任务就是一种经验积累。；教师C：调整任务卡呈现方式，如增加“我想挑战”等提示，鼓励幼儿选择不同星级的挑战。,44.477,0.0,0,97.777778,89.555556,100.0,65.222222,91.205556,eligible,过程复杂,首反应异常；高修正投入；多次调整；首末位摇摆；优劣方向冲突；路径振荡,请教师回忆读到情境后最先注意到什么、是否很快形成判断或感到难判断；追问后续主要在比较哪些做法、为什么调整；追问最理想或最不理想做法的判断为什么发生变化；追问是否曾把某做法从合适改判为不合适，或相反；追问当时是否在几个判断标准之间反复权衡
教师18,sim_openid_018_547359,Q4,4,频繁求助,中班区域活动时，小明选择了建构区。玩了一会儿，他跑到老师面前说“老师，我不会搭……帮帮我吧”，教师问他需要什么帮助时，他一边说我不会搭，一边却很快地将房子从一层积木加高到了两层。看小明专注搭建后，老师就离开建构区了。可是没一会，小明又找了老师好几次，说“老师，帮帮我吧，我不会搭”。,鼓励小明独立搭建，引导他思考接下来如何搭建，及时表扬他的努力。,先示范搭建关键部分，请小明观察方法，再鼓励他照着继续搭建。,在旁观察小明的搭建过程，并适时反馈，帮助他理清搭建步骤。,帮小明回顾已搭建完成的部分，指导他设定小目标，尝试自己实现。,85.858,85.858,40.411,45.447,6,6,2,5,2,5,2,2,1,B,B/C,教师B：先示范搭建关键部分，请小明观察方法，再鼓励他照着继续搭建。,教师B：先示范搭建关键部分，请小明观察方法，再鼓励他照着继续搭建。；教师C：在旁观察小明的搭建过程，并适时反馈，帮助他理清搭建步骤。,40.411,0.0,0,97.5,90.5,100.0,83.222222,94.133333,eligible,过程复杂,首反应异常；高修正投入；多次调整；首末位摇摆；优劣方向冲突；路径振荡,请教师回忆读到情境后最先注意到什么、是否很快形成判断或感到难判断；追问后续主要在比较哪些做法、为什么调整；追问最理想或最不理想做法的判断为什么发生变化；追问是否曾把某做法从合适改判为不合适，或相反；追问当时是否在几个判断标准之间反复权衡
教师18,sim_openid_018_547359,Q5,5,消防员救火开心,近几天，中班的幼儿十分热衷于在区域游戏时间玩“消防员救火”的游戏。游戏结束后的交流活动中，老师问幼儿最想分享什么时，阳阳说“娃娃家着火了，好开心啊！”。,抓住教育契机，向幼儿耐心解释真实的火灾会造成物品损失和人员伤亡。,询问幼儿开心的是“着火”本身，还是消防员成功救火、娃娃家的人得救？,引导幼儿思考“娃娃家着火”值不值得开心，帮助他们认识真实火灾是危险的。,请阳阳讲讲娃娃家着火后发生了什么、为什么开心，借此理解幼儿的游戏体验。,37.708,37.708,12.468,25.24,5,5,1,2,0,5,1,1,1,A,A/B,教师A：抓住教育契机，向幼儿耐心解释真实的火灾会造成物品损失和人员伤亡。,教师A：抓住教育契机，向幼儿耐心解释真实的火灾会造成物品损失和人员伤亡。；教师B：询问幼儿开心的是“着火”本身，还是消防员成功救火、娃娃家的人得救？,12.468,0.0,0,55.813953,74.635659,80.0,71.444444,72.270155,eligible,过程复杂,高修正投入；多次调整；首末位摇摆；路径振荡,追问后续主要在比较哪些做法、为什么调整；追问最理想或最不理想做法的判断为什么发生变化；追问当时是否在几个判断标准之间反复权衡
教师18,sim_openid_018_547359,Q6,6,区域停留短,小班幼儿瑶瑶在区域活动时，一会儿在娃娃家切切菜，一会儿到美工区搓搓橡皮泥，一会儿又开心地跑到其它区域游戏，在任何一个区域停留时间都不超过三分钟。,提议瑶瑶完成某项游戏任务，如在娃娃家做菜，请他活动小结时分享。,游戏前提醒区域活动规则，活动结束后表扬区域游戏规则遵守得好的小朋友。,仔细观察瑶瑶在不同区域的游戏情况，分析他发生迅速转移的原因。,以同伴的身份陪伴瑶瑶在某一区域游戏，待他专注游戏后再离开。,60.307,60.307,36.067,24.24,4,4,3,0,0,3,2,2,1,A,A/B,教师A：提议瑶瑶完成某项游戏任务，如在娃娃家做菜，请他活动小结时分享。,教师A：提议瑶瑶完成某项游戏任务，如在娃娃家做菜，请他活动小结时分享。；教师B：游戏前提醒区域活动规则，活动结束后表扬区域游戏规则遵守得好的小朋友。,36.067,0.0,0,88.372093,58.108527,50.0,73.333333,63.606977,eligible,过程简单,首反应异常；多次调整；首末位摇摆；路径振荡,请教师回忆读到情境后最先注意到什么、是否很快形成判断或感到难判断；追问最理想或最不理想做法的判断为什么发生变化；追问当时是否在几个判断标准之间反复权衡
教师18,sim_openid_018_547359,Q7,7,飞行棋各走各的,大班区域游戏中，轩轩和小宇一起玩飞行棋，他们将棋子摆好后，各自拿了一个骰子开始投，小宇说：“该我走。”轩轩说：“明明该我走！”相持不下，于是两人各拿一个骰子，自顾自地走自己的棋。,耐心讲解共同游戏的规则，再以“棋手”身份加入游戏进行示范引导。,暂不介入，继续观察游戏进展，待区域小结时请幼儿分享游戏中的体验和问题。,拿走一个骰子，请幼儿商量只有一个骰子的共同游戏规则，达成一致后再开始游戏。,待幼儿体验一轮各走各的游戏后，询问幼儿的游戏体验，提示共同游戏规则的作用。,59.408,59.408,13.218,46.19,7,7,5,3,1,6,2,2,0,B,A/C,教师B：暂不介入，继续观察游戏进展，待区域小结时请幼儿分享游戏中的体验和问题。,教师A：耐心讲解共同游戏的规则，再以“棋手”身份加入游戏进行示范引导。；教师C：拿走一个骰子，请幼儿商量只有一个骰子的共同游戏规则，达成一致后再开始游戏。,13.218,0.0,0,27.906977,92.868217,100.0,71.444444,79.158527,eligible,过程复杂,高修正投入；多次调整；首末位摇摆；优劣方向冲突；路径振荡,追问后续主要在比较哪些做法、为什么调整；追问最理想或最不理想做法的判断为什么发生变化；追问是否曾把某做法从合适改判为不合适，或相反；追问当时是否在几个判断标准之间反复权衡
教师18,sim_openid_018_547359,Q8,8,跳绳秩序混乱,周三下午，大五班的幼儿正自发进行跳绳游戏。李老师观察后发现，挤在一起跳绳的幼儿人数较多，整个场面十分混乱，幼儿很容易出现碰撞现象。此外，由于当“柱子”的幼儿很久才能轮上跳绳，因此也显得很不耐烦。,请幼儿暂停游戏，将幼儿分成多个小组并引导他们以小组为单位分区域开展游戏。,请幼儿说一说跳绳活动中存在的问题，并邀请幼儿一起设置跳绳的规则。,提供更多数量和不同种类的跳绳，并言语引导幼儿分组分区同时进行跳绳游戏。,暂不介入，活动分享时通过照片或视频回放引导幼儿发现问题并商议解决办法。,69.653,69.653,12.549,57.104,9,9,4,5,1,9,1,1,0,A,B/C,教师A：请幼儿暂停游戏，将幼儿分成多个小组并引导他们以小组为单位分区域开展游戏。,教师B：请幼儿说一说跳绳活动中存在的问题，并邀请幼儿一起设置跳绳的规则。；教师C：提供更多数量和不同种类的跳绳，并言语引导幼儿分组分区同时进行跳绳游戏。,12.549,0.0,0,34.090909,98.878788,100.0,67.0,81.531818,eligible,过程复杂,高修正投入；多次调整；首末位摇摆；优劣方向冲突；路径振荡,追问后续主要在比较哪些做法、为什么调整；追问最理想或最不理想做法的判断为什么发生变化；追问是否曾把某做法从合适改判为不合适，或相反；追问当时是否在几个判断标准之间反复权衡
教师18,sim_openid_018_547359,Q9,9,艾莎公主不运动,小班的一次户外运动，有几个女孩子从一开始就没有选择任何体育活动项目，而是聚在一起坐在地上玩“艾莎公主”的游戏，比一比谁的鞋子最漂亮，谁的魔法最厉害。,询问幼儿没有参与运动的原因，提供丰富的活动材料吸引幼儿参与运动活动。,提醒幼儿现在是运动时间，请他们等自由游戏时间再一起玩“艾莎公主”的游戏。,利用艾莎公主的鞋子设计走、跑、跳等活动，并以参与者的身份邀请幼儿一起参与运动。,肯定幼儿自主游戏的行为，言语引导幼儿穿着“漂亮的鞋子”参与运动。,75.189,75.189,38.341,36.848,6,6,4,2,1,7,0,0,0,B,A/D,教师B：提醒幼儿现在是运动时间，请他们等自由游戏时间再一起玩“艾莎公主”的游戏。,教师A：询问幼儿没有参与运动的原因，提供丰富的活动材料吸引幼儿参与运动活动。；教师D：肯定幼儿自主游戏的行为，言语引导幼儿穿着“漂亮的鞋子”参与运动。,38.341,0.0,0,97.727273,80.333333,100.0,46.333333,85.595455,eligible,过程复杂,首反应异常；高修正投入；多次调整；首末位摇摆；优劣方向冲突,请教师回忆读到情境后最先注意到什么、是否很快形成判断或感到难判断；追问后续主要在比较哪些做法、为什么调整；追问最理想或最不理想做法的判断为什么发生变化；追问是否曾把某做法从合适改判为不合适，或相反
教师18,sim_openid_018_547359,Q10,10,引水难题未解,中班上学期，幼儿在“引水游戏”中遇到了难题——水无法被引到竹片管道上。他们不断调整竹片拼接的方式，却始终没能成功，即竹片一头高于出水管道，阻碍了引流。渐渐地幼儿的探索兴趣也减弱了，有的开始玩水，有的甚至离开了水池。,示范正确的引水方法，请幼儿注意观察并说说引水的要领，再自己试一试。,加入幼儿的探索，引导他们观察水流受阻的位置，一起尝试调整竹片的摆放方式。,组织幼儿就游戏困难进行讨论，寻找解决问题的方案，引导幼儿再次尝试。,投放更多辅助引水的材料，重新激起幼儿的探索兴趣，继续观察游戏进展。,37.653,37.653,,,0,0,0,0,0,1,0,0,0,,,,,37.653,0.0,0,0.0,21.333333,0.0,26.555556,10.383333,eligible,过程简单,过程相对平稳,追问教师当时主要依据什么形成排序
教师19,sim_openid_019_623976,Q1,1,篮球架玩水,操场上新安装了一些篮球架，幼儿经常在这里投篮。某天户外活动时，几名幼儿带着画笔和水桶来到这里，他们先是快乐地粉刷篮球架，之后开始往篮框里灌水，有的从上面灌，有的在下面接，忙的不亦乐乎，俨然这里成为了玩水的场地。,看到幼儿玩得很开心，不干预他们的玩水行为，待兴趣减弱后再讨论玩水的适宜性。,表扬幼儿的新发现，并询问在篮球架旁玩水是否合适，提议幼儿可以换个地方玩水。,参与到幼儿的“粉刷”游戏中，逐步引导幼儿到适宜玩水的地方继续开展游戏。,提醒幼儿篮球架是用于开展运动的，与其他幼儿一起召唤他们打篮球，转移他们的关注点。,44.95,44.95,8.875,36.075,7,7,1,4,0,4,4,4,0,A,A/C,教师A：看到幼儿玩得很开心，不干预他们的玩水行为，待兴趣减弱后再讨论玩水的适宜性。,教师A：看到幼儿玩得很开心，不干预他们的玩水行为，待兴趣减弱后再讨论玩水的适宜性。；教师C：参与到幼儿的“粉刷”游戏中，逐步引导幼儿到适宜玩水的地方继续开展游戏。,8.875,0.0,0,68.292683,92.196477,80.0,69.777778,79.784146,eligible,过程复杂,首反应异常；高修正投入；多次调整；首末位摇摆；路径振荡,请教师回忆读到情境后最先注意到什么、是否很快形成判断或感到难判断；追问后续主要在比较哪些做法、为什么调整；追问最理想或最不理想做法的判断为什么发生变化；追问当时是否在几个判断标准之间反复权衡
教师19,sim_openid_019_623976,Q2,2,未参与小组建构,大班建构活动中，睿睿和其他幼儿计划一起搭积木大桥，他们讨论了搭建方法，并进入区域开始搭建。就在其他幼儿在认真搭建时，睿睿发现了一块长条木板，他一会儿在地上推着走，一会儿当枪使，没有再参与小组的搭建。,继续观察，后续分享中支持睿睿思考如何把长条木板融入小组的建构中。,肯定睿睿的创造性玩法，询问他长条板能否当桥面，引导他参与到搭桥任务中。,引导睿睿回顾计划，建议他先完成共同任务，长条木板可以等自由游戏时再玩。,看到睿睿玩得开心，暂不介入，等下一次活动时再提醒他根据计划开展游戏。,47.204,47.204,14.223,32.981,6,6,2,4,1,5,2,2,0,B,B/C,教师B：肯定睿睿的创造性玩法，询问他长条板能否当桥面，引导他参与到搭桥任务中。,教师B：肯定睿睿的创造性玩法，询问他长条板能否当桥面，引导他参与到搭桥任务中。；教师C：引导睿睿回顾计划，建议他先完成共同任务，长条木板可以等自由游戏时再玩。,14.223,0.0,0,22.222222,74.888889,100.0,66.0,71.811111,eligible,过程复杂,高修正投入；多次调整；首末位摇摆；优劣方向冲突；路径振荡,追问后续主要在比较哪些做法、为什么调整；追问最理想或最不理想做法的判断为什么发生变化；追问是否曾把某做法从合适改判为不合适，或相反；追问当时是否在几个判断标准之间反复权衡
教师19,sim_openid_019_623976,Q3,3,材料选择无层次,大班上学期，张老师在建构区投放了按图搭建的游戏材料，并提供了不同星级难度的任务卡供幼儿选择，但有的幼儿一上来就选择高难度的三星级任务卡，结果不能顺利完成任务；而有的幼儿始终选择低难度的一星级任务卡。这天，浩浩又连续选择了几张一星级任务卡，很快就完成了任务。,调整任务卡提供方式，在游戏开始前根据幼儿的能力水平有针对性地发放任务卡。,暂不介入，尊重幼儿的自主选择和游戏体验，只要完成任务就是一种经验积累。,调整任务卡呈现方式，如增加“我想挑战”等提示，鼓励幼儿选择不同星级的挑战。,和浩浩回顾已完成的任务，比较不同星级的难度，邀请他选择稍有挑战的任务。,51.628,51.628,13.921,37.707,6,6,4,2,1,6,1,1,0,D,A/B,教师D：和浩浩回顾已完成的任务，比较不同星级的难度，邀请他选择稍有挑战的任务。,教师A：调整任务卡提供方式，在游戏开始前根据幼儿的能力水平有针对性地发放任务卡。；教师B：暂不介入，尊重幼儿的自主选择和游戏体验，只要完成任务就是一种经验积累。,13.921,0.0,0,26.666667,82.0,100.0,63.0,74.383333,eligible,过程复杂,高修正投入；多次调整；首末位摇摆；优劣方向冲突；路径振荡,追问后续主要在比较哪些做法、为什么调整；追问最理想或最不理想做法的判断为什么发生变化；追问是否曾把某做法从合适改判为不合适，或相反；追问当时是否在几个判断标准之间反复权衡
教师19,sim_openid_019_623976,Q4,4,频繁求助,中班区域活动时，小明选择了建构区。玩了一会儿，他跑到老师面前说“老师，我不会搭……帮帮我吧”，教师问他需要什么帮助时，他一边说我不会搭，一边却很快地将房子从一层积木加高到了两层。看小明专注搭建后，老师就离开建构区了。可是没一会，小明又找了老师好几次，说“老师，帮帮我吧，我不会搭”。,鼓励小明独立搭建，引导他思考接下来如何搭建，及时表扬他的努力。,先示范搭建关键部分，请小明观察方法，再鼓励他照着继续搭建。,在旁观察小明的搭建过程，并适时反馈，帮助他理清搭建步骤。,帮小明回顾已搭建完成的部分，指导他设定小目标，尝试自己实现。,51.338,51.338,26.702,24.636,5,5,2,1,0,4,2,2,0,B,C/D,教师B：先示范搭建关键部分，请小明观察方法，再鼓励他照着继续搭建。,教师C：在旁观察小明的搭建过程，并适时反馈，帮助他理清搭建步骤。；教师D：帮小明回顾已搭建完成的部分，指导他设定小目标，尝试自己实现。,26.702,0.0,0,72.5,72.833333,80.0,64.0,73.95,eligible,过程复杂,首反应异常；高修正投入；多次调整；首末位摇摆；路径振荡,请教师回忆读到情境后最先注意到什么、是否很快形成判断或感到难判断；追问后续主要在比较哪些做法、为什么调整；追问最理想或最不理想做法的判断为什么发生变化；追问当时是否在几个判断标准之间反复权衡
教师19,sim_openid_019_623976,Q5,5,消防员救火开心,近几天，中班的幼儿十分热衷于在区域游戏时间玩“消防员救火”的游戏。游戏结束后的交流活动中，老师问幼儿最想分享什么时，阳阳说“娃娃家着火了，好开心啊！”。,抓住教育契机，向幼儿耐心解释真实的火灾会造成物品损失和人员伤亡。,询问幼儿开心的是“着火”本身，还是消防员成功救火、娃娃家的人得救？,引导幼儿思考“娃娃家着火”值不值得开心，帮助他们认识真实火灾是危险的。,请阳阳讲讲娃娃家着火后发生了什么、为什么开心，借此理解幼儿的游戏体验。,53.67,53.67,16.333,37.337,8,8,6,1,1,7,2,2,2,A,B/C,教师A：抓住教育契机，向幼儿耐心解释真实的火灾会造成物品损失和人员伤亡。,教师B：询问幼儿开心的是“着火”本身，还是消防员成功救火、娃娃家的人得救？；教师C：引导幼儿思考“娃娃家着火”值不值得开心，帮助他们认识真实火灾是危险的。,16.333,0.0,0,18.604651,91.813953,100.0,91.111111,79.931783,eligible,过程复杂,高修正投入；多次调整；首末位摇摆；优劣方向冲突；路径振荡,追问后续主要在比较哪些做法、为什么调整；追问最理想或最不理想做法的判断为什么发生变化；追问是否曾把某做法从合适改判为不合适，或相反；追问当时是否在几个判断标准之间反复权衡
教师19,sim_openid_019_623976,Q6,6,区域停留短,小班幼儿瑶瑶在区域活动时，一会儿在娃娃家切切菜，一会儿到美工区搓搓橡皮泥，一会儿又开心地跑到其它区域游戏，在任何一个区域停留时间都不超过三分钟。,提议瑶瑶完成某项游戏任务，如在娃娃家做菜，请他活动小结时分享。,游戏前提醒区域活动规则，活动结束后表扬区域游戏规则遵守得好的小朋友。,仔细观察瑶瑶在不同区域的游戏情况，分析他发生迅速转移的原因。,以同伴的身份陪伴瑶瑶在某一区域游戏，待他专注游戏后再离开。,23.145,23.145,7.481,15.664,3,3,2,2,1,3,1,1,0,,B/C,,教师B：游戏前提醒区域活动规则，活动结束后表扬区域游戏规则遵守得好的小朋友。；教师C：仔细观察瑶瑶在不同区域的游戏情况，分析他发生迅速转移的原因。,7.481,0.0,0,97.674419,30.294574,100.0,45.444444,70.439922,eligible,过程复杂,首反应异常；多次调整；首末位摇摆；优劣方向冲突,请教师回忆读到情境后最先注意到什么、是否很快形成判断或感到难判断；追问最理想或最不理想做法的判断为什么发生变化；追问是否曾把某做法从合适改判为不合适，或相反
教师19,sim_openid_019_623976,Q7,7,飞行棋各走各的,大班区域游戏中，轩轩和小宇一起玩飞行棋，他们将棋子摆好后，各自拿了一个骰子开始投，小宇说：“该我走。”轩轩说：“明明该我走！”相持不下，于是两人各拿一个骰子，自顾自地走自己的棋。,耐心讲解共同游戏的规则，再以“棋手”身份加入游戏进行示范引导。,暂不介入，继续观察游戏进展，待区域小结时请幼儿分享游戏中的体验和问题。,拿走一个骰子，请幼儿商量只有一个骰子的共同游戏规则，达成一致后再开始游戏。,待幼儿体验一轮各走各的游戏后，询问幼儿的游戏体验，提示共同游戏规则的作用。,26.564,26.564,9.683,16.881,4,4,1,1,0,5,0,0,0,D,A/C,教师D：待幼儿体验一轮各走各的游戏后，询问幼儿的游戏体验，提示共同游戏规则的作用。,教师A：耐心讲解共同游戏的规则，再以“棋手”身份加入游戏进行示范引导。；教师C：拿走一个骰子，请幼儿商量只有一个骰子的共同游戏规则，达成一致后再开始游戏。,9.683,0.0,0,65.116279,46.682171,60.0,38.888889,53.86124,eligible,过程简单,首反应异常；多次调整；首末位摇摆,请教师回忆读到情境后最先注意到什么、是否很快形成判断或感到难判断；追问最理想或最不理想做法的判断为什么发生变化
教师19,sim_openid_019_623976,Q8,8,跳绳秩序混乱,周三下午，大五班的幼儿正自发进行跳绳游戏。李老师观察后发现，挤在一起跳绳的幼儿人数较多，整个场面十分混乱，幼儿很容易出现碰撞现象。此外，由于当“柱子”的幼儿很久才能轮上跳绳，因此也显得很不耐烦。,请幼儿暂停游戏，将幼儿分成多个小组并引导他们以小组为单位分区域开展游戏。,请幼儿说一说跳绳活动中存在的问题，并邀请幼儿一起设置跳绳的规则。,提供更多数量和不同种类的跳绳，并言语引导幼儿分组分区同时进行跳绳游戏。,暂不介入，活动分享时通过照片或视频回放引导幼儿发现问题并商议解决办法。,63.686,63.686,27.544,36.142,7,7,2,5,1,7,1,1,0,,B/D,,教师B：请幼儿说一说跳绳活动中存在的问题，并邀请幼儿一起设置跳绳的规则。；教师D：暂不介入，活动分享时通过照片或视频回放引导幼儿发现问题并商议解决办法。,27.544,0.0,0,84.090909,90.151515,100.0,65.666667,88.713636,eligible,过程复杂,首反应异常；高修正投入；多次调整；首末位摇摆；优劣方向冲突；路径振荡,请教师回忆读到情境后最先注意到什么、是否很快形成判断或感到难判断；追问后续主要在比较哪些做法、为什么调整；追问最理想或最不理想做法的判断为什么发生变化；追问是否曾把某做法从合适改判为不合适，或相反；追问当时是否在几个判断标准之间反复权衡
教师19,sim_openid_019_623976,Q9,9,艾莎公主不运动,小班的一次户外运动，有几个女孩子从一开始就没有选择任何体育活动项目，而是聚在一起坐在地上玩“艾莎公主”的游戏，比一比谁的鞋子最漂亮，谁的魔法最厉害。,询问幼儿没有参与运动的原因，提供丰富的活动材料吸引幼儿参与运动活动。,提醒幼儿现在是运动时间，请他们等自由游戏时间再一起玩“艾莎公主”的游戏。,利用艾莎公主的鞋子设计走、跑、跳等活动，并以参与者的身份邀请幼儿一起参与运动。,肯定幼儿自主游戏的行为，言语引导幼儿穿着“漂亮的鞋子”参与运动。,59.583,59.583,29.481,30.102,8,8,3,5,2,7,2,2,0,B,B/D,教师B：提醒幼儿现在是运动时间，请他们等自由游戏时间再一起玩“艾莎公主”的游戏。,教师B：提醒幼儿现在是运动时间，请他们等自由游戏时间再一起玩“艾莎公主”的游戏。；教师D：肯定幼儿自主游戏的行为，言语引导幼儿穿着“漂亮的鞋子”参与运动。,29.481,0.0,0,79.545455,86.732323,100.0,75.777778,88.295455,eligible,过程复杂,首反应异常；高修正投入；多次调整；首末位摇摆；优劣方向冲突；路径振荡,请教师回忆读到情境后最先注意到什么、是否很快形成判断或感到难判断；追问后续主要在比较哪些做法、为什么调整；追问最理想或最不理想做法的判断为什么发生变化；追问是否曾把某做法从合适改判为不合适，或相反；追问当时是否在几个判断标准之间反复权衡
教师19,sim_openid_019_623976,Q10,10,引水难题未解,中班上学期，幼儿在“引水游戏”中遇到了难题——水无法被引到竹片管道上。他们不断调整竹片拼接的方式，却始终没能成功，即竹片一头高于出水管道，阻碍了引流。渐渐地幼儿的探索兴趣也减弱了，有的开始玩水，有的甚至离开了水池。,示范正确的引水方法，请幼儿注意观察并说说引水的要领，再自己试一试。,加入幼儿的探索，引导他们观察水流受阻的位置，一起尝试调整竹片的摆放方式。,组织幼儿就游戏困难进行讨论，寻找解决问题的方案，引导幼儿再次尝试。,投放更多辅助引水的材料，重新激起幼儿的探索兴趣，继续观察游戏进展。,37.16,37.16,10.775,26.385,5,5,3,2,1,6,0,0,0,A,A/B,教师A：示范正确的引水方法，请幼儿注意观察并说说引水的要领，再自己试一试。,教师A：示范正确的引水方法，请幼儿注意观察并说说引水的要领，再自己试一试。；教师B：加入幼儿的探索，引导他们观察水流受阻的位置，一起尝试调整竹片的摆放方式。,10.775,0.0,0,32.55814,73.426357,100.0,42.777778,69.956202,eligible,过程简单,高修正投入；多次调整；首末位摇摆；优劣方向冲突,追问后续主要在比较哪些做法、为什么调整；追问最理想或最不理想做法的判断为什么发生变化；追问是否曾把某做法从合适改判为不合适，或相反
教师20,sim_openid_020_495370,Q1,1,篮球架玩水,操场上新安装了一些篮球架，幼儿经常在这里投篮。某天户外活动时，几名幼儿带着画笔和水桶来到这里，他们先是快乐地粉刷篮球架，之后开始往篮框里灌水，有的从上面灌，有的在下面接，忙的不亦乐乎，俨然这里成为了玩水的场地。,看到幼儿玩得很开心，不干预他们的玩水行为，待兴趣减弱后再讨论玩水的适宜性。,表扬幼儿的新发现，并询问在篮球架旁玩水是否合适，提议幼儿可以换个地方玩水。,参与到幼儿的“粉刷”游戏中，逐步引导幼儿到适宜玩水的地方继续开展游戏。,提醒幼儿篮球架是用于开展运动的，与其他幼儿一起召唤他们打篮球，转移他们的关注点。,25.362,25.362,14.852,10.51,2,2,1,1,0,3,0,0,0,A,C/D,教师A：看到幼儿玩得很开心，不干预他们的玩水行为，待兴趣减弱后再讨论玩水的适宜性。,教师C：参与到幼儿的“粉刷”游戏中，逐步引导幼儿到适宜玩水的地方继续开展游戏。；教师D：提醒幼儿篮球架是用于开展运动的，与其他幼儿一起召唤他们打篮球，转移他们的关注点。,14.852,0.0,0,29.268293,14.390244,60.0,27.888889,35.354065,eligible,过程简单,首末位摇摆,追问最理想或最不理想做法的判断为什么发生变化
教师20,sim_openid_020_495370,Q2,2,未参与小组建构,大班建构活动中，睿睿和其他幼儿计划一起搭积木大桥，他们讨论了搭建方法，并进入区域开始搭建。就在其他幼儿在认真搭建时，睿睿发现了一块长条木板，他一会儿在地上推着走，一会儿当枪使，没有再参与小组的搭建。,继续观察，后续分享中支持睿睿思考如何把长条木板融入小组的建构中。,肯定睿睿的创造性玩法，询问他长条板能否当桥面，引导他参与到搭桥任务中。,引导睿睿回顾计划，建议他先完成共同任务，长条木板可以等自由游戏时再玩。,看到睿睿玩得开心，暂不介入，等下一次活动时再提醒他根据计划开展游戏。,27.022,27.022,13.033,13.989,3,3,1,1,0,4,0,0,0,A,A/B,教师A：继续观察，后续分享中支持睿睿思考如何把长条木板融入小组的建构中。,教师A：继续观察，后续分享中支持睿睿思考如何把长条木板融入小组的建构中。；教师B：肯定睿睿的创造性玩法，询问他长条板能否当桥面，引导他参与到搭桥任务中。,13.033,0.0,0,35.555556,20.666667,60.0,29.666667,38.761111,eligible,过程简单,多次调整；首末位摇摆,追问最理想或最不理想做法的判断为什么发生变化
教师20,sim_openid_020_495370,Q3,3,材料选择无层次,大班上学期，张老师在建构区投放了按图搭建的游戏材料，并提供了不同星级难度的任务卡供幼儿选择，但有的幼儿一上来就选择高难度的三星级任务卡，结果不能顺利完成任务；而有的幼儿始终选择低难度的一星级任务卡。这天，浩浩又连续选择了几张一星级任务卡，很快就完成了任务。,调整任务卡提供方式，在游戏开始前根据幼儿的能力水平有针对性地发放任务卡。,暂不介入，尊重幼儿的自主选择和游戏体验，只要完成任务就是一种经验积累。,调整任务卡呈现方式，如增加“我想挑战”等提示，鼓励幼儿选择不同星级的挑战。,和浩浩回顾已完成的任务，比较不同星级的难度，邀请他选择稍有挑战的任务。,24.173,24.173,9.244,14.929,3,3,2,1,1,4,0,0,0,A,B/C,教师A：调整任务卡提供方式，在游戏开始前根据幼儿的能力水平有针对性地发放任务卡。,教师B：暂不介入，尊重幼儿的自主选择和游戏体验，只要完成任务就是一种经验积累。；教师C：调整任务卡呈现方式，如增加“我想挑战”等提示，鼓励幼儿选择不同星级的挑战。,9.244,0.0,0,66.666667,29.555556,100.0,32.0,62.0,eligible,过程中等,首反应异常；多次调整；首末位摇摆；优劣方向冲突,请教师回忆读到情境后最先注意到什么、是否很快形成判断或感到难判断；追问最理想或最不理想做法的判断为什么发生变化；追问是否曾把某做法从合适改判为不合适，或相反
教师20,sim_openid_020_495370,Q4,4,频繁求助,中班区域活动时，小明选择了建构区。玩了一会儿，他跑到老师面前说“老师，我不会搭……帮帮我吧”，教师问他需要什么帮助时，他一边说我不会搭，一边却很快地将房子从一层积木加高到了两层。看小明专注搭建后，老师就离开建构区了。可是没一会，小明又找了老师好几次，说“老师，帮帮我吧，我不会搭”。,鼓励小明独立搭建，引导他思考接下来如何搭建，及时表扬他的努力。,先示范搭建关键部分，请小明观察方法，再鼓励他照着继续搭建。,在旁观察小明的搭建过程，并适时反馈，帮助他理清搭建步骤。,帮小明回顾已搭建完成的部分，指导他设定小目标，尝试自己实现。,25.012,25.012,7.696,17.316,3,3,2,1,0,3,1,1,1,C,A/B,教师C：在旁观察小明的搭建过程，并适时反馈，帮助他理清搭建步骤。,教师A：鼓励小明独立搭建，引导他思考接下来如何搭建，及时表扬他的努力。；教师B：先示范搭建关键部分，请小明观察方法，再鼓励他照着继续搭建。,8.296,0.0,0,77.5,39.833333,80.0,60.444444,64.516667,eligible,过程复杂,首反应异常；多次调整；首末位摇摆；路径振荡,请教师回忆读到情境后最先注意到什么、是否很快形成判断或感到难判断；追问最理想或最不理想做法的判断为什么发生变化；追问当时是否在几个判断标准之间反复权衡
教师20,sim_openid_020_495370,Q5,5,消防员救火开心,近几天，中班的幼儿十分热衷于在区域游戏时间玩“消防员救火”的游戏。游戏结束后的交流活动中，老师问幼儿最想分享什么时，阳阳说“娃娃家着火了，好开心啊！”。,抓住教育契机，向幼儿耐心解释真实的火灾会造成物品损失和人员伤亡。,询问幼儿开心的是“着火”本身，还是消防员成功救火、娃娃家的人得救？,引导幼儿思考“娃娃家着火”值不值得开心，帮助他们认识真实火灾是危险的。,请阳阳讲讲娃娃家着火后发生了什么、为什么开心，借此理解幼儿的游戏体验。,47.112,47.112,21.023,26.089,4,4,1,3,0,4,1,1,1,A,C/D,教师A：抓住教育契机，向幼儿耐心解释真实的火灾会造成物品损失和人员伤亡。,教师C：引导幼儿思考“娃娃家着火”值不值得开心，帮助他们认识真实火灾是危险的。；教师D：请阳阳讲讲娃娃家着火后发生了什么、为什么开心，借此理解幼儿的游戏体验。,21.023,0.0,0,32.55814,62.899225,80.0,67.222222,63.464729,eligible,过程中等,高修正投入；多次调整；首末位摇摆；路径振荡,追问后续主要在比较哪些做法、为什么调整；追问最理想或最不理想做法的判断为什么发生变化；追问当时是否在几个判断标准之间反复权衡
教师20,sim_openid_020_495370,Q6,6,区域停留短,小班幼儿瑶瑶在区域活动时，一会儿在娃娃家切切菜，一会儿到美工区搓搓橡皮泥，一会儿又开心地跑到其它区域游戏，在任何一个区域停留时间都不超过三分钟。,提议瑶瑶完成某项游戏任务，如在娃娃家做菜，请他活动小结时分享。,游戏前提醒区域活动规则，活动结束后表扬区域游戏规则遵守得好的小朋友。,仔细观察瑶瑶在不同区域的游戏情况，分析他发生迅速转移的原因。,以同伴的身份陪伴瑶瑶在某一区域游戏，待他专注游戏后再离开。,42.585,42.585,7.718,34.867,7,7,2,5,0,8,0,0,0,A,B/C,教师A：提议瑶瑶完成某项游戏任务，如在娃娃家做菜，请他活动小结时分享。,教师B：游戏前提醒区域活动规则，活动结束后表扬区域游戏规则遵守得好的小朋友。；教师C：仔细观察瑶瑶在不同区域的游戏情况，分析他发生迅速转移的原因。,10.845,0.0,0,93.023256,93.674419,100.0,40.0,87.706977,eligible,过程复杂,首反应异常；高修正投入；多次调整；首末位摇摆,请教师回忆读到情境后最先注意到什么、是否很快形成判断或感到难判断；追问后续主要在比较哪些做法、为什么调整；追问最理想或最不理想做法的判断为什么发生变化
教师20,sim_openid_020_495370,Q7,7,飞行棋各走各的,大班区域游戏中，轩轩和小宇一起玩飞行棋，他们将棋子摆好后，各自拿了一个骰子开始投，小宇说：“该我走。”轩轩说：“明明该我走！”相持不下，于是两人各拿一个骰子，自顾自地走自己的棋。,耐心讲解共同游戏的规则，再以“棋手”身份加入游戏进行示范引导。,暂不介入，继续观察游戏进展，待区域小结时请幼儿分享游戏中的体验和问题。,拿走一个骰子，请幼儿商量只有一个骰子的共同游戏规则，达成一致后再开始游戏。,待幼儿体验一轮各走各的游戏后，询问幼儿的游戏体验，提示共同游戏规则的作用。,25.322,25.322,12.968,12.354,3,3,0,2,0,3,1,1,0,,B/D,,教师B：暂不介入，继续观察游戏进展，待区域小结时请幼儿分享游戏中的体验和问题。；教师D：待幼儿体验一轮各走各的游戏后，询问幼儿的游戏体验，提示共同游戏规则的作用。,12.968,0.0,0,32.55814,25.24031,50.0,49.222222,38.967054,eligible,过程中等,多次调整；首末位摇摆,追问最理想或最不理想做法的判断为什么发生变化
教师20,sim_openid_020_495370,Q8,8,跳绳秩序混乱,周三下午，大五班的幼儿正自发进行跳绳游戏。李老师观察后发现，挤在一起跳绳的幼儿人数较多，整个场面十分混乱，幼儿很容易出现碰撞现象。此外，由于当“柱子”的幼儿很久才能轮上跳绳，因此也显得很不耐烦。,请幼儿暂停游戏，将幼儿分成多个小组并引导他们以小组为单位分区域开展游戏。,请幼儿说一说跳绳活动中存在的问题，并邀请幼儿一起设置跳绳的规则。,提供更多数量和不同种类的跳绳，并言语引导幼儿分组分区同时进行跳绳游戏。,暂不介入，活动分享时通过照片或视频回放引导幼儿发现问题并商议解决办法。,17.921,17.921,8.989,8.932,1,1,0,1,0,2,0,0,0,C,C/D,教师C：提供更多数量和不同种类的跳绳，并言语引导幼儿分组分区同时进行跳绳游戏。,教师C：提供更多数量和不同种类的跳绳，并言语引导幼儿分组分区同时进行跳绳游戏。；教师D：暂不介入，活动分享时通过照片或视频回放引导幼儿发现问题并商议解决办法。,8.989,0.0,0,70.454545,7.0,30.0,27.222222,30.774242,eligible,过程简单,首反应异常,请教师回忆读到情境后最先注意到什么、是否很快形成判断或感到难判断
教师20,sim_openid_020_495370,Q9,9,艾莎公主不运动,小班的一次户外运动，有几个女孩子从一开始就没有选择任何体育活动项目，而是聚在一起坐在地上玩“艾莎公主”的游戏，比一比谁的鞋子最漂亮，谁的魔法最厉害。,询问幼儿没有参与运动的原因，提供丰富的活动材料吸引幼儿参与运动活动。,提醒幼儿现在是运动时间，请他们等自由游戏时间再一起玩“艾莎公主”的游戏。,利用艾莎公主的鞋子设计走、跑、跳等活动，并以参与者的身份邀请幼儿一起参与运动。,肯定幼儿自主游戏的行为，言语引导幼儿穿着“漂亮的鞋子”参与运动。,33.889,33.889,8.766,25.123,5,5,4,1,1,6,0,0,0,D,A/C,教师D：肯定幼儿自主游戏的行为，言语引导幼儿穿着“漂亮的鞋子”参与运动。,教师A：询问幼儿没有参与运动的原因，提供丰富的活动材料吸引幼儿参与运动活动。；教师C：利用艾莎公主的鞋子设计走、跑、跳等活动，并以参与者的身份邀请幼儿一起参与运动。,8.963,0.0,0,79.545455,66.151515,100.0,43.888889,77.337879,eligible,过程复杂,首反应异常；高修正投入；多次调整；首末位摇摆；优劣方向冲突,请教师回忆读到情境后最先注意到什么、是否很快形成判断或感到难判断；追问后续主要在比较哪些做法、为什么调整；追问最理想或最不理想做法的判断为什么发生变化；追问是否曾把某做法从合适改判为不合适，或相反
教师20,sim_openid_020_495370,Q10,10,引水难题未解,中班上学期，幼儿在“引水游戏”中遇到了难题——水无法被引到竹片管道上。他们不断调整竹片拼接的方式，却始终没能成功，即竹片一头高于出水管道，阻碍了引流。渐渐地幼儿的探索兴趣也减弱了，有的开始玩水，有的甚至离开了水池。,示范正确的引水方法，请幼儿注意观察并说说引水的要领，再自己试一试。,加入幼儿的探索，引导他们观察水流受阻的位置，一起尝试调整竹片的摆放方式。,组织幼儿就游戏困难进行讨论，寻找解决问题的方案，引导幼儿再次尝试。,投放更多辅助引水的材料，重新激起幼儿的探索兴趣，继续观察游戏进展。,22.474,22.474,10.515,11.959,4,4,2,2,0,5,0,0,0,B,B/C,教师B：加入幼儿的探索，引导他们观察水流受阻的位置，一起尝试调整竹片的摆放方式。,教师B：加入幼儿的探索，引导他们观察水流受阻的位置，一起尝试调整竹片的摆放方式。；教师C：组织幼儿就游戏困难进行讨论，寻找解决问题的方案，引导幼儿再次尝试。,10.515,0.0,0,37.209302,39.503876,100.0,39.444444,60.20969,eligible,过程中等,多次调整；首末位摇摆,追问最理想或最不理想做法的判断为什么发生变化
教师21,sim_openid_021_366613,Q1,1,篮球架玩水,操场上新安装了一些篮球架，幼儿经常在这里投篮。某天户外活动时，几名幼儿带着画笔和水桶来到这里，他们先是快乐地粉刷篮球架，之后开始往篮框里灌水，有的从上面灌，有的在下面接，忙的不亦乐乎，俨然这里成为了玩水的场地。,看到幼儿玩得很开心，不干预他们的玩水行为，待兴趣减弱后再讨论玩水的适宜性。,表扬幼儿的新发现，并询问在篮球架旁玩水是否合适，提议幼儿可以换个地方玩水。,参与到幼儿的“粉刷”游戏中，逐步引导幼儿到适宜玩水的地方继续开展游戏。,提醒幼儿篮球架是用于开展运动的，与其他幼儿一起召唤他们打篮球，转移他们的关注点。,51.212,51.212,23.206,28.006,5,5,0,3,0,3,3,3,0,C,B/D,教师C：参与到幼儿的“粉刷”游戏中，逐步引导幼儿到适宜玩水的地方继续开展游戏。,教师B：表扬幼儿的新发现，并询问在篮球架旁玩水是否合适，提议幼儿可以换个地方玩水。；教师D：提醒幼儿篮球架是用于开展运动的，与其他幼儿一起召唤他们打篮球，转移他们的关注点。,23.206,0.0,0,43.902439,70.422764,50.0,62.888889,56.84065,eligible,过程简单,高修正投入；多次调整；首末位摇摆；路径振荡,追问后续主要在比较哪些做法、为什么调整；追问最理想或最不理想做法的判断为什么发生变化；追问当时是否在几个判断标准之间反复权衡
教师21,sim_openid_021_366613,Q2,2,未参与小组建构,大班建构活动中，睿睿和其他幼儿计划一起搭积木大桥，他们讨论了搭建方法，并进入区域开始搭建。就在其他幼儿在认真搭建时，睿睿发现了一块长条木板，他一会儿在地上推着走，一会儿当枪使，没有再参与小组的搭建。,继续观察，后续分享中支持睿睿思考如何把长条木板融入小组的建构中。,肯定睿睿的创造性玩法，询问他长条板能否当桥面，引导他参与到搭桥任务中。,引导睿睿回顾计划，建议他先完成共同任务，长条木板可以等自由游戏时再玩。,看到睿睿玩得开心，暂不介入，等下一次活动时再提醒他根据计划开展游戏。,54.017,54.017,29.321,24.696,6,6,1,6,1,7,0,0,0,A,C/D,教师A：继续观察，后续分享中支持睿睿思考如何把长条木板融入小组的建构中。,教师C：引导睿睿回顾计划，建议他先完成共同任务，长条木板可以等自由游戏时再玩。；教师D：看到睿睿玩得开心，暂不介入，等下一次活动时再提醒他根据计划开展游戏。,29.321,0.0,0,80.0,67.777778,100.0,42.111111,77.65,eligible,过程复杂,首反应异常；高修正投入；多次调整；首末位摇摆；优劣方向冲突,请教师回忆读到情境后最先注意到什么、是否很快形成判断或感到难判断；追问后续主要在比较哪些做法、为什么调整；追问最理想或最不理想做法的判断为什么发生变化；追问是否曾把某做法从合适改判为不合适，或相反
教师21,sim_openid_021_366613,Q3,3,材料选择无层次,大班上学期，张老师在建构区投放了按图搭建的游戏材料，并提供了不同星级难度的任务卡供幼儿选择，但有的幼儿一上来就选择高难度的三星级任务卡，结果不能顺利完成任务；而有的幼儿始终选择低难度的一星级任务卡。这天，浩浩又连续选择了几张一星级任务卡，很快就完成了任务。,调整任务卡提供方式，在游戏开始前根据幼儿的能力水平有针对性地发放任务卡。,暂不介入，尊重幼儿的自主选择和游戏体验，只要完成任务就是一种经验积累。,调整任务卡呈现方式，如增加“我想挑战”等提示，鼓励幼儿选择不同星级的挑战。,和浩浩回顾已完成的任务，比较不同星级的难度，邀请他选择稍有挑战的任务。,40.464,40.464,11.532,28.932,7,7,3,1,0,4,4,4,2,D,C/D,教师D：和浩浩回顾已完成的任务，比较不同星级的难度，邀请他选择稍有挑战的任务。,教师C：调整任务卡呈现方式，如增加“我想挑战”等提示，鼓励幼儿选择不同星级的挑战。；教师D：和浩浩回顾已完成的任务，比较不同星级的难度，邀请他选择稍有挑战的任务。,11.532,0.0,0,48.888889,79.777778,80.0,83.777778,74.277778,eligible,过程复杂,高修正投入；多次调整；首末位摇摆；路径振荡,追问后续主要在比较哪些做法、为什么调整；追问最理想或最不理想做法的判断为什么发生变化；追问当时是否在几个判断标准之间反复权衡
教师21,sim_openid_021_366613,Q4,4,频繁求助,中班区域活动时，小明选择了建构区。玩了一会儿，他跑到老师面前说“老师，我不会搭……帮帮我吧”，教师问他需要什么帮助时，他一边说我不会搭，一边却很快地将房子从一层积木加高到了两层。看小明专注搭建后，老师就离开建构区了。可是没一会，小明又找了老师好几次，说“老师，帮帮我吧，我不会搭”。,鼓励小明独立搭建，引导他思考接下来如何搭建，及时表扬他的努力。,先示范搭建关键部分，请小明观察方法，再鼓励他照着继续搭建。,在旁观察小明的搭建过程，并适时反馈，帮助他理清搭建步骤。,帮小明回顾已搭建完成的部分，指导他设定小目标，尝试自己实现。,48.306,48.306,26.593,21.713,5,5,4,2,2,4,2,2,1,,B/C,,教师B：先示范搭建关键部分，请小明观察方法，再鼓励他照着继续搭建。；教师C：在旁观察小明的搭建过程，并适时反馈，帮助他理清搭建步骤。,26.593,0.0,0,67.5,68.833333,100.0,78.333333,80.9,eligible,过程复杂,首反应异常；高修正投入；多次调整；首末位摇摆；优劣方向冲突；路径振荡,请教师回忆读到情境后最先注意到什么、是否很快形成判断或感到难判断；追问后续主要在比较哪些做法、为什么调整；追问最理想或最不理想做法的判断为什么发生变化；追问是否曾把某做法从合适改判为不合适，或相反；追问当时是否在几个判断标准之间反复权衡
教师21,sim_openid_021_366613,Q5,5,消防员救火开心,近几天，中班的幼儿十分热衷于在区域游戏时间玩“消防员救火”的游戏。游戏结束后的交流活动中，老师问幼儿最想分享什么时，阳阳说“娃娃家着火了，好开心啊！”。,抓住教育契机，向幼儿耐心解释真实的火灾会造成物品损失和人员伤亡。,询问幼儿开心的是“着火”本身，还是消防员成功救火、娃娃家的人得救？,引导幼儿思考“娃娃家着火”值不值得开心，帮助他们认识真实火灾是危险的。,请阳阳讲讲娃娃家着火后发生了什么、为什么开心，借此理解幼儿的游戏体验。,51.765,51.765,11.045,40.72,10,10,8,5,4,8,3,3,2,C,C/D,教师C：引导幼儿思考“娃娃家着火”值不值得开心，帮助他们认识真实火灾是危险的。,教师C：引导幼儿思考“娃娃家着火”值不值得开心，帮助他们认识真实火灾是危险的。；教师D：请阳阳讲讲娃娃家着火后发生了什么、为什么开心，借此理解幼儿的游戏体验。,11.045,0.0,0,69.767442,96.077519,100.0,96.777778,92.293411,eligible,过程复杂,首反应异常；高修正投入；多次调整；首末位摇摆；优劣方向冲突；路径振荡,请教师回忆读到情境后最先注意到什么、是否很快形成判断或感到难判断；追问后续主要在比较哪些做法、为什么调整；追问最理想或最不理想做法的判断为什么发生变化；追问是否曾把某做法从合适改判为不合适，或相反；追问当时是否在几个判断标准之间反复权衡
教师21,sim_openid_021_366613,Q6,6,区域停留短,小班幼儿瑶瑶在区域活动时，一会儿在娃娃家切切菜，一会儿到美工区搓搓橡皮泥，一会儿又开心地跑到其它区域游戏，在任何一个区域停留时间都不超过三分钟。,提议瑶瑶完成某项游戏任务，如在娃娃家做菜，请他活动小结时分享。,游戏前提醒区域活动规则，活动结束后表扬区域游戏规则遵守得好的小朋友。,仔细观察瑶瑶在不同区域的游戏情况，分析他发生迅速转移的原因。,以同伴的身份陪伴瑶瑶在某一区域游戏，待他专注游戏后再离开。,42.32,42.32,14.818,27.502,6,6,3,4,1,7,0,0,0,D,B/C,教师D：以同伴的身份陪伴瑶瑶在某一区域游戏，待他专注游戏后再离开。,教师B：游戏前提醒区域活动规则，活动结束后表扬区域游戏规则遵守得好的小朋友。；教师C：仔细观察瑶瑶在不同区域的游戏情况，分析他发生迅速转移的原因。,14.818,0.0,0,27.906977,81.689922,100.0,38.666667,70.888372,eligible,过程复杂,高修正投入；多次调整；首末位摇摆；优劣方向冲突,追问后续主要在比较哪些做法、为什么调整；追问最理想或最不理想做法的判断为什么发生变化；追问是否曾把某做法从合适改判为不合适，或相反
教师21,sim_openid_021_366613,Q7,7,飞行棋各走各的,大班区域游戏中，轩轩和小宇一起玩飞行棋，他们将棋子摆好后，各自拿了一个骰子开始投，小宇说：“该我走。”轩轩说：“明明该我走！”相持不下，于是两人各拿一个骰子，自顾自地走自己的棋。,耐心讲解共同游戏的规则，再以“棋手”身份加入游戏进行示范引导。,暂不介入，继续观察游戏进展，待区域小结时请幼儿分享游戏中的体验和问题。,拿走一个骰子，请幼儿商量只有一个骰子的共同游戏规则，达成一致后再开始游戏。,待幼儿体验一轮各走各的游戏后，询问幼儿的游戏体验，提示共同游戏规则的作用。,33.654,33.654,7.48,26.174,5,5,1,1,0,4,2,2,2,A,C/D,教师A：耐心讲解共同游戏的规则，再以“棋手”身份加入游戏进行示范引导。,教师C：拿走一个骰子，请幼儿商量只有一个骰子的共同游戏规则，达成一致后再开始游戏。；教师D：待幼儿体验一轮各走各的游戏后，询问幼儿的游戏体验，提示共同游戏规则的作用。,7.627,0.0,0,83.72093,71.968992,60.0,80.333333,71.384884,eligible,过程复杂,首反应异常；高修正投入；多次调整；首末位摇摆；路径振荡,请教师回忆读到情境后最先注意到什么、是否很快形成判断或感到难判断；追问后续主要在比较哪些做法、为什么调整；追问最理想或最不理想做法的判断为什么发生变化；追问当时是否在几个判断标准之间反复权衡
教师21,sim_openid_021_366613,Q8,8,跳绳秩序混乱,周三下午，大五班的幼儿正自发进行跳绳游戏。李老师观察后发现，挤在一起跳绳的幼儿人数较多，整个场面十分混乱，幼儿很容易出现碰撞现象。此外，由于当“柱子”的幼儿很久才能轮上跳绳，因此也显得很不耐烦。,请幼儿暂停游戏，将幼儿分成多个小组并引导他们以小组为单位分区域开展游戏。,请幼儿说一说跳绳活动中存在的问题，并邀请幼儿一起设置跳绳的规则。,提供更多数量和不同种类的跳绳，并言语引导幼儿分组分区同时进行跳绳游戏。,暂不介入，活动分享时通过照片或视频回放引导幼儿发现问题并商议解决办法。,52.295,52.295,29.126,23.169,4,4,1,2,0,4,1,1,1,C,B/D,教师C：提供更多数量和不同种类的跳绳，并言语引导幼儿分组分区同时进行跳绳游戏。,教师B：请幼儿说一说跳绳活动中存在的问题，并邀请幼儿一起设置跳绳的规则。；教师D：暂不介入，活动分享时通过照片或视频回放引导幼儿发现问题并商议解决办法。,29.126,0.0,0,88.636364,59.0,80.0,71.444444,74.143939,eligible,过程复杂,首反应异常；多次调整；首末位摇摆；路径振荡,请教师回忆读到情境后最先注意到什么、是否很快形成判断或感到难判断；追问最理想或最不理想做法的判断为什么发生变化；追问当时是否在几个判断标准之间反复权衡
教师21,sim_openid_021_366613,Q9,9,艾莎公主不运动,小班的一次户外运动，有几个女孩子从一开始就没有选择任何体育活动项目，而是聚在一起坐在地上玩“艾莎公主”的游戏，比一比谁的鞋子最漂亮，谁的魔法最厉害。,询问幼儿没有参与运动的原因，提供丰富的活动材料吸引幼儿参与运动活动。,提醒幼儿现在是运动时间，请他们等自由游戏时间再一起玩“艾莎公主”的游戏。,利用艾莎公主的鞋子设计走、跑、跳等活动，并以参与者的身份邀请幼儿一起参与运动。,肯定幼儿自主游戏的行为，言语引导幼儿穿着“漂亮的鞋子”参与运动。,27.363,27.363,16.412,10.951,2,2,1,0,0,3,0,0,0,C,B/C,教师C：利用艾莎公主的鞋子设计走、跑、跳等活动，并以参与者的身份邀请幼儿一起参与运动。,教师B：提醒幼儿现在是运动时间，请他们等自由游戏时间再一起玩“艾莎公主”的游戏。；教师C：利用艾莎公主的鞋子设计走、跑、跳等活动，并以参与者的身份邀请幼儿一起参与运动。,16.412,0.0,0,2.272727,15.909091,30.0,32.777778,20.643939,eligible,过程简单,过程相对平稳,追问教师当时主要依据什么形成排序
教师21,sim_openid_021_366613,Q10,10,引水难题未解,中班上学期，幼儿在“引水游戏”中遇到了难题——水无法被引到竹片管道上。他们不断调整竹片拼接的方式，却始终没能成功，即竹片一头高于出水管道，阻碍了引流。渐渐地幼儿的探索兴趣也减弱了，有的开始玩水，有的甚至离开了水池。,示范正确的引水方法，请幼儿注意观察并说说引水的要领，再自己试一试。,加入幼儿的探索，引导他们观察水流受阻的位置，一起尝试调整竹片的摆放方式。,组织幼儿就游戏困难进行讨论，寻找解决问题的方案，引导幼儿再次尝试。,投放更多辅助引水的材料，重新激起幼儿的探索兴趣，继续观察游戏进展。,59.095,59.095,28.895,30.2,5,5,1,5,1,5,1,1,1,A,B/C,教师A：示范正确的引水方法，请幼儿注意观察并说说引水的要领，再自己试一试。,教师B：加入幼儿的探索，引导他们观察水流受阻的位置，一起尝试调整竹片的摆放方式。；教师C：组织幼儿就游戏困难进行讨论，寻找解决问题的方案，引导幼儿再次尝试。,28.895,0.0,0,83.72093,76.217054,100.0,74.444444,85.775969,eligible,过程复杂,首反应异常；高修正投入；多次调整；首末位摇摆；优劣方向冲突；路径振荡,请教师回忆读到情境后最先注意到什么、是否很快形成判断或感到难判断；追问后续主要在比较哪些做法、为什么调整；追问最理想或最不理想做法的判断为什么发生变化；追问是否曾把某做法从合适改判为不合适，或相反；追问当时是否在几个判断标准之间反复权衡
教师22,sim_openid_022_632137,Q1,1,篮球架玩水,操场上新安装了一些篮球架，幼儿经常在这里投篮。某天户外活动时，几名幼儿带着画笔和水桶来到这里，他们先是快乐地粉刷篮球架，之后开始往篮框里灌水，有的从上面灌，有的在下面接，忙的不亦乐乎，俨然这里成为了玩水的场地。,看到幼儿玩得很开心，不干预他们的玩水行为，待兴趣减弱后再讨论玩水的适宜性。,表扬幼儿的新发现，并询问在篮球架旁玩水是否合适，提议幼儿可以换个地方玩水。,参与到幼儿的“粉刷”游戏中，逐步引导幼儿到适宜玩水的地方继续开展游戏。,提醒幼儿篮球架是用于开展运动的，与其他幼儿一起召唤他们打篮球，转移他们的关注点。,39.262,39.262,22.645,16.617,4,4,2,1,0,5,0,0,0,A,A/B,教师A：看到幼儿玩得很开心，不干预他们的玩水行为，待兴趣减弱后再讨论玩水的适宜性。,教师A：看到幼儿玩得很开心，不干预他们的玩水行为，待兴趣减弱后再讨论玩水的适宜性。；教师B：表扬幼儿的新发现，并询问在篮球架旁玩水是否合适，提议幼儿可以换个地方玩水。,22.645,0.0,0,34.146341,42.195122,80.0,37.0,53.037805,eligible,过程中等,多次调整；首末位摇摆,追问最理想或最不理想做法的判断为什么发生变化
教师22,sim_openid_022_632137,Q2,2,未参与小组建构,大班建构活动中，睿睿和其他幼儿计划一起搭积木大桥，他们讨论了搭建方法，并进入区域开始搭建。就在其他幼儿在认真搭建时，睿睿发现了一块长条木板，他一会儿在地上推着走，一会儿当枪使，没有再参与小组的搭建。,继续观察，后续分享中支持睿睿思考如何把长条木板融入小组的建构中。,肯定睿睿的创造性玩法，询问他长条板能否当桥面，引导他参与到搭桥任务中。,引导睿睿回顾计划，建议他先完成共同任务，长条木板可以等自由游戏时再玩。,看到睿睿玩得开心，暂不介入，等下一次活动时再提醒他根据计划开展游戏。,19.812,19.812,6.097,13.715,4,4,2,1,0,5,0,0,0,D,A/C,教师D：看到睿睿玩得开心，暂不介入，等下一次活动时再提醒他根据计划开展游戏。,教师A：继续观察，后续分享中支持睿睿思考如何把长条木板融入小组的建构中。；教师C：引导睿睿回顾计划，建议他先完成共同任务，长条木板可以等自由游戏时再玩。,6.097,0.0,0,93.333333,31.777778,80.0,35.444444,61.516667,eligible,过程中等,首反应异常；多次调整；首末位摇摆,请教师回忆读到情境后最先注意到什么、是否很快形成判断或感到难判断；追问最理想或最不理想做法的判断为什么发生变化
教师22,sim_openid_022_632137,Q3,3,材料选择无层次,大班上学期，张老师在建构区投放了按图搭建的游戏材料，并提供了不同星级难度的任务卡供幼儿选择，但有的幼儿一上来就选择高难度的三星级任务卡，结果不能顺利完成任务；而有的幼儿始终选择低难度的一星级任务卡。这天，浩浩又连续选择了几张一星级任务卡，很快就完成了任务。,调整任务卡提供方式，在游戏开始前根据幼儿的能力水平有针对性地发放任务卡。,暂不介入，尊重幼儿的自主选择和游戏体验，只要完成任务就是一种经验积累。,调整任务卡呈现方式，如增加“我想挑战”等提示，鼓励幼儿选择不同星级的挑战。,和浩浩回顾已完成的任务，比较不同星级的难度，邀请他选择稍有挑战的任务。,41.698,41.698,26.161,15.537,5,5,2,1,0,4,2,2,2,C,B/D,教师C：调整任务卡呈现方式，如增加“我想挑战”等提示，鼓励幼儿选择不同星级的挑战。,教师B：暂不介入，尊重幼儿的自主选择和游戏体验，只要完成任务就是一种经验积累。；教师D：和浩浩回顾已完成的任务，比较不同星级的难度，邀请他选择稍有挑战的任务。,26.161,0.0,0,66.666667,52.666667,80.0,79.333333,69.033333,eligible,过程复杂,首反应异常；多次调整；首末位摇摆；路径振荡,请教师回忆读到情境后最先注意到什么、是否很快形成判断或感到难判断；追问最理想或最不理想做法的判断为什么发生变化；追问当时是否在几个判断标准之间反复权衡
教师22,sim_openid_022_632137,Q4,4,频繁求助,中班区域活动时，小明选择了建构区。玩了一会儿，他跑到老师面前说“老师，我不会搭……帮帮我吧”，教师问他需要什么帮助时，他一边说我不会搭，一边却很快地将房子从一层积木加高到了两层。看小明专注搭建后，老师就离开建构区了。可是没一会，小明又找了老师好几次，说“老师，帮帮我吧，我不会搭”。,鼓励小明独立搭建，引导他思考接下来如何搭建，及时表扬他的努力。,先示范搭建关键部分，请小明观察方法，再鼓励他照着继续搭建。,在旁观察小明的搭建过程，并适时反馈，帮助他理清搭建步骤。,帮小明回顾已搭建完成的部分，指导他设定小目标，尝试自己实现。,37.714,37.714,21.341,16.373,3,3,2,1,0,3,1,1,1,B,A/C,教师B：先示范搭建关键部分，请小明观察方法，再鼓励他照着继续搭建。,教师A：鼓励小明独立搭建，引导他思考接下来如何搭建，及时表扬他的努力。；教师C：在旁观察小明的搭建过程，并适时反馈，帮助他理清搭建步骤。,21.341,0.0,0,17.5,38.833333,80.0,60.444444,52.216667,eligible,过程中等,多次调整；首末位摇摆；路径振荡,追问最理想或最不理想做法的判断为什么发生变化；追问当时是否在几个判断标准之间反复权衡
教师22,sim_openid_022_632137,Q5,5,消防员救火开心,近几天，中班的幼儿十分热衷于在区域游戏时间玩“消防员救火”的游戏。游戏结束后的交流活动中，老师问幼儿最想分享什么时，阳阳说“娃娃家着火了，好开心啊！”。,抓住教育契机，向幼儿耐心解释真实的火灾会造成物品损失和人员伤亡。,询问幼儿开心的是“着火”本身，还是消防员成功救火、娃娃家的人得救？,引导幼儿思考“娃娃家着火”值不值得开心，帮助他们认识真实火灾是危险的。,请阳阳讲讲娃娃家着火后发生了什么、为什么开心，借此理解幼儿的游戏体验。,9.645,9.645,,,0,0,0,0,0,1,0,0,0,,,,,9.645,0.0,0,0.0,21.333333,0.0,23.555556,9.933333,eligible,过程简单,过程相对平稳,追问教师当时主要依据什么形成排序
教师22,sim_openid_022_632137,Q6,6,区域停留短,小班幼儿瑶瑶在区域活动时，一会儿在娃娃家切切菜，一会儿到美工区搓搓橡皮泥，一会儿又开心地跑到其它区域游戏，在任何一个区域停留时间都不超过三分钟。,提议瑶瑶完成某项游戏任务，如在娃娃家做菜，请他活动小结时分享。,游戏前提醒区域活动规则，活动结束后表扬区域游戏规则遵守得好的小朋友。,仔细观察瑶瑶在不同区域的游戏情况，分析他发生迅速转移的原因。,以同伴的身份陪伴瑶瑶在某一区域游戏，待他专注游戏后再离开。,28.26,28.26,15.073,13.187,3,3,2,0,0,4,0,0,0,A,B/C,教师A：提议瑶瑶完成某项游戏任务，如在娃娃家做菜，请他活动小结时分享。,教师B：游戏前提醒区域活动规则，活动结束后表扬区域游戏规则遵守得好的小朋友。；教师C：仔细观察瑶瑶在不同区域的游戏情况，分析他发生迅速转移的原因。,15.073,0.0,0,23.255814,25.643411,50.0,30.222222,34.377519,eligible,过程简单,多次调整；首末位摇摆,追问最理想或最不理想做法的判断为什么发生变化
教师22,sim_openid_022_632137,Q7,7,飞行棋各走各的,大班区域游戏中，轩轩和小宇一起玩飞行棋，他们将棋子摆好后，各自拿了一个骰子开始投，小宇说：“该我走。”轩轩说：“明明该我走！”相持不下，于是两人各拿一个骰子，自顾自地走自己的棋。,耐心讲解共同游戏的规则，再以“棋手”身份加入游戏进行示范引导。,暂不介入，继续观察游戏进展，待区域小结时请幼儿分享游戏中的体验和问题。,拿走一个骰子，请幼儿商量只有一个骰子的共同游戏规则，达成一致后再开始游戏。,待幼儿体验一轮各走各的游戏后，询问幼儿的游戏体验，提示共同游戏规则的作用。,33.404,33.404,23.239,10.165,3,3,0,3,0,3,1,1,1,C,C/D,教师C：拿走一个骰子，请幼儿商量只有一个骰子的共同游戏规则，达成一致后再开始游戏。,教师C：拿走一个骰子，请幼儿商量只有一个骰子的共同游戏规则，达成一致后再开始游戏。；教师D：待幼儿体验一轮各走各的游戏后，询问幼儿的游戏体验，提示共同游戏规则的作用。,23.239,0.0,0,46.511628,21.51938,50.0,62.888889,42.691473,eligible,过程简单,多次调整；首末位摇摆；路径振荡,追问最理想或最不理想做法的判断为什么发生变化；追问当时是否在几个判断标准之间反复权衡
教师22,sim_openid_022_632137,Q8,8,跳绳秩序混乱,周三下午，大五班的幼儿正自发进行跳绳游戏。李老师观察后发现，挤在一起跳绳的幼儿人数较多，整个场面十分混乱，幼儿很容易出现碰撞现象。此外，由于当“柱子”的幼儿很久才能轮上跳绳，因此也显得很不耐烦。,请幼儿暂停游戏，将幼儿分成多个小组并引导他们以小组为单位分区域开展游戏。,请幼儿说一说跳绳活动中存在的问题，并邀请幼儿一起设置跳绳的规则。,提供更多数量和不同种类的跳绳，并言语引导幼儿分组分区同时进行跳绳游戏。,暂不介入，活动分享时通过照片或视频回放引导幼儿发现问题并商议解决办法。,18.381,18.381,6.848,11.533,3,3,1,1,0,4,0,0,0,A,B/D,教师A：请幼儿暂停游戏，将幼儿分成多个小组并引导他们以小组为单位分区域开展游戏。,教师B：请幼儿说一说跳绳活动中存在的问题，并邀请幼儿一起设置跳绳的规则。；教师D：暂不介入，活动分享时通过照片或视频回放引导幼儿发现问题并商议解决办法。,6.848,0.0,0,88.636364,34.212121,60.0,36.333333,54.440909,eligible,过程中等,首反应异常；多次调整；首末位摇摆,请教师回忆读到情境后最先注意到什么、是否很快形成判断或感到难判断；追问最理想或最不理想做法的判断为什么发生变化
教师22,sim_openid_022_632137,Q9,9,艾莎公主不运动,小班的一次户外运动，有几个女孩子从一开始就没有选择任何体育活动项目，而是聚在一起坐在地上玩“艾莎公主”的游戏，比一比谁的鞋子最漂亮，谁的魔法最厉害。,询问幼儿没有参与运动的原因，提供丰富的活动材料吸引幼儿参与运动活动。,提醒幼儿现在是运动时间，请他们等自由游戏时间再一起玩“艾莎公主”的游戏。,利用艾莎公主的鞋子设计走、跑、跳等活动，并以参与者的身份邀请幼儿一起参与运动。,肯定幼儿自主游戏的行为，言语引导幼儿穿着“漂亮的鞋子”参与运动。,47.86,47.86,10.226,37.634,9,8,3,6,1,9,1,1,0,C,A/B,教师C：利用艾莎公主的鞋子设计走、跑、跳等活动，并以参与者的身份邀请幼儿一起参与运动。,教师A：询问幼儿没有参与运动的原因，提供丰富的活动材料吸引幼儿参与运动活动。；教师B：提醒幼儿现在是运动时间，请他们等自由游戏时间再一起玩“艾莎公主”的游戏。,10.226,0.0,0,65.909091,94.262626,100.0,71.111111,87.127273,eligible,过程复杂,首反应异常；高修正投入；多次调整；首末位摇摆；优劣方向冲突；路径振荡,请教师回忆读到情境后最先注意到什么、是否很快形成判断或感到难判断；追问后续主要在比较哪些做法、为什么调整；追问最理想或最不理想做法的判断为什么发生变化；追问是否曾把某做法从合适改判为不合适，或相反；追问当时是否在几个判断标准之间反复权衡
教师22,sim_openid_022_632137,Q10,10,引水难题未解,中班上学期，幼儿在“引水游戏”中遇到了难题——水无法被引到竹片管道上。他们不断调整竹片拼接的方式，却始终没能成功，即竹片一头高于出水管道，阻碍了引流。渐渐地幼儿的探索兴趣也减弱了，有的开始玩水，有的甚至离开了水池。,示范正确的引水方法，请幼儿注意观察并说说引水的要领，再自己试一试。,加入幼儿的探索，引导他们观察水流受阻的位置，一起尝试调整竹片的摆放方式。,组织幼儿就游戏困难进行讨论，寻找解决问题的方案，引导幼儿再次尝试。,投放更多辅助引水的材料，重新激起幼儿的探索兴趣，继续观察游戏进展。,40.425,40.425,13.437,26.988,6,6,4,2,0,4,3,3,3,A,B/C,教师A：示范正确的引水方法，请幼儿注意观察并说说引水的要领，再自己试一试。,教师B：加入幼儿的探索，引导他们观察水流受阻的位置，一起尝试调整竹片的摆放方式。；教师C：组织幼儿就游戏困难进行讨论，寻找解决问题的方案，引导幼儿再次尝试。,13.437,0.0,0,9.302326,85.689922,100.0,88.0,75.767442,eligible,过程复杂,高修正投入；多次调整；首末位摇摆；路径振荡,追问后续主要在比较哪些做法、为什么调整；追问最理想或最不理想做法的判断为什么发生变化；追问当时是否在几个判断标准之间反复权衡
教师23,sim_openid_023_844087,Q1,1,篮球架玩水,操场上新安装了一些篮球架，幼儿经常在这里投篮。某天户外活动时，几名幼儿带着画笔和水桶来到这里，他们先是快乐地粉刷篮球架，之后开始往篮框里灌水，有的从上面灌，有的在下面接，忙的不亦乐乎，俨然这里成为了玩水的场地。,看到幼儿玩得很开心，不干预他们的玩水行为，待兴趣减弱后再讨论玩水的适宜性。,表扬幼儿的新发现，并询问在篮球架旁玩水是否合适，提议幼儿可以换个地方玩水。,参与到幼儿的“粉刷”游戏中，逐步引导幼儿到适宜玩水的地方继续开展游戏。,提醒幼儿篮球架是用于开展运动的，与其他幼儿一起召唤他们打篮球，转移他们的关注点。,36.599,36.599,22.392,14.207,4,4,3,2,1,5,0,0,0,A,C/D,教师A：看到幼儿玩得很开心，不干预他们的玩水行为，待兴趣减弱后再讨论玩水的适宜性。,教师C：参与到幼儿的“粉刷”游戏中，逐步引导幼儿到适宜玩水的地方继续开展游戏。；教师D：提醒幼儿篮球架是用于开展运动的，与其他幼儿一起召唤他们打篮球，转移他们的关注点。,22.392,0.0,0,29.268293,37.317073,100.0,37.0,57.59878,eligible,过程中等,多次调整；首末位摇摆；优劣方向冲突,追问最理想或最不理想做法的判断为什么发生变化；追问是否曾把某做法从合适改判为不合适，或相反
教师23,sim_openid_023_844087,Q2,2,未参与小组建构,大班建构活动中，睿睿和其他幼儿计划一起搭积木大桥，他们讨论了搭建方法，并进入区域开始搭建。就在其他幼儿在认真搭建时，睿睿发现了一块长条木板，他一会儿在地上推着走，一会儿当枪使，没有再参与小组的搭建。,继续观察，后续分享中支持睿睿思考如何把长条木板融入小组的建构中。,肯定睿睿的创造性玩法，询问他长条板能否当桥面，引导他参与到搭桥任务中。,引导睿睿回顾计划，建议他先完成共同任务，长条木板可以等自由游戏时再玩。,看到睿睿玩得开心，暂不介入，等下一次活动时再提醒他根据计划开展游戏。,33.891,33.891,24.649,9.242,2,2,1,1,0,3,0,0,0,B,B/C,教师B：肯定睿睿的创造性玩法，询问他长条板能否当桥面，引导他参与到搭桥任务中。,教师B：肯定睿睿的创造性玩法，询问他长条板能否当桥面，引导他参与到搭桥任务中。；教师C：引导睿睿回顾计划，建议他先完成共同任务，长条木板可以等自由游戏时再玩。,24.649,0.0,0,35.555556,6.444444,60.0,25.222222,33.827778,eligible,过程中等,首末位摇摆,追问最理想或最不理想做法的判断为什么发生变化
教师23,sim_openid_023_844087,Q3,3,材料选择无层次,大班上学期，张老师在建构区投放了按图搭建的游戏材料，并提供了不同星级难度的任务卡供幼儿选择，但有的幼儿一上来就选择高难度的三星级任务卡，结果不能顺利完成任务；而有的幼儿始终选择低难度的一星级任务卡。这天，浩浩又连续选择了几张一星级任务卡，很快就完成了任务。,调整任务卡提供方式，在游戏开始前根据幼儿的能力水平有针对性地发放任务卡。,暂不介入，尊重幼儿的自主选择和游戏体验，只要完成任务就是一种经验积累。,调整任务卡呈现方式，如增加“我想挑战”等提示，鼓励幼儿选择不同星级的挑战。,和浩浩回顾已完成的任务，比较不同星级的难度，邀请他选择稍有挑战的任务。,56.242,56.242,23.505,32.737,6,6,4,3,2,6,1,1,1,A,B/C,教师A：调整任务卡提供方式，在游戏开始前根据幼儿的能力水平有针对性地发放任务卡。,教师B：暂不介入，尊重幼儿的自主选择和游戏体验，只要完成任务就是一种经验积累。；教师C：调整任务卡呈现方式，如增加“我想挑战”等提示，鼓励幼儿选择不同星级的挑战。,23.505,0.0,0,31.111111,76.666667,100.0,76.333333,75.672222,eligible,过程复杂,高修正投入；多次调整；首末位摇摆；优劣方向冲突；路径振荡,追问后续主要在比较哪些做法、为什么调整；追问最理想或最不理想做法的判断为什么发生变化；追问是否曾把某做法从合适改判为不合适，或相反；追问当时是否在几个判断标准之间反复权衡
教师23,sim_openid_023_844087,Q4,4,频繁求助,中班区域活动时，小明选择了建构区。玩了一会儿，他跑到老师面前说“老师，我不会搭……帮帮我吧”，教师问他需要什么帮助时，他一边说我不会搭，一边却很快地将房子从一层积木加高到了两层。看小明专注搭建后，老师就离开建构区了。可是没一会，小明又找了老师好几次，说“老师，帮帮我吧，我不会搭”。,鼓励小明独立搭建，引导他思考接下来如何搭建，及时表扬他的努力。,先示范搭建关键部分，请小明观察方法，再鼓励他照着继续搭建。,在旁观察小明的搭建过程，并适时反馈，帮助他理清搭建步骤。,帮小明回顾已搭建完成的部分，指导他设定小目标，尝试自己实现。,34.525,34.525,18.834,15.691,5,5,0,4,0,5,1,1,0,B,B/D,教师B：先示范搭建关键部分，请小明观察方法，再鼓励他照着继续搭建。,教师B：先示范搭建关键部分，请小明观察方法，再鼓励他照着继续搭建。；教师D：帮小明回顾已搭建完成的部分，指导他设定小目标，尝试自己实现。,18.834,0.0,0,7.5,58.833333,50.0,56.111111,45.066667,eligible,过程中等,多次调整；首末位摇摆,追问最理想或最不理想做法的判断为什么发生变化
教师23,sim_openid_023_844087,Q5,5,消防员救火开心,近几天，中班的幼儿十分热衷于在区域游戏时间玩“消防员救火”的游戏。游戏结束后的交流活动中，老师问幼儿最想分享什么时，阳阳说“娃娃家着火了，好开心啊！”。,抓住教育契机，向幼儿耐心解释真实的火灾会造成物品损失和人员伤亡。,询问幼儿开心的是“着火”本身，还是消防员成功救火、娃娃家的人得救？,引导幼儿思考“娃娃家着火”值不值得开心，帮助他们认识真实火灾是危险的。,请阳阳讲讲娃娃家着火后发生了什么、为什么开心，借此理解幼儿的游戏体验。,22.389,22.389,13.11,9.279,2,2,0,1,0,3,0,0,0,C,B/D,教师C：引导幼儿思考“娃娃家着火”值不值得开心，帮助他们认识真实火灾是危险的。,教师B：询问幼儿开心的是“着火”本身，还是消防员成功救火、娃娃家的人得救？；教师D：请阳阳讲讲娃娃家着火后发生了什么、为什么开心，借此理解幼儿的游戏体验。,13.11,0.0,0,46.511628,14.852713,30.0,28.222222,28.491473,eligible,过程简单,过程相对平稳,追问教师当时主要依据什么形成排序
教师23,sim_openid_023_844087,Q6,6,区域停留短,小班幼儿瑶瑶在区域活动时，一会儿在娃娃家切切菜，一会儿到美工区搓搓橡皮泥，一会儿又开心地跑到其它区域游戏，在任何一个区域停留时间都不超过三分钟。,提议瑶瑶完成某项游戏任务，如在娃娃家做菜，请他活动小结时分享。,游戏前提醒区域活动规则，活动结束后表扬区域游戏规则遵守得好的小朋友。,仔细观察瑶瑶在不同区域的游戏情况，分析他发生迅速转移的原因。,以同伴的身份陪伴瑶瑶在某一区域游戏，待他专注游戏后再离开。,46.177,46.177,18.442,27.735,6,6,1,4,1,6,1,1,0,D,A/C,教师D：以同伴的身份陪伴瑶瑶在某一区域游戏，待他专注游戏后再离开。,教师A：提议瑶瑶完成某项游戏任务，如在娃娃家做菜，请他活动小结时分享。；教师C：仔细观察瑶瑶在不同区域的游戏情况，分析他发生迅速转移的原因。,18.442,0.0,0,9.302326,82.620155,100.0,56.777778,70.163178,eligible,过程复杂,高修正投入；多次调整；首末位摇摆；优劣方向冲突,追问后续主要在比较哪些做法、为什么调整；追问最理想或最不理想做法的判断为什么发生变化；追问是否曾把某做法从合适改判为不合适，或相反
教师23,sim_openid_023_844087,Q7,7,飞行棋各走各的,大班区域游戏中，轩轩和小宇一起玩飞行棋，他们将棋子摆好后，各自拿了一个骰子开始投，小宇说：“该我走。”轩轩说：“明明该我走！”相持不下，于是两人各拿一个骰子，自顾自地走自己的棋。,耐心讲解共同游戏的规则，再以“棋手”身份加入游戏进行示范引导。,暂不介入，继续观察游戏进展，待区域小结时请幼儿分享游戏中的体验和问题。,拿走一个骰子，请幼儿商量只有一个骰子的共同游戏规则，达成一致后再开始游戏。,待幼儿体验一轮各走各的游戏后，询问幼儿的游戏体验，提示共同游戏规则的作用。,33.735,33.735,27.351,6.384,1,1,0,1,0,2,0,0,0,C,C/D,教师C：拿走一个骰子，请幼儿商量只有一个骰子的共同游戏规则，达成一致后再开始游戏。,教师C：拿走一个骰子，请幼儿商量只有一个骰子的共同游戏规则，达成一致后再开始游戏。；教师D：待幼儿体验一轮各走各的游戏后，询问幼儿的游戏体验，提示共同游戏规则的作用。,27.351,0.0,0,74.418605,5.131783,30.0,27.333333,31.023256,eligible,过程简单,首反应异常,请教师回忆读到情境后最先注意到什么、是否很快形成判断或感到难判断
教师23,sim_openid_023_844087,Q8,8,跳绳秩序混乱,周三下午，大五班的幼儿正自发进行跳绳游戏。李老师观察后发现，挤在一起跳绳的幼儿人数较多，整个场面十分混乱，幼儿很容易出现碰撞现象。此外，由于当“柱子”的幼儿很久才能轮上跳绳，因此也显得很不耐烦。,请幼儿暂停游戏，将幼儿分成多个小组并引导他们以小组为单位分区域开展游戏。,请幼儿说一说跳绳活动中存在的问题，并邀请幼儿一起设置跳绳的规则。,提供更多数量和不同种类的跳绳，并言语引导幼儿分组分区同时进行跳绳游戏。,暂不介入，活动分享时通过照片或视频回放引导幼儿发现问题并商议解决办法。,38.036,38.036,9.443,28.593,6,6,5,2,2,7,0,0,0,D,C/D,教师D：暂不介入，活动分享时通过照片或视频回放引导幼儿发现问题并商议解决办法。,教师C：提供更多数量和不同种类的跳绳，并言语引导幼儿分组分区同时进行跳绳游戏。；教师D：暂不介入，活动分享时通过照片或视频回放引导幼儿发现问题并商议解决办法。,9.443,0.0,0,65.909091,75.969697,100.0,44.555556,77.656061,eligible,过程复杂,首反应异常；高修正投入；多次调整；首末位摇摆；优劣方向冲突,请教师回忆读到情境后最先注意到什么、是否很快形成判断或感到难判断；追问后续主要在比较哪些做法、为什么调整；追问最理想或最不理想做法的判断为什么发生变化；追问是否曾把某做法从合适改判为不合适，或相反
教师23,sim_openid_023_844087,Q9,9,艾莎公主不运动,小班的一次户外运动，有几个女孩子从一开始就没有选择任何体育活动项目，而是聚在一起坐在地上玩“艾莎公主”的游戏，比一比谁的鞋子最漂亮，谁的魔法最厉害。,询问幼儿没有参与运动的原因，提供丰富的活动材料吸引幼儿参与运动活动。,提醒幼儿现在是运动时间，请他们等自由游戏时间再一起玩“艾莎公主”的游戏。,利用艾莎公主的鞋子设计走、跑、跳等活动，并以参与者的身份邀请幼儿一起参与运动。,肯定幼儿自主游戏的行为，言语引导幼儿穿着“漂亮的鞋子”参与运动。,52.127,52.127,25.704,26.423,5,5,4,1,1,6,0,0,0,A,B/C,教师A：询问幼儿没有参与运动的原因，提供丰富的活动材料吸引幼儿参与运动活动。,教师B：提醒幼儿现在是运动时间，请他们等自由游戏时间再一起玩“艾莎公主”的游戏。；教师C：利用艾莎公主的鞋子设计走、跑、跳等活动，并以参与者的身份邀请幼儿一起参与运动。,25.704,0.0,0,47.727273,67.969697,100.0,43.888889,71.519697,eligible,过程复杂,高修正投入；多次调整；首末位摇摆；优劣方向冲突,追问后续主要在比较哪些做法、为什么调整；追问最理想或最不理想做法的判断为什么发生变化；追问是否曾把某做法从合适改判为不合适，或相反
教师23,sim_openid_023_844087,Q10,10,引水难题未解,中班上学期，幼儿在“引水游戏”中遇到了难题——水无法被引到竹片管道上。他们不断调整竹片拼接的方式，却始终没能成功，即竹片一头高于出水管道，阻碍了引流。渐渐地幼儿的探索兴趣也减弱了，有的开始玩水，有的甚至离开了水池。,示范正确的引水方法，请幼儿注意观察并说说引水的要领，再自己试一试。,加入幼儿的探索，引导他们观察水流受阻的位置，一起尝试调整竹片的摆放方式。,组织幼儿就游戏困难进行讨论，寻找解决问题的方案，引导幼儿再次尝试。,投放更多辅助引水的材料，重新激起幼儿的探索兴趣，继续观察游戏进展。,32.282,32.282,21.405,10.877,2,2,1,0,0,3,0,0,0,A,A/B,教师A：示范正确的引水方法，请幼儿注意观察并说说引水的要领，再自己试一试。,教师A：示范正确的引水方法，请幼儿注意观察并说说引水的要领，再自己试一试。；教师B：加入幼儿的探索，引导他们观察水流受阻的位置，一起尝试调整竹片的摆放方式。,21.405,0.0,0,51.162791,16.310078,30.0,29.666667,30.075581,eligible,过程简单,过程相对平稳,追问教师当时主要依据什么形成排序
教师24,sim_openid_024_664191,Q1,1,篮球架玩水,操场上新安装了一些篮球架，幼儿经常在这里投篮。某天户外活动时，几名幼儿带着画笔和水桶来到这里，他们先是快乐地粉刷篮球架，之后开始往篮框里灌水，有的从上面灌，有的在下面接，忙的不亦乐乎，俨然这里成为了玩水的场地。,看到幼儿玩得很开心，不干预他们的玩水行为，待兴趣减弱后再讨论玩水的适宜性。,表扬幼儿的新发现，并询问在篮球架旁玩水是否合适，提议幼儿可以换个地方玩水。,参与到幼儿的“粉刷”游戏中，逐步引导幼儿到适宜玩水的地方继续开展游戏。,提醒幼儿篮球架是用于开展运动的，与其他幼儿一起召唤他们打篮球，转移他们的关注点。,38.955,38.955,20.057,18.898,4,4,1,2,0,4,1,1,1,C,B/D,教师C：参与到幼儿的“粉刷”游戏中，逐步引导幼儿到适宜玩水的地方继续开展游戏。,教师B：表扬幼儿的新发现，并询问在篮球架旁玩水是否合适，提议幼儿可以换个地方玩水。；教师D：提醒幼儿篮球架是用于开展运动的，与其他幼儿一起召唤他们打篮球，转移他们的关注点。,20.057,0.0,0,14.634146,49.02439,80.0,67.111111,55.700813,eligible,过程中等,多次调整；首末位摇摆；路径振荡,追问最理想或最不理想做法的判断为什么发生变化；追问当时是否在几个判断标准之间反复权衡
教师24,sim_openid_024_664191,Q2,2,未参与小组建构,大班建构活动中，睿睿和其他幼儿计划一起搭积木大桥，他们讨论了搭建方法，并进入区域开始搭建。就在其他幼儿在认真搭建时，睿睿发现了一块长条木板，他一会儿在地上推着走，一会儿当枪使，没有再参与小组的搭建。,继续观察，后续分享中支持睿睿思考如何把长条木板融入小组的建构中。,肯定睿睿的创造性玩法，询问他长条板能否当桥面，引导他参与到搭桥任务中。,引导睿睿回顾计划，建议他先完成共同任务，长条木板可以等自由游戏时再玩。,看到睿睿玩得开心，暂不介入，等下一次活动时再提醒他根据计划开展游戏。,33.668,33.668,24.893,8.775,3,3,1,1,0,4,0,0,0,A,B/D,教师A：继续观察，后续分享中支持睿睿思考如何把长条木板融入小组的建构中。,教师B：肯定睿睿的创造性玩法，询问他长条板能否当桥面，引导他参与到搭桥任务中。；教师D：看到睿睿玩得开心，暂不介入，等下一次活动时再提醒他根据计划开展游戏。,24.893,0.0,0,40.0,13.555556,60.0,29.666667,37.516667,eligible,过程简单,多次调整；首末位摇摆,追问最理想或最不理想做法的判断为什么发生变化
教师24,sim_openid_024_664191,Q3,3,材料选择无层次,大班上学期，张老师在建构区投放了按图搭建的游戏材料，并提供了不同星级难度的任务卡供幼儿选择，但有的幼儿一上来就选择高难度的三星级任务卡，结果不能顺利完成任务；而有的幼儿始终选择低难度的一星级任务卡。这天，浩浩又连续选择了几张一星级任务卡，很快就完成了任务。,调整任务卡提供方式，在游戏开始前根据幼儿的能力水平有针对性地发放任务卡。,暂不介入，尊重幼儿的自主选择和游戏体验，只要完成任务就是一种经验积累。,调整任务卡呈现方式，如增加“我想挑战”等提示，鼓励幼儿选择不同星级的挑战。,和浩浩回顾已完成的任务，比较不同星级的难度，邀请他选择稍有挑战的任务。,53.134,53.134,6.175,46.959,9,9,4,5,1,9,1,1,0,A,A/B,教师A：调整任务卡提供方式，在游戏开始前根据幼儿的能力水平有针对性地发放任务卡。,教师A：调整任务卡提供方式，在游戏开始前根据幼儿的能力水平有针对性地发放任务卡。；教师B：暂不介入，尊重幼儿的自主选择和游戏体验，只要完成任务就是一种经验积累。,6.179,0.0,0,88.888889,98.888889,100.0,67.222222,92.527778,eligible,过程复杂,首反应异常；高修正投入；多次调整；首末位摇摆；优劣方向冲突；路径振荡,请教师回忆读到情境后最先注意到什么、是否很快形成判断或感到难判断；追问后续主要在比较哪些做法、为什么调整；追问最理想或最不理想做法的判断为什么发生变化；追问是否曾把某做法从合适改判为不合适，或相反；追问当时是否在几个判断标准之间反复权衡
教师24,sim_openid_024_664191,Q4,4,频繁求助,中班区域活动时，小明选择了建构区。玩了一会儿，他跑到老师面前说“老师，我不会搭……帮帮我吧”，教师问他需要什么帮助时，他一边说我不会搭，一边却很快地将房子从一层积木加高到了两层。看小明专注搭建后，老师就离开建构区了。可是没一会，小明又找了老师好几次，说“老师，帮帮我吧，我不会搭”。,鼓励小明独立搭建，引导他思考接下来如何搭建，及时表扬他的努力。,先示范搭建关键部分，请小明观察方法，再鼓励他照着继续搭建。,在旁观察小明的搭建过程，并适时反馈，帮助他理清搭建步骤。,帮小明回顾已搭建完成的部分，指导他设定小目标，尝试自己实现。,48.026,48.026,14.595,33.431,8,8,2,5,1,6,3,3,0,B,B/C,教师B：先示范搭建关键部分，请小明观察方法，再鼓励他照着继续搭建。,教师B：先示范搭建关键部分，请小明观察方法，再鼓励他照着继续搭建。；教师C：在旁观察小明的搭建过程，并适时反馈，帮助他理清搭建步骤。,14.595,0.0,0,7.5,95.5,100.0,75.666667,76.5,eligible,过程复杂,高修正投入；多次调整；首末位摇摆；优劣方向冲突；路径振荡,追问后续主要在比较哪些做法、为什么调整；追问最理想或最不理想做法的判断为什么发生变化；追问是否曾把某做法从合适改判为不合适，或相反；追问当时是否在几个判断标准之间反复权衡
教师24,sim_openid_024_664191,Q5,5,消防员救火开心,近几天，中班的幼儿十分热衷于在区域游戏时间玩“消防员救火”的游戏。游戏结束后的交流活动中，老师问幼儿最想分享什么时，阳阳说“娃娃家着火了，好开心啊！”。,抓住教育契机，向幼儿耐心解释真实的火灾会造成物品损失和人员伤亡。,询问幼儿开心的是“着火”本身，还是消防员成功救火、娃娃家的人得救？,引导幼儿思考“娃娃家着火”值不值得开心，帮助他们认识真实火灾是危险的。,请阳阳讲讲娃娃家着火后发生了什么、为什么开心，借此理解幼儿的游戏体验。,23.04,23.04,6.321,16.719,3,3,0,2,0,3,1,1,0,,B/D,,教师B：询问幼儿开心的是“着火”本身，还是消防员成功救火、娃娃家的人得救？；教师D：请阳阳讲讲娃娃家着火后发生了什么、为什么开心，借此理解幼儿的游戏体验。,6.321,0.0,0,93.023256,35.348837,50.0,49.333333,54.109302,eligible,过程中等,首反应异常；多次调整；首末位摇摆,请教师回忆读到情境后最先注意到什么、是否很快形成判断或感到难判断；追问最理想或最不理想做法的判断为什么发生变化
教师24,sim_openid_024_664191,Q6,6,区域停留短,小班幼儿瑶瑶在区域活动时，一会儿在娃娃家切切菜，一会儿到美工区搓搓橡皮泥，一会儿又开心地跑到其它区域游戏，在任何一个区域停留时间都不超过三分钟。,提议瑶瑶完成某项游戏任务，如在娃娃家做菜，请他活动小结时分享。,游戏前提醒区域活动规则，活动结束后表扬区域游戏规则遵守得好的小朋友。,仔细观察瑶瑶在不同区域的游戏情况，分析他发生迅速转移的原因。,以同伴的身份陪伴瑶瑶在某一区域游戏，待他专注游戏后再离开。,40.357,40.357,26.989,13.368,2,2,2,0,0,3,0,0,0,A,B/C,教师A：提议瑶瑶完成某项游戏任务，如在娃娃家做菜，请他活动小结时分享。,教师B：游戏前提醒区域活动规则，活动结束后表扬区域游戏规则遵守得好的小朋友。；教师C：仔细观察瑶瑶在不同区域的游戏情况，分析他发生迅速转移的原因。,26.989,0.0,0,69.767442,15.24031,50.0,24.888889,39.758915,eligible,过程简单,首反应异常；首末位摇摆,请教师回忆读到情境后最先注意到什么、是否很快形成判断或感到难判断；追问最理想或最不理想做法的判断为什么发生变化
教师24,sim_openid_024_664191,Q7,7,飞行棋各走各的,大班区域游戏中，轩轩和小宇一起玩飞行棋，他们将棋子摆好后，各自拿了一个骰子开始投，小宇说：“该我走。”轩轩说：“明明该我走！”相持不下，于是两人各拿一个骰子，自顾自地走自己的棋。,耐心讲解共同游戏的规则，再以“棋手”身份加入游戏进行示范引导。,暂不介入，继续观察游戏进展，待区域小结时请幼儿分享游戏中的体验和问题。,拿走一个骰子，请幼儿商量只有一个骰子的共同游戏规则，达成一致后再开始游戏。,待幼儿体验一轮各走各的游戏后，询问幼儿的游戏体验，提示共同游戏规则的作用。,35.518,35.518,11.733,23.785,5,5,3,1,1,6,0,0,0,A,B/C,教师A：耐心讲解共同游戏的规则，再以“棋手”身份加入游戏进行示范引导。,教师B：暂不介入，继续观察游戏进展，待区域小结时请幼儿分享游戏中的体验和问题。；教师C：拿走一个骰子，请幼儿商量只有一个骰子的共同游戏规则，达成一致后再开始游戏。,11.733,0.0,0,55.813953,71.03876,100.0,42.0,73.774419,eligible,过程复杂,高修正投入；多次调整；首末位摇摆；优劣方向冲突,追问后续主要在比较哪些做法、为什么调整；追问最理想或最不理想做法的判断为什么发生变化；追问是否曾把某做法从合适改判为不合适，或相反
教师24,sim_openid_024_664191,Q8,8,跳绳秩序混乱,周三下午，大五班的幼儿正自发进行跳绳游戏。李老师观察后发现，挤在一起跳绳的幼儿人数较多，整个场面十分混乱，幼儿很容易出现碰撞现象。此外，由于当“柱子”的幼儿很久才能轮上跳绳，因此也显得很不耐烦。,请幼儿暂停游戏，将幼儿分成多个小组并引导他们以小组为单位分区域开展游戏。,请幼儿说一说跳绳活动中存在的问题，并邀请幼儿一起设置跳绳的规则。,提供更多数量和不同种类的跳绳，并言语引导幼儿分组分区同时进行跳绳游戏。,暂不介入，活动分享时通过照片或视频回放引导幼儿发现问题并商议解决办法。,26.029,26.029,10.821,15.208,3,3,2,1,0,3,1,1,1,C,A/B,教师C：提供更多数量和不同种类的跳绳，并言语引导幼儿分组分区同时进行跳绳游戏。,教师A：请幼儿暂停游戏，将幼儿分成多个小组并引导他们以小组为单位分区域开展游戏。；教师B：请幼儿说一说跳绳活动中存在的问题，并邀请幼儿一起设置跳绳的规则。,10.821,0.0,0,52.272727,42.393939,80.0,65.666667,61.022727,eligible,过程中等,多次调整；首末位摇摆；路径振荡,追问最理想或最不理想做法的判断为什么发生变化；追问当时是否在几个判断标准之间反复权衡
教师24,sim_openid_024_664191,Q9,9,艾莎公主不运动,小班的一次户外运动，有几个女孩子从一开始就没有选择任何体育活动项目，而是聚在一起坐在地上玩“艾莎公主”的游戏，比一比谁的鞋子最漂亮，谁的魔法最厉害。,询问幼儿没有参与运动的原因，提供丰富的活动材料吸引幼儿参与运动活动。,提醒幼儿现在是运动时间，请他们等自由游戏时间再一起玩“艾莎公主”的游戏。,利用艾莎公主的鞋子设计走、跑、跳等活动，并以参与者的身份邀请幼儿一起参与运动。,肯定幼儿自主游戏的行为，言语引导幼儿穿着“漂亮的鞋子”参与运动。,37.256,37.256,24.3,12.956,4,4,2,2,1,5,0,0,0,D,A/B,教师D：肯定幼儿自主游戏的行为，言语引导幼儿穿着“漂亮的鞋子”参与运动。,教师A：询问幼儿没有参与运动的原因，提供丰富的活动材料吸引幼儿参与运动活动。；教师B：提醒幼儿现在是运动时间，请他们等自由游戏时间再一起玩“艾莎公主”的游戏。,24.3,0.0,0,38.636364,42.030303,100.0,40.555556,61.419697,eligible,过程中等,多次调整；首末位摇摆；优劣方向冲突,追问最理想或最不理想做法的判断为什么发生变化；追问是否曾把某做法从合适改判为不合适，或相反
教师24,sim_openid_024_664191,Q10,10,引水难题未解,中班上学期，幼儿在“引水游戏”中遇到了难题——水无法被引到竹片管道上。他们不断调整竹片拼接的方式，却始终没能成功，即竹片一头高于出水管道，阻碍了引流。渐渐地幼儿的探索兴趣也减弱了，有的开始玩水，有的甚至离开了水池。,示范正确的引水方法，请幼儿注意观察并说说引水的要领，再自己试一试。,加入幼儿的探索，引导他们观察水流受阻的位置，一起尝试调整竹片的摆放方式。,组织幼儿就游戏困难进行讨论，寻找解决问题的方案，引导幼儿再次尝试。,投放更多辅助引水的材料，重新激起幼儿的探索兴趣，继续观察游戏进展。,27.493,27.493,21.0,6.493,2,2,0,1,0,3,0,0,0,B,C/D,教师B：加入幼儿的探索，引导他们观察水流受阻的位置，一起尝试调整竹片的摆放方式。,教师C：组织幼儿就游戏困难进行讨论，寻找解决问题的方案，引导幼儿再次尝试。；教师D：投放更多辅助引水的材料，重新激起幼儿的探索兴趣，继续观察游戏进展。,21.0,0.0,0,46.511628,10.728682,30.0,29.666667,27.47093,eligible,过程简单,过程相对平稳,追问教师当时主要依据什么形成排序
教师25,sim_openid_025_365395,Q1,1,篮球架玩水,操场上新安装了一些篮球架，幼儿经常在这里投篮。某天户外活动时，几名幼儿带着画笔和水桶来到这里，他们先是快乐地粉刷篮球架，之后开始往篮框里灌水，有的从上面灌，有的在下面接，忙的不亦乐乎，俨然这里成为了玩水的场地。,看到幼儿玩得很开心，不干预他们的玩水行为，待兴趣减弱后再讨论玩水的适宜性。,表扬幼儿的新发现，并询问在篮球架旁玩水是否合适，提议幼儿可以换个地方玩水。,参与到幼儿的“粉刷”游戏中，逐步引导幼儿到适宜玩水的地方继续开展游戏。,提醒幼儿篮球架是用于开展运动的，与其他幼儿一起召唤他们打篮球，转移他们的关注点。,34.801,34.801,19.021,15.78,3,3,2,1,0,4,0,0,0,A,B/D,教师A：看到幼儿玩得很开心，不干预他们的玩水行为，待兴趣减弱后再讨论玩水的适宜性。,教师B：表扬幼儿的新发现，并询问在篮球架旁玩水是否合适，提议幼儿可以换个地方玩水。；教师D：提醒幼儿篮球架是用于开展运动的，与其他幼儿一起召唤他们打篮球，转移他们的关注点。,19.021,0.0,0,0.0,27.268293,80.0,32.555556,41.063821,eligible,过程简单,多次调整；首末位摇摆,追问最理想或最不理想做法的判断为什么发生变化
教师25,sim_openid_025_365395,Q2,2,未参与小组建构,大班建构活动中，睿睿和其他幼儿计划一起搭积木大桥，他们讨论了搭建方法，并进入区域开始搭建。就在其他幼儿在认真搭建时，睿睿发现了一块长条木板，他一会儿在地上推着走，一会儿当枪使，没有再参与小组的搭建。,继续观察，后续分享中支持睿睿思考如何把长条木板融入小组的建构中。,肯定睿睿的创造性玩法，询问他长条板能否当桥面，引导他参与到搭桥任务中。,引导睿睿回顾计划，建议他先完成共同任务，长条木板可以等自由游戏时再玩。,看到睿睿玩得开心，暂不介入，等下一次活动时再提醒他根据计划开展游戏。,31.791,31.791,14.582,17.209,4,4,3,2,2,4,1,1,1,A,A/B,教师A：继续观察，后续分享中支持睿睿思考如何把长条木板融入小组的建构中。,教师A：继续观察，后续分享中支持睿睿思考如何把长条木板融入小组的建构中。；教师B：肯定睿睿的创造性玩法，询问他长条板能否当桥面，引导他参与到搭桥任务中。,14.582,0.0,0,17.777778,38.0,100.0,63.222222,59.438889,eligible,过程中等,多次调整；首末位摇摆；优劣方向冲突；路径振荡,追问最理想或最不理想做法的判断为什么发生变化；追问是否曾把某做法从合适改判为不合适，或相反；追问当时是否在几个判断标准之间反复权衡
教师25,sim_openid_025_365395,Q3,3,材料选择无层次,大班上学期，张老师在建构区投放了按图搭建的游戏材料，并提供了不同星级难度的任务卡供幼儿选择，但有的幼儿一上来就选择高难度的三星级任务卡，结果不能顺利完成任务；而有的幼儿始终选择低难度的一星级任务卡。这天，浩浩又连续选择了几张一星级任务卡，很快就完成了任务。,调整任务卡提供方式，在游戏开始前根据幼儿的能力水平有针对性地发放任务卡。,暂不介入，尊重幼儿的自主选择和游戏体验，只要完成任务就是一种经验积累。,调整任务卡呈现方式，如增加“我想挑战”等提示，鼓励幼儿选择不同星级的挑战。,和浩浩回顾已完成的任务，比较不同星级的难度，邀请他选择稍有挑战的任务。,21.996,21.996,10.113,11.883,3,3,1,1,0,4,0,0,0,A,C/D,教师A：调整任务卡提供方式，在游戏开始前根据幼儿的能力水平有针对性地发放任务卡。,教师C：调整任务卡呈现方式，如增加“我想挑战”等提示，鼓励幼儿选择不同星级的挑战。；教师D：和浩浩回顾已完成的任务，比较不同星级的难度，邀请他选择稍有挑战的任务。,10.113,0.0,0,62.222222,22.444444,60.0,32.0,44.977778,eligible,过程简单,首反应异常；多次调整；首末位摇摆,请教师回忆读到情境后最先注意到什么、是否很快形成判断或感到难判断；追问最理想或最不理想做法的判断为什么发生变化
教师25,sim_openid_025_365395,Q4,4,频繁求助,中班区域活动时，小明选择了建构区。玩了一会儿，他跑到老师面前说“老师，我不会搭……帮帮我吧”，教师问他需要什么帮助时，他一边说我不会搭，一边却很快地将房子从一层积木加高到了两层。看小明专注搭建后，老师就离开建构区了。可是没一会，小明又找了老师好几次，说“老师，帮帮我吧，我不会搭”。,鼓励小明独立搭建，引导他思考接下来如何搭建，及时表扬他的努力。,先示范搭建关键部分，请小明观察方法，再鼓励他照着继续搭建。,在旁观察小明的搭建过程，并适时反馈，帮助他理清搭建步骤。,帮小明回顾已搭建完成的部分，指导他设定小目标，尝试自己实现。,32.928,32.928,23.666,9.262,3,3,1,1,0,4,0,0,0,A,C/D,教师A：鼓励小明独立搭建，引导他思考接下来如何搭建，及时表扬他的努力。,教师C：在旁观察小明的搭建过程，并适时反馈，帮助他理清搭建步骤。；教师D：帮小明回顾已搭建完成的部分，指导他设定小目标，尝试自己实现。,23.666,0.0,0,47.5,25.833333,60.0,30.111111,42.766667,eligible,过程简单,多次调整；首末位摇摆,追问最理想或最不理想做法的判断为什么发生变化
教师25,sim_openid_025_365395,Q5,5,消防员救火开心,近几天，中班的幼儿十分热衷于在区域游戏时间玩“消防员救火”的游戏。游戏结束后的交流活动中，老师问幼儿最想分享什么时，阳阳说“娃娃家着火了，好开心啊！”。,抓住教育契机，向幼儿耐心解释真实的火灾会造成物品损失和人员伤亡。,询问幼儿开心的是“着火”本身，还是消防员成功救火、娃娃家的人得救？,引导幼儿思考“娃娃家着火”值不值得开心，帮助他们认识真实火灾是危险的。,请阳阳讲讲娃娃家着火后发生了什么、为什么开心，借此理解幼儿的游戏体验。,26.325,26.325,8.983,17.342,4,4,1,2,1,5,0,0,0,A,B/C,教师A：抓住教育契机，向幼儿耐心解释真实的火灾会造成物品损失和人员伤亡。,教师B：询问幼儿开心的是“着火”本身，还是消防员成功救火、娃娃家的人得救？；教师C：引导幼儿思考“娃娃家着火”值不值得开心，帮助他们认识真实火灾是危险的。,8.983,0.0,0,79.069767,50.806202,100.0,36.666667,71.555814,eligible,过程复杂,首反应异常；多次调整；首末位摇摆；优劣方向冲突,请教师回忆读到情境后最先注意到什么、是否很快形成判断或感到难判断；追问最理想或最不理想做法的判断为什么发生变化；追问是否曾把某做法从合适改判为不合适，或相反
教师25,sim_openid_025_365395,Q6,6,区域停留短,小班幼儿瑶瑶在区域活动时，一会儿在娃娃家切切菜，一会儿到美工区搓搓橡皮泥，一会儿又开心地跑到其它区域游戏，在任何一个区域停留时间都不超过三分钟。,提议瑶瑶完成某项游戏任务，如在娃娃家做菜，请他活动小结时分享。,游戏前提醒区域活动规则，活动结束后表扬区域游戏规则遵守得好的小朋友。,仔细观察瑶瑶在不同区域的游戏情况，分析他发生迅速转移的原因。,以同伴的身份陪伴瑶瑶在某一区域游戏，待他专注游戏后再离开。,44.956,44.956,26.593,18.363,4,4,2,3,1,5,0,0,0,A,A/D,教师A：提议瑶瑶完成某项游戏任务，如在娃娃家做菜，请他活动小结时分享。,教师A：提议瑶瑶完成某项游戏任务，如在娃娃家做菜，请他活动小结时分享。；教师D：以同伴的身份陪伴瑶瑶在某一区域游戏，待他专注游戏后再离开。,26.593,0.0,0,55.813953,46.015504,100.0,33.777778,65.034109,eligible,过程中等,多次调整；首末位摇摆；优劣方向冲突,追问最理想或最不理想做法的判断为什么发生变化；追问是否曾把某做法从合适改判为不合适，或相反
教师25,sim_openid_025_365395,Q7,7,飞行棋各走各的,大班区域游戏中，轩轩和小宇一起玩飞行棋，他们将棋子摆好后，各自拿了一个骰子开始投，小宇说：“该我走。”轩轩说：“明明该我走！”相持不下，于是两人各拿一个骰子，自顾自地走自己的棋。,耐心讲解共同游戏的规则，再以“棋手”身份加入游戏进行示范引导。,暂不介入，继续观察游戏进展，待区域小结时请幼儿分享游戏中的体验和问题。,拿走一个骰子，请幼儿商量只有一个骰子的共同游戏规则，达成一致后再开始游戏。,待幼儿体验一轮各走各的游戏后，询问幼儿的游戏体验，提示共同游戏规则的作用。,31.013,31.013,13.913,17.1,3,3,2,1,1,4,0,0,0,A,A/B,教师A：耐心讲解共同游戏的规则，再以“棋手”身份加入游戏进行示范引导。,教师A：耐心讲解共同游戏的规则，再以“棋手”身份加入游戏进行示范引导。；教师B：暂不介入，继续观察游戏进展，待区域小结时请幼儿分享游戏中的体验和问题。,13.913,0.0,0,18.604651,33.612403,100.0,34.222222,53.937984,eligible,过程中等,多次调整；首末位摇摆；优劣方向冲突,追问最理想或最不理想做法的判断为什么发生变化；追问是否曾把某做法从合适改判为不合适，或相反
教师25,sim_openid_025_365395,Q8,8,跳绳秩序混乱,周三下午，大五班的幼儿正自发进行跳绳游戏。李老师观察后发现，挤在一起跳绳的幼儿人数较多，整个场面十分混乱，幼儿很容易出现碰撞现象。此外，由于当“柱子”的幼儿很久才能轮上跳绳，因此也显得很不耐烦。,请幼儿暂停游戏，将幼儿分成多个小组并引导他们以小组为单位分区域开展游戏。,请幼儿说一说跳绳活动中存在的问题，并邀请幼儿一起设置跳绳的规则。,提供更多数量和不同种类的跳绳，并言语引导幼儿分组分区同时进行跳绳游戏。,暂不介入，活动分享时通过照片或视频回放引导幼儿发现问题并商议解决办法。,18.943,18.943,8.271,10.672,2,2,2,0,0,2,1,1,1,,A/B,,教师A：请幼儿暂停游戏，将幼儿分成多个小组并引导他们以小组为单位分区域开展游戏。；教师B：请幼儿说一说跳绳活动中存在的问题，并邀请幼儿一起设置跳绳的规则。,8.271,0.0,0,84.090909,17.484848,50.0,62.333333,48.913636,eligible,过程中等,首反应异常；首末位摇摆；路径振荡,请教师回忆读到情境后最先注意到什么、是否很快形成判断或感到难判断；追问最理想或最不理想做法的判断为什么发生变化；追问当时是否在几个判断标准之间反复权衡
教师25,sim_openid_025_365395,Q9,9,艾莎公主不运动,小班的一次户外运动，有几个女孩子从一开始就没有选择任何体育活动项目，而是聚在一起坐在地上玩“艾莎公主”的游戏，比一比谁的鞋子最漂亮，谁的魔法最厉害。,询问幼儿没有参与运动的原因，提供丰富的活动材料吸引幼儿参与运动活动。,提醒幼儿现在是运动时间，请他们等自由游戏时间再一起玩“艾莎公主”的游戏。,利用艾莎公主的鞋子设计走、跑、跳等活动，并以参与者的身份邀请幼儿一起参与运动。,肯定幼儿自主游戏的行为，言语引导幼儿穿着“漂亮的鞋子”参与运动。,32.839,32.839,11.123,21.716,6,6,2,3,1,7,0,0,0,D,A/B,教师D：肯定幼儿自主游戏的行为，言语引导幼儿穿着“漂亮的鞋子”参与运动。,教师A：询问幼儿没有参与运动的原因，提供丰富的活动材料吸引幼儿参与运动活动。；教师B：提醒幼儿现在是运动时间，请他们等自由游戏时间再一起玩“艾莎公主”的游戏。,11.123,0.0,0,56.818182,66.69697,100.0,46.333333,73.322727,eligible,过程复杂,高修正投入；多次调整；首末位摇摆；优劣方向冲突,追问后续主要在比较哪些做法、为什么调整；追问最理想或最不理想做法的判断为什么发生变化；追问是否曾把某做法从合适改判为不合适，或相反
教师25,sim_openid_025_365395,Q10,10,引水难题未解,中班上学期，幼儿在“引水游戏”中遇到了难题——水无法被引到竹片管道上。他们不断调整竹片拼接的方式，却始终没能成功，即竹片一头高于出水管道，阻碍了引流。渐渐地幼儿的探索兴趣也减弱了，有的开始玩水，有的甚至离开了水池。,示范正确的引水方法，请幼儿注意观察并说说引水的要领，再自己试一试。,加入幼儿的探索，引导他们观察水流受阻的位置，一起尝试调整竹片的摆放方式。,组织幼儿就游戏困难进行讨论，寻找解决问题的方案，引导幼儿再次尝试。,投放更多辅助引水的材料，重新激起幼儿的探索兴趣，继续观察游戏进展。,45.047,45.047,19.459,25.588,5,5,3,3,1,5,1,1,1,B,B/D,教师B：加入幼儿的探索，引导他们观察水流受阻的位置，一起尝试调整竹片的摆放方式。,教师B：加入幼儿的探索，引导他们观察水流受阻的位置，一起尝试调整竹片的摆放方式。；教师D：投放更多辅助引水的材料，重新激起幼儿的探索兴趣，继续观察游戏进展。,19.459,0.0,0,32.55814,71.565891,100.0,74.444444,74.148062,eligible,过程复杂,高修正投入；多次调整；首末位摇摆；优劣方向冲突；路径振荡,追问后续主要在比较哪些做法、为什么调整；追问最理想或最不理想做法的判断为什么发生变化；追问是否曾把某做法从合适改判为不合适，或相反；追问当时是否在几个判断标准之间反复权衡
教师26,sim_openid_026_708122,Q1,1,篮球架玩水,操场上新安装了一些篮球架，幼儿经常在这里投篮。某天户外活动时，几名幼儿带着画笔和水桶来到这里，他们先是快乐地粉刷篮球架，之后开始往篮框里灌水，有的从上面灌，有的在下面接，忙的不亦乐乎，俨然这里成为了玩水的场地。,看到幼儿玩得很开心，不干预他们的玩水行为，待兴趣减弱后再讨论玩水的适宜性。,表扬幼儿的新发现，并询问在篮球架旁玩水是否合适，提议幼儿可以换个地方玩水。,参与到幼儿的“粉刷”游戏中，逐步引导幼儿到适宜玩水的地方继续开展游戏。,提醒幼儿篮球架是用于开展运动的，与其他幼儿一起召唤他们打篮球，转移他们的关注点。,44.638,44.638,23.27,21.368,4,4,2,2,1,4,1,1,0,,A/B,,教师A：看到幼儿玩得很开心，不干预他们的玩水行为，待兴趣减弱后再讨论玩水的适宜性。；教师B：表扬幼儿的新发现，并询问在篮球架旁玩水是否合适，提议幼儿可以换个地方玩水。,23.27,0.0,0,53.658537,50.97561,100.0,53.111111,68.991057,eligible,过程复杂,多次调整；首末位摇摆；优劣方向冲突,追问最理想或最不理想做法的判断为什么发生变化；追问是否曾把某做法从合适改判为不合适，或相反
教师26,sim_openid_026_708122,Q2,2,未参与小组建构,大班建构活动中，睿睿和其他幼儿计划一起搭积木大桥，他们讨论了搭建方法，并进入区域开始搭建。就在其他幼儿在认真搭建时，睿睿发现了一块长条木板，他一会儿在地上推着走，一会儿当枪使，没有再参与小组的搭建。,继续观察，后续分享中支持睿睿思考如何把长条木板融入小组的建构中。,肯定睿睿的创造性玩法，询问他长条板能否当桥面，引导他参与到搭桥任务中。,引导睿睿回顾计划，建议他先完成共同任务，长条木板可以等自由游戏时再玩。,看到睿睿玩得开心，暂不介入，等下一次活动时再提醒他根据计划开展游戏。,39.155,39.155,18.154,21.001,6,6,4,1,0,7,0,0,0,A,B/D,教师A：继续观察，后续分享中支持睿睿思考如何把长条木板融入小组的建构中。,教师B：肯定睿睿的创造性玩法，询问他长条板能否当桥面，引导他参与到搭桥任务中。；教师D：看到睿睿玩得开心，暂不介入，等下一次活动时再提醒他根据计划开展游戏。,18.154,0.0,0,8.888889,64.222222,80.0,42.111111,55.361111,eligible,过程复杂,高修正投入；多次调整；首末位摇摆,追问后续主要在比较哪些做法、为什么调整；追问最理想或最不理想做法的判断为什么发生变化
教师26,sim_openid_026_708122,Q3,3,材料选择无层次,大班上学期，张老师在建构区投放了按图搭建的游戏材料，并提供了不同星级难度的任务卡供幼儿选择，但有的幼儿一上来就选择高难度的三星级任务卡，结果不能顺利完成任务；而有的幼儿始终选择低难度的一星级任务卡。这天，浩浩又连续选择了几张一星级任务卡，很快就完成了任务。,调整任务卡提供方式，在游戏开始前根据幼儿的能力水平有针对性地发放任务卡。,暂不介入，尊重幼儿的自主选择和游戏体验，只要完成任务就是一种经验积累。,调整任务卡呈现方式，如增加“我想挑战”等提示，鼓励幼儿选择不同星级的挑战。,和浩浩回顾已完成的任务，比较不同星级的难度，邀请他选择稍有挑战的任务。,19.327,19.327,10.466,8.861,2,2,2,1,1,3,0,0,0,A,B/C,教师A：调整任务卡提供方式，在游戏开始前根据幼儿的能力水平有针对性地发放任务卡。,教师B：暂不介入，尊重幼儿的自主选择和游戏体验，只要完成任务就是一种经验积累。；教师C：调整任务卡呈现方式，如增加“我想挑战”等提示，鼓励幼儿选择不同星级的挑战。,10.466,0.0,0,53.333333,9.111111,100.0,28.222222,52.633333,eligible,过程中等,首末位摇摆；优劣方向冲突,追问最理想或最不理想做法的判断为什么发生变化；追问是否曾把某做法从合适改判为不合适，或相反
教师26,sim_openid_026_708122,Q4,4,频繁求助,中班区域活动时，小明选择了建构区。玩了一会儿，他跑到老师面前说“老师，我不会搭……帮帮我吧”，教师问他需要什么帮助时，他一边说我不会搭，一边却很快地将房子从一层积木加高到了两层。看小明专注搭建后，老师就离开建构区了。可是没一会，小明又找了老师好几次，说“老师，帮帮我吧，我不会搭”。,鼓励小明独立搭建，引导他思考接下来如何搭建，及时表扬他的努力。,先示范搭建关键部分，请小明观察方法，再鼓励他照着继续搭建。,在旁观察小明的搭建过程，并适时反馈，帮助他理清搭建步骤。,帮小明回顾已搭建完成的部分，指导他设定小目标，尝试自己实现。,39.462,39.462,27.74,11.722,4,4,2,1,0,4,1,1,1,B,A/C,教师B：先示范搭建关键部分，请小明观察方法，再鼓励他照着继续搭建。,教师A：鼓励小明独立搭建，引导他思考接下来如何搭建，及时表扬他的努力。；教师C：在旁观察小明的搭建过程，并适时反馈，帮助他理清搭建步骤。,27.74,0.0,0,77.5,39.166667,80.0,65.555556,65.083333,eligible,过程复杂,首反应异常；多次调整；首末位摇摆；路径振荡,请教师回忆读到情境后最先注意到什么、是否很快形成判断或感到难判断；追问最理想或最不理想做法的判断为什么发生变化；追问当时是否在几个判断标准之间反复权衡
教师26,sim_openid_026_708122,Q5,5,消防员救火开心,近几天，中班的幼儿十分热衷于在区域游戏时间玩“消防员救火”的游戏。游戏结束后的交流活动中，老师问幼儿最想分享什么时，阳阳说“娃娃家着火了，好开心啊！”。,抓住教育契机，向幼儿耐心解释真实的火灾会造成物品损失和人员伤亡。,询问幼儿开心的是“着火”本身，还是消防员成功救火、娃娃家的人得救？,引导幼儿思考“娃娃家着火”值不值得开心，帮助他们认识真实火灾是危险的。,请阳阳讲讲娃娃家着火后发生了什么、为什么开心，借此理解幼儿的游戏体验。,39.126,39.126,26.278,12.848,2,2,2,0,0,2,1,1,1,,A/B,,教师A：抓住教育契机，向幼儿耐心解释真实的火灾会造成物品损失和人员伤亡。；教师B：询问幼儿开心的是“着火”本身，还是消防员成功救火、娃娃家的人得救？,26.278,0.0,0,65.116279,20.434109,50.0,59.666667,45.603488,eligible,过程简单,首反应异常；首末位摇摆,请教师回忆读到情境后最先注意到什么、是否很快形成判断或感到难判断；追问最理想或最不理想做法的判断为什么发生变化
教师26,sim_openid_026_708122,Q6,6,区域停留短,小班幼儿瑶瑶在区域活动时，一会儿在娃娃家切切菜，一会儿到美工区搓搓橡皮泥，一会儿又开心地跑到其它区域游戏，在任何一个区域停留时间都不超过三分钟。,提议瑶瑶完成某项游戏任务，如在娃娃家做菜，请他活动小结时分享。,游戏前提醒区域活动规则，活动结束后表扬区域游戏规则遵守得好的小朋友。,仔细观察瑶瑶在不同区域的游戏情况，分析他发生迅速转移的原因。,以同伴的身份陪伴瑶瑶在某一区域游戏，待他专注游戏后再离开。,40.437,40.437,21.916,18.521,3,3,2,1,0,3,1,1,1,D,B/C,教师D：以同伴的身份陪伴瑶瑶在某一区域游戏，待他专注游戏后再离开。,教师B：游戏前提醒区域活动规则，活动结束后表扬区域游戏规则遵守得好的小朋友。；教师C：仔细观察瑶瑶在不同区域的游戏情况，分析他发生迅速转移的原因。,21.916,0.0,0,27.906977,35.875969,80.0,59.444444,53.260853,eligible,过程中等,多次调整；首末位摇摆,追问最理想或最不理想做法的判断为什么发生变化
教师26,sim_openid_026_708122,Q7,7,飞行棋各走各的,大班区域游戏中，轩轩和小宇一起玩飞行棋，他们将棋子摆好后，各自拿了一个骰子开始投，小宇说：“该我走。”轩轩说：“明明该我走！”相持不下，于是两人各拿一个骰子，自顾自地走自己的棋。,耐心讲解共同游戏的规则，再以“棋手”身份加入游戏进行示范引导。,暂不介入，继续观察游戏进展，待区域小结时请幼儿分享游戏中的体验和问题。,拿走一个骰子，请幼儿商量只有一个骰子的共同游戏规则，达成一致后再开始游戏。,待幼儿体验一轮各走各的游戏后，询问幼儿的游戏体验，提示共同游戏规则的作用。,34.276,34.276,23.382,10.894,4,4,2,1,0,5,0,0,0,A,B/C,教师A：耐心讲解共同游戏的规则，再以“棋手”身份加入游戏进行示范引导。,教师B：暂不介入，继续观察游戏进展，待区域小结时请幼儿分享游戏中的体验和问题。；教师C：拿走一个骰子，请幼儿商量只有一个骰子的共同游戏规则，达成一致后再开始游戏。,23.382,0.0,0,51.162791,37.379845,80.0,38.888889,55.279845,eligible,过程中等,多次调整；首末位摇摆,追问最理想或最不理想做法的判断为什么发生变化
教师26,sim_openid_026_708122,Q8,8,跳绳秩序混乱,周三下午，大五班的幼儿正自发进行跳绳游戏。李老师观察后发现，挤在一起跳绳的幼儿人数较多，整个场面十分混乱，幼儿很容易出现碰撞现象。此外，由于当“柱子”的幼儿很久才能轮上跳绳，因此也显得很不耐烦。,请幼儿暂停游戏，将幼儿分成多个小组并引导他们以小组为单位分区域开展游戏。,请幼儿说一说跳绳活动中存在的问题，并邀请幼儿一起设置跳绳的规则。,提供更多数量和不同种类的跳绳，并言语引导幼儿分组分区同时进行跳绳游戏。,暂不介入，活动分享时通过照片或视频回放引导幼儿发现问题并商议解决办法。,35.289,35.289,23.754,11.535,2,2,1,1,0,3,0,0,0,A,A/B,教师A：请幼儿暂停游戏，将幼儿分成多个小组并引导他们以小组为单位分区域开展游戏。,教师A：请幼儿暂停游戏，将幼儿分成多个小组并引导他们以小组为单位分区域开展游戏。；教师B：请幼儿说一说跳绳活动中存在的问题，并邀请幼儿一起设置跳绳的规则。,23.754,0.0,0,52.272727,21.121212,60.0,30.555556,42.374242,eligible,过程简单,首末位摇摆,追问最理想或最不理想做法的判断为什么发生变化
教师26,sim_openid_026_708122,Q9,9,艾莎公主不运动,小班的一次户外运动，有几个女孩子从一开始就没有选择任何体育活动项目，而是聚在一起坐在地上玩“艾莎公主”的游戏，比一比谁的鞋子最漂亮，谁的魔法最厉害。,询问幼儿没有参与运动的原因，提供丰富的活动材料吸引幼儿参与运动活动。,提醒幼儿现在是运动时间，请他们等自由游戏时间再一起玩“艾莎公主”的游戏。,利用艾莎公主的鞋子设计走、跑、跳等活动，并以参与者的身份邀请幼儿一起参与运动。,肯定幼儿自主游戏的行为，言语引导幼儿穿着“漂亮的鞋子”参与运动。,32.47,32.47,26.698,5.772,1,1,0,1,0,2,0,0,0,B,B/C,教师B：提醒幼儿现在是运动时间，请他们等自由游戏时间再一起玩“艾莎公主”的游戏。,教师B：提醒幼儿现在是运动时间，请他们等自由游戏时间再一起玩“艾莎公主”的游戏。；教师C：利用艾莎公主的鞋子设计走、跑、跳等活动，并以参与者的身份邀请幼儿一起参与运动。,26.698,0.0,0,56.818182,4.030303,30.0,30.111111,27.589394,eligible,过程简单,过程相对平稳,追问教师当时主要依据什么形成排序
教师26,sim_openid_026_708122,Q10,10,引水难题未解,中班上学期，幼儿在“引水游戏”中遇到了难题——水无法被引到竹片管道上。他们不断调整竹片拼接的方式，却始终没能成功，即竹片一头高于出水管道，阻碍了引流。渐渐地幼儿的探索兴趣也减弱了，有的开始玩水，有的甚至离开了水池。,示范正确的引水方法，请幼儿注意观察并说说引水的要领，再自己试一试。,加入幼儿的探索，引导他们观察水流受阻的位置，一起尝试调整竹片的摆放方式。,组织幼儿就游戏困难进行讨论，寻找解决问题的方案，引导幼儿再次尝试。,投放更多辅助引水的材料，重新激起幼儿的探索兴趣，继续观察游戏进展。,29.042,29.042,15.793,13.249,4,4,3,1,0,5,0,0,0,D,C/D,教师D：投放更多辅助引水的材料，重新激起幼儿的探索兴趣，继续观察游戏进展。,教师C：组织幼儿就游戏困难进行讨论，寻找解决问题的方案，引导幼儿再次尝试。；教师D：投放更多辅助引水的材料，重新激起幼儿的探索兴趣，继续观察游戏进展。,15.793,0.0,0,13.953488,43.224806,80.0,39.444444,49.674806,eligible,过程中等,多次调整；首末位摇摆,追问最理想或最不理想做法的判断为什么发生变化
教师27,sim_openid_027_120869,Q1,1,篮球架玩水,操场上新安装了一些篮球架，幼儿经常在这里投篮。某天户外活动时，几名幼儿带着画笔和水桶来到这里，他们先是快乐地粉刷篮球架，之后开始往篮框里灌水，有的从上面灌，有的在下面接，忙的不亦乐乎，俨然这里成为了玩水的场地。,看到幼儿玩得很开心，不干预他们的玩水行为，待兴趣减弱后再讨论玩水的适宜性。,表扬幼儿的新发现，并询问在篮球架旁玩水是否合适，提议幼儿可以换个地方玩水。,参与到幼儿的“粉刷”游戏中，逐步引导幼儿到适宜玩水的地方继续开展游戏。,提醒幼儿篮球架是用于开展运动的，与其他幼儿一起召唤他们打篮球，转移他们的关注点。,24.283,24.283,7.895,16.388,3,3,0,2,0,3,1,1,1,B,B/C,教师B：表扬幼儿的新发现，并询问在篮球架旁玩水是否合适，提议幼儿可以换个地方玩水。,教师B：表扬幼儿的新发现，并询问在篮球架旁玩水是否合适，提议幼儿可以换个地方玩水。；教师C：参与到幼儿的“粉刷”游戏中，逐步引导幼儿到适宜玩水的地方继续开展游戏。,7.895,0.0,0,73.170732,29.219512,50.0,62.444444,50.266667,eligible,过程中等,首反应异常；多次调整；首末位摇摆；路径振荡,请教师回忆读到情境后最先注意到什么、是否很快形成判断或感到难判断；追问最理想或最不理想做法的判断为什么发生变化；追问当时是否在几个判断标准之间反复权衡
教师27,sim_openid_027_120869,Q2,2,未参与小组建构,大班建构活动中，睿睿和其他幼儿计划一起搭积木大桥，他们讨论了搭建方法，并进入区域开始搭建。就在其他幼儿在认真搭建时，睿睿发现了一块长条木板，他一会儿在地上推着走，一会儿当枪使，没有再参与小组的搭建。,继续观察，后续分享中支持睿睿思考如何把长条木板融入小组的建构中。,肯定睿睿的创造性玩法，询问他长条板能否当桥面，引导他参与到搭桥任务中。,引导睿睿回顾计划，建议他先完成共同任务，长条木板可以等自由游戏时再玩。,看到睿睿玩得开心，暂不介入，等下一次活动时再提醒他根据计划开展游戏。,18.365,18.365,11.747,6.618,2,2,1,1,1,3,0,0,0,D,A/B,教师D：看到睿睿玩得开心，暂不介入，等下一次活动时再提醒他根据计划开展游戏。,教师A：继续观察，后续分享中支持睿睿思考如何把长条木板融入小组的建构中。；教师B：肯定睿睿的创造性玩法，询问他长条板能否当桥面，引导他参与到搭桥任务中。,11.747,0.0,0,57.777778,4.666667,90.0,25.222222,48.238889,eligible,过程中等,首末位摇摆；优劣方向冲突,追问最理想或最不理想做法的判断为什么发生变化；追问是否曾把某做法从合适改判为不合适，或相反
教师27,sim_openid_027_120869,Q3,3,材料选择无层次,大班上学期，张老师在建构区投放了按图搭建的游戏材料，并提供了不同星级难度的任务卡供幼儿选择，但有的幼儿一上来就选择高难度的三星级任务卡，结果不能顺利完成任务；而有的幼儿始终选择低难度的一星级任务卡。这天，浩浩又连续选择了几张一星级任务卡，很快就完成了任务。,调整任务卡提供方式，在游戏开始前根据幼儿的能力水平有针对性地发放任务卡。,暂不介入，尊重幼儿的自主选择和游戏体验，只要完成任务就是一种经验积累。,调整任务卡呈现方式，如增加“我想挑战”等提示，鼓励幼儿选择不同星级的挑战。,和浩浩回顾已完成的任务，比较不同星级的难度，邀请他选择稍有挑战的任务。,38.283,38.283,12.793,25.49,5,5,3,3,1,5,1,1,1,A,A/B,教师A：调整任务卡提供方式，在游戏开始前根据幼儿的能力水平有针对性地发放任务卡。,教师A：调整任务卡提供方式，在游戏开始前根据幼儿的能力水平有针对性地发放任务卡。；教师B：暂不介入，尊重幼儿的自主选择和游戏体验，只要完成任务就是一种经验积累。,12.793,0.0,0,40.0,61.555556,100.0,71.888889,72.25,eligible,过程复杂,高修正投入；多次调整；首末位摇摆；优劣方向冲突；路径振荡,追问后续主要在比较哪些做法、为什么调整；追问最理想或最不理想做法的判断为什么发生变化；追问是否曾把某做法从合适改判为不合适，或相反；追问当时是否在几个判断标准之间反复权衡
教师27,sim_openid_027_120869,Q4,4,频繁求助,中班区域活动时，小明选择了建构区。玩了一会儿，他跑到老师面前说“老师，我不会搭……帮帮我吧”，教师问他需要什么帮助时，他一边说我不会搭，一边却很快地将房子从一层积木加高到了两层。看小明专注搭建后，老师就离开建构区了。可是没一会，小明又找了老师好几次，说“老师，帮帮我吧，我不会搭”。,鼓励小明独立搭建，引导他思考接下来如何搭建，及时表扬他的努力。,先示范搭建关键部分，请小明观察方法，再鼓励他照着继续搭建。,在旁观察小明的搭建过程，并适时反馈，帮助他理清搭建步骤。,帮小明回顾已搭建完成的部分，指导他设定小目标，尝试自己实现。,18.545,18.545,6.768,11.777,2,2,1,1,0,3,0,0,0,B,A/B,教师B：先示范搭建关键部分，请小明观察方法，再鼓励他照着继续搭建。,教师A：鼓励小明独立搭建，引导他思考接下来如何搭建，及时表扬他的努力。；教师B：先示范搭建关键部分，请小明观察方法，再鼓励他照着继续搭建。,6.977,0.0,0,87.5,19.5,60.0,25.0,48.1,eligible,过程中等,首反应异常；首末位摇摆,请教师回忆读到情境后最先注意到什么、是否很快形成判断或感到难判断；追问最理想或最不理想做法的判断为什么发生变化
教师27,sim_openid_027_120869,Q5,5,消防员救火开心,近几天，中班的幼儿十分热衷于在区域游戏时间玩“消防员救火”的游戏。游戏结束后的交流活动中，老师问幼儿最想分享什么时，阳阳说“娃娃家着火了，好开心啊！”。,抓住教育契机，向幼儿耐心解释真实的火灾会造成物品损失和人员伤亡。,询问幼儿开心的是“着火”本身，还是消防员成功救火、娃娃家的人得救？,引导幼儿思考“娃娃家着火”值不值得开心，帮助他们认识真实火灾是危险的。,请阳阳讲讲娃娃家着火后发生了什么、为什么开心，借此理解幼儿的游戏体验。,41.011,41.011,27.387,13.624,2,2,1,1,0,3,0,0,0,A,C/D,教师A：抓住教育契机，向幼儿耐心解释真实的火灾会造成物品损失和人员伤亡。,教师C：引导幼儿思考“娃娃家着火”值不值得开心，帮助他们认识真实火灾是危险的。；教师D：请阳阳讲讲娃娃家着火后发生了什么、为什么开心，借此理解幼儿的游戏体验。,27.387,0.0,0,79.069767,22.294574,60.0,28.222222,47.735659,eligible,过程简单,首反应异常；首末位摇摆,请教师回忆读到情境后最先注意到什么、是否很快形成判断或感到难判断；追问最理想或最不理想做法的判断为什么发生变化
教师27,sim_openid_027_120869,Q6,6,区域停留短,小班幼儿瑶瑶在区域活动时，一会儿在娃娃家切切菜，一会儿到美工区搓搓橡皮泥，一会儿又开心地跑到其它区域游戏，在任何一个区域停留时间都不超过三分钟。,提议瑶瑶完成某项游戏任务，如在娃娃家做菜，请他活动小结时分享。,游戏前提醒区域活动规则，活动结束后表扬区域游戏规则遵守得好的小朋友。,仔细观察瑶瑶在不同区域的游戏情况，分析他发生迅速转移的原因。,以同伴的身份陪伴瑶瑶在某一区域游戏，待他专注游戏后再离开。,39.226,39.226,25.044,14.182,3,3,1,1,0,4,0,0,0,A,C/D,教师A：提议瑶瑶完成某项游戏任务，如在娃娃家做菜，请他活动小结时分享。,教师C：仔细观察瑶瑶在不同区域的游戏情况，分析他发生迅速转移的原因。；教师D：以同伴的身份陪伴瑶瑶在某一区域游戏，待他专注游戏后再离开。,25.044,0.0,0,46.511628,28.434109,60.0,30.222222,43.365891,eligible,过程简单,多次调整；首末位摇摆,追问最理想或最不理想做法的判断为什么发生变化
教师27,sim_openid_027_120869,Q7,7,飞行棋各走各的,大班区域游戏中，轩轩和小宇一起玩飞行棋，他们将棋子摆好后，各自拿了一个骰子开始投，小宇说：“该我走。”轩轩说：“明明该我走！”相持不下，于是两人各拿一个骰子，自顾自地走自己的棋。,耐心讲解共同游戏的规则，再以“棋手”身份加入游戏进行示范引导。,暂不介入，继续观察游戏进展，待区域小结时请幼儿分享游戏中的体验和问题。,拿走一个骰子，请幼儿商量只有一个骰子的共同游戏规则，达成一致后再开始游戏。,待幼儿体验一轮各走各的游戏后，询问幼儿的游戏体验，提示共同游戏规则的作用。,32.478,32.478,9.366,23.112,6,6,2,1,0,7,0,0,0,D,B/C,教师D：待幼儿体验一轮各走各的游戏后，询问幼儿的游戏体验，提示共同游戏规则的作用。,教师B：暂不介入，继续观察游戏进展，待区域小结时请幼儿分享游戏中的体验和问题。；教师C：拿走一个骰子，请幼儿商量只有一个骰子的共同游戏规则，达成一致后再开始游戏。,9.366,0.0,0,69.767442,74.511628,80.0,44.0,70.906977,eligible,过程复杂,首反应异常；高修正投入；多次调整；首末位摇摆,请教师回忆读到情境后最先注意到什么、是否很快形成判断或感到难判断；追问后续主要在比较哪些做法、为什么调整；追问最理想或最不理想做法的判断为什么发生变化
教师27,sim_openid_027_120869,Q8,8,跳绳秩序混乱,周三下午，大五班的幼儿正自发进行跳绳游戏。李老师观察后发现，挤在一起跳绳的幼儿人数较多，整个场面十分混乱，幼儿很容易出现碰撞现象。此外，由于当“柱子”的幼儿很久才能轮上跳绳，因此也显得很不耐烦。,请幼儿暂停游戏，将幼儿分成多个小组并引导他们以小组为单位分区域开展游戏。,请幼儿说一说跳绳活动中存在的问题，并邀请幼儿一起设置跳绳的规则。,提供更多数量和不同种类的跳绳，并言语引导幼儿分组分区同时进行跳绳游戏。,暂不介入，活动分享时通过照片或视频回放引导幼儿发现问题并商议解决办法。,34.844,34.844,22.831,12.013,4,4,0,3,0,4,1,1,0,,B/C,,教师B：请幼儿说一说跳绳活动中存在的问题，并邀请幼儿一起设置跳绳的规则。；教师C：提供更多数量和不同种类的跳绳，并言语引导幼儿分组分区同时进行跳绳游戏。,22.831,0.0,0,34.090909,46.272727,50.0,57.444444,46.816667,eligible,过程简单,多次调整；首末位摇摆,追问最理想或最不理想做法的判断为什么发生变化
教师27,sim_openid_027_120869,Q9,9,艾莎公主不运动,小班的一次户外运动，有几个女孩子从一开始就没有选择任何体育活动项目，而是聚在一起坐在地上玩“艾莎公主”的游戏，比一比谁的鞋子最漂亮，谁的魔法最厉害。,询问幼儿没有参与运动的原因，提供丰富的活动材料吸引幼儿参与运动活动。,提醒幼儿现在是运动时间，请他们等自由游戏时间再一起玩“艾莎公主”的游戏。,利用艾莎公主的鞋子设计走、跑、跳等活动，并以参与者的身份邀请幼儿一起参与运动。,肯定幼儿自主游戏的行为，言语引导幼儿穿着“漂亮的鞋子”参与运动。,41.625,41.625,26.88,14.745,3,3,1,2,0,4,0,0,0,B,C/D,教师B：提醒幼儿现在是运动时间，请他们等自由游戏时间再一起玩“艾莎公主”的游戏。,教师C：利用艾莎公主的鞋子设计走、跑、跳等活动，并以参与者的身份邀请幼儿一起参与运动。；教师D：肯定幼儿自主游戏的行为，言语引导幼儿穿着“漂亮的鞋子”参与运动。,26.88,0.0,0,65.909091,33.181818,80.0,36.555556,56.619697,eligible,过程复杂,首反应异常；多次调整；首末位摇摆,请教师回忆读到情境后最先注意到什么、是否很快形成判断或感到难判断；追问最理想或最不理想做法的判断为什么发生变化
教师27,sim_openid_027_120869,Q10,10,引水难题未解,中班上学期，幼儿在“引水游戏”中遇到了难题——水无法被引到竹片管道上。他们不断调整竹片拼接的方式，却始终没能成功，即竹片一头高于出水管道，阻碍了引流。渐渐地幼儿的探索兴趣也减弱了，有的开始玩水，有的甚至离开了水池。,示范正确的引水方法，请幼儿注意观察并说说引水的要领，再自己试一试。,加入幼儿的探索，引导他们观察水流受阻的位置，一起尝试调整竹片的摆放方式。,组织幼儿就游戏困难进行讨论，寻找解决问题的方案，引导幼儿再次尝试。,投放更多辅助引水的材料，重新激起幼儿的探索兴趣，继续观察游戏进展。,28.571,28.571,12.902,15.669,5,5,1,1,0,5,1,1,1,D,C/D,教师D：投放更多辅助引水的材料，重新激起幼儿的探索兴趣，继续观察游戏进展。,教师C：组织幼儿就游戏困难进行讨论，寻找解决问题的方案，引导幼儿再次尝试。；教师D：投放更多辅助引水的材料，重新激起幼儿的探索兴趣，继续观察游戏进展。,12.902,0.0,0,23.255814,58.542636,60.0,74.444444,54.38062,eligible,过程中等,多次调整；首末位摇摆；路径振荡,追问最理想或最不理想做法的判断为什么发生变化；追问当时是否在几个判断标准之间反复权衡
教师28,sim_openid_028_602925,Q1,1,篮球架玩水,操场上新安装了一些篮球架，幼儿经常在这里投篮。某天户外活动时，几名幼儿带着画笔和水桶来到这里，他们先是快乐地粉刷篮球架，之后开始往篮框里灌水，有的从上面灌，有的在下面接，忙的不亦乐乎，俨然这里成为了玩水的场地。,看到幼儿玩得很开心，不干预他们的玩水行为，待兴趣减弱后再讨论玩水的适宜性。,表扬幼儿的新发现，并询问在篮球架旁玩水是否合适，提议幼儿可以换个地方玩水。,参与到幼儿的“粉刷”游戏中，逐步引导幼儿到适宜玩水的地方继续开展游戏。,提醒幼儿篮球架是用于开展运动的，与其他幼儿一起召唤他们打篮球，转移他们的关注点。,26.981,26.981,12.666,14.315,3,3,1,2,1,4,0,0,0,A,C/D,教师A：看到幼儿玩得很开心，不干预他们的玩水行为，待兴趣减弱后再讨论玩水的适宜性。,教师C：参与到幼儿的“粉刷”游戏中，逐步引导幼儿到适宜玩水的地方继续开展游戏。；教师D：提醒幼儿篮球架是用于开展运动的，与其他幼儿一起召唤他们打篮球，转移他们的关注点。,12.666,0.0,0,58.536585,26.292683,100.0,32.555556,59.478455,eligible,过程中等,多次调整；首末位摇摆；优劣方向冲突,追问最理想或最不理想做法的判断为什么发生变化；追问是否曾把某做法从合适改判为不合适，或相反
教师28,sim_openid_028_602925,Q2,2,未参与小组建构,大班建构活动中，睿睿和其他幼儿计划一起搭积木大桥，他们讨论了搭建方法，并进入区域开始搭建。就在其他幼儿在认真搭建时，睿睿发现了一块长条木板，他一会儿在地上推着走，一会儿当枪使，没有再参与小组的搭建。,继续观察，后续分享中支持睿睿思考如何把长条木板融入小组的建构中。,肯定睿睿的创造性玩法，询问他长条板能否当桥面，引导他参与到搭桥任务中。,引导睿睿回顾计划，建议他先完成共同任务，长条木板可以等自由游戏时再玩。,看到睿睿玩得开心，暂不介入，等下一次活动时再提醒他根据计划开展游戏。,28.44,28.44,11.466,16.974,4,4,2,2,0,5,0,0,0,A,C/D,教师A：继续观察，后续分享中支持睿睿思考如何把长条木板融入小组的建构中。,教师C：引导睿睿回顾计划，建议他先完成共同任务，长条木板可以等自由游戏时再玩。；教师D：看到睿睿玩得开心，暂不介入，等下一次活动时再提醒他根据计划开展游戏。,11.466,0.0,0,66.666667,37.111111,100.0,35.444444,64.783333,eligible,过程复杂,首反应异常；多次调整；首末位摇摆,请教师回忆读到情境后最先注意到什么、是否很快形成判断或感到难判断；追问最理想或最不理想做法的判断为什么发生变化
教师28,sim_openid_028_602925,Q3,3,材料选择无层次,大班上学期，张老师在建构区投放了按图搭建的游戏材料，并提供了不同星级难度的任务卡供幼儿选择，但有的幼儿一上来就选择高难度的三星级任务卡，结果不能顺利完成任务；而有的幼儿始终选择低难度的一星级任务卡。这天，浩浩又连续选择了几张一星级任务卡，很快就完成了任务。,调整任务卡提供方式，在游戏开始前根据幼儿的能力水平有针对性地发放任务卡。,暂不介入，尊重幼儿的自主选择和游戏体验，只要完成任务就是一种经验积累。,调整任务卡呈现方式，如增加“我想挑战”等提示，鼓励幼儿选择不同星级的挑战。,和浩浩回顾已完成的任务，比较不同星级的难度，邀请他选择稍有挑战的任务。,35.568,35.568,23.018,12.55,3,3,1,2,1,4,0,0,0,D,B/C,教师D：和浩浩回顾已完成的任务，比较不同星级的难度，邀请他选择稍有挑战的任务。,教师B：暂不介入，尊重幼儿的自主选择和游戏体验，只要完成任务就是一种经验积累。；教师C：调整任务卡呈现方式，如增加“我想挑战”等提示，鼓励幼儿选择不同星级的挑战。,23.018,0.0,0,26.666667,23.333333,100.0,32.0,52.133333,eligible,过程简单,多次调整；首末位摇摆；优劣方向冲突,追问最理想或最不理想做法的判断为什么发生变化；追问是否曾把某做法从合适改判为不合适，或相反
教师28,sim_openid_028_602925,Q4,4,频繁求助,中班区域活动时，小明选择了建构区。玩了一会儿，他跑到老师面前说“老师，我不会搭……帮帮我吧”，教师问他需要什么帮助时，他一边说我不会搭，一边却很快地将房子从一层积木加高到了两层。看小明专注搭建后，老师就离开建构区了。可是没一会，小明又找了老师好几次，说“老师，帮帮我吧，我不会搭”。,鼓励小明独立搭建，引导他思考接下来如何搭建，及时表扬他的努力。,先示范搭建关键部分，请小明观察方法，再鼓励他照着继续搭建。,在旁观察小明的搭建过程，并适时反馈，帮助他理清搭建步骤。,帮小明回顾已搭建完成的部分，指导他设定小目标，尝试自己实现。,34.493,34.493,18.395,16.098,3,3,2,1,1,4,0,0,0,A,B/C,教师A：鼓励小明独立搭建，引导他思考接下来如何搭建，及时表扬他的努力。,教师B：先示范搭建关键部分，请小明观察方法，再鼓励他照着继续搭建。；教师C：在旁观察小明的搭建过程，并适时反馈，帮助他理清搭建步骤。,18.395,0.0,0,2.5,37.833333,100.0,30.111111,51.366667,eligible,过程简单,多次调整；首末位摇摆；优劣方向冲突,追问最理想或最不理想做法的判断为什么发生变化；追问是否曾把某做法从合适改判为不合适，或相反
教师28,sim_openid_028_602925,Q5,5,消防员救火开心,近几天，中班的幼儿十分热衷于在区域游戏时间玩“消防员救火”的游戏。游戏结束后的交流活动中，老师问幼儿最想分享什么时，阳阳说“娃娃家着火了，好开心啊！”。,抓住教育契机，向幼儿耐心解释真实的火灾会造成物品损失和人员伤亡。,询问幼儿开心的是“着火”本身，还是消防员成功救火、娃娃家的人得救？,引导幼儿思考“娃娃家着火”值不值得开心，帮助他们认识真实火灾是危险的。,请阳阳讲讲娃娃家着火后发生了什么、为什么开心，借此理解幼儿的游戏体验。,30.821,30.821,8.209,22.612,5,5,4,2,1,5,1,1,0,,A/B,,教师A：抓住教育契机，向幼儿耐心解释真实的火灾会造成物品损失和人员伤亡。；教师B：询问幼儿开心的是“着火”本身，还是消防员成功救火、娃娃家的人得救？,8.209,0.0,0,83.72093,72.775194,100.0,57.777778,82.243411,eligible,过程复杂,首反应异常；高修正投入；多次调整；首末位摇摆；优劣方向冲突,请教师回忆读到情境后最先注意到什么、是否很快形成判断或感到难判断；追问后续主要在比较哪些做法、为什么调整；追问最理想或最不理想做法的判断为什么发生变化；追问是否曾把某做法从合适改判为不合适，或相反
教师28,sim_openid_028_602925,Q6,6,区域停留短,小班幼儿瑶瑶在区域活动时，一会儿在娃娃家切切菜，一会儿到美工区搓搓橡皮泥，一会儿又开心地跑到其它区域游戏，在任何一个区域停留时间都不超过三分钟。,提议瑶瑶完成某项游戏任务，如在娃娃家做菜，请他活动小结时分享。,游戏前提醒区域活动规则，活动结束后表扬区域游戏规则遵守得好的小朋友。,仔细观察瑶瑶在不同区域的游戏情况，分析他发生迅速转移的原因。,以同伴的身份陪伴瑶瑶在某一区域游戏，待他专注游戏后再离开。,45.553,45.553,24.624,20.929,4,4,1,2,0,4,1,1,0,A,A/C,教师A：提议瑶瑶完成某项游戏任务，如在娃娃家做菜，请他活动小结时分享。,教师A：提议瑶瑶完成某项游戏任务，如在娃娃家做菜，请他活动小结时分享。；教师C：仔细观察瑶瑶在不同区域的游戏情况，分析他发生迅速转移的原因。,24.624,0.0,0,37.209302,52.527132,80.0,50.777778,58.816667,eligible,过程中等,多次调整；首末位摇摆,追问最理想或最不理想做法的判断为什么发生变化
教师28,sim_openid_028_602925,Q7,7,飞行棋各走各的,大班区域游戏中，轩轩和小宇一起玩飞行棋，他们将棋子摆好后，各自拿了一个骰子开始投，小宇说：“该我走。”轩轩说：“明明该我走！”相持不下，于是两人各拿一个骰子，自顾自地走自己的棋。,耐心讲解共同游戏的规则，再以“棋手”身份加入游戏进行示范引导。,暂不介入，继续观察游戏进展，待区域小结时请幼儿分享游戏中的体验和问题。,拿走一个骰子，请幼儿商量只有一个骰子的共同游戏规则，达成一致后再开始游戏。,待幼儿体验一轮各走各的游戏后，询问幼儿的游戏体验，提示共同游戏规则的作用。,23.658,23.658,8.789,14.869,3,3,2,1,1,4,0,0,0,A,B/D,教师A：耐心讲解共同游戏的规则，再以“棋手”身份加入游戏进行示范引导。,教师B：暂不介入，继续观察游戏进展，待区域小结时请幼儿分享游戏中的体验和问题。；教师D：待幼儿体验一轮各走各的游戏后，询问幼儿的游戏体验，提示共同游戏规则的作用。,8.789,0.0,0,74.418605,29.891473,100.0,34.222222,63.984496,eligible,过程复杂,首反应异常；多次调整；首末位摇摆；优劣方向冲突,请教师回忆读到情境后最先注意到什么、是否很快形成判断或感到难判断；追问最理想或最不理想做法的判断为什么发生变化；追问是否曾把某做法从合适改判为不合适，或相反
教师28,sim_openid_028_602925,Q8,8,跳绳秩序混乱,周三下午，大五班的幼儿正自发进行跳绳游戏。李老师观察后发现，挤在一起跳绳的幼儿人数较多，整个场面十分混乱，幼儿很容易出现碰撞现象。此外，由于当“柱子”的幼儿很久才能轮上跳绳，因此也显得很不耐烦。,请幼儿暂停游戏，将幼儿分成多个小组并引导他们以小组为单位分区域开展游戏。,请幼儿说一说跳绳活动中存在的问题，并邀请幼儿一起设置跳绳的规则。,提供更多数量和不同种类的跳绳，并言语引导幼儿分组分区同时进行跳绳游戏。,暂不介入，活动分享时通过照片或视频回放引导幼儿发现问题并商议解决办法。,29.83,29.83,15.603,14.227,3,3,1,1,0,4,0,0,0,A,B/D,教师A：请幼儿暂停游戏，将幼儿分成多个小组并引导他们以小组为单位分区域开展游戏。,教师B：请幼儿说一说跳绳活动中存在的问题，并邀请幼儿一起设置跳绳的规则。；教师D：暂不介入，活动分享时通过照片或视频回放引导幼儿发现问题并商议解决办法。,15.603,0.0,0,15.909091,40.575758,60.0,36.333333,41.804545,eligible,过程简单,多次调整；首末位摇摆,追问最理想或最不理想做法的判断为什么发生变化
教师28,sim_openid_028_602925,Q9,9,艾莎公主不运动,小班的一次户外运动，有几个女孩子从一开始就没有选择任何体育活动项目，而是聚在一起坐在地上玩“艾莎公主”的游戏，比一比谁的鞋子最漂亮，谁的魔法最厉害。,询问幼儿没有参与运动的原因，提供丰富的活动材料吸引幼儿参与运动活动。,提醒幼儿现在是运动时间，请他们等自由游戏时间再一起玩“艾莎公主”的游戏。,利用艾莎公主的鞋子设计走、跑、跳等活动，并以参与者的身份邀请幼儿一起参与运动。,肯定幼儿自主游戏的行为，言语引导幼儿穿着“漂亮的鞋子”参与运动。,31.783,31.783,15.015,16.768,4,4,2,2,0,5,0,0,0,A,C/D,教师A：询问幼儿没有参与运动的原因，提供丰富的活动材料吸引幼儿参与运动活动。,教师C：利用艾莎公主的鞋子设计走、跑、跳等活动，并以参与者的身份邀请幼儿一起参与运动。；教师D：肯定幼儿自主游戏的行为，言语引导幼儿穿着“漂亮的鞋子”参与运动。,15.015,0.0,0,6.818182,47.484848,100.0,40.555556,56.692424,eligible,过程中等,多次调整；首末位摇摆,追问最理想或最不理想做法的判断为什么发生变化
教师28,sim_openid_028_602925,Q10,10,引水难题未解,中班上学期，幼儿在“引水游戏”中遇到了难题——水无法被引到竹片管道上。他们不断调整竹片拼接的方式，却始终没能成功，即竹片一头高于出水管道，阻碍了引流。渐渐地幼儿的探索兴趣也减弱了，有的开始玩水，有的甚至离开了水池。,示范正确的引水方法，请幼儿注意观察并说说引水的要领，再自己试一试。,加入幼儿的探索，引导他们观察水流受阻的位置，一起尝试调整竹片的摆放方式。,组织幼儿就游戏困难进行讨论，寻找解决问题的方案，引导幼儿再次尝试。,投放更多辅助引水的材料，重新激起幼儿的探索兴趣，继续观察游戏进展。,25.151,25.151,8.039,17.112,3,3,3,1,1,4,0,0,0,D,A/B,教师D：投放更多辅助引水的材料，重新激起幼儿的探索兴趣，继续观察游戏进展。,教师A：示范正确的引水方法，请幼儿注意观察并说说引水的要领，再自己试一试。；教师B：加入幼儿的探索，引导他们观察水流受阻的位置，一起尝试调整竹片的摆放方式。,8.191,0.0,0,55.813953,40.139535,100.0,35.0,63.454651,eligible,过程中等,多次调整；首末位摇摆；优劣方向冲突,追问最理想或最不理想做法的判断为什么发生变化；追问是否曾把某做法从合适改判为不合适，或相反
教师29,sim_openid_029_918357,Q1,1,篮球架玩水,操场上新安装了一些篮球架，幼儿经常在这里投篮。某天户外活动时，几名幼儿带着画笔和水桶来到这里，他们先是快乐地粉刷篮球架，之后开始往篮框里灌水，有的从上面灌，有的在下面接，忙的不亦乐乎，俨然这里成为了玩水的场地。,看到幼儿玩得很开心，不干预他们的玩水行为，待兴趣减弱后再讨论玩水的适宜性。,表扬幼儿的新发现，并询问在篮球架旁玩水是否合适，提议幼儿可以换个地方玩水。,参与到幼儿的“粉刷”游戏中，逐步引导幼儿到适宜玩水的地方继续开展游戏。,提醒幼儿篮球架是用于开展运动的，与其他幼儿一起召唤他们打篮球，转移他们的关注点。,19.096,19.096,6.006,13.09,3,3,1,1,0,4,0,0,0,A,A/B,教师A：看到幼儿玩得很开心，不干预他们的玩水行为，待兴趣减弱后再讨论玩水的适宜性。,教师A：看到幼儿玩得很开心，不干预他们的玩水行为，待兴趣减弱后再讨论玩水的适宜性。；教师B：表扬幼儿的新发现，并询问在篮球架旁玩水是否合适，提议幼儿可以换个地方玩水。,7.927,0.0,0,92.682927,24.341463,60.0,32.555556,51.722358,eligible,过程中等,首反应异常；多次调整；首末位摇摆,请教师回忆读到情境后最先注意到什么、是否很快形成判断或感到难判断；追问最理想或最不理想做法的判断为什么发生变化
教师29,sim_openid_029_918357,Q2,2,未参与小组建构,大班建构活动中，睿睿和其他幼儿计划一起搭积木大桥，他们讨论了搭建方法，并进入区域开始搭建。就在其他幼儿在认真搭建时，睿睿发现了一块长条木板，他一会儿在地上推着走，一会儿当枪使，没有再参与小组的搭建。,继续观察，后续分享中支持睿睿思考如何把长条木板融入小组的建构中。,肯定睿睿的创造性玩法，询问他长条板能否当桥面，引导他参与到搭桥任务中。,引导睿睿回顾计划，建议他先完成共同任务，长条木板可以等自由游戏时再玩。,看到睿睿玩得开心，暂不介入，等下一次活动时再提醒他根据计划开展游戏。,38.209,38.209,15.145,23.064,7,7,4,2,1,7,1,1,1,A,B/D,教师A：继续观察，后续分享中支持睿睿思考如何把长条木板融入小组的建构中。,教师B：肯定睿睿的创造性玩法，询问他长条板能否当桥面，引导他参与到搭桥任务中。；教师D：看到睿睿玩得开心，暂不介入，等下一次活动时再提醒他根据计划开展游戏。,15.145,0.0,0,4.444444,76.0,100.0,75.666667,70.038889,eligible,过程复杂,高修正投入；多次调整；首末位摇摆；优劣方向冲突；路径振荡,追问后续主要在比较哪些做法、为什么调整；追问最理想或最不理想做法的判断为什么发生变化；追问是否曾把某做法从合适改判为不合适，或相反；追问当时是否在几个判断标准之间反复权衡
教师29,sim_openid_029_918357,Q3,3,材料选择无层次,大班上学期，张老师在建构区投放了按图搭建的游戏材料，并提供了不同星级难度的任务卡供幼儿选择，但有的幼儿一上来就选择高难度的三星级任务卡，结果不能顺利完成任务；而有的幼儿始终选择低难度的一星级任务卡。这天，浩浩又连续选择了几张一星级任务卡，很快就完成了任务。,调整任务卡提供方式，在游戏开始前根据幼儿的能力水平有针对性地发放任务卡。,暂不介入，尊重幼儿的自主选择和游戏体验，只要完成任务就是一种经验积累。,调整任务卡呈现方式，如增加“我想挑战”等提示，鼓励幼儿选择不同星级的挑战。,和浩浩回顾已完成的任务，比较不同星级的难度，邀请他选择稍有挑战的任务。,33.301,33.301,19.468,13.833,4,4,2,1,0,5,0,0,0,D,A/C,教师D：和浩浩回顾已完成的任务，比较不同星级的难度，邀请他选择稍有挑战的任务。,教师A：调整任务卡提供方式，在游戏开始前根据幼儿的能力水平有针对性地发放任务卡。；教师C：调整任务卡呈现方式，如增加“我想挑战”等提示，鼓励幼儿选择不同星级的挑战。,19.468,0.0,0,4.444444,35.333333,80.0,36.888889,45.022222,eligible,过程简单,多次调整；首末位摇摆,追问最理想或最不理想做法的判断为什么发生变化
教师29,sim_openid_029_918357,Q4,4,频繁求助,中班区域活动时，小明选择了建构区。玩了一会儿，他跑到老师面前说“老师，我不会搭……帮帮我吧”，教师问他需要什么帮助时，他一边说我不会搭，一边却很快地将房子从一层积木加高到了两层。看小明专注搭建后，老师就离开建构区了。可是没一会，小明又找了老师好几次，说“老师，帮帮我吧，我不会搭”。,鼓励小明独立搭建，引导他思考接下来如何搭建，及时表扬他的努力。,先示范搭建关键部分，请小明观察方法，再鼓励他照着继续搭建。,在旁观察小明的搭建过程，并适时反馈，帮助他理清搭建步骤。,帮小明回顾已搭建完成的部分，指导他设定小目标，尝试自己实现。,39.996,39.996,27.833,12.163,2,2,1,1,0,3,0,0,0,B,B/C,教师B：先示范搭建关键部分，请小明观察方法，再鼓励他照着继续搭建。,教师B：先示范搭建关键部分，请小明观察方法，再鼓励他照着继续搭建。；教师C：在旁观察小明的搭建过程，并适时反馈，帮助他理清搭建步骤。,27.833,0.0,0,82.5,21.5,60.0,25.0,47.7,eligible,过程中等,首反应异常；首末位摇摆,请教师回忆读到情境后最先注意到什么、是否很快形成判断或感到难判断；追问最理想或最不理想做法的判断为什么发生变化
教师29,sim_openid_029_918357,Q5,5,消防员救火开心,近几天，中班的幼儿十分热衷于在区域游戏时间玩“消防员救火”的游戏。游戏结束后的交流活动中，老师问幼儿最想分享什么时，阳阳说“娃娃家着火了，好开心啊！”。,抓住教育契机，向幼儿耐心解释真实的火灾会造成物品损失和人员伤亡。,询问幼儿开心的是“着火”本身，还是消防员成功救火、娃娃家的人得救？,引导幼儿思考“娃娃家着火”值不值得开心，帮助他们认识真实火灾是危险的。,请阳阳讲讲娃娃家着火后发生了什么、为什么开心，借此理解幼儿的游戏体验。,30.399,30.399,7.375,23.024,5,5,0,3,0,5,1,1,0,B,B/D,教师B：询问幼儿开心的是“着火”本身，还是消防员成功救火、娃娃家的人得救？,教师B：询问幼儿开心的是“着火”本身，还是消防员成功救火、娃娃家的人得救？；教师D：请阳阳讲讲娃娃家着火后发生了什么、为什么开心，借此理解幼儿的游戏体验。,7.375,0.0,0,88.372093,73.705426,50.0,57.777778,65.952713,eligible,过程复杂,首反应异常；高修正投入；多次调整；首末位摇摆,请教师回忆读到情境后最先注意到什么、是否很快形成判断或感到难判断；追问后续主要在比较哪些做法、为什么调整；追问最理想或最不理想做法的判断为什么发生变化
教师29,sim_openid_029_918357,Q6,6,区域停留短,小班幼儿瑶瑶在区域活动时，一会儿在娃娃家切切菜，一会儿到美工区搓搓橡皮泥，一会儿又开心地跑到其它区域游戏，在任何一个区域停留时间都不超过三分钟。,提议瑶瑶完成某项游戏任务，如在娃娃家做菜，请他活动小结时分享。,游戏前提醒区域活动规则，活动结束后表扬区域游戏规则遵守得好的小朋友。,仔细观察瑶瑶在不同区域的游戏情况，分析他发生迅速转移的原因。,以同伴的身份陪伴瑶瑶在某一区域游戏，待他专注游戏后再离开。,19.521,19.521,,,0,0,0,0,0,1,0,0,0,,,,,19.521,0.0,0,0.0,21.333333,0.0,20.888889,9.533333,eligible,过程简单,过程相对平稳,追问教师当时主要依据什么形成排序
教师29,sim_openid_029_918357,Q7,7,飞行棋各走各的,大班区域游戏中，轩轩和小宇一起玩飞行棋，他们将棋子摆好后，各自拿了一个骰子开始投，小宇说：“该我走。”轩轩说：“明明该我走！”相持不下，于是两人各拿一个骰子，自顾自地走自己的棋。,耐心讲解共同游戏的规则，再以“棋手”身份加入游戏进行示范引导。,暂不介入，继续观察游戏进展，待区域小结时请幼儿分享游戏中的体验和问题。,拿走一个骰子，请幼儿商量只有一个骰子的共同游戏规则，达成一致后再开始游戏。,待幼儿体验一轮各走各的游戏后，询问幼儿的游戏体验，提示共同游戏规则的作用。,40.063,40.063,21.384,18.679,4,4,2,1,0,5,0,0,0,A,B/D,教师A：耐心讲解共同游戏的规则，再以“棋手”身份加入游戏进行示范引导。,教师B：暂不介入，继续观察游戏进展，待区域小结时请幼儿分享游戏中的体验和问题。；教师D：待幼儿体验一轮各走各的游戏后，询问幼儿的游戏体验，提示共同游戏规则的作用。,21.384,0.0,0,37.209302,51.333333,80.0,38.888889,56.675194,eligible,过程中等,多次调整；首末位摇摆,追问最理想或最不理想做法的判断为什么发生变化
教师29,sim_openid_029_918357,Q8,8,跳绳秩序混乱,周三下午，大五班的幼儿正自发进行跳绳游戏。李老师观察后发现，挤在一起跳绳的幼儿人数较多，整个场面十分混乱，幼儿很容易出现碰撞现象。此外，由于当“柱子”的幼儿很久才能轮上跳绳，因此也显得很不耐烦。,请幼儿暂停游戏，将幼儿分成多个小组并引导他们以小组为单位分区域开展游戏。,请幼儿说一说跳绳活动中存在的问题，并邀请幼儿一起设置跳绳的规则。,提供更多数量和不同种类的跳绳，并言语引导幼儿分组分区同时进行跳绳游戏。,暂不介入，活动分享时通过照片或视频回放引导幼儿发现问题并商议解决办法。,40.184,40.184,15.474,24.71,5,5,4,1,0,6,0,0,0,A,A/B,教师A：请幼儿暂停游戏，将幼儿分成多个小组并引导他们以小组为单位分区域开展游戏。,教师A：请幼儿暂停游戏，将幼儿分成多个小组并引导他们以小组为单位分区域开展游戏。；教师B：请幼儿说一说跳绳活动中存在的问题，并邀请幼儿一起设置跳绳的规则。,15.474,0.0,0,20.454545,66.818182,80.0,41.888889,58.419697,eligible,过程复杂,高修正投入；多次调整；首末位摇摆,追问后续主要在比较哪些做法、为什么调整；追问最理想或最不理想做法的判断为什么发生变化
教师29,sim_openid_029_918357,Q9,9,艾莎公主不运动,小班的一次户外运动，有几个女孩子从一开始就没有选择任何体育活动项目，而是聚在一起坐在地上玩“艾莎公主”的游戏，比一比谁的鞋子最漂亮，谁的魔法最厉害。,询问幼儿没有参与运动的原因，提供丰富的活动材料吸引幼儿参与运动活动。,提醒幼儿现在是运动时间，请他们等自由游戏时间再一起玩“艾莎公主”的游戏。,利用艾莎公主的鞋子设计走、跑、跳等活动，并以参与者的身份邀请幼儿一起参与运动。,肯定幼儿自主游戏的行为，言语引导幼儿穿着“漂亮的鞋子”参与运动。,33.516,33.516,22.457,11.059,2,2,0,0,0,2,1,1,1,,B/C,,教师B：提醒幼儿现在是运动时间，请他们等自由游戏时间再一起玩“艾莎公主”的游戏。；教师C：利用艾莎公主的鞋子设计走、跑、跳等活动，并以参与者的身份邀请幼儿一起参与运动。,22.457,0.0,0,29.545455,16.818182,0.0,67.888889,21.137879,eligible,过程简单,路径振荡,追问当时是否在几个判断标准之间反复权衡
教师29,sim_openid_029_918357,Q10,10,引水难题未解,中班上学期，幼儿在“引水游戏”中遇到了难题——水无法被引到竹片管道上。他们不断调整竹片拼接的方式，却始终没能成功，即竹片一头高于出水管道，阻碍了引流。渐渐地幼儿的探索兴趣也减弱了，有的开始玩水，有的甚至离开了水池。,示范正确的引水方法，请幼儿注意观察并说说引水的要领，再自己试一试。,加入幼儿的探索，引导他们观察水流受阻的位置，一起尝试调整竹片的摆放方式。,组织幼儿就游戏困难进行讨论，寻找解决问题的方案，引导幼儿再次尝试。,投放更多辅助引水的材料，重新激起幼儿的探索兴趣，继续观察游戏进展。,19.803,19.803,7.115,12.688,3,3,1,2,0,4,0,0,0,A,A/B,教师A：示范正确的引水方法，请幼儿注意观察并说说引水的要领，再自己试一试。,教师A：示范正确的引水方法，请幼儿注意观察并说说引水的要领，再自己试一试。；教师B：加入幼儿的探索，引导他们观察水流受阻的位置，一起尝试调整竹片的摆放方式。,10.241,0.0,0,69.767442,31.767442,80.0,35.0,56.733721,eligible,过程中等,首反应异常；多次调整；首末位摇摆,请教师回忆读到情境后最先注意到什么、是否很快形成判断或感到难判断；追问最理想或最不理想做法的判断为什么发生变化
教师30,sim_openid_030_839976,Q1,1,篮球架玩水,操场上新安装了一些篮球架，幼儿经常在这里投篮。某天户外活动时，几名幼儿带着画笔和水桶来到这里，他们先是快乐地粉刷篮球架，之后开始往篮框里灌水，有的从上面灌，有的在下面接，忙的不亦乐乎，俨然这里成为了玩水的场地。,看到幼儿玩得很开心，不干预他们的玩水行为，待兴趣减弱后再讨论玩水的适宜性。,表扬幼儿的新发现，并询问在篮球架旁玩水是否合适，提议幼儿可以换个地方玩水。,参与到幼儿的“粉刷”游戏中，逐步引导幼儿到适宜玩水的地方继续开展游戏。,提醒幼儿篮球架是用于开展运动的，与其他幼儿一起召唤他们打篮球，转移他们的关注点。,39.767,39.767,16.39,23.377,4,4,4,0,0,4,1,1,1,A,A/B,教师A：看到幼儿玩得很开心，不干预他们的玩水行为，待兴趣减弱后再讨论玩水的适宜性。,教师A：看到幼儿玩得很开心，不干预他们的玩水行为，待兴趣减弱后再讨论玩水的适宜性。；教师B：表扬幼儿的新发现，并询问在篮球架旁玩水是否合适，提议幼儿可以换个地方玩水。,16.39,0.0,0,24.390244,53.902439,50.0,67.111111,48.615447,eligible,过程简单,多次调整；首末位摇摆；路径振荡,追问最理想或最不理想做法的判断为什么发生变化；追问当时是否在几个判断标准之间反复权衡
教师30,sim_openid_030_839976,Q2,2,未参与小组建构,大班建构活动中，睿睿和其他幼儿计划一起搭积木大桥，他们讨论了搭建方法，并进入区域开始搭建。就在其他幼儿在认真搭建时，睿睿发现了一块长条木板，他一会儿在地上推着走，一会儿当枪使，没有再参与小组的搭建。,继续观察，后续分享中支持睿睿思考如何把长条木板融入小组的建构中。,肯定睿睿的创造性玩法，询问他长条板能否当桥面，引导他参与到搭桥任务中。,引导睿睿回顾计划，建议他先完成共同任务，长条木板可以等自由游戏时再玩。,看到睿睿玩得开心，暂不介入，等下一次活动时再提醒他根据计划开展游戏。,37.466,37.466,19.499,17.967,4,4,1,1,0,5,0,0,0,A,B/C,教师A：继续观察，后续分享中支持睿睿思考如何把长条木板融入小组的建构中。,教师B：肯定睿睿的创造性玩法，询问他长条板能否当桥面，引导他参与到搭桥任务中。；教师C：引导睿睿回顾计划，建议他先完成共同任务，长条木板可以等自由游戏时再玩。,19.499,0.0,0,17.777778,39.777778,60.0,35.444444,41.805556,eligible,过程简单,多次调整；首末位摇摆,追问最理想或最不理想做法的判断为什么发生变化
教师30,sim_openid_030_839976,Q3,3,材料选择无层次,大班上学期，张老师在建构区投放了按图搭建的游戏材料，并提供了不同星级难度的任务卡供幼儿选择，但有的幼儿一上来就选择高难度的三星级任务卡，结果不能顺利完成任务；而有的幼儿始终选择低难度的一星级任务卡。这天，浩浩又连续选择了几张一星级任务卡，很快就完成了任务。,调整任务卡提供方式，在游戏开始前根据幼儿的能力水平有针对性地发放任务卡。,暂不介入，尊重幼儿的自主选择和游戏体验，只要完成任务就是一种经验积累。,调整任务卡呈现方式，如增加“我想挑战”等提示，鼓励幼儿选择不同星级的挑战。,和浩浩回顾已完成的任务，比较不同星级的难度，邀请他选择稍有挑战的任务。,23.056,23.056,7.522,15.534,5,5,2,3,0,5,1,1,1,D,B/D,教师D：和浩浩回顾已完成的任务，比较不同星级的难度，邀请他选择稍有挑战的任务。,教师B：暂不介入，尊重幼儿的自主选择和游戏体验，只要完成任务就是一种经验积累。；教师D：和浩浩回顾已完成的任务，比较不同星级的难度，邀请他选择稍有挑战的任务。,7.522,0.0,0,80.0,51.777778,100.0,71.888889,77.316667,eligible,过程复杂,首反应异常；多次调整；首末位摇摆；路径振荡,请教师回忆读到情境后最先注意到什么、是否很快形成判断或感到难判断；追问最理想或最不理想做法的判断为什么发生变化；追问当时是否在几个判断标准之间反复权衡
教师30,sim_openid_030_839976,Q4,4,频繁求助,中班区域活动时，小明选择了建构区。玩了一会儿，他跑到老师面前说“老师，我不会搭……帮帮我吧”，教师问他需要什么帮助时，他一边说我不会搭，一边却很快地将房子从一层积木加高到了两层。看小明专注搭建后，老师就离开建构区了。可是没一会，小明又找了老师好几次，说“老师，帮帮我吧，我不会搭”。,鼓励小明独立搭建，引导他思考接下来如何搭建，及时表扬他的努力。,先示范搭建关键部分，请小明观察方法，再鼓励他照着继续搭建。,在旁观察小明的搭建过程，并适时反馈，帮助他理清搭建步骤。,帮小明回顾已搭建完成的部分，指导他设定小目标，尝试自己实现。,35.646,35.646,23.047,12.599,3,3,0,1,0,3,1,1,1,C,B/D,教师C：在旁观察小明的搭建过程，并适时反馈，帮助他理清搭建步骤。,教师B：先示范搭建关键部分，请小明观察方法，再鼓励他照着继续搭建。；教师D：帮小明回顾已搭建完成的部分，指导他设定小目标，尝试自己实现。,23.047,0.0,0,42.5,31.833333,30.0,60.444444,37.616667,eligible,过程简单,多次调整；路径振荡,追问当时是否在几个判断标准之间反复权衡
教师30,sim_openid_030_839976,Q5,5,消防员救火开心,近几天，中班的幼儿十分热衷于在区域游戏时间玩“消防员救火”的游戏。游戏结束后的交流活动中，老师问幼儿最想分享什么时，阳阳说“娃娃家着火了，好开心啊！”。,抓住教育契机，向幼儿耐心解释真实的火灾会造成物品损失和人员伤亡。,询问幼儿开心的是“着火”本身，还是消防员成功救火、娃娃家的人得救？,引导幼儿思考“娃娃家着火”值不值得开心，帮助他们认识真实火灾是危险的。,请阳阳讲讲娃娃家着火后发生了什么、为什么开心，借此理解幼儿的游戏体验。,38.733,38.733,22.613,16.12,4,4,2,1,0,5,0,0,0,A,B/D,教师A：抓住教育契机，向幼儿耐心解释真实的火灾会造成物品损失和人员伤亡。,教师B：询问幼儿开心的是“着火”本身，还是消防员成功救火、娃娃家的人得救？；教师D：请阳阳讲讲娃娃家着火后发生了什么、为什么开心，借此理解幼儿的游戏体验。,22.613,0.0,0,37.209302,46.155039,80.0,36.666667,54.788372,eligible,过程中等,多次调整；首末位摇摆,追问最理想或最不理想做法的判断为什么发生变化
教师30,sim_openid_030_839976,Q6,6,区域停留短,小班幼儿瑶瑶在区域活动时，一会儿在娃娃家切切菜，一会儿到美工区搓搓橡皮泥，一会儿又开心地跑到其它区域游戏，在任何一个区域停留时间都不超过三分钟。,提议瑶瑶完成某项游戏任务，如在娃娃家做菜，请他活动小结时分享。,游戏前提醒区域活动规则，活动结束后表扬区域游戏规则遵守得好的小朋友。,仔细观察瑶瑶在不同区域的游戏情况，分析他发生迅速转移的原因。,以同伴的身份陪伴瑶瑶在某一区域游戏，待他专注游戏后再离开。,41.156,41.156,15.772,25.384,5,5,3,2,1,6,0,0,0,D,B/C,教师D：以同伴的身份陪伴瑶瑶在某一区域游戏，待他专注游戏后再离开。,教师B：游戏前提醒区域活动规则，活动结束后表扬区域游戏规则遵守得好的小朋友。；教师C：仔细观察瑶瑶在不同区域的游戏情况，分析他发生迅速转移的原因。,15.772,0.0,0,13.953488,69.302326,100.0,36.222222,64.014729,eligible,过程中等,高修正投入；多次调整；首末位摇摆；优劣方向冲突,追问后续主要在比较哪些做法、为什么调整；追问最理想或最不理想做法的判断为什么发生变化；追问是否曾把某做法从合适改判为不合适，或相反
教师30,sim_openid_030_839976,Q7,7,飞行棋各走各的,大班区域游戏中，轩轩和小宇一起玩飞行棋，他们将棋子摆好后，各自拿了一个骰子开始投，小宇说：“该我走。”轩轩说：“明明该我走！”相持不下，于是两人各拿一个骰子，自顾自地走自己的棋。,耐心讲解共同游戏的规则，再以“棋手”身份加入游戏进行示范引导。,暂不介入，继续观察游戏进展，待区域小结时请幼儿分享游戏中的体验和问题。,拿走一个骰子，请幼儿商量只有一个骰子的共同游戏规则，达成一致后再开始游戏。,待幼儿体验一轮各走各的游戏后，询问幼儿的游戏体验，提示共同游戏规则的作用。,24.369,24.369,6.688,17.681,4,4,2,1,0,4,1,1,0,C,A/B,教师C：拿走一个骰子，请幼儿商量只有一个骰子的共同游戏规则，达成一致后再开始游戏。,教师A：耐心讲解共同游戏的规则，再以“棋手”身份加入游戏进行示范引导。；教师B：暂不介入，继续观察游戏进展，待区域小结时请幼儿分享游戏中的体验和问题。,6.697,0.0,0,97.674419,48.542636,80.0,53.666667,70.147674,eligible,过程复杂,首反应异常；多次调整；首末位摇摆,请教师回忆读到情境后最先注意到什么、是否很快形成判断或感到难判断；追问最理想或最不理想做法的判断为什么发生变化
教师30,sim_openid_030_839976,Q8,8,跳绳秩序混乱,周三下午，大五班的幼儿正自发进行跳绳游戏。李老师观察后发现，挤在一起跳绳的幼儿人数较多，整个场面十分混乱，幼儿很容易出现碰撞现象。此外，由于当“柱子”的幼儿很久才能轮上跳绳，因此也显得很不耐烦。,请幼儿暂停游戏，将幼儿分成多个小组并引导他们以小组为单位分区域开展游戏。,请幼儿说一说跳绳活动中存在的问题，并邀请幼儿一起设置跳绳的规则。,提供更多数量和不同种类的跳绳，并言语引导幼儿分组分区同时进行跳绳游戏。,暂不介入，活动分享时通过照片或视频回放引导幼儿发现问题并商议解决办法。,42.333,42.333,23.137,19.196,4,4,2,1,0,5,0,0,0,D,A/C,教师D：暂不介入，活动分享时通过照片或视频回放引导幼儿发现问题并商议解决办法。,教师A：请幼儿暂停游戏，将幼儿分成多个小组并引导他们以小组为单位分区域开展游戏。；教师C：提供更多数量和不同种类的跳绳，并言语引导幼儿分组分区同时进行跳绳游戏。,23.137,0.0,0,38.636364,57.181818,80.0,39.666667,58.831818,eligible,过程中等,多次调整；首末位摇摆,追问最理想或最不理想做法的判断为什么发生变化
教师30,sim_openid_030_839976,Q9,9,艾莎公主不运动,小班的一次户外运动，有几个女孩子从一开始就没有选择任何体育活动项目，而是聚在一起坐在地上玩“艾莎公主”的游戏，比一比谁的鞋子最漂亮，谁的魔法最厉害。,询问幼儿没有参与运动的原因，提供丰富的活动材料吸引幼儿参与运动活动。,提醒幼儿现在是运动时间，请他们等自由游戏时间再一起玩“艾莎公主”的游戏。,利用艾莎公主的鞋子设计走、跑、跳等活动，并以参与者的身份邀请幼儿一起参与运动。,肯定幼儿自主游戏的行为，言语引导幼儿穿着“漂亮的鞋子”参与运动。,28.739,28.739,9.806,18.933,4,4,1,1,0,5,0,0,0,A,A/C,教师A：询问幼儿没有参与运动的原因，提供丰富的活动材料吸引幼儿参与运动活动。,教师A：询问幼儿没有参与运动的原因，提供丰富的活动材料吸引幼儿参与运动活动。；教师C：利用艾莎公主的鞋子设计走、跑、跳等活动，并以参与者的身份邀请幼儿一起参与运动。,9.806,0.0,0,70.454545,48.393939,60.0,40.555556,55.692424,eligible,过程中等,首反应异常；多次调整；首末位摇摆,请教师回忆读到情境后最先注意到什么、是否很快形成判断或感到难判断；追问最理想或最不理想做法的判断为什么发生变化
教师30,sim_openid_030_839976,Q10,10,引水难题未解,中班上学期，幼儿在“引水游戏”中遇到了难题——水无法被引到竹片管道上。他们不断调整竹片拼接的方式，却始终没能成功，即竹片一头高于出水管道，阻碍了引流。渐渐地幼儿的探索兴趣也减弱了，有的开始玩水，有的甚至离开了水池。,示范正确的引水方法，请幼儿注意观察并说说引水的要领，再自己试一试。,加入幼儿的探索，引导他们观察水流受阻的位置，一起尝试调整竹片的摆放方式。,组织幼儿就游戏困难进行讨论，寻找解决问题的方案，引导幼儿再次尝试。,投放更多辅助引水的材料，重新激起幼儿的探索兴趣，继续观察游戏进展。,45.679,45.679,21.8,23.879,6,6,1,6,1,7,0,0,0,A,C/D,教师A：示范正确的引水方法，请幼儿注意观察并说说引水的要领，再自己试一试。,教师C：组织幼儿就游戏困难进行讨论，寻找解决问题的方案，引导幼儿再次尝试。；教师D：投放更多辅助引水的材料，重新激起幼儿的探索兴趣，继续观察游戏进展。,21.8,0.0,0,55.813953,80.108527,100.0,45.0,76.945349,eligible,过程复杂,高修正投入；多次调整；首末位摇摆；优劣方向冲突,追问后续主要在比较哪些做法、为什么调整；追问最理想或最不理想做法的判断为什么发生变化；追问是否曾把某做法从合适改判为不合适，或相反
教师31,sim_openid_031_118844,Q1,1,篮球架玩水,操场上新安装了一些篮球架，幼儿经常在这里投篮。某天户外活动时，几名幼儿带着画笔和水桶来到这里，他们先是快乐地粉刷篮球架，之后开始往篮框里灌水，有的从上面灌，有的在下面接，忙的不亦乐乎，俨然这里成为了玩水的场地。,看到幼儿玩得很开心，不干预他们的玩水行为，待兴趣减弱后再讨论玩水的适宜性。,表扬幼儿的新发现，并询问在篮球架旁玩水是否合适，提议幼儿可以换个地方玩水。,参与到幼儿的“粉刷”游戏中，逐步引导幼儿到适宜玩水的地方继续开展游戏。,提醒幼儿篮球架是用于开展运动的，与其他幼儿一起召唤他们打篮球，转移他们的关注点。,44.436,44.436,22.881,21.555,4,4,2,1,0,4,1,1,0,C,A/B,教师C：参与到幼儿的“粉刷”游戏中，逐步引导幼儿到适宜玩水的地方继续开展游戏。,教师A：看到幼儿玩得很开心，不干预他们的玩水行为，待兴趣减弱后再讨论玩水的适宜性。；教师B：表扬幼儿的新发现，并询问在篮球架旁玩水是否合适，提议幼儿可以换个地方玩水。,22.881,0.0,0,39.02439,51.95122,80.0,53.111111,59.356911,eligible,过程中等,多次调整；首末位摇摆,追问最理想或最不理想做法的判断为什么发生变化
教师31,sim_openid_031_118844,Q2,2,未参与小组建构,大班建构活动中，睿睿和其他幼儿计划一起搭积木大桥，他们讨论了搭建方法，并进入区域开始搭建。就在其他幼儿在认真搭建时，睿睿发现了一块长条木板，他一会儿在地上推着走，一会儿当枪使，没有再参与小组的搭建。,继续观察，后续分享中支持睿睿思考如何把长条木板融入小组的建构中。,肯定睿睿的创造性玩法，询问他长条板能否当桥面，引导他参与到搭桥任务中。,引导睿睿回顾计划，建议他先完成共同任务，长条木板可以等自由游戏时再玩。,看到睿睿玩得开心，暂不介入，等下一次活动时再提醒他根据计划开展游戏。,43.456,43.456,16.115,27.341,6,6,1,5,1,7,0,0,0,A,C/D,教师A：继续观察，后续分享中支持睿睿思考如何把长条木板融入小组的建构中。,教师C：引导睿睿回顾计划，建议他先完成共同任务，长条木板可以等自由游戏时再玩。；教师D：看到睿睿玩得开心，暂不介入，等下一次活动时再提醒他根据计划开展游戏。,16.115,0.0,0,0.0,69.555556,100.0,42.111111,62.183333,eligible,过程中等,高修正投入；多次调整；首末位摇摆；优劣方向冲突,追问后续主要在比较哪些做法、为什么调整；追问最理想或最不理想做法的判断为什么发生变化；追问是否曾把某做法从合适改判为不合适，或相反
教师31,sim_openid_031_118844,Q3,3,材料选择无层次,大班上学期，张老师在建构区投放了按图搭建的游戏材料，并提供了不同星级难度的任务卡供幼儿选择，但有的幼儿一上来就选择高难度的三星级任务卡，结果不能顺利完成任务；而有的幼儿始终选择低难度的一星级任务卡。这天，浩浩又连续选择了几张一星级任务卡，很快就完成了任务。,调整任务卡提供方式，在游戏开始前根据幼儿的能力水平有针对性地发放任务卡。,暂不介入，尊重幼儿的自主选择和游戏体验，只要完成任务就是一种经验积累。,调整任务卡呈现方式，如增加“我想挑战”等提示，鼓励幼儿选择不同星级的挑战。,和浩浩回顾已完成的任务，比较不同星级的难度，邀请他选择稍有挑战的任务。,33.047,33.047,20.097,12.95,4,4,1,0,0,3,2,2,2,A,A/B,教师A：调整任务卡提供方式，在游戏开始前根据幼儿的能力水平有针对性地发放任务卡。,教师A：调整任务卡提供方式，在游戏开始前根据幼儿的能力水平有针对性地发放任务卡。；教师B：暂不介入，尊重幼儿的自主选择和游戏体验，只要完成任务就是一种经验积累。,20.097,0.0,0,17.777778,34.444444,30.0,75.555556,35.722222,eligible,过程简单,多次调整；路径振荡,追问当时是否在几个判断标准之间反复权衡
教师31,sim_openid_031_118844,Q4,4,频繁求助,中班区域活动时，小明选择了建构区。玩了一会儿，他跑到老师面前说“老师，我不会搭……帮帮我吧”，教师问他需要什么帮助时，他一边说我不会搭，一边却很快地将房子从一层积木加高到了两层。看小明专注搭建后，老师就离开建构区了。可是没一会，小明又找了老师好几次，说“老师，帮帮我吧，我不会搭”。,鼓励小明独立搭建，引导他思考接下来如何搭建，及时表扬他的努力。,先示范搭建关键部分，请小明观察方法，再鼓励他照着继续搭建。,在旁观察小明的搭建过程，并适时反馈，帮助他理清搭建步骤。,帮小明回顾已搭建完成的部分，指导他设定小目标，尝试自己实现。,41.443,41.443,14.325,27.118,5,5,4,0,0,4,2,2,2,B,A/C,教师B：先示范搭建关键部分，请小明观察方法，再鼓励他照着继续搭建。,教师A：鼓励小明独立搭建，引导他思考接下来如何搭建，及时表扬他的努力。；教师C：在旁观察小明的搭建过程，并适时反馈，帮助他理清搭建步骤。,14.325,0.0,0,12.5,76.833333,50.0,84.0,55.65,eligible,过程中等,高修正投入；多次调整；首末位摇摆；路径振荡,追问后续主要在比较哪些做法、为什么调整；追问最理想或最不理想做法的判断为什么发生变化；追问当时是否在几个判断标准之间反复权衡
教师31,sim_openid_031_118844,Q5,5,消防员救火开心,近几天，中班的幼儿十分热衷于在区域游戏时间玩“消防员救火”的游戏。游戏结束后的交流活动中，老师问幼儿最想分享什么时，阳阳说“娃娃家着火了，好开心啊！”。,抓住教育契机，向幼儿耐心解释真实的火灾会造成物品损失和人员伤亡。,询问幼儿开心的是“着火”本身，还是消防员成功救火、娃娃家的人得救？,引导幼儿思考“娃娃家着火”值不值得开心，帮助他们认识真实火灾是危险的。,请阳阳讲讲娃娃家着火后发生了什么、为什么开心，借此理解幼儿的游戏体验。,36.934,36.934,14.543,22.391,5,5,3,1,0,5,1,1,0,B,A/C,教师B：询问幼儿开心的是“着火”本身，还是消防员成功救火、娃娃家的人得救？,教师A：抓住教育契机，向幼儿耐心解释真实的火灾会造成物品损失和人员伤亡。；教师C：引导幼儿思考“娃娃家着火”值不值得开心，帮助他们认识真实火灾是危险的。,14.543,0.0,0,27.906977,70.914729,80.0,57.777778,63.522481,eligible,过程复杂,高修正投入；多次调整；首末位摇摆,追问后续主要在比较哪些做法、为什么调整；追问最理想或最不理想做法的判断为什么发生变化
教师31,sim_openid_031_118844,Q6,6,区域停留短,小班幼儿瑶瑶在区域活动时，一会儿在娃娃家切切菜，一会儿到美工区搓搓橡皮泥，一会儿又开心地跑到其它区域游戏，在任何一个区域停留时间都不超过三分钟。,提议瑶瑶完成某项游戏任务，如在娃娃家做菜，请他活动小结时分享。,游戏前提醒区域活动规则，活动结束后表扬区域游戏规则遵守得好的小朋友。,仔细观察瑶瑶在不同区域的游戏情况，分析他发生迅速转移的原因。,以同伴的身份陪伴瑶瑶在某一区域游戏，待他专注游戏后再离开。,43.628,43.628,21.563,22.065,5,5,3,3,2,5,1,1,1,A,A/B,教师A：提议瑶瑶完成某项游戏任务，如在娃娃家做菜，请他活动小结时分享。,教师A：提议瑶瑶完成某项游戏任务，如在娃娃家做菜，请他活动小结时分享。；教师B：游戏前提醒区域活动规则，活动结束后表扬区域游戏规则遵守得好的小朋友。,21.563,0.0,0,23.255814,64.651163,100.0,68.333333,69.296512,eligible,过程复杂,高修正投入；多次调整；首末位摇摆；优劣方向冲突；路径振荡,追问后续主要在比较哪些做法、为什么调整；追问最理想或最不理想做法的判断为什么发生变化；追问是否曾把某做法从合适改判为不合适，或相反；追问当时是否在几个判断标准之间反复权衡
教师31,sim_openid_031_118844,Q7,7,飞行棋各走各的,大班区域游戏中，轩轩和小宇一起玩飞行棋，他们将棋子摆好后，各自拿了一个骰子开始投，小宇说：“该我走。”轩轩说：“明明该我走！”相持不下，于是两人各拿一个骰子，自顾自地走自己的棋。,耐心讲解共同游戏的规则，再以“棋手”身份加入游戏进行示范引导。,暂不介入，继续观察游戏进展，待区域小结时请幼儿分享游戏中的体验和问题。,拿走一个骰子，请幼儿商量只有一个骰子的共同游戏规则，达成一致后再开始游戏。,待幼儿体验一轮各走各的游戏后，询问幼儿的游戏体验，提示共同游戏规则的作用。,47.629,47.629,17.257,30.372,7,7,3,3,1,6,2,2,0,A,B/D,教师A：耐心讲解共同游戏的规则，再以“棋手”身份加入游戏进行示范引导。,教师B：暂不介入，继续观察游戏进展，待区域小结时请幼儿分享游戏中的体验和问题。；教师D：待幼儿体验一轮各走各的游戏后，询问幼儿的游戏体验，提示共同游戏规则的作用。,17.257,0.0,0,13.953488,86.356589,100.0,71.444444,74.414341,eligible,过程复杂,高修正投入；多次调整；首末位摇摆；优劣方向冲突；路径振荡,追问后续主要在比较哪些做法、为什么调整；追问最理想或最不理想做法的判断为什么发生变化；追问是否曾把某做法从合适改判为不合适，或相反；追问当时是否在几个判断标准之间反复权衡
教师31,sim_openid_031_118844,Q8,8,跳绳秩序混乱,周三下午，大五班的幼儿正自发进行跳绳游戏。李老师观察后发现，挤在一起跳绳的幼儿人数较多，整个场面十分混乱，幼儿很容易出现碰撞现象。此外，由于当“柱子”的幼儿很久才能轮上跳绳，因此也显得很不耐烦。,请幼儿暂停游戏，将幼儿分成多个小组并引导他们以小组为单位分区域开展游戏。,请幼儿说一说跳绳活动中存在的问题，并邀请幼儿一起设置跳绳的规则。,提供更多数量和不同种类的跳绳，并言语引导幼儿分组分区同时进行跳绳游戏。,暂不介入，活动分享时通过照片或视频回放引导幼儿发现问题并商议解决办法。,25.969,25.969,13.401,12.568,2,2,1,0,0,3,0,0,0,C,B/C,教师C：提供更多数量和不同种类的跳绳，并言语引导幼儿分组分区同时进行跳绳游戏。,教师B：请幼儿说一说跳绳活动中存在的问题，并邀请幼儿一起设置跳绳的规则。；教师C：提供更多数量和不同种类的跳绳，并言语引导幼儿分组分区同时进行跳绳游戏。,13.401,0.0,0,25.0,23.848485,30.0,30.555556,27.237879,eligible,过程简单,过程相对平稳,追问教师当时主要依据什么形成排序
教师31,sim_openid_031_118844,Q9,9,艾莎公主不运动,小班的一次户外运动，有几个女孩子从一开始就没有选择任何体育活动项目，而是聚在一起坐在地上玩“艾莎公主”的游戏，比一比谁的鞋子最漂亮，谁的魔法最厉害。,询问幼儿没有参与运动的原因，提供丰富的活动材料吸引幼儿参与运动活动。,提醒幼儿现在是运动时间，请他们等自由游戏时间再一起玩“艾莎公主”的游戏。,利用艾莎公主的鞋子设计走、跑、跳等活动，并以参与者的身份邀请幼儿一起参与运动。,肯定幼儿自主游戏的行为，言语引导幼儿穿着“漂亮的鞋子”参与运动。,23.374,23.374,11.066,12.308,2,2,0,1,0,3,0,0,0,B,C/D,教师B：提醒幼儿现在是运动时间，请他们等自由游戏时间再一起玩“艾莎公主”的游戏。,教师C：利用艾莎公主的鞋子设计走、跑、跳等活动，并以参与者的身份邀请幼儿一起参与运动。；教师D：肯定幼儿自主游戏的行为，言语引导幼儿穿着“漂亮的鞋子”参与运动。,11.066,0.0,0,61.363636,19.545455,30.0,32.777778,33.55303,eligible,过程简单,首反应异常,请教师回忆读到情境后最先注意到什么、是否很快形成判断或感到难判断
教师31,sim_openid_031_118844,Q10,10,引水难题未解,中班上学期，幼儿在“引水游戏”中遇到了难题——水无法被引到竹片管道上。他们不断调整竹片拼接的方式，却始终没能成功，即竹片一头高于出水管道，阻碍了引流。渐渐地幼儿的探索兴趣也减弱了，有的开始玩水，有的甚至离开了水池。,示范正确的引水方法，请幼儿注意观察并说说引水的要领，再自己试一试。,加入幼儿的探索，引导他们观察水流受阻的位置，一起尝试调整竹片的摆放方式。,组织幼儿就游戏困难进行讨论，寻找解决问题的方案，引导幼儿再次尝试。,投放更多辅助引水的材料，重新激起幼儿的探索兴趣，继续观察游戏进展。,19.36,19.36,9.367,9.993,2,2,1,2,1,3,0,0,0,D,B/C,教师D：投放更多辅助引水的材料，重新激起幼儿的探索兴趣，继续观察游戏进展。,教师B：加入幼儿的探索，引导他们观察水流受阻的位置，一起尝试调整竹片的摆放方式。；教师C：组织幼儿就游戏困难进行讨论，寻找解决问题的方案，引导幼儿再次尝试。,9.367,0.0,0,46.511628,15.379845,100.0,29.666667,53.366279,eligible,过程中等,首末位摇摆；优劣方向冲突,追问最理想或最不理想做法的判断为什么发生变化；追问是否曾把某做法从合适改判为不合适，或相反
教师32,sim_openid_032_852002,Q1,1,篮球架玩水,操场上新安装了一些篮球架，幼儿经常在这里投篮。某天户外活动时，几名幼儿带着画笔和水桶来到这里，他们先是快乐地粉刷篮球架，之后开始往篮框里灌水，有的从上面灌，有的在下面接，忙的不亦乐乎，俨然这里成为了玩水的场地。,看到幼儿玩得很开心，不干预他们的玩水行为，待兴趣减弱后再讨论玩水的适宜性。,表扬幼儿的新发现，并询问在篮球架旁玩水是否合适，提议幼儿可以换个地方玩水。,参与到幼儿的“粉刷”游戏中，逐步引导幼儿到适宜玩水的地方继续开展游戏。,提醒幼儿篮球架是用于开展运动的，与其他幼儿一起召唤他们打篮球，转移他们的关注点。,27.335,27.335,,,0,0,0,0,0,1,0,0,0,,,,,27.335,0.0,0,0.0,22.666667,0.0,23.888889,10.383333,eligible,过程简单,过程相对平稳,追问教师当时主要依据什么形成排序
教师32,sim_openid_032_852002,Q2,2,未参与小组建构,大班建构活动中，睿睿和其他幼儿计划一起搭积木大桥，他们讨论了搭建方法，并进入区域开始搭建。就在其他幼儿在认真搭建时，睿睿发现了一块长条木板，他一会儿在地上推着走，一会儿当枪使，没有再参与小组的搭建。,继续观察，后续分享中支持睿睿思考如何把长条木板融入小组的建构中。,肯定睿睿的创造性玩法，询问他长条板能否当桥面，引导他参与到搭桥任务中。,引导睿睿回顾计划，建议他先完成共同任务，长条木板可以等自由游戏时再玩。,看到睿睿玩得开心，暂不介入，等下一次活动时再提醒他根据计划开展游戏。,48.765,48.765,12.902,35.863,7,7,5,4,4,6,2,2,1,B,A/C,教师B：肯定睿睿的创造性玩法，询问他长条板能否当桥面，引导他参与到搭桥任务中。,教师A：继续观察，后续分享中支持睿睿思考如何把长条木板融入小组的建构中。；教师C：引导睿睿回顾计划，建议他先完成共同任务，长条木板可以等自由游戏时再玩。,12.902,0.0,0,40.0,87.555556,100.0,84.444444,81.933333,eligible,过程复杂,高修正投入；多次调整；首末位摇摆；优劣方向冲突；路径振荡,追问后续主要在比较哪些做法、为什么调整；追问最理想或最不理想做法的判断为什么发生变化；追问是否曾把某做法从合适改判为不合适，或相反；追问当时是否在几个判断标准之间反复权衡
教师32,sim_openid_032_852002,Q3,3,材料选择无层次,大班上学期，张老师在建构区投放了按图搭建的游戏材料，并提供了不同星级难度的任务卡供幼儿选择，但有的幼儿一上来就选择高难度的三星级任务卡，结果不能顺利完成任务；而有的幼儿始终选择低难度的一星级任务卡。这天，浩浩又连续选择了几张一星级任务卡，很快就完成了任务。,调整任务卡提供方式，在游戏开始前根据幼儿的能力水平有针对性地发放任务卡。,暂不介入，尊重幼儿的自主选择和游戏体验，只要完成任务就是一种经验积累。,调整任务卡呈现方式，如增加“我想挑战”等提示，鼓励幼儿选择不同星级的挑战。,和浩浩回顾已完成的任务，比较不同星级的难度，邀请他选择稍有挑战的任务。,36.234,36.234,25.826,10.408,2,2,1,1,1,3,0,0,0,A,C/D,教师A：调整任务卡提供方式，在游戏开始前根据幼儿的能力水平有针对性地发放任务卡。,教师C：调整任务卡呈现方式，如增加“我想挑战”等提示，鼓励幼儿选择不同星级的挑战。；教师D：和浩浩回顾已完成的任务，比较不同星级的难度，邀请他选择稍有挑战的任务。,25.826,0.0,0,62.222222,12.666667,90.0,28.222222,51.977778,eligible,过程简单,首反应异常；首末位摇摆；优劣方向冲突,请教师回忆读到情境后最先注意到什么、是否很快形成判断或感到难判断；追问最理想或最不理想做法的判断为什么发生变化；追问是否曾把某做法从合适改判为不合适，或相反
教师32,sim_openid_032_852002,Q4,4,频繁求助,中班区域活动时，小明选择了建构区。玩了一会儿，他跑到老师面前说“老师，我不会搭……帮帮我吧”，教师问他需要什么帮助时，他一边说我不会搭，一边却很快地将房子从一层积木加高到了两层。看小明专注搭建后，老师就离开建构区了。可是没一会，小明又找了老师好几次，说“老师，帮帮我吧，我不会搭”。,鼓励小明独立搭建，引导他思考接下来如何搭建，及时表扬他的努力。,先示范搭建关键部分，请小明观察方法，再鼓励他照着继续搭建。,在旁观察小明的搭建过程，并适时反馈，帮助他理清搭建步骤。,帮小明回顾已搭建完成的部分，指导他设定小目标，尝试自己实现。,49.034,49.034,22.77,26.264,5,5,3,2,0,5,1,1,1,A,B/D,教师A：鼓励小明独立搭建，引导他思考接下来如何搭建，及时表扬他的努力。,教师B：先示范搭建关键部分，请小明观察方法，再鼓励他照着继续搭建。；教师D：帮小明回顾已搭建完成的部分，指导他设定小目标，尝试自己实现。,22.77,0.0,0,27.5,74.833333,100.0,70.444444,73.516667,eligible,过程复杂,高修正投入；多次调整；首末位摇摆；路径振荡,追问后续主要在比较哪些做法、为什么调整；追问最理想或最不理想做法的判断为什么发生变化；追问当时是否在几个判断标准之间反复权衡
教师32,sim_openid_032_852002,Q5,5,消防员救火开心,近几天，中班的幼儿十分热衷于在区域游戏时间玩“消防员救火”的游戏。游戏结束后的交流活动中，老师问幼儿最想分享什么时，阳阳说“娃娃家着火了，好开心啊！”。,抓住教育契机，向幼儿耐心解释真实的火灾会造成物品损失和人员伤亡。,询问幼儿开心的是“着火”本身，还是消防员成功救火、娃娃家的人得救？,引导幼儿思考“娃娃家着火”值不值得开心，帮助他们认识真实火灾是危险的。,请阳阳讲讲娃娃家着火后发生了什么、为什么开心，借此理解幼儿的游戏体验。,46.219,46.219,16.586,29.633,8,8,3,6,2,7,2,2,0,A,C/D,教师A：抓住教育契机，向幼儿耐心解释真实的火灾会造成物品损失和人员伤亡。,教师C：引导幼儿思考“娃娃家着火”值不值得开心，帮助他们认识真实火灾是危险的。；教师D：请阳阳讲讲娃娃家着火后发生了什么、为什么开心，借此理解幼儿的游戏体验。,16.586,0.0,0,13.953488,89.023256,100.0,73.111111,75.464341,eligible,过程复杂,高修正投入；多次调整；首末位摇摆；优劣方向冲突；路径振荡,追问后续主要在比较哪些做法、为什么调整；追问最理想或最不理想做法的判断为什么发生变化；追问是否曾把某做法从合适改判为不合适，或相反；追问当时是否在几个判断标准之间反复权衡
教师32,sim_openid_032_852002,Q6,6,区域停留短,小班幼儿瑶瑶在区域活动时，一会儿在娃娃家切切菜，一会儿到美工区搓搓橡皮泥，一会儿又开心地跑到其它区域游戏，在任何一个区域停留时间都不超过三分钟。,提议瑶瑶完成某项游戏任务，如在娃娃家做菜，请他活动小结时分享。,游戏前提醒区域活动规则，活动结束后表扬区域游戏规则遵守得好的小朋友。,仔细观察瑶瑶在不同区域的游戏情况，分析他发生迅速转移的原因。,以同伴的身份陪伴瑶瑶在某一区域游戏，待他专注游戏后再离开。,45.413,45.413,19.678,25.735,5,5,3,3,1,4,2,2,0,D,C/D,教师D：以同伴的身份陪伴瑶瑶在某一区域游戏，待他专注游戏后再离开。,教师C：仔细观察瑶瑶在不同区域的游戏情况，分析他发生迅速转移的原因。；教师D：以同伴的身份陪伴瑶瑶在某一区域游戏，待他专注游戏后再离开。,19.678,0.0,0,13.953488,70.232558,100.0,64.666667,68.560465,eligible,过程中等,高修正投入；多次调整；首末位摇摆；优劣方向冲突；路径振荡,追问后续主要在比较哪些做法、为什么调整；追问最理想或最不理想做法的判断为什么发生变化；追问是否曾把某做法从合适改判为不合适，或相反；追问当时是否在几个判断标准之间反复权衡
教师32,sim_openid_032_852002,Q7,7,飞行棋各走各的,大班区域游戏中，轩轩和小宇一起玩飞行棋，他们将棋子摆好后，各自拿了一个骰子开始投，小宇说：“该我走。”轩轩说：“明明该我走！”相持不下，于是两人各拿一个骰子，自顾自地走自己的棋。,耐心讲解共同游戏的规则，再以“棋手”身份加入游戏进行示范引导。,暂不介入，继续观察游戏进展，待区域小结时请幼儿分享游戏中的体验和问题。,拿走一个骰子，请幼儿商量只有一个骰子的共同游戏规则，达成一致后再开始游戏。,待幼儿体验一轮各走各的游戏后，询问幼儿的游戏体验，提示共同游戏规则的作用。,27.778,27.778,13.697,14.081,3,3,1,2,1,4,0,0,0,A,A/C,教师A：耐心讲解共同游戏的规则，再以“棋手”身份加入游戏进行示范引导。,教师A：耐心讲解共同游戏的规则，再以“棋手”身份加入游戏进行示范引导。；教师C：拿走一个骰子，请幼儿商量只有一个骰子的共同游戏规则，达成一致后再开始游戏。,13.697,0.0,0,23.255814,28.031008,100.0,34.222222,53.193798,eligible,过程简单,多次调整；首末位摇摆；优劣方向冲突,追问最理想或最不理想做法的判断为什么发生变化；追问是否曾把某做法从合适改判为不合适，或相反
教师32,sim_openid_032_852002,Q8,8,跳绳秩序混乱,周三下午，大五班的幼儿正自发进行跳绳游戏。李老师观察后发现，挤在一起跳绳的幼儿人数较多，整个场面十分混乱，幼儿很容易出现碰撞现象。此外，由于当“柱子”的幼儿很久才能轮上跳绳，因此也显得很不耐烦。,请幼儿暂停游戏，将幼儿分成多个小组并引导他们以小组为单位分区域开展游戏。,请幼儿说一说跳绳活动中存在的问题，并邀请幼儿一起设置跳绳的规则。,提供更多数量和不同种类的跳绳，并言语引导幼儿分组分区同时进行跳绳游戏。,暂不介入，活动分享时通过照片或视频回放引导幼儿发现问题并商议解决办法。,33.781,33.781,8.869,24.912,6,6,4,1,1,6,1,1,1,A,A/C,教师A：请幼儿暂停游戏，将幼儿分成多个小组并引导他们以小组为单位分区域开展游戏。,教师A：请幼儿暂停游戏，将幼儿分成多个小组并引导他们以小组为单位分区域开展游戏。；教师C：提供更多数量和不同种类的跳绳，并言语引导幼儿分组分区同时进行跳绳游戏。,8.869,0.0,0,75.0,75.060606,100.0,77.0,84.068182,eligible,过程复杂,首反应异常；高修正投入；多次调整；首末位摇摆；优劣方向冲突；路径振荡,请教师回忆读到情境后最先注意到什么、是否很快形成判断或感到难判断；追问后续主要在比较哪些做法、为什么调整；追问最理想或最不理想做法的判断为什么发生变化；追问是否曾把某做法从合适改判为不合适，或相反；追问当时是否在几个判断标准之间反复权衡
教师32,sim_openid_032_852002,Q9,9,艾莎公主不运动,小班的一次户外运动，有几个女孩子从一开始就没有选择任何体育活动项目，而是聚在一起坐在地上玩“艾莎公主”的游戏，比一比谁的鞋子最漂亮，谁的魔法最厉害。,询问幼儿没有参与运动的原因，提供丰富的活动材料吸引幼儿参与运动活动。,提醒幼儿现在是运动时间，请他们等自由游戏时间再一起玩“艾莎公主”的游戏。,利用艾莎公主的鞋子设计走、跑、跳等活动，并以参与者的身份邀请幼儿一起参与运动。,肯定幼儿自主游戏的行为，言语引导幼儿穿着“漂亮的鞋子”参与运动。,42.292,42.292,8.691,33.601,6,6,1,5,1,7,0,0,0,A,C/D,教师A：询问幼儿没有参与运动的原因，提供丰富的活动材料吸引幼儿参与运动活动。,教师C：利用艾莎公主的鞋子设计走、跑、跳等活动，并以参与者的身份邀请幼儿一起参与运动。；教师D：肯定幼儿自主游戏的行为，言语引导幼儿穿着“漂亮的鞋子”参与运动。,8.691,0.0,0,84.090909,77.606061,100.0,46.333333,82.05,eligible,过程复杂,首反应异常；高修正投入；多次调整；首末位摇摆；优劣方向冲突,请教师回忆读到情境后最先注意到什么、是否很快形成判断或感到难判断；追问后续主要在比较哪些做法、为什么调整；追问最理想或最不理想做法的判断为什么发生变化；追问是否曾把某做法从合适改判为不合适，或相反
教师32,sim_openid_032_852002,Q10,10,引水难题未解,中班上学期，幼儿在“引水游戏”中遇到了难题——水无法被引到竹片管道上。他们不断调整竹片拼接的方式，却始终没能成功，即竹片一头高于出水管道，阻碍了引流。渐渐地幼儿的探索兴趣也减弱了，有的开始玩水，有的甚至离开了水池。,示范正确的引水方法，请幼儿注意观察并说说引水的要领，再自己试一试。,加入幼儿的探索，引导他们观察水流受阻的位置，一起尝试调整竹片的摆放方式。,组织幼儿就游戏困难进行讨论，寻找解决问题的方案，引导幼儿再次尝试。,投放更多辅助引水的材料，重新激起幼儿的探索兴趣，继续观察游戏进展。,54.395,54.395,28.306,26.089,5,5,2,3,0,4,2,2,2,D,C/D,教师D：投放更多辅助引水的材料，重新激起幼儿的探索兴趣，继续观察游戏进展。,教师C：组织幼儿就游戏困难进行讨论，寻找解决问题的方案，引导幼儿再次尝试。；教师D：投放更多辅助引水的材料，重新激起幼儿的探索兴趣，继续观察游戏进展。,28.306,0.0,0,79.069767,72.496124,100.0,83.0,85.012791,eligible,过程复杂,首反应异常；高修正投入；多次调整；首末位摇摆；路径振荡,请教师回忆读到情境后最先注意到什么、是否很快形成判断或感到难判断；追问后续主要在比较哪些做法、为什么调整；追问最理想或最不理想做法的判断为什么发生变化；追问当时是否在几个判断标准之间反复权衡
教师33,sim_openid_033_569567,Q1,1,篮球架玩水,操场上新安装了一些篮球架，幼儿经常在这里投篮。某天户外活动时，几名幼儿带着画笔和水桶来到这里，他们先是快乐地粉刷篮球架，之后开始往篮框里灌水，有的从上面灌，有的在下面接，忙的不亦乐乎，俨然这里成为了玩水的场地。,看到幼儿玩得很开心，不干预他们的玩水行为，待兴趣减弱后再讨论玩水的适宜性。,表扬幼儿的新发现，并询问在篮球架旁玩水是否合适，提议幼儿可以换个地方玩水。,参与到幼儿的“粉刷”游戏中，逐步引导幼儿到适宜玩水的地方继续开展游戏。,提醒幼儿篮球架是用于开展运动的，与其他幼儿一起召唤他们打篮球，转移他们的关注点。,26.655,26.655,,,0,0,0,0,0,1,0,0,0,,,,,26.655,0.0,0,0.0,22.666667,0.0,23.888889,10.383333,eligible,过程简单,过程相对平稳,追问教师当时主要依据什么形成排序
教师33,sim_openid_033_569567,Q2,2,未参与小组建构,大班建构活动中，睿睿和其他幼儿计划一起搭积木大桥，他们讨论了搭建方法，并进入区域开始搭建。就在其他幼儿在认真搭建时，睿睿发现了一块长条木板，他一会儿在地上推着走，一会儿当枪使，没有再参与小组的搭建。,继续观察，后续分享中支持睿睿思考如何把长条木板融入小组的建构中。,肯定睿睿的创造性玩法，询问他长条板能否当桥面，引导他参与到搭桥任务中。,引导睿睿回顾计划，建议他先完成共同任务，长条木板可以等自由游戏时再玩。,看到睿睿玩得开心，暂不介入，等下一次活动时再提醒他根据计划开展游戏。,56.594,56.594,26.212,30.382,5,5,1,2,0,5,1,1,0,C,A/B,教师C：引导睿睿回顾计划，建议他先完成共同任务，长条木板可以等自由游戏时再玩。,教师A：继续观察，后续分享中支持睿睿思考如何把长条木板融入小组的建构中。；教师B：肯定睿睿的创造性玩法，询问他长条板能否当桥面，引导他参与到搭桥任务中。,26.212,0.0,0,48.888889,63.111111,80.0,54.333333,64.861111,eligible,过程中等,高修正投入；多次调整；首末位摇摆,追问后续主要在比较哪些做法、为什么调整；追问最理想或最不理想做法的判断为什么发生变化
教师33,sim_openid_033_569567,Q3,3,材料选择无层次,大班上学期，张老师在建构区投放了按图搭建的游戏材料，并提供了不同星级难度的任务卡供幼儿选择，但有的幼儿一上来就选择高难度的三星级任务卡，结果不能顺利完成任务；而有的幼儿始终选择低难度的一星级任务卡。这天，浩浩又连续选择了几张一星级任务卡，很快就完成了任务。,调整任务卡提供方式，在游戏开始前根据幼儿的能力水平有针对性地发放任务卡。,暂不介入，尊重幼儿的自主选择和游戏体验，只要完成任务就是一种经验积累。,调整任务卡呈现方式，如增加“我想挑战”等提示，鼓励幼儿选择不同星级的挑战。,和浩浩回顾已完成的任务，比较不同星级的难度，邀请他选择稍有挑战的任务。,56.102,56.102,24.196,31.906,5,5,2,3,1,5,1,1,1,D,A/C,教师D：和浩浩回顾已完成的任务，比较不同星级的难度，邀请他选择稍有挑战的任务。,教师A：调整任务卡提供方式，在游戏开始前根据幼儿的能力水平有针对性地发放任务卡。；教师C：调整任务卡呈现方式，如增加“我想挑战”等提示，鼓励幼儿选择不同星级的挑战。,24.196,0.0,0,40.0,64.222222,100.0,71.888889,73.05,eligible,过程复杂,高修正投入；多次调整；首末位摇摆；优劣方向冲突；路径振荡,追问后续主要在比较哪些做法、为什么调整；追问最理想或最不理想做法的判断为什么发生变化；追问是否曾把某做法从合适改判为不合适，或相反；追问当时是否在几个判断标准之间反复权衡
教师33,sim_openid_033_569567,Q4,4,频繁求助,中班区域活动时，小明选择了建构区。玩了一会儿，他跑到老师面前说“老师，我不会搭……帮帮我吧”，教师问他需要什么帮助时，他一边说我不会搭，一边却很快地将房子从一层积木加高到了两层。看小明专注搭建后，老师就离开建构区了。可是没一会，小明又找了老师好几次，说“老师，帮帮我吧，我不会搭”。,鼓励小明独立搭建，引导他思考接下来如何搭建，及时表扬他的努力。,先示范搭建关键部分，请小明观察方法，再鼓励他照着继续搭建。,在旁观察小明的搭建过程，并适时反馈，帮助他理清搭建步骤。,帮小明回顾已搭建完成的部分，指导他设定小目标，尝试自己实现。,42.468,42.468,15.635,26.833,6,6,3,4,2,6,1,1,0,A,A/D,教师A：鼓励小明独立搭建，引导他思考接下来如何搭建，及时表扬他的努力。,教师A：鼓励小明独立搭建，引导他思考接下来如何搭建，及时表扬他的努力。；教师D：帮小明回顾已搭建完成的部分，指导他设定小目标，尝试自己实现。,15.635,0.0,0,2.5,84.5,100.0,59.0,69.7,eligible,过程中等,高修正投入；多次调整；首末位摇摆；优劣方向冲突,追问后续主要在比较哪些做法、为什么调整；追问最理想或最不理想做法的判断为什么发生变化；追问是否曾把某做法从合适改判为不合适，或相反
教师33,sim_openid_033_569567,Q5,5,消防员救火开心,近几天，中班的幼儿十分热衷于在区域游戏时间玩“消防员救火”的游戏。游戏结束后的交流活动中，老师问幼儿最想分享什么时，阳阳说“娃娃家着火了，好开心啊！”。,抓住教育契机，向幼儿耐心解释真实的火灾会造成物品损失和人员伤亡。,询问幼儿开心的是“着火”本身，还是消防员成功救火、娃娃家的人得救？,引导幼儿思考“娃娃家着火”值不值得开心，帮助他们认识真实火灾是危险的。,请阳阳讲讲娃娃家着火后发生了什么、为什么开心，借此理解幼儿的游戏体验。,73.254,73.254,44.092,29.162,4,4,1,2,0,5,0,0,0,A,A/B,教师A：抓住教育契机，向幼儿耐心解释真实的火灾会造成物品损失和人员伤亡。,教师A：抓住教育契机，向幼儿耐心解释真实的火灾会造成物品损失和人员伤亡。；教师B：询问幼儿开心的是“着火”本身，还是消防员成功救火、娃娃家的人得救？,44.092,0.0,0,97.674419,63.829457,80.0,36.666667,72.183721,eligible,过程复杂,首反应异常；高修正投入；多次调整；首末位摇摆,请教师回忆读到情境后最先注意到什么、是否很快形成判断或感到难判断；追问后续主要在比较哪些做法、为什么调整；追问最理想或最不理想做法的判断为什么发生变化
教师33,sim_openid_033_569567,Q6,6,区域停留短,小班幼儿瑶瑶在区域活动时，一会儿在娃娃家切切菜，一会儿到美工区搓搓橡皮泥，一会儿又开心地跑到其它区域游戏，在任何一个区域停留时间都不超过三分钟。,提议瑶瑶完成某项游戏任务，如在娃娃家做菜，请他活动小结时分享。,游戏前提醒区域活动规则，活动结束后表扬区域游戏规则遵守得好的小朋友。,仔细观察瑶瑶在不同区域的游戏情况，分析他发生迅速转移的原因。,以同伴的身份陪伴瑶瑶在某一区域游戏，待他专注游戏后再离开。,47.931,47.931,13.931,34.0,6,6,4,2,1,5,2,2,1,,A/B,,教师A：提议瑶瑶完成某项游戏任务，如在娃娃家做菜，请他活动小结时分享。；教师B：游戏前提醒区域活动规则，活动结束后表扬区域游戏规则遵守得好的小朋友。,13.931,0.0,0,37.209302,85.410853,100.0,82.222222,80.39845,eligible,过程复杂,高修正投入；多次调整；首末位摇摆；优劣方向冲突；路径振荡,追问后续主要在比较哪些做法、为什么调整；追问最理想或最不理想做法的判断为什么发生变化；追问是否曾把某做法从合适改判为不合适，或相反；追问当时是否在几个判断标准之间反复权衡
教师33,sim_openid_033_569567,Q7,7,飞行棋各走各的,大班区域游戏中，轩轩和小宇一起玩飞行棋，他们将棋子摆好后，各自拿了一个骰子开始投，小宇说：“该我走。”轩轩说：“明明该我走！”相持不下，于是两人各拿一个骰子，自顾自地走自己的棋。,耐心讲解共同游戏的规则，再以“棋手”身份加入游戏进行示范引导。,暂不介入，继续观察游戏进展，待区域小结时请幼儿分享游戏中的体验和问题。,拿走一个骰子，请幼儿商量只有一个骰子的共同游戏规则，达成一致后再开始游戏。,待幼儿体验一轮各走各的游戏后，询问幼儿的游戏体验，提示共同游戏规则的作用。,67.723,67.723,31.788,35.935,7,7,3,3,0,7,1,1,0,C,A/B,教师C：拿走一个骰子，请幼儿商量只有一个骰子的共同游戏规则，达成一致后再开始游戏。,教师A：耐心讲解共同游戏的规则，再以“棋手”身份加入游戏进行示范引导。；教师B：暂不介入，继续观察游戏进展，待区域小结时请幼儿分享游戏中的体验和问题。,31.788,0.0,0,88.372093,89.147287,100.0,63.444444,88.935271,eligible,过程复杂,首反应异常；高修正投入；多次调整；首末位摇摆；路径振荡,请教师回忆读到情境后最先注意到什么、是否很快形成判断或感到难判断；追问后续主要在比较哪些做法、为什么调整；追问最理想或最不理想做法的判断为什么发生变化；追问当时是否在几个判断标准之间反复权衡
教师33,sim_openid_033_569567,Q8,8,跳绳秩序混乱,周三下午，大五班的幼儿正自发进行跳绳游戏。李老师观察后发现，挤在一起跳绳的幼儿人数较多，整个场面十分混乱，幼儿很容易出现碰撞现象。此外，由于当“柱子”的幼儿很久才能轮上跳绳，因此也显得很不耐烦。,请幼儿暂停游戏，将幼儿分成多个小组并引导他们以小组为单位分区域开展游戏。,请幼儿说一说跳绳活动中存在的问题，并邀请幼儿一起设置跳绳的规则。,提供更多数量和不同种类的跳绳，并言语引导幼儿分组分区同时进行跳绳游戏。,暂不介入，活动分享时通过照片或视频回放引导幼儿发现问题并商议解决办法。,70.634,70.634,25.539,45.095,7,7,3,6,2,6,2,2,0,C,C/D,教师C：提供更多数量和不同种类的跳绳，并言语引导幼儿分组分区同时进行跳绳游戏。,教师C：提供更多数量和不同种类的跳绳，并言语引导幼儿分组分区同时进行跳绳游戏。；教师D：暂不介入，活动分享时通过照片或视频回放引导幼儿发现问题并商议解决办法。,25.539,0.0,0,65.909091,91.969697,100.0,72.444444,86.639394,eligible,过程复杂,首反应异常；高修正投入；多次调整；首末位摇摆；优劣方向冲突；路径振荡,请教师回忆读到情境后最先注意到什么、是否很快形成判断或感到难判断；追问后续主要在比较哪些做法、为什么调整；追问最理想或最不理想做法的判断为什么发生变化；追问是否曾把某做法从合适改判为不合适，或相反；追问当时是否在几个判断标准之间反复权衡
教师33,sim_openid_033_569567,Q9,9,艾莎公主不运动,小班的一次户外运动，有几个女孩子从一开始就没有选择任何体育活动项目，而是聚在一起坐在地上玩“艾莎公主”的游戏，比一比谁的鞋子最漂亮，谁的魔法最厉害。,询问幼儿没有参与运动的原因，提供丰富的活动材料吸引幼儿参与运动活动。,提醒幼儿现在是运动时间，请他们等自由游戏时间再一起玩“艾莎公主”的游戏。,利用艾莎公主的鞋子设计走、跑、跳等活动，并以参与者的身份邀请幼儿一起参与运动。,肯定幼儿自主游戏的行为，言语引导幼儿穿着“漂亮的鞋子”参与运动。,42.569,42.569,17.061,25.508,4,4,3,1,0,5,0,0,0,D,C/D,教师D：肯定幼儿自主游戏的行为，言语引导幼儿穿着“漂亮的鞋子”参与运动。,教师C：利用艾莎公主的鞋子设计走、跑、跳等活动，并以参与者的身份邀请幼儿一起参与运动。；教师D：肯定幼儿自主游戏的行为，言语引导幼儿穿着“漂亮的鞋子”参与运动。,17.061,0.0,0,11.363636,58.393939,80.0,40.555556,53.874242,eligible,过程简单,多次调整；首末位摇摆,追问最理想或最不理想做法的判断为什么发生变化
教师33,sim_openid_033_569567,Q10,10,引水难题未解,中班上学期，幼儿在“引水游戏”中遇到了难题——水无法被引到竹片管道上。他们不断调整竹片拼接的方式，却始终没能成功，即竹片一头高于出水管道，阻碍了引流。渐渐地幼儿的探索兴趣也减弱了，有的开始玩水，有的甚至离开了水池。,示范正确的引水方法，请幼儿注意观察并说说引水的要领，再自己试一试。,加入幼儿的探索，引导他们观察水流受阻的位置，一起尝试调整竹片的摆放方式。,组织幼儿就游戏困难进行讨论，寻找解决问题的方案，引导幼儿再次尝试。,投放更多辅助引水的材料，重新激起幼儿的探索兴趣，继续观察游戏进展。,39.312,39.312,15.028,24.284,5,5,2,3,1,6,0,0,0,D,A/B,教师D：投放更多辅助引水的材料，重新激起幼儿的探索兴趣，继续观察游戏进展。,教师A：示范正确的引水方法，请幼儿注意观察并说说引水的要领，再自己试一试。；教师B：加入幼儿的探索，引导他们观察水流受阻的位置，一起尝试调整竹片的摆放方式。,15.028,0.0,0,9.302326,69.705426,100.0,42.777778,64.18876,eligible,过程简单,高修正投入；多次调整；首末位摇摆；优劣方向冲突,追问后续主要在比较哪些做法、为什么调整；追问最理想或最不理想做法的判断为什么发生变化；追问是否曾把某做法从合适改判为不合适，或相反
教师34,sim_openid_034_769373,Q1,1,篮球架玩水,操场上新安装了一些篮球架，幼儿经常在这里投篮。某天户外活动时，几名幼儿带着画笔和水桶来到这里，他们先是快乐地粉刷篮球架，之后开始往篮框里灌水，有的从上面灌，有的在下面接，忙的不亦乐乎，俨然这里成为了玩水的场地。,看到幼儿玩得很开心，不干预他们的玩水行为，待兴趣减弱后再讨论玩水的适宜性。,表扬幼儿的新发现，并询问在篮球架旁玩水是否合适，提议幼儿可以换个地方玩水。,参与到幼儿的“粉刷”游戏中，逐步引导幼儿到适宜玩水的地方继续开展游戏。,提醒幼儿篮球架是用于开展运动的，与其他幼儿一起召唤他们打篮球，转移他们的关注点。,38.511,38.511,20.0,18.511,4,4,2,2,0,5,0,0,0,A,B/D,教师A：看到幼儿玩得很开心，不干预他们的玩水行为，待兴趣减弱后再讨论玩水的适宜性。,教师B：表扬幼儿的新发现，并询问在篮球架旁玩水是否合适，提议幼儿可以换个地方玩水。；教师D：提醒幼儿篮球架是用于开展运动的，与其他幼儿一起召唤他们打篮球，转移他们的关注点。,20.0,0.0,0,9.756098,47.073171,100.0,37.0,56.623171,eligible,过程中等,多次调整；首末位摇摆,追问最理想或最不理想做法的判断为什么发生变化
教师34,sim_openid_034_769373,Q2,2,未参与小组建构,大班建构活动中，睿睿和其他幼儿计划一起搭积木大桥，他们讨论了搭建方法，并进入区域开始搭建。就在其他幼儿在认真搭建时，睿睿发现了一块长条木板，他一会儿在地上推着走，一会儿当枪使，没有再参与小组的搭建。,继续观察，后续分享中支持睿睿思考如何把长条木板融入小组的建构中。,肯定睿睿的创造性玩法，询问他长条板能否当桥面，引导他参与到搭桥任务中。,引导睿睿回顾计划，建议他先完成共同任务，长条木板可以等自由游戏时再玩。,看到睿睿玩得开心，暂不介入，等下一次活动时再提醒他根据计划开展游戏。,19.427,19.427,6.092,13.335,3,3,2,1,0,4,0,0,0,A,A/B,教师A：继续观察，后续分享中支持睿睿思考如何把长条木板融入小组的建构中。,教师A：继续观察，后续分享中支持睿睿思考如何把长条木板融入小组的建构中。；教师B：肯定睿睿的创造性玩法，询问他长条板能否当桥面，引导他参与到搭桥任务中。,7.35,0.0,0,97.777778,18.888889,80.0,29.666667,57.672222,eligible,过程中等,首反应异常；多次调整；首末位摇摆,请教师回忆读到情境后最先注意到什么、是否很快形成判断或感到难判断；追问最理想或最不理想做法的判断为什么发生变化
教师34,sim_openid_034_769373,Q3,3,材料选择无层次,大班上学期，张老师在建构区投放了按图搭建的游戏材料，并提供了不同星级难度的任务卡供幼儿选择，但有的幼儿一上来就选择高难度的三星级任务卡，结果不能顺利完成任务；而有的幼儿始终选择低难度的一星级任务卡。这天，浩浩又连续选择了几张一星级任务卡，很快就完成了任务。,调整任务卡提供方式，在游戏开始前根据幼儿的能力水平有针对性地发放任务卡。,暂不介入，尊重幼儿的自主选择和游戏体验，只要完成任务就是一种经验积累。,调整任务卡呈现方式，如增加“我想挑战”等提示，鼓励幼儿选择不同星级的挑战。,和浩浩回顾已完成的任务，比较不同星级的难度，邀请他选择稍有挑战的任务。,26.162,26.162,14.296,11.866,5,5,3,3,1,5,1,1,1,A,B/C,教师A：调整任务卡提供方式，在游戏开始前根据幼儿的能力水平有针对性地发放任务卡。,教师B：暂不介入，尊重幼儿的自主选择和游戏体验，只要完成任务就是一种经验积累。；教师C：调整任务卡呈现方式，如增加“我想挑战”等提示，鼓励幼儿选择不同星级的挑战。,14.296,0.0,0,13.333333,42.888889,100.0,71.888889,61.316667,eligible,过程中等,多次调整；首末位摇摆；优劣方向冲突；路径振荡,追问最理想或最不理想做法的判断为什么发生变化；追问是否曾把某做法从合适改判为不合适，或相反；追问当时是否在几个判断标准之间反复权衡
教师34,sim_openid_034_769373,Q4,4,频繁求助,中班区域活动时，小明选择了建构区。玩了一会儿，他跑到老师面前说“老师，我不会搭……帮帮我吧”，教师问他需要什么帮助时，他一边说我不会搭，一边却很快地将房子从一层积木加高到了两层。看小明专注搭建后，老师就离开建构区了。可是没一会，小明又找了老师好几次，说“老师，帮帮我吧，我不会搭”。,鼓励小明独立搭建，引导他思考接下来如何搭建，及时表扬他的努力。,先示范搭建关键部分，请小明观察方法，再鼓励他照着继续搭建。,在旁观察小明的搭建过程，并适时反馈，帮助他理清搭建步骤。,帮小明回顾已搭建完成的部分，指导他设定小目标，尝试自己实现。,22.512,22.512,8.97,13.542,3,3,2,1,1,4,0,0,0,D,A/B,教师D：帮小明回顾已搭建完成的部分，指导他设定小目标，尝试自己实现。,教师A：鼓励小明独立搭建，引导他思考接下来如何搭建，及时表扬他的努力。；教师B：先示范搭建关键部分，请小明观察方法，再鼓励他照着继续搭建。,8.97,0.0,0,62.5,33.833333,100.0,30.111111,62.166667,eligible,过程复杂,首反应异常；多次调整；首末位摇摆；优劣方向冲突,请教师回忆读到情境后最先注意到什么、是否很快形成判断或感到难判断；追问最理想或最不理想做法的判断为什么发生变化；追问是否曾把某做法从合适改判为不合适，或相反
教师34,sim_openid_034_769373,Q5,5,消防员救火开心,近几天，中班的幼儿十分热衷于在区域游戏时间玩“消防员救火”的游戏。游戏结束后的交流活动中，老师问幼儿最想分享什么时，阳阳说“娃娃家着火了，好开心啊！”。,抓住教育契机，向幼儿耐心解释真实的火灾会造成物品损失和人员伤亡。,询问幼儿开心的是“着火”本身，还是消防员成功救火、娃娃家的人得救？,引导幼儿思考“娃娃家着火”值不值得开心，帮助他们认识真实火灾是危险的。,请阳阳讲讲娃娃家着火后发生了什么、为什么开心，借此理解幼儿的游戏体验。,45.986,45.986,24.052,21.934,4,4,4,0,0,4,1,1,0,,A/B,,教师A：抓住教育契机，向幼儿耐心解释真实的火灾会造成物品损失和人员伤亡。；教师B：询问幼儿开心的是“着火”本身，还是消防员成功救火、娃娃家的人得救？,24.052,0.0,0,51.162791,57.317829,50.0,53.555556,52.96124,eligible,过程中等,多次调整；首末位摇摆,追问最理想或最不理想做法的判断为什么发生变化
教师34,sim_openid_034_769373,Q6,6,区域停留短,小班幼儿瑶瑶在区域活动时，一会儿在娃娃家切切菜，一会儿到美工区搓搓橡皮泥，一会儿又开心地跑到其它区域游戏，在任何一个区域停留时间都不超过三分钟。,提议瑶瑶完成某项游戏任务，如在娃娃家做菜，请他活动小结时分享。,游戏前提醒区域活动规则，活动结束后表扬区域游戏规则遵守得好的小朋友。,仔细观察瑶瑶在不同区域的游戏情况，分析他发生迅速转移的原因。,以同伴的身份陪伴瑶瑶在某一区域游戏，待他专注游戏后再离开。,30.126,30.126,8.178,21.948,7,7,3,2,0,8,0,0,0,A,A/B,教师A：提议瑶瑶完成某项游戏任务，如在娃娃家做菜，请他活动小结时分享。,教师A：提议瑶瑶完成某项游戏任务，如在娃娃家做菜，请他活动小结时分享。；教师B：游戏前提醒区域活动规则，活动结束后表扬区域游戏规则遵守得好的小朋友。,8.178,0.0,0,88.372093,79.72093,100.0,40.0,82.590698,eligible,过程复杂,首反应异常；高修正投入；多次调整；首末位摇摆,请教师回忆读到情境后最先注意到什么、是否很快形成判断或感到难判断；追问后续主要在比较哪些做法、为什么调整；追问最理想或最不理想做法的判断为什么发生变化
教师34,sim_openid_034_769373,Q7,7,飞行棋各走各的,大班区域游戏中，轩轩和小宇一起玩飞行棋，他们将棋子摆好后，各自拿了一个骰子开始投，小宇说：“该我走。”轩轩说：“明明该我走！”相持不下，于是两人各拿一个骰子，自顾自地走自己的棋。,耐心讲解共同游戏的规则，再以“棋手”身份加入游戏进行示范引导。,暂不介入，继续观察游戏进展，待区域小结时请幼儿分享游戏中的体验和问题。,拿走一个骰子，请幼儿商量只有一个骰子的共同游戏规则，达成一致后再开始游戏。,待幼儿体验一轮各走各的游戏后，询问幼儿的游戏体验，提示共同游戏规则的作用。,25.229,25.229,,,0,0,0,0,0,1,0,0,0,,,,,25.229,0.0,0,0.0,21.333333,0.0,26.0,10.3,eligible,过程简单,过程相对平稳,追问教师当时主要依据什么形成排序
教师34,sim_openid_034_769373,Q8,8,跳绳秩序混乱,周三下午，大五班的幼儿正自发进行跳绳游戏。李老师观察后发现，挤在一起跳绳的幼儿人数较多，整个场面十分混乱，幼儿很容易出现碰撞现象。此外，由于当“柱子”的幼儿很久才能轮上跳绳，因此也显得很不耐烦。,请幼儿暂停游戏，将幼儿分成多个小组并引导他们以小组为单位分区域开展游戏。,请幼儿说一说跳绳活动中存在的问题，并邀请幼儿一起设置跳绳的规则。,提供更多数量和不同种类的跳绳，并言语引导幼儿分组分区同时进行跳绳游戏。,暂不介入，活动分享时通过照片或视频回放引导幼儿发现问题并商议解决办法。,34.89,34.89,23.236,11.654,2,2,1,1,0,3,0,0,0,A,A/B,教师A：请幼儿暂停游戏，将幼儿分成多个小组并引导他们以小组为单位分区域开展游戏。,教师A：请幼儿暂停游戏，将幼儿分成多个小组并引导他们以小组为单位分区域开展游戏。；教师B：请幼儿说一说跳绳活动中存在的问题，并邀请幼儿一起设置跳绳的规则。,23.236,0.0,0,43.181818,22.030303,60.0,30.555556,40.828788,eligible,过程简单,首末位摇摆,追问最理想或最不理想做法的判断为什么发生变化
教师34,sim_openid_034_769373,Q9,9,艾莎公主不运动,小班的一次户外运动，有几个女孩子从一开始就没有选择任何体育活动项目，而是聚在一起坐在地上玩“艾莎公主”的游戏，比一比谁的鞋子最漂亮，谁的魔法最厉害。,询问幼儿没有参与运动的原因，提供丰富的活动材料吸引幼儿参与运动活动。,提醒幼儿现在是运动时间，请他们等自由游戏时间再一起玩“艾莎公主”的游戏。,利用艾莎公主的鞋子设计走、跑、跳等活动，并以参与者的身份邀请幼儿一起参与运动。,肯定幼儿自主游戏的行为，言语引导幼儿穿着“漂亮的鞋子”参与运动。,52.454,52.454,13.052,39.402,8,8,1,4,0,6,3,3,1,B,B/D,教师B：提醒幼儿现在是运动时间，请他们等自由游戏时间再一起玩“艾莎公主”的游戏。,教师B：提醒幼儿现在是运动时间，请他们等自由游戏时间再一起玩“艾莎公主”的游戏。；教师D：肯定幼儿自主游戏的行为，言语引导幼儿穿着“漂亮的鞋子”参与运动。,13.052,0.0,0,38.636364,94.914141,80.0,90.555556,77.784848,eligible,过程复杂,高修正投入；多次调整；首末位摇摆；路径振荡,追问后续主要在比较哪些做法、为什么调整；追问最理想或最不理想做法的判断为什么发生变化；追问当时是否在几个判断标准之间反复权衡
教师34,sim_openid_034_769373,Q10,10,引水难题未解,中班上学期，幼儿在“引水游戏”中遇到了难题——水无法被引到竹片管道上。他们不断调整竹片拼接的方式，却始终没能成功，即竹片一头高于出水管道，阻碍了引流。渐渐地幼儿的探索兴趣也减弱了，有的开始玩水，有的甚至离开了水池。,示范正确的引水方法，请幼儿注意观察并说说引水的要领，再自己试一试。,加入幼儿的探索，引导他们观察水流受阻的位置，一起尝试调整竹片的摆放方式。,组织幼儿就游戏困难进行讨论，寻找解决问题的方案，引导幼儿再次尝试。,投放更多辅助引水的材料，重新激起幼儿的探索兴趣，继续观察游戏进展。,22.434,22.434,7.578,14.856,3,3,3,0,0,4,0,0,0,C,A/B,教师C：组织幼儿就游戏困难进行讨论，寻找解决问题的方案，引导幼儿再次尝试。,教师A：示范正确的引水方法，请幼儿注意观察并说说引水的要领，再自己试一试。；教师B：加入幼儿的探索，引导他们观察水流受阻的位置，一起尝试调整竹片的摆放方式。,9.601,0.0,0,65.116279,37.348837,50.0,35.0,46.977907,eligible,过程简单,首反应异常；多次调整；首末位摇摆,请教师回忆读到情境后最先注意到什么、是否很快形成判断或感到难判断；追问最理想或最不理想做法的判断为什么发生变化
教师35,sim_openid_035_385846,Q1,1,篮球架玩水,操场上新安装了一些篮球架，幼儿经常在这里投篮。某天户外活动时，几名幼儿带着画笔和水桶来到这里，他们先是快乐地粉刷篮球架，之后开始往篮框里灌水，有的从上面灌，有的在下面接，忙的不亦乐乎，俨然这里成为了玩水的场地。,看到幼儿玩得很开心，不干预他们的玩水行为，待兴趣减弱后再讨论玩水的适宜性。,表扬幼儿的新发现，并询问在篮球架旁玩水是否合适，提议幼儿可以换个地方玩水。,参与到幼儿的“粉刷”游戏中，逐步引导幼儿到适宜玩水的地方继续开展游戏。,提醒幼儿篮球架是用于开展运动的，与其他幼儿一起召唤他们打篮球，转移他们的关注点。,57.28,57.28,20.985,36.295,6,6,4,3,1,6,1,1,1,A,C/D,教师A：看到幼儿玩得很开心，不干预他们的玩水行为，待兴趣减弱后再讨论玩水的适宜性。,教师C：参与到幼儿的“粉刷”游戏中，逐步引导幼儿到适宜玩水的地方继续开展游戏。；教师D：提醒幼儿篮球架是用于开展运动的，与其他幼儿一起召唤他们打篮球，转移他们的关注点。,20.985,0.0,0,19.512195,87.172087,100.0,74.666667,76.254065,eligible,过程复杂,高修正投入；多次调整；首末位摇摆；优劣方向冲突；路径振荡,追问后续主要在比较哪些做法、为什么调整；追问最理想或最不理想做法的判断为什么发生变化；追问是否曾把某做法从合适改判为不合适，或相反；追问当时是否在几个判断标准之间反复权衡
教师35,sim_openid_035_385846,Q2,2,未参与小组建构,大班建构活动中，睿睿和其他幼儿计划一起搭积木大桥，他们讨论了搭建方法，并进入区域开始搭建。就在其他幼儿在认真搭建时，睿睿发现了一块长条木板，他一会儿在地上推着走，一会儿当枪使，没有再参与小组的搭建。,继续观察，后续分享中支持睿睿思考如何把长条木板融入小组的建构中。,肯定睿睿的创造性玩法，询问他长条板能否当桥面，引导他参与到搭桥任务中。,引导睿睿回顾计划，建议他先完成共同任务，长条木板可以等自由游戏时再玩。,看到睿睿玩得开心，暂不介入，等下一次活动时再提醒他根据计划开展游戏。,65.148,65.148,41.611,23.537,5,5,4,3,2,5,1,1,0,,C/D,,教师C：引导睿睿回顾计划，建议他先完成共同任务，长条木板可以等自由游戏时再玩。；教师D：看到睿睿玩得开心，暂不介入，等下一次活动时再提醒他根据计划开展游戏。,41.611,0.0,0,97.777778,56.888889,100.0,54.333333,79.772222,eligible,过程复杂,首反应异常；多次调整；首末位摇摆；优劣方向冲突,请教师回忆读到情境后最先注意到什么、是否很快形成判断或感到难判断；追问最理想或最不理想做法的判断为什么发生变化；追问是否曾把某做法从合适改判为不合适，或相反
教师35,sim_openid_035_385846,Q3,3,材料选择无层次,大班上学期，张老师在建构区投放了按图搭建的游戏材料，并提供了不同星级难度的任务卡供幼儿选择，但有的幼儿一上来就选择高难度的三星级任务卡，结果不能顺利完成任务；而有的幼儿始终选择低难度的一星级任务卡。这天，浩浩又连续选择了几张一星级任务卡，很快就完成了任务。,调整任务卡提供方式，在游戏开始前根据幼儿的能力水平有针对性地发放任务卡。,暂不介入，尊重幼儿的自主选择和游戏体验，只要完成任务就是一种经验积累。,调整任务卡呈现方式，如增加“我想挑战”等提示，鼓励幼儿选择不同星级的挑战。,和浩浩回顾已完成的任务，比较不同星级的难度，邀请他选择稍有挑战的任务。,51.52,51.52,30.984,20.536,5,5,2,4,1,5,1,1,1,B,B/C,教师B：暂不介入，尊重幼儿的自主选择和游戏体验，只要完成任务就是一种经验积累。,教师B：暂不介入，尊重幼儿的自主选择和游戏体验，只要完成任务就是一种经验积累。；教师C：调整任务卡呈现方式，如增加“我想挑战”等提示，鼓励幼儿选择不同星级的挑战。,30.984,0.0,0,88.888889,58.0,100.0,71.888889,80.961111,eligible,过程复杂,首反应异常；多次调整；首末位摇摆；优劣方向冲突；路径振荡,请教师回忆读到情境后最先注意到什么、是否很快形成判断或感到难判断；追问最理想或最不理想做法的判断为什么发生变化；追问是否曾把某做法从合适改判为不合适，或相反；追问当时是否在几个判断标准之间反复权衡
教师35,sim_openid_035_385846,Q4,4,频繁求助,中班区域活动时，小明选择了建构区。玩了一会儿，他跑到老师面前说“老师，我不会搭……帮帮我吧”，教师问他需要什么帮助时，他一边说我不会搭，一边却很快地将房子从一层积木加高到了两层。看小明专注搭建后，老师就离开建构区了。可是没一会，小明又找了老师好几次，说“老师，帮帮我吧，我不会搭”。,鼓励小明独立搭建，引导他思考接下来如何搭建，及时表扬他的努力。,先示范搭建关键部分，请小明观察方法，再鼓励他照着继续搭建。,在旁观察小明的搭建过程，并适时反馈，帮助他理清搭建步骤。,帮小明回顾已搭建完成的部分，指导他设定小目标，尝试自己实现。,23.905,23.905,,,0,0,0,0,0,1,0,0,0,,,,,23.905,0.0,0,0.0,23.333333,0.0,21.0,10.15,eligible,过程简单,过程相对平稳,追问教师当时主要依据什么形成排序
教师35,sim_openid_035_385846,Q5,5,消防员救火开心,近几天，中班的幼儿十分热衷于在区域游戏时间玩“消防员救火”的游戏。游戏结束后的交流活动中，老师问幼儿最想分享什么时，阳阳说“娃娃家着火了，好开心啊！”。,抓住教育契机，向幼儿耐心解释真实的火灾会造成物品损失和人员伤亡。,询问幼儿开心的是“着火”本身，还是消防员成功救火、娃娃家的人得救？,引导幼儿思考“娃娃家着火”值不值得开心，帮助他们认识真实火灾是危险的。,请阳阳讲讲娃娃家着火后发生了什么、为什么开心，借此理解幼儿的游戏体验。,76.993,76.993,29.337,47.656,8,8,6,3,1,7,2,2,1,D,C/D,教师D：请阳阳讲讲娃娃家着火后发生了什么、为什么开心，借此理解幼儿的游戏体验。,教师C：引导幼儿思考“娃娃家着火”值不值得开心，帮助他们认识真实火灾是危险的。；教师D：请阳阳讲讲娃娃家着火后发生了什么、为什么开心，借此理解幼儿的游戏体验。,29.337,0.0,0,83.72093,94.604651,100.0,86.777778,93.142248,eligible,过程复杂,首反应异常；高修正投入；多次调整；首末位摇摆；优劣方向冲突；路径振荡,请教师回忆读到情境后最先注意到什么、是否很快形成判断或感到难判断；追问后续主要在比较哪些做法、为什么调整；追问最理想或最不理想做法的判断为什么发生变化；追问是否曾把某做法从合适改判为不合适，或相反；追问当时是否在几个判断标准之间反复权衡
教师35,sim_openid_035_385846,Q6,6,区域停留短,小班幼儿瑶瑶在区域活动时，一会儿在娃娃家切切菜，一会儿到美工区搓搓橡皮泥，一会儿又开心地跑到其它区域游戏，在任何一个区域停留时间都不超过三分钟。,提议瑶瑶完成某项游戏任务，如在娃娃家做菜，请他活动小结时分享。,游戏前提醒区域活动规则，活动结束后表扬区域游戏规则遵守得好的小朋友。,仔细观察瑶瑶在不同区域的游戏情况，分析他发生迅速转移的原因。,以同伴的身份陪伴瑶瑶在某一区域游戏，待他专注游戏后再离开。,74.331,74.331,44.347,29.984,5,5,2,3,1,6,0,0,0,A,B/C,教师A：提议瑶瑶完成某项游戏任务，如在娃娃家做菜，请他活动小结时分享。,教师B：游戏前提醒区域活动规则，活动结束后表扬区域游戏规则遵守得好的小朋友。；教师C：仔细观察瑶瑶在不同区域的游戏情况，分析他发生迅速转移的原因。,44.347,0.0,0,97.674419,75.813953,100.0,36.222222,82.712403,eligible,过程复杂,首反应异常；高修正投入；多次调整；首末位摇摆；优劣方向冲突,请教师回忆读到情境后最先注意到什么、是否很快形成判断或感到难判断；追问后续主要在比较哪些做法、为什么调整；追问最理想或最不理想做法的判断为什么发生变化；追问是否曾把某做法从合适改判为不合适，或相反
教师35,sim_openid_035_385846,Q7,7,飞行棋各走各的,大班区域游戏中，轩轩和小宇一起玩飞行棋，他们将棋子摆好后，各自拿了一个骰子开始投，小宇说：“该我走。”轩轩说：“明明该我走！”相持不下，于是两人各拿一个骰子，自顾自地走自己的棋。,耐心讲解共同游戏的规则，再以“棋手”身份加入游戏进行示范引导。,暂不介入，继续观察游戏进展，待区域小结时请幼儿分享游戏中的体验和问题。,拿走一个骰子，请幼儿商量只有一个骰子的共同游戏规则，达成一致后再开始游戏。,待幼儿体验一轮各走各的游戏后，询问幼儿的游戏体验，提示共同游戏规则的作用。,28.747,28.747,15.567,13.18,3,3,1,3,1,4,0,0,0,A,A/B,教师A：耐心讲解共同游戏的规则，再以“棋手”身份加入游戏进行示范引导。,教师A：耐心讲解共同游戏的规则，再以“棋手”身份加入游戏进行示范引导。；教师B：暂不介入，继续观察游戏进展，待区域小结时请幼儿分享游戏中的体验和问题。,15.567,0.0,0,4.651163,27.100775,100.0,34.222222,49.193798,eligible,过程简单,多次调整；首末位摇摆；优劣方向冲突,追问最理想或最不理想做法的判断为什么发生变化；追问是否曾把某做法从合适改判为不合适，或相反
教师35,sim_openid_035_385846,Q8,8,跳绳秩序混乱,周三下午，大五班的幼儿正自发进行跳绳游戏。李老师观察后发现，挤在一起跳绳的幼儿人数较多，整个场面十分混乱，幼儿很容易出现碰撞现象。此外，由于当“柱子”的幼儿很久才能轮上跳绳，因此也显得很不耐烦。,请幼儿暂停游戏，将幼儿分成多个小组并引导他们以小组为单位分区域开展游戏。,请幼儿说一说跳绳活动中存在的问题，并邀请幼儿一起设置跳绳的规则。,提供更多数量和不同种类的跳绳，并言语引导幼儿分组分区同时进行跳绳游戏。,暂不介入，活动分享时通过照片或视频回放引导幼儿发现问题并商议解决办法。,46.71,46.71,27.268,19.442,4,4,1,3,0,3,2,2,2,A,C/D,教师A：请幼儿暂停游戏，将幼儿分成多个小组并引导他们以小组为单位分区域开展游戏。,教师C：提供更多数量和不同种类的跳绳，并言语引导幼儿分组分区同时进行跳绳游戏。；教师D：暂不介入，活动分享时通过照片或视频回放引导幼儿发现问题并商议解决办法。,27.268,0.0,0,70.454545,58.090909,80.0,78.777778,71.334848,eligible,过程复杂,首反应异常；多次调整；首末位摇摆；路径振荡,请教师回忆读到情境后最先注意到什么、是否很快形成判断或感到难判断；追问最理想或最不理想做法的判断为什么发生变化；追问当时是否在几个判断标准之间反复权衡
教师35,sim_openid_035_385846,Q9,9,艾莎公主不运动,小班的一次户外运动，有几个女孩子从一开始就没有选择任何体育活动项目，而是聚在一起坐在地上玩“艾莎公主”的游戏，比一比谁的鞋子最漂亮，谁的魔法最厉害。,询问幼儿没有参与运动的原因，提供丰富的活动材料吸引幼儿参与运动活动。,提醒幼儿现在是运动时间，请他们等自由游戏时间再一起玩“艾莎公主”的游戏。,利用艾莎公主的鞋子设计走、跑、跳等活动，并以参与者的身份邀请幼儿一起参与运动。,肯定幼儿自主游戏的行为，言语引导幼儿穿着“漂亮的鞋子”参与运动。,73.313,73.313,36.439,36.874,6,6,2,5,2,6,1,1,0,B,C/D,教师B：提醒幼儿现在是运动时间，请他们等自由游戏时间再一起玩“艾莎公主”的游戏。,教师C：利用艾莎公主的鞋子设计走、跑、跳等活动，并以参与者的身份邀请幼儿一起参与运动。；教师D：肯定幼儿自主游戏的行为，言语引导幼儿穿着“漂亮的鞋子”参与运动。,36.439,0.0,0,93.181818,81.242424,100.0,66.666667,88.009091,eligible,过程复杂,首反应异常；高修正投入；多次调整；首末位摇摆；优劣方向冲突；路径振荡,请教师回忆读到情境后最先注意到什么、是否很快形成判断或感到难判断；追问后续主要在比较哪些做法、为什么调整；追问最理想或最不理想做法的判断为什么发生变化；追问是否曾把某做法从合适改判为不合适，或相反；追问当时是否在几个判断标准之间反复权衡
教师35,sim_openid_035_385846,Q10,10,引水难题未解,中班上学期，幼儿在“引水游戏”中遇到了难题——水无法被引到竹片管道上。他们不断调整竹片拼接的方式，却始终没能成功，即竹片一头高于出水管道，阻碍了引流。渐渐地幼儿的探索兴趣也减弱了，有的开始玩水，有的甚至离开了水池。,示范正确的引水方法，请幼儿注意观察并说说引水的要领，再自己试一试。,加入幼儿的探索，引导他们观察水流受阻的位置，一起尝试调整竹片的摆放方式。,组织幼儿就游戏困难进行讨论，寻找解决问题的方案，引导幼儿再次尝试。,投放更多辅助引水的材料，重新激起幼儿的探索兴趣，继续观察游戏进展。,78.324,78.324,42.051,36.273,5,5,4,1,1,6,0,0,0,D,A/C,教师D：投放更多辅助引水的材料，重新激起幼儿的探索兴趣，继续观察游戏进展。,教师A：示范正确的引水方法，请幼儿注意观察并说说引水的要领，再自己试一试。；教师C：组织幼儿就游戏困难进行讨论，寻找解决问题的方案，引导幼儿再次尝试。,42.051,0.0,0,97.674419,79.007752,100.0,42.777778,84.653876,eligible,过程复杂,首反应异常；高修正投入；多次调整；首末位摇摆；优劣方向冲突,请教师回忆读到情境后最先注意到什么、是否很快形成判断或感到难判断；追问后续主要在比较哪些做法、为什么调整；追问最理想或最不理想做法的判断为什么发生变化；追问是否曾把某做法从合适改判为不合适，或相反
教师36,sim_openid_036_874418,Q1,1,篮球架玩水,操场上新安装了一些篮球架，幼儿经常在这里投篮。某天户外活动时，几名幼儿带着画笔和水桶来到这里，他们先是快乐地粉刷篮球架，之后开始往篮框里灌水，有的从上面灌，有的在下面接，忙的不亦乐乎，俨然这里成为了玩水的场地。,看到幼儿玩得很开心，不干预他们的玩水行为，待兴趣减弱后再讨论玩水的适宜性。,表扬幼儿的新发现，并询问在篮球架旁玩水是否合适，提议幼儿可以换个地方玩水。,参与到幼儿的“粉刷”游戏中，逐步引导幼儿到适宜玩水的地方继续开展游戏。,提醒幼儿篮球架是用于开展运动的，与其他幼儿一起召唤他们打篮球，转移他们的关注点。,60.874,60.874,27.704,33.17,6,6,2,4,0,6,1,1,0,A,A/B,教师A：看到幼儿玩得很开心，不干预他们的玩水行为，待兴趣减弱后再讨论玩水的适宜性。,教师A：看到幼儿玩得很开心，不干预他们的玩水行为，待兴趣减弱后再讨论玩水的适宜性。；教师B：表扬幼儿的新发现，并询问在篮球架旁玩水是否合适，提议幼儿可以换个地方玩水。,27.704,0.0,0,82.926829,83.269648,100.0,60.666667,85.66626,eligible,过程复杂,首反应异常；高修正投入；多次调整；首末位摇摆；路径振荡,请教师回忆读到情境后最先注意到什么、是否很快形成判断或感到难判断；追问后续主要在比较哪些做法、为什么调整；追问最理想或最不理想做法的判断为什么发生变化；追问当时是否在几个判断标准之间反复权衡
教师36,sim_openid_036_874418,Q2,2,未参与小组建构,大班建构活动中，睿睿和其他幼儿计划一起搭积木大桥，他们讨论了搭建方法，并进入区域开始搭建。就在其他幼儿在认真搭建时，睿睿发现了一块长条木板，他一会儿在地上推着走，一会儿当枪使，没有再参与小组的搭建。,继续观察，后续分享中支持睿睿思考如何把长条木板融入小组的建构中。,肯定睿睿的创造性玩法，询问他长条板能否当桥面，引导他参与到搭桥任务中。,引导睿睿回顾计划，建议他先完成共同任务，长条木板可以等自由游戏时再玩。,看到睿睿玩得开心，暂不介入，等下一次活动时再提醒他根据计划开展游戏。,65.145,65.145,25.102,40.043,6,6,3,4,1,5,2,2,0,D,B/C,教师D：看到睿睿玩得开心，暂不介入，等下一次活动时再提醒他根据计划开展游戏。,教师B：肯定睿睿的创造性玩法，询问他长条板能否当桥面，引导他参与到搭桥任务中。；教师C：引导睿睿回顾计划，建议他先完成共同任务，长条木板可以等自由游戏时再玩。,25.102,0.0,0,44.444444,80.222222,100.0,66.0,77.855556,eligible,过程复杂,高修正投入；多次调整；首末位摇摆；优劣方向冲突；路径振荡,追问后续主要在比较哪些做法、为什么调整；追问最理想或最不理想做法的判断为什么发生变化；追问是否曾把某做法从合适改判为不合适，或相反；追问当时是否在几个判断标准之间反复权衡
教师36,sim_openid_036_874418,Q3,3,材料选择无层次,大班上学期，张老师在建构区投放了按图搭建的游戏材料，并提供了不同星级难度的任务卡供幼儿选择，但有的幼儿一上来就选择高难度的三星级任务卡，结果不能顺利完成任务；而有的幼儿始终选择低难度的一星级任务卡。这天，浩浩又连续选择了几张一星级任务卡，很快就完成了任务。,调整任务卡提供方式，在游戏开始前根据幼儿的能力水平有针对性地发放任务卡。,暂不介入，尊重幼儿的自主选择和游戏体验，只要完成任务就是一种经验积累。,调整任务卡呈现方式，如增加“我想挑战”等提示，鼓励幼儿选择不同星级的挑战。,和浩浩回顾已完成的任务，比较不同星级的难度，邀请他选择稍有挑战的任务。,55.239,55.239,19.687,35.552,6,6,3,2,1,7,0,0,0,A,B/D,教师A：调整任务卡提供方式，在游戏开始前根据幼儿的能力水平有针对性地发放任务卡。,教师B：暂不介入，尊重幼儿的自主选择和游戏体验，只要完成任务就是一种经验积累。；教师D：和浩浩回顾已完成的任务，比较不同星级的难度，邀请他选择稍有挑战的任务。,19.687,0.0,0,13.333333,80.222222,100.0,43.555556,68.266667,eligible,过程简单,高修正投入；多次调整；首末位摇摆；优劣方向冲突,追问后续主要在比较哪些做法、为什么调整；追问最理想或最不理想做法的判断为什么发生变化；追问是否曾把某做法从合适改判为不合适，或相反
教师36,sim_openid_036_874418,Q4,4,频繁求助,中班区域活动时，小明选择了建构区。玩了一会儿，他跑到老师面前说“老师，我不会搭……帮帮我吧”，教师问他需要什么帮助时，他一边说我不会搭，一边却很快地将房子从一层积木加高到了两层。看小明专注搭建后，老师就离开建构区了。可是没一会，小明又找了老师好几次，说“老师，帮帮我吧，我不会搭”。,鼓励小明独立搭建，引导他思考接下来如何搭建，及时表扬他的努力。,先示范搭建关键部分，请小明观察方法，再鼓励他照着继续搭建。,在旁观察小明的搭建过程，并适时反馈，帮助他理清搭建步骤。,帮小明回顾已搭建完成的部分，指导他设定小目标，尝试自己实现。,68.946,68.946,23.001,45.945,8,8,3,5,1,8,1,1,0,D,A/D,教师D：帮小明回顾已搭建完成的部分，指导他设定小目标，尝试自己实现。,教师A：鼓励小明独立搭建，引导他思考接下来如何搭建，及时表扬他的努力。；教师D：帮小明回顾已搭建完成的部分，指导他设定小目标，尝试自己实现。,23.001,0.0,0,37.5,97.5,100.0,60.777778,80.866667,eligible,过程复杂,高修正投入；多次调整；首末位摇摆；优劣方向冲突；路径振荡,追问后续主要在比较哪些做法、为什么调整；追问最理想或最不理想做法的判断为什么发生变化；追问是否曾把某做法从合适改判为不合适，或相反；追问当时是否在几个判断标准之间反复权衡
教师36,sim_openid_036_874418,Q5,5,消防员救火开心,近几天，中班的幼儿十分热衷于在区域游戏时间玩“消防员救火”的游戏。游戏结束后的交流活动中，老师问幼儿最想分享什么时，阳阳说“娃娃家着火了，好开心啊！”。,抓住教育契机，向幼儿耐心解释真实的火灾会造成物品损失和人员伤亡。,询问幼儿开心的是“着火”本身，还是消防员成功救火、娃娃家的人得救？,引导幼儿思考“娃娃家着火”值不值得开心，帮助他们认识真实火灾是危险的。,请阳阳讲讲娃娃家着火后发生了什么、为什么开心，借此理解幼儿的游戏体验。,34.716,34.716,15.107,19.609,5,5,2,4,1,5,1,1,1,A,B/D,教师A：抓住教育契机，向幼儿耐心解释真实的火灾会造成物品损失和人员伤亡。,教师B：询问幼儿开心的是“着火”本身，还是消防员成功救火、娃娃家的人得救？；教师D：请阳阳讲讲娃娃家着火后发生了什么、为什么开心，借此理解幼儿的游戏体验。,15.107,0.0,0,23.255814,66.263566,100.0,71.444444,70.246899,eligible,过程复杂,高修正投入；多次调整；首末位摇摆；优劣方向冲突；路径振荡,追问后续主要在比较哪些做法、为什么调整；追问最理想或最不理想做法的判断为什么发生变化；追问是否曾把某做法从合适改判为不合适，或相反；追问当时是否在几个判断标准之间反复权衡
教师36,sim_openid_036_874418,Q6,6,区域停留短,小班幼儿瑶瑶在区域活动时，一会儿在娃娃家切切菜，一会儿到美工区搓搓橡皮泥，一会儿又开心地跑到其它区域游戏，在任何一个区域停留时间都不超过三分钟。,提议瑶瑶完成某项游戏任务，如在娃娃家做菜，请他活动小结时分享。,游戏前提醒区域活动规则，活动结束后表扬区域游戏规则遵守得好的小朋友。,仔细观察瑶瑶在不同区域的游戏情况，分析他发生迅速转移的原因。,以同伴的身份陪伴瑶瑶在某一区域游戏，待他专注游戏后再离开。,33.416,33.416,13.987,19.429,6,6,5,2,1,6,1,1,1,B,A/C,教师B：游戏前提醒区域活动规则，活动结束后表扬区域游戏规则遵守得好的小朋友。,教师A：提议瑶瑶完成某项游戏任务，如在娃娃家做菜，请他活动小结时分享。；教师C：仔细观察瑶瑶在不同区域的游戏情况，分析他发生迅速转移的原因。,13.987,0.0,0,32.55814,67.736434,100.0,70.777778,72.449225,eligible,过程复杂,高修正投入；多次调整；首末位摇摆；优劣方向冲突；路径振荡,追问后续主要在比较哪些做法、为什么调整；追问最理想或最不理想做法的判断为什么发生变化；追问是否曾把某做法从合适改判为不合适，或相反；追问当时是否在几个判断标准之间反复权衡
教师36,sim_openid_036_874418,Q7,7,飞行棋各走各的,大班区域游戏中，轩轩和小宇一起玩飞行棋，他们将棋子摆好后，各自拿了一个骰子开始投，小宇说：“该我走。”轩轩说：“明明该我走！”相持不下，于是两人各拿一个骰子，自顾自地走自己的棋。,耐心讲解共同游戏的规则，再以“棋手”身份加入游戏进行示范引导。,暂不介入，继续观察游戏进展，待区域小结时请幼儿分享游戏中的体验和问题。,拿走一个骰子，请幼儿商量只有一个骰子的共同游戏规则，达成一致后再开始游戏。,待幼儿体验一轮各走各的游戏后，询问幼儿的游戏体验，提示共同游戏规则的作用。,41.027,41.027,12.496,28.531,5,5,2,2,0,5,1,1,1,D,B/C,教师D：待幼儿体验一轮各走各的游戏后，询问幼儿的游戏体验，提示共同游戏规则的作用。,教师B：暂不介入，继续观察游戏进展，待区域小结时请幼儿分享游戏中的体验和问题。；教师C：拿走一个骰子，请幼儿商量只有一个骰子的共同游戏规则，达成一致后再开始游戏。,12.496,0.0,0,46.511628,72.899225,100.0,72.0,76.972093,eligible,过程复杂,高修正投入；多次调整；首末位摇摆；路径振荡,追问后续主要在比较哪些做法、为什么调整；追问最理想或最不理想做法的判断为什么发生变化；追问当时是否在几个判断标准之间反复权衡
教师36,sim_openid_036_874418,Q8,8,跳绳秩序混乱,周三下午，大五班的幼儿正自发进行跳绳游戏。李老师观察后发现，挤在一起跳绳的幼儿人数较多，整个场面十分混乱，幼儿很容易出现碰撞现象。此外，由于当“柱子”的幼儿很久才能轮上跳绳，因此也显得很不耐烦。,请幼儿暂停游戏，将幼儿分成多个小组并引导他们以小组为单位分区域开展游戏。,请幼儿说一说跳绳活动中存在的问题，并邀请幼儿一起设置跳绳的规则。,提供更多数量和不同种类的跳绳，并言语引导幼儿分组分区同时进行跳绳游戏。,暂不介入，活动分享时通过照片或视频回放引导幼儿发现问题并商议解决办法。,57.726,57.726,22.797,34.929,6,6,5,3,2,6,1,1,0,A,A/B,教师A：请幼儿暂停游戏，将幼儿分成多个小组并引导他们以小组为单位分区域开展游戏。,教师A：请幼儿暂停游戏，将幼儿分成多个小组并引导他们以小组为单位分区域开展游戏。；教师B：请幼儿说一说跳绳活动中存在的问题，并邀请幼儿一起设置跳绳的规则。,22.797,0.0,0,29.545455,81.424242,100.0,63.0,74.786364,eligible,过程复杂,高修正投入；多次调整；首末位摇摆；优劣方向冲突；路径振荡,追问后续主要在比较哪些做法、为什么调整；追问最理想或最不理想做法的判断为什么发生变化；追问是否曾把某做法从合适改判为不合适，或相反；追问当时是否在几个判断标准之间反复权衡
教师36,sim_openid_036_874418,Q9,9,艾莎公主不运动,小班的一次户外运动，有几个女孩子从一开始就没有选择任何体育活动项目，而是聚在一起坐在地上玩“艾莎公主”的游戏，比一比谁的鞋子最漂亮，谁的魔法最厉害。,询问幼儿没有参与运动的原因，提供丰富的活动材料吸引幼儿参与运动活动。,提醒幼儿现在是运动时间，请他们等自由游戏时间再一起玩“艾莎公主”的游戏。,利用艾莎公主的鞋子设计走、跑、跳等活动，并以参与者的身份邀请幼儿一起参与运动。,肯定幼儿自主游戏的行为，言语引导幼儿穿着“漂亮的鞋子”参与运动。,66.111,66.111,29.474,36.637,6,6,2,5,2,6,1,1,1,A,A/C,教师A：询问幼儿没有参与运动的原因，提供丰富的活动材料吸引幼儿参与运动活动。,教师A：询问幼儿没有参与运动的原因，提供丰富的活动材料吸引幼儿参与运动活动。；教师C：利用艾莎公主的鞋子设计走、跑、跳等活动，并以参与者的身份邀请幼儿一起参与运动。,29.474,0.0,0,75.0,79.424242,100.0,81.666667,86.077273,eligible,过程复杂,首反应异常；高修正投入；多次调整；首末位摇摆；优劣方向冲突；路径振荡,请教师回忆读到情境后最先注意到什么、是否很快形成判断或感到难判断；追问后续主要在比较哪些做法、为什么调整；追问最理想或最不理想做法的判断为什么发生变化；追问是否曾把某做法从合适改判为不合适，或相反；追问当时是否在几个判断标准之间反复权衡
教师36,sim_openid_036_874418,Q10,10,引水难题未解,中班上学期，幼儿在“引水游戏”中遇到了难题——水无法被引到竹片管道上。他们不断调整竹片拼接的方式，却始终没能成功，即竹片一头高于出水管道，阻碍了引流。渐渐地幼儿的探索兴趣也减弱了，有的开始玩水，有的甚至离开了水池。,示范正确的引水方法，请幼儿注意观察并说说引水的要领，再自己试一试。,加入幼儿的探索，引导他们观察水流受阻的位置，一起尝试调整竹片的摆放方式。,组织幼儿就游戏困难进行讨论，寻找解决问题的方案，引导幼儿再次尝试。,投放更多辅助引水的材料，重新激起幼儿的探索兴趣，继续观察游戏进展。,28.076,28.076,10.885,17.191,3,3,0,2,0,3,1,1,1,B,B/C,教师B：加入幼儿的探索，引导他们观察水流受阻的位置，一起尝试调整竹片的摆放方式。,教师B：加入幼儿的探索，引导他们观察水流受阻的位置，一起尝试调整竹片的摆放方式。；教师C：组织幼儿就游戏困难进行讨论，寻找解决问题的方案，引导幼儿再次尝试。,10.885,0.0,0,27.906977,41.069767,50.0,64.666667,45.102326,eligible,过程简单,多次调整；首末位摇摆；路径振荡,追问最理想或最不理想做法的判断为什么发生变化；追问当时是否在几个判断标准之间反复权衡
教师37,sim_openid_037_400000,Q1,1,篮球架玩水,操场上新安装了一些篮球架，幼儿经常在这里投篮。某天户外活动时，几名幼儿带着画笔和水桶来到这里，他们先是快乐地粉刷篮球架，之后开始往篮框里灌水，有的从上面灌，有的在下面接，忙的不亦乐乎，俨然这里成为了玩水的场地。,看到幼儿玩得很开心，不干预他们的玩水行为，待兴趣减弱后再讨论玩水的适宜性。,表扬幼儿的新发现，并询问在篮球架旁玩水是否合适，提议幼儿可以换个地方玩水。,参与到幼儿的“粉刷”游戏中，逐步引导幼儿到适宜玩水的地方继续开展游戏。,提醒幼儿篮球架是用于开展运动的，与其他幼儿一起召唤他们打篮球，转移他们的关注点。,40.326,40.326,23.223,17.103,3,3,2,0,0,3,1,1,0,,A/B,,教师A：看到幼儿玩得很开心，不干预他们的玩水行为，待兴趣减弱后再讨论玩水的适宜性。；教师B：表扬幼儿的新发现，并询问在篮球架旁玩水是否合适，提议幼儿可以换个地方玩水。,23.223,0.0,0,48.780488,32.146341,50.0,48.444444,44.166667,eligible,过程简单,多次调整；首末位摇摆,追问最理想或最不理想做法的判断为什么发生变化
教师37,sim_openid_037_400000,Q2,2,未参与小组建构,大班建构活动中，睿睿和其他幼儿计划一起搭积木大桥，他们讨论了搭建方法，并进入区域开始搭建。就在其他幼儿在认真搭建时，睿睿发现了一块长条木板，他一会儿在地上推着走，一会儿当枪使，没有再参与小组的搭建。,继续观察，后续分享中支持睿睿思考如何把长条木板融入小组的建构中。,肯定睿睿的创造性玩法，询问他长条板能否当桥面，引导他参与到搭桥任务中。,引导睿睿回顾计划，建议他先完成共同任务，长条木板可以等自由游戏时再玩。,看到睿睿玩得开心，暂不介入，等下一次活动时再提醒他根据计划开展游戏。,46.201,46.201,27.875,18.326,3,3,1,2,0,4,0,0,0,A,A/B,教师A：继续观察，后续分享中支持睿睿思考如何把长条木板融入小组的建构中。,教师A：继续观察，后续分享中支持睿睿思考如何把长条木板融入小组的建构中。；教师B：肯定睿睿的创造性玩法，询问他长条板能否当桥面，引导他参与到搭桥任务中。,27.875,0.0,0,66.666667,28.666667,80.0,29.666667,54.383333,eligible,过程中等,首反应异常；多次调整；首末位摇摆,请教师回忆读到情境后最先注意到什么、是否很快形成判断或感到难判断；追问最理想或最不理想做法的判断为什么发生变化
教师37,sim_openid_037_400000,Q3,3,材料选择无层次,大班上学期，张老师在建构区投放了按图搭建的游戏材料，并提供了不同星级难度的任务卡供幼儿选择，但有的幼儿一上来就选择高难度的三星级任务卡，结果不能顺利完成任务；而有的幼儿始终选择低难度的一星级任务卡。这天，浩浩又连续选择了几张一星级任务卡，很快就完成了任务。,调整任务卡提供方式，在游戏开始前根据幼儿的能力水平有针对性地发放任务卡。,暂不介入，尊重幼儿的自主选择和游戏体验，只要完成任务就是一种经验积累。,调整任务卡呈现方式，如增加“我想挑战”等提示，鼓励幼儿选择不同星级的挑战。,和浩浩回顾已完成的任务，比较不同星级的难度，邀请他选择稍有挑战的任务。,19.035,19.035,6.106,12.929,3,3,2,2,1,4,0,0,0,A,A/B,教师A：调整任务卡提供方式，在游戏开始前根据幼儿的能力水平有针对性地发放任务卡。,教师A：调整任务卡提供方式，在游戏开始前根据幼儿的能力水平有针对性地发放任务卡。；教师B：暂不介入，尊重幼儿的自主选择和游戏体验，只要完成任务就是一种经验积累。,6.127,0.0,0,93.333333,24.222222,100.0,32.0,65.733333,eligible,过程中等,首反应异常；多次调整；首末位摇摆；优劣方向冲突,请教师回忆读到情境后最先注意到什么、是否很快形成判断或感到难判断；追问最理想或最不理想做法的判断为什么发生变化；追问是否曾把某做法从合适改判为不合适，或相反
教师37,sim_openid_037_400000,Q4,4,频繁求助,中班区域活动时，小明选择了建构区。玩了一会儿，他跑到老师面前说“老师，我不会搭……帮帮我吧”，教师问他需要什么帮助时，他一边说我不会搭，一边却很快地将房子从一层积木加高到了两层。看小明专注搭建后，老师就离开建构区了。可是没一会，小明又找了老师好几次，说“老师，帮帮我吧，我不会搭”。,鼓励小明独立搭建，引导他思考接下来如何搭建，及时表扬他的努力。,先示范搭建关键部分，请小明观察方法，再鼓励他照着继续搭建。,在旁观察小明的搭建过程，并适时反馈，帮助他理清搭建步骤。,帮小明回顾已搭建完成的部分，指导他设定小目标，尝试自己实现。,24.303,24.303,13.615,10.688,2,2,1,1,0,3,0,0,0,B,B/C,教师B：先示范搭建关键部分，请小明观察方法，再鼓励他照着继续搭建。,教师B：先示范搭建关键部分，请小明观察方法，再鼓励他照着继续搭建。；教师C：在旁观察小明的搭建过程，并适时反馈，帮助他理清搭建步骤。,13.615,0.0,0,27.5,17.5,60.0,25.0,35.5,eligible,过程简单,首末位摇摆,追问最理想或最不理想做法的判断为什么发生变化
教师37,sim_openid_037_400000,Q5,5,消防员救火开心,近几天，中班的幼儿十分热衷于在区域游戏时间玩“消防员救火”的游戏。游戏结束后的交流活动中，老师问幼儿最想分享什么时，阳阳说“娃娃家着火了，好开心啊！”。,抓住教育契机，向幼儿耐心解释真实的火灾会造成物品损失和人员伤亡。,询问幼儿开心的是“着火”本身，还是消防员成功救火、娃娃家的人得救？,引导幼儿思考“娃娃家着火”值不值得开心，帮助他们认识真实火灾是危险的。,请阳阳讲讲娃娃家着火后发生了什么、为什么开心，借此理解幼儿的游戏体验。,34.743,34.743,18.648,16.095,3,3,3,1,1,4,0,0,0,A,C/D,教师A：抓住教育契机，向幼儿耐心解释真实的火灾会造成物品损失和人员伤亡。,教师C：引导幼儿思考“娃娃家着火”值不值得开心，帮助他们认识真实火灾是危险的。；教师D：请阳阳讲讲娃娃家着火后发生了什么、为什么开心，借此理解幼儿的游戏体验。,18.648,0.0,0,13.953488,32.55814,100.0,32.444444,52.424806,eligible,过程中等,多次调整；首末位摇摆；优劣方向冲突,追问最理想或最不理想做法的判断为什么发生变化；追问是否曾把某做法从合适改判为不合适，或相反
教师37,sim_openid_037_400000,Q6,6,区域停留短,小班幼儿瑶瑶在区域活动时，一会儿在娃娃家切切菜，一会儿到美工区搓搓橡皮泥，一会儿又开心地跑到其它区域游戏，在任何一个区域停留时间都不超过三分钟。,提议瑶瑶完成某项游戏任务，如在娃娃家做菜，请他活动小结时分享。,游戏前提醒区域活动规则，活动结束后表扬区域游戏规则遵守得好的小朋友。,仔细观察瑶瑶在不同区域的游戏情况，分析他发生迅速转移的原因。,以同伴的身份陪伴瑶瑶在某一区域游戏，待他专注游戏后再离开。,54.548,54.548,27.196,27.352,7,7,3,4,1,6,2,2,1,,A/D,,教师A：提议瑶瑶完成某项游戏任务，如在娃娃家做菜，请他活动小结时分享。；教师D：以同伴的身份陪伴瑶瑶在某一区域游戏，待他专注游戏后再离开。,27.196,0.0,0,74.418605,88.093023,100.0,84.666667,89.011628,eligible,过程复杂,首反应异常；高修正投入；多次调整；首末位摇摆；优劣方向冲突；路径振荡,请教师回忆读到情境后最先注意到什么、是否很快形成判断或感到难判断；追问后续主要在比较哪些做法、为什么调整；追问最理想或最不理想做法的判断为什么发生变化；追问是否曾把某做法从合适改判为不合适，或相反；追问当时是否在几个判断标准之间反复权衡
教师37,sim_openid_037_400000,Q7,7,飞行棋各走各的,大班区域游戏中，轩轩和小宇一起玩飞行棋，他们将棋子摆好后，各自拿了一个骰子开始投，小宇说：“该我走。”轩轩说：“明明该我走！”相持不下，于是两人各拿一个骰子，自顾自地走自己的棋。,耐心讲解共同游戏的规则，再以“棋手”身份加入游戏进行示范引导。,暂不介入，继续观察游戏进展，待区域小结时请幼儿分享游戏中的体验和问题。,拿走一个骰子，请幼儿商量只有一个骰子的共同游戏规则，达成一致后再开始游戏。,待幼儿体验一轮各走各的游戏后，询问幼儿的游戏体验，提示共同游戏规则的作用。,46.519,46.519,15.277,31.242,7,7,1,5,1,7,1,1,1,A,B/C,教师A：耐心讲解共同游戏的规则，再以“棋手”身份加入游戏进行示范引导。,教师B：暂不介入，继续观察游戏进展，待区域小结时请幼儿分享游戏中的体验和问题。；教师C：拿走一个骰子，请幼儿商量只有一个骰子的共同游戏规则，达成一致后再开始游戏。,15.277,0.0,0,4.651163,87.286822,100.0,77.111111,73.682946,eligible,过程复杂,高修正投入；多次调整；首末位摇摆；优劣方向冲突；路径振荡,追问后续主要在比较哪些做法、为什么调整；追问最理想或最不理想做法的判断为什么发生变化；追问是否曾把某做法从合适改判为不合适，或相反；追问当时是否在几个判断标准之间反复权衡
教师37,sim_openid_037_400000,Q8,8,跳绳秩序混乱,周三下午，大五班的幼儿正自发进行跳绳游戏。李老师观察后发现，挤在一起跳绳的幼儿人数较多，整个场面十分混乱，幼儿很容易出现碰撞现象。此外，由于当“柱子”的幼儿很久才能轮上跳绳，因此也显得很不耐烦。,请幼儿暂停游戏，将幼儿分成多个小组并引导他们以小组为单位分区域开展游戏。,请幼儿说一说跳绳活动中存在的问题，并邀请幼儿一起设置跳绳的规则。,提供更多数量和不同种类的跳绳，并言语引导幼儿分组分区同时进行跳绳游戏。,暂不介入，活动分享时通过照片或视频回放引导幼儿发现问题并商议解决办法。,33.151,33.151,22.451,10.7,2,2,1,0,0,3,0,0,0,A,A/B,教师A：请幼儿暂停游戏，将幼儿分成多个小组并引导他们以小组为单位分区域开展游戏。,教师A：请幼儿暂停游戏，将幼儿分成多个小组并引导他们以小组为单位分区域开展游戏。；教师B：请幼儿说一说跳绳活动中存在的问题，并邀请幼儿一起设置跳绳的规则。,22.451,0.0,0,25.0,18.393939,30.0,30.555556,25.601515,eligible,过程简单,过程相对平稳,追问教师当时主要依据什么形成排序
教师37,sim_openid_037_400000,Q9,9,艾莎公主不运动,小班的一次户外运动，有几个女孩子从一开始就没有选择任何体育活动项目，而是聚在一起坐在地上玩“艾莎公主”的游戏，比一比谁的鞋子最漂亮，谁的魔法最厉害。,询问幼儿没有参与运动的原因，提供丰富的活动材料吸引幼儿参与运动活动。,提醒幼儿现在是运动时间，请他们等自由游戏时间再一起玩“艾莎公主”的游戏。,利用艾莎公主的鞋子设计走、跑、跳等活动，并以参与者的身份邀请幼儿一起参与运动。,肯定幼儿自主游戏的行为，言语引导幼儿穿着“漂亮的鞋子”参与运动。,36.145,36.145,14.806,21.339,7,7,3,4,1,8,0,0,0,B,A/C,教师B：提醒幼儿现在是运动时间，请他们等自由游戏时间再一起玩“艾莎公主”的游戏。,教师A：询问幼儿没有参与运动的原因，提供丰富的活动材料吸引幼儿参与运动活动。；教师C：利用艾莎公主的鞋子设计走、跑、跳等活动，并以参与者的身份邀请幼儿一起参与运动。,14.806,0.0,0,11.363636,71.545455,100.0,47.888889,65.919697,eligible,过程中等,高修正投入；多次调整；首末位摇摆；优劣方向冲突,追问后续主要在比较哪些做法、为什么调整；追问最理想或最不理想做法的判断为什么发生变化；追问是否曾把某做法从合适改判为不合适，或相反
教师37,sim_openid_037_400000,Q10,10,引水难题未解,中班上学期，幼儿在“引水游戏”中遇到了难题——水无法被引到竹片管道上。他们不断调整竹片拼接的方式，却始终没能成功，即竹片一头高于出水管道，阻碍了引流。渐渐地幼儿的探索兴趣也减弱了，有的开始玩水，有的甚至离开了水池。,示范正确的引水方法，请幼儿注意观察并说说引水的要领，再自己试一试。,加入幼儿的探索，引导他们观察水流受阻的位置，一起尝试调整竹片的摆放方式。,组织幼儿就游戏困难进行讨论，寻找解决问题的方案，引导幼儿再次尝试。,投放更多辅助引水的材料，重新激起幼儿的探索兴趣，继续观察游戏进展。,36.466,36.466,16.679,19.787,6,6,3,3,0,6,1,1,1,D,C/D,教师D：投放更多辅助引水的材料，重新激起幼儿的探索兴趣，继续观察游戏进展。,教师C：组织幼儿就游戏困难进行讨论，寻找解决问题的方案，引导幼儿再次尝试。；教师D：投放更多辅助引水的材料，重新激起幼儿的探索兴趣，继续观察游戏进展。,16.679,0.0,0,23.255814,76.387597,100.0,77.777778,74.234109,eligible,过程复杂,高修正投入；多次调整；首末位摇摆；路径振荡,追问后续主要在比较哪些做法、为什么调整；追问最理想或最不理想做法的判断为什么发生变化；追问当时是否在几个判断标准之间反复权衡
教师38,sim_openid_038_190162,Q1,1,篮球架玩水,操场上新安装了一些篮球架，幼儿经常在这里投篮。某天户外活动时，几名幼儿带着画笔和水桶来到这里，他们先是快乐地粉刷篮球架，之后开始往篮框里灌水，有的从上面灌，有的在下面接，忙的不亦乐乎，俨然这里成为了玩水的场地。,看到幼儿玩得很开心，不干预他们的玩水行为，待兴趣减弱后再讨论玩水的适宜性。,表扬幼儿的新发现，并询问在篮球架旁玩水是否合适，提议幼儿可以换个地方玩水。,参与到幼儿的“粉刷”游戏中，逐步引导幼儿到适宜玩水的地方继续开展游戏。,提醒幼儿篮球架是用于开展运动的，与其他幼儿一起召唤他们打篮球，转移他们的关注点。,28.805,28.805,23.781,5.024,1,1,0,1,0,2,0,0,0,C,C/D,教师C：参与到幼儿的“粉刷”游戏中，逐步引导幼儿到适宜玩水的地方继续开展游戏。,教师C：参与到幼儿的“粉刷”游戏中，逐步引导幼儿到适宜玩水的地方继续开展游戏。；教师D：提醒幼儿篮球架是用于开展运动的，与其他幼儿一起召唤他们打篮球，转移他们的关注点。,23.781,0.0,0,63.414634,7.154472,30.0,25.444444,29.145935,eligible,过程简单,首反应异常,请教师回忆读到情境后最先注意到什么、是否很快形成判断或感到难判断
教师38,sim_openid_038_190162,Q2,2,未参与小组建构,大班建构活动中，睿睿和其他幼儿计划一起搭积木大桥，他们讨论了搭建方法，并进入区域开始搭建。就在其他幼儿在认真搭建时，睿睿发现了一块长条木板，他一会儿在地上推着走，一会儿当枪使，没有再参与小组的搭建。,继续观察，后续分享中支持睿睿思考如何把长条木板融入小组的建构中。,肯定睿睿的创造性玩法，询问他长条板能否当桥面，引导他参与到搭桥任务中。,引导睿睿回顾计划，建议他先完成共同任务，长条木板可以等自由游戏时再玩。,看到睿睿玩得开心，暂不介入，等下一次活动时再提醒他根据计划开展游戏。,25.245,25.245,6.313,18.932,3,3,2,0,0,3,1,1,1,B,A/C,教师B：肯定睿睿的创造性玩法，询问他长条板能否当桥面，引导他参与到搭桥任务中。,教师A：继续观察，后续分享中支持睿睿思考如何把长条木板融入小组的建构中。；教师C：引导睿睿回顾计划，建议他先完成共同任务，长条木板可以等自由游戏时再玩。,8.1,0.0,0,88.888889,29.555556,50.0,58.777778,52.961111,eligible,过程中等,首反应异常；多次调整；首末位摇摆,请教师回忆读到情境后最先注意到什么、是否很快形成判断或感到难判断；追问最理想或最不理想做法的判断为什么发生变化
教师38,sim_openid_038_190162,Q3,3,材料选择无层次,大班上学期，张老师在建构区投放了按图搭建的游戏材料，并提供了不同星级难度的任务卡供幼儿选择，但有的幼儿一上来就选择高难度的三星级任务卡，结果不能顺利完成任务；而有的幼儿始终选择低难度的一星级任务卡。这天，浩浩又连续选择了几张一星级任务卡，很快就完成了任务。,调整任务卡提供方式，在游戏开始前根据幼儿的能力水平有针对性地发放任务卡。,暂不介入，尊重幼儿的自主选择和游戏体验，只要完成任务就是一种经验积累。,调整任务卡呈现方式，如增加“我想挑战”等提示，鼓励幼儿选择不同星级的挑战。,和浩浩回顾已完成的任务，比较不同星级的难度，邀请他选择稍有挑战的任务。,13.952,13.952,10.357,3.595,2,2,2,0,0,3,0,0,0,A,B/C,教师A：调整任务卡提供方式，在游戏开始前根据幼儿的能力水平有针对性地发放任务卡。,教师B：暂不介入，尊重幼儿的自主选择和游戏体验，只要完成任务就是一种经验积累。；教师C：调整任务卡呈现方式，如增加“我想挑战”等提示，鼓励幼儿选择不同星级的挑战。,10.357,0.0,0,57.777778,6.444444,50.0,28.222222,35.222222,eligible,过程简单,首末位摇摆,追问最理想或最不理想做法的判断为什么发生变化
教师38,sim_openid_038_190162,Q4,4,频繁求助,中班区域活动时，小明选择了建构区。玩了一会儿，他跑到老师面前说“老师，我不会搭……帮帮我吧”，教师问他需要什么帮助时，他一边说我不会搭，一边却很快地将房子从一层积木加高到了两层。看小明专注搭建后，老师就离开建构区了。可是没一会，小明又找了老师好几次，说“老师，帮帮我吧，我不会搭”。,鼓励小明独立搭建，引导他思考接下来如何搭建，及时表扬他的努力。,先示范搭建关键部分，请小明观察方法，再鼓励他照着继续搭建。,在旁观察小明的搭建过程，并适时反馈，帮助他理清搭建步骤。,帮小明回顾已搭建完成的部分，指导他设定小目标，尝试自己实现。,25.199,25.199,9.632,15.567,2,2,1,1,1,3,0,0,0,D,A/B,教师D：帮小明回顾已搭建完成的部分，指导他设定小目标，尝试自己实现。,教师A：鼓励小明独立搭建，引导他思考接下来如何搭建，及时表扬他的努力。；教师B：先示范搭建关键部分，请小明观察方法，再鼓励他照着继续搭建。,10.284,0.0,0,52.5,26.5,90.0,25.0,53.7,eligible,过程复杂,首末位摇摆；优劣方向冲突,追问最理想或最不理想做法的判断为什么发生变化；追问是否曾把某做法从合适改判为不合适，或相反
教师38,sim_openid_038_190162,Q5,5,消防员救火开心,近几天，中班的幼儿十分热衷于在区域游戏时间玩“消防员救火”的游戏。游戏结束后的交流活动中，老师问幼儿最想分享什么时，阳阳说“娃娃家着火了，好开心啊！”。,抓住教育契机，向幼儿耐心解释真实的火灾会造成物品损失和人员伤亡。,询问幼儿开心的是“着火”本身，还是消防员成功救火、娃娃家的人得救？,引导幼儿思考“娃娃家着火”值不值得开心，帮助他们认识真实火灾是危险的。,请阳阳讲讲娃娃家着火后发生了什么、为什么开心，借此理解幼儿的游戏体验。,33.778,33.778,17.45,16.328,4,4,0,2,0,4,1,1,0,,B/C,,教师B：询问幼儿开心的是“着火”本身，还是消防员成功救火、娃娃家的人得救？；教师C：引导幼儿思考“娃娃家着火”值不值得开心，帮助他们认识真实火灾是危险的。,17.45,0.0,0,4.651163,47.085271,50.0,53.555556,40.589147,eligible,过程简单,多次调整；首末位摇摆,追问最理想或最不理想做法的判断为什么发生变化
教师38,sim_openid_038_190162,Q6,6,区域停留短,小班幼儿瑶瑶在区域活动时，一会儿在娃娃家切切菜，一会儿到美工区搓搓橡皮泥，一会儿又开心地跑到其它区域游戏，在任何一个区域停留时间都不超过三分钟。,提议瑶瑶完成某项游戏任务，如在娃娃家做菜，请他活动小结时分享。,游戏前提醒区域活动规则，活动结束后表扬区域游戏规则遵守得好的小朋友。,仔细观察瑶瑶在不同区域的游戏情况，分析他发生迅速转移的原因。,以同伴的身份陪伴瑶瑶在某一区域游戏，待他专注游戏后再离开。,18.916,18.916,9.7,9.216,2,2,2,0,0,2,1,1,1,,A/B,,教师A：提议瑶瑶完成某项游戏任务，如在娃娃家做菜，请他活动小结时分享。；教师B：游戏前提醒区域活动规则，活动结束后表扬区域游戏规则遵守得好的小朋友。,9.7,0.0,0,83.72093,9.658915,50.0,56.333333,45.59186,eligible,过程中等,首反应异常；首末位摇摆,请教师回忆读到情境后最先注意到什么、是否很快形成判断或感到难判断；追问最理想或最不理想做法的判断为什么发生变化
教师38,sim_openid_038_190162,Q7,7,飞行棋各走各的,大班区域游戏中，轩轩和小宇一起玩飞行棋，他们将棋子摆好后，各自拿了一个骰子开始投，小宇说：“该我走。”轩轩说：“明明该我走！”相持不下，于是两人各拿一个骰子，自顾自地走自己的棋。,耐心讲解共同游戏的规则，再以“棋手”身份加入游戏进行示范引导。,暂不介入，继续观察游戏进展，待区域小结时请幼儿分享游戏中的体验和问题。,拿走一个骰子，请幼儿商量只有一个骰子的共同游戏规则，达成一致后再开始游戏。,待幼儿体验一轮各走各的游戏后，询问幼儿的游戏体验，提示共同游戏规则的作用。,36.066,36.066,12.521,23.545,4,4,0,3,0,4,1,1,0,C,B/C,教师C：拿走一个骰子，请幼儿商量只有一个骰子的共同游戏规则，达成一致后再开始游戏。,教师B：暂不介入，继续观察游戏进展，待区域小结时请幼儿分享游戏中的体验和问题。；教师C：拿走一个骰子，请幼儿商量只有一个骰子的共同游戏规则，达成一致后再开始游戏。,12.521,0.0,0,41.860465,58.775194,50.0,53.666667,51.554651,eligible,过程中等,多次调整；首末位摇摆,追问最理想或最不理想做法的判断为什么发生变化
教师38,sim_openid_038_190162,Q8,8,跳绳秩序混乱,周三下午，大五班的幼儿正自发进行跳绳游戏。李老师观察后发现，挤在一起跳绳的幼儿人数较多，整个场面十分混乱，幼儿很容易出现碰撞现象。此外，由于当“柱子”的幼儿很久才能轮上跳绳，因此也显得很不耐烦。,请幼儿暂停游戏，将幼儿分成多个小组并引导他们以小组为单位分区域开展游戏。,请幼儿说一说跳绳活动中存在的问题，并邀请幼儿一起设置跳绳的规则。,提供更多数量和不同种类的跳绳，并言语引导幼儿分组分区同时进行跳绳游戏。,暂不介入，活动分享时通过照片或视频回放引导幼儿发现问题并商议解决办法。,45.113,45.113,10.696,34.417,8,8,0,4,0,6,3,3,1,C,B/D,教师C：提供更多数量和不同种类的跳绳，并言语引导幼儿分组分区同时进行跳绳游戏。,教师B：请幼儿说一说跳绳活动中存在的问题，并邀请幼儿一起设置跳绳的规则。；教师D：暂不介入，活动分享时通过照片或视频回放引导幼儿发现问题并商议解决办法。,10.696,0.0,0,56.818182,88.939394,50.0,90.333333,69.095455,eligible,过程复杂,高修正投入；多次调整；首末位摇摆；路径振荡,追问后续主要在比较哪些做法、为什么调整；追问最理想或最不理想做法的判断为什么发生变化；追问当时是否在几个判断标准之间反复权衡
教师38,sim_openid_038_190162,Q9,9,艾莎公主不运动,小班的一次户外运动，有几个女孩子从一开始就没有选择任何体育活动项目，而是聚在一起坐在地上玩“艾莎公主”的游戏，比一比谁的鞋子最漂亮，谁的魔法最厉害。,询问幼儿没有参与运动的原因，提供丰富的活动材料吸引幼儿参与运动活动。,提醒幼儿现在是运动时间，请他们等自由游戏时间再一起玩“艾莎公主”的游戏。,利用艾莎公主的鞋子设计走、跑、跳等活动，并以参与者的身份邀请幼儿一起参与运动。,肯定幼儿自主游戏的行为，言语引导幼儿穿着“漂亮的鞋子”参与运动。,29.481,29.481,14.47,15.011,4,4,1,2,0,4,1,1,1,C,B/D,教师C：利用艾莎公主的鞋子设计走、跑、跳等活动，并以参与者的身份邀请幼儿一起参与运动。,教师B：提醒幼儿现在是运动时间，请他们等自由游戏时间再一起玩“艾莎公主”的游戏。；教师D：肯定幼儿自主游戏的行为，言语引导幼儿穿着“漂亮的鞋子”参与运动。,14.47,0.0,0,25.0,44.757576,80.0,74.333333,57.577273,eligible,过程复杂,多次调整；首末位摇摆；路径振荡,追问最理想或最不理想做法的判断为什么发生变化；追问当时是否在几个判断标准之间反复权衡
教师38,sim_openid_038_190162,Q10,10,引水难题未解,中班上学期，幼儿在“引水游戏”中遇到了难题——水无法被引到竹片管道上。他们不断调整竹片拼接的方式，却始终没能成功，即竹片一头高于出水管道，阻碍了引流。渐渐地幼儿的探索兴趣也减弱了，有的开始玩水，有的甚至离开了水池。,示范正确的引水方法，请幼儿注意观察并说说引水的要领，再自己试一试。,加入幼儿的探索，引导他们观察水流受阻的位置，一起尝试调整竹片的摆放方式。,组织幼儿就游戏困难进行讨论，寻找解决问题的方案，引导幼儿再次尝试。,投放更多辅助引水的材料，重新激起幼儿的探索兴趣，继续观察游戏进展。,32.781,32.781,13.059,19.722,3,3,2,0,0,3,1,1,1,B,A/C,教师B：加入幼儿的探索，引导他们观察水流受阻的位置，一起尝试调整竹片的摆放方式。,教师A：示范正确的引水方法，请幼儿注意观察并说说引水的要领，再自己试一试。；教师C：组织幼儿就游戏困难进行讨论，寻找解决问题的方案，引导幼儿再次尝试。,13.059,0.0,0,18.604651,44.790698,50.0,64.666667,44.35814,eligible,过程中等,多次调整；首末位摇摆；路径振荡,追问最理想或最不理想做法的判断为什么发生变化；追问当时是否在几个判断标准之间反复权衡
教师39,sim_openid_039_228153,Q1,1,篮球架玩水,操场上新安装了一些篮球架，幼儿经常在这里投篮。某天户外活动时，几名幼儿带着画笔和水桶来到这里，他们先是快乐地粉刷篮球架，之后开始往篮框里灌水，有的从上面灌，有的在下面接，忙的不亦乐乎，俨然这里成为了玩水的场地。,看到幼儿玩得很开心，不干预他们的玩水行为，待兴趣减弱后再讨论玩水的适宜性。,表扬幼儿的新发现，并询问在篮球架旁玩水是否合适，提议幼儿可以换个地方玩水。,参与到幼儿的“粉刷”游戏中，逐步引导幼儿到适宜玩水的地方继续开展游戏。,提醒幼儿篮球架是用于开展运动的，与其他幼儿一起召唤他们打篮球，转移他们的关注点。,21.224,21.224,,,0,0,0,0,0,1,0,0,0,,,,,21.224,0.0,0,0.0,22.666667,0.0,23.888889,10.383333,eligible,过程简单,过程相对平稳,追问教师当时主要依据什么形成排序
教师39,sim_openid_039_228153,Q2,2,未参与小组建构,大班建构活动中，睿睿和其他幼儿计划一起搭积木大桥，他们讨论了搭建方法，并进入区域开始搭建。就在其他幼儿在认真搭建时，睿睿发现了一块长条木板，他一会儿在地上推着走，一会儿当枪使，没有再参与小组的搭建。,继续观察，后续分享中支持睿睿思考如何把长条木板融入小组的建构中。,肯定睿睿的创造性玩法，询问他长条板能否当桥面，引导他参与到搭桥任务中。,引导睿睿回顾计划，建议他先完成共同任务，长条木板可以等自由游戏时再玩。,看到睿睿玩得开心，暂不介入，等下一次活动时再提醒他根据计划开展游戏。,21.836,21.836,6.882,14.954,2,2,1,0,0,3,0,0,0,A,A/B,教师A：继续观察，后续分享中支持睿睿思考如何把长条木板融入小组的建构中。,教师A：继续观察，后续分享中支持睿睿思考如何把长条木板融入小组的建构中。；教师B：肯定睿睿的创造性玩法，询问他长条板能否当桥面，引导他参与到搭桥任务中。,8.55,0.0,0,84.444444,15.333333,30.0,25.222222,35.772222,eligible,过程中等,首反应异常,请教师回忆读到情境后最先注意到什么、是否很快形成判断或感到难判断
教师39,sim_openid_039_228153,Q3,3,材料选择无层次,大班上学期，张老师在建构区投放了按图搭建的游戏材料，并提供了不同星级难度的任务卡供幼儿选择，但有的幼儿一上来就选择高难度的三星级任务卡，结果不能顺利完成任务；而有的幼儿始终选择低难度的一星级任务卡。这天，浩浩又连续选择了几张一星级任务卡，很快就完成了任务。,调整任务卡提供方式，在游戏开始前根据幼儿的能力水平有针对性地发放任务卡。,暂不介入，尊重幼儿的自主选择和游戏体验，只要完成任务就是一种经验积累。,调整任务卡呈现方式，如增加“我想挑战”等提示，鼓励幼儿选择不同星级的挑战。,和浩浩回顾已完成的任务，比较不同星级的难度，邀请他选择稍有挑战的任务。,28.214,28.214,17.921,10.293,2,2,2,0,0,3,0,0,0,A,B/C,教师A：调整任务卡提供方式，在游戏开始前根据幼儿的能力水平有针对性地发放任务卡。,教师B：暂不介入，尊重幼儿的自主选择和游戏体验，只要完成任务就是一种经验积累。；教师C：调整任务卡呈现方式，如增加“我想挑战”等提示，鼓励幼儿选择不同星级的挑战。,17.921,0.0,0,4.444444,11.777778,50.0,28.222222,26.155556,eligible,过程简单,首末位摇摆,追问最理想或最不理想做法的判断为什么发生变化
教师39,sim_openid_039_228153,Q4,4,频繁求助,中班区域活动时，小明选择了建构区。玩了一会儿，他跑到老师面前说“老师，我不会搭……帮帮我吧”，教师问他需要什么帮助时，他一边说我不会搭，一边却很快地将房子从一层积木加高到了两层。看小明专注搭建后，老师就离开建构区了。可是没一会，小明又找了老师好几次，说“老师，帮帮我吧，我不会搭”。,鼓励小明独立搭建，引导他思考接下来如何搭建，及时表扬他的努力。,先示范搭建关键部分，请小明观察方法，再鼓励他照着继续搭建。,在旁观察小明的搭建过程，并适时反馈，帮助他理清搭建步骤。,帮小明回顾已搭建完成的部分，指导他设定小目标，尝试自己实现。,54.821,54.821,23.743,31.078,8,8,3,5,1,6,3,3,1,,C/D,,教师C：在旁观察小明的搭建过程，并适时反馈，帮助他理清搭建步骤。；教师D：帮小明回顾已搭建完成的部分，指导他设定小目标，尝试自己实现。,23.743,0.0,0,52.5,94.5,100.0,90.0,87.35,eligible,过程复杂,高修正投入；多次调整；首末位摇摆；优劣方向冲突；路径振荡,追问后续主要在比较哪些做法、为什么调整；追问最理想或最不理想做法的判断为什么发生变化；追问是否曾把某做法从合适改判为不合适，或相反；追问当时是否在几个判断标准之间反复权衡
教师39,sim_openid_039_228153,Q5,5,消防员救火开心,近几天，中班的幼儿十分热衷于在区域游戏时间玩“消防员救火”的游戏。游戏结束后的交流活动中，老师问幼儿最想分享什么时，阳阳说“娃娃家着火了，好开心啊！”。,抓住教育契机，向幼儿耐心解释真实的火灾会造成物品损失和人员伤亡。,询问幼儿开心的是“着火”本身，还是消防员成功救火、娃娃家的人得救？,引导幼儿思考“娃娃家着火”值不值得开心，帮助他们认识真实火灾是危险的。,请阳阳讲讲娃娃家着火后发生了什么、为什么开心，借此理解幼儿的游戏体验。,31.995,31.995,26.263,5.732,1,1,0,1,0,2,0,0,0,B,B/C,教师B：询问幼儿开心的是“着火”本身，还是消防员成功救火、娃娃家的人得救？,教师B：询问幼儿开心的是“着火”本身，还是消防员成功救火、娃娃家的人得救？；教师C：引导幼儿思考“娃娃家着火”值不值得开心，帮助他们认识真实火灾是危险的。,26.263,0.0,0,60.465116,5.395349,30.0,24.888889,27.944961,eligible,过程简单,首反应异常,请教师回忆读到情境后最先注意到什么、是否很快形成判断或感到难判断
教师39,sim_openid_039_228153,Q6,6,区域停留短,小班幼儿瑶瑶在区域活动时，一会儿在娃娃家切切菜，一会儿到美工区搓搓橡皮泥，一会儿又开心地跑到其它区域游戏，在任何一个区域停留时间都不超过三分钟。,提议瑶瑶完成某项游戏任务，如在娃娃家做菜，请他活动小结时分享。,游戏前提醒区域活动规则，活动结束后表扬区域游戏规则遵守得好的小朋友。,仔细观察瑶瑶在不同区域的游戏情况，分析他发生迅速转移的原因。,以同伴的身份陪伴瑶瑶在某一区域游戏，待他专注游戏后再离开。,27.763,27.763,10.76,17.003,4,4,1,1,0,4,1,1,1,A,A/D,教师A：提议瑶瑶完成某项游戏任务，如在娃娃家做菜，请他活动小结时分享。,教师A：提议瑶瑶完成某项游戏任务，如在娃娃家做菜，请他活动小结时分享。；教师D：以同伴的身份陪伴瑶瑶在某一区域游戏，待他专注游戏后再离开。,10.76,0.0,0,69.767442,45.085271,60.0,64.777778,58.195736,eligible,过程复杂,首反应异常；多次调整；首末位摇摆；路径振荡,请教师回忆读到情境后最先注意到什么、是否很快形成判断或感到难判断；追问最理想或最不理想做法的判断为什么发生变化；追问当时是否在几个判断标准之间反复权衡
教师39,sim_openid_039_228153,Q7,7,飞行棋各走各的,大班区域游戏中，轩轩和小宇一起玩飞行棋，他们将棋子摆好后，各自拿了一个骰子开始投，小宇说：“该我走。”轩轩说：“明明该我走！”相持不下，于是两人各拿一个骰子，自顾自地走自己的棋。,耐心讲解共同游戏的规则，再以“棋手”身份加入游戏进行示范引导。,暂不介入，继续观察游戏进展，待区域小结时请幼儿分享游戏中的体验和问题。,拿走一个骰子，请幼儿商量只有一个骰子的共同游戏规则，达成一致后再开始游戏。,待幼儿体验一轮各走各的游戏后，询问幼儿的游戏体验，提示共同游戏规则的作用。,35.018,35.018,19.808,15.21,4,4,2,1,0,5,0,0,0,D,A/B,教师D：待幼儿体验一轮各走各的游戏后，询问幼儿的游戏体验，提示共同游戏规则的作用。,教师A：耐心讲解共同游戏的规则，再以“棋手”身份加入游戏进行示范引导。；教师B：暂不介入，继续观察游戏进展，待区域小结时请幼儿分享游戏中的体验和问题。,19.808,0.0,0,23.255814,44.821705,80.0,38.888889,51.931008,eligible,过程中等,多次调整；首末位摇摆,追问最理想或最不理想做法的判断为什么发生变化
教师39,sim_openid_039_228153,Q8,8,跳绳秩序混乱,周三下午，大五班的幼儿正自发进行跳绳游戏。李老师观察后发现，挤在一起跳绳的幼儿人数较多，整个场面十分混乱，幼儿很容易出现碰撞现象。此外，由于当“柱子”的幼儿很久才能轮上跳绳，因此也显得很不耐烦。,请幼儿暂停游戏，将幼儿分成多个小组并引导他们以小组为单位分区域开展游戏。,请幼儿说一说跳绳活动中存在的问题，并邀请幼儿一起设置跳绳的规则。,提供更多数量和不同种类的跳绳，并言语引导幼儿分组分区同时进行跳绳游戏。,暂不介入，活动分享时通过照片或视频回放引导幼儿发现问题并商议解决办法。,52.2,52.2,18.199,34.001,6,6,3,3,2,5,2,2,1,A,A/C,教师A：请幼儿暂停游戏，将幼儿分成多个小组并引导他们以小组为单位分区域开展游戏。,教师A：请幼儿暂停游戏，将幼儿分成多个小组并引导他们以小组为单位分区域开展游戏。；教师C：提供更多数量和不同种类的跳绳，并言语引导幼儿分组分区同时进行跳绳游戏。,18.199,0.0,0,2.272727,78.69697,100.0,84.222222,71.69697,eligible,过程复杂,高修正投入；多次调整；首末位摇摆；优劣方向冲突；路径振荡,追问后续主要在比较哪些做法、为什么调整；追问最理想或最不理想做法的判断为什么发生变化；追问是否曾把某做法从合适改判为不合适，或相反；追问当时是否在几个判断标准之间反复权衡
教师39,sim_openid_039_228153,Q9,9,艾莎公主不运动,小班的一次户外运动，有几个女孩子从一开始就没有选择任何体育活动项目，而是聚在一起坐在地上玩“艾莎公主”的游戏，比一比谁的鞋子最漂亮，谁的魔法最厉害。,询问幼儿没有参与运动的原因，提供丰富的活动材料吸引幼儿参与运动活动。,提醒幼儿现在是运动时间，请他们等自由游戏时间再一起玩“艾莎公主”的游戏。,利用艾莎公主的鞋子设计走、跑、跳等活动，并以参与者的身份邀请幼儿一起参与运动。,肯定幼儿自主游戏的行为，言语引导幼儿穿着“漂亮的鞋子”参与运动。,34.55,34.55,22.743,11.807,3,3,0,2,0,3,1,1,0,,B/C,,教师B：提醒幼儿现在是运动时间，请他们等自由游戏时间再一起玩“艾莎公主”的游戏。；教师C：利用艾莎公主的鞋子设计走、跑、跳等活动，并以参与者的身份邀请幼儿一起参与运动。,22.743,0.0,0,34.090909,28.636364,50.0,55.555556,41.242424,eligible,过程中等,多次调整；首末位摇摆,追问最理想或最不理想做法的判断为什么发生变化
教师39,sim_openid_039_228153,Q10,10,引水难题未解,中班上学期，幼儿在“引水游戏”中遇到了难题——水无法被引到竹片管道上。他们不断调整竹片拼接的方式，却始终没能成功，即竹片一头高于出水管道，阻碍了引流。渐渐地幼儿的探索兴趣也减弱了，有的开始玩水，有的甚至离开了水池。,示范正确的引水方法，请幼儿注意观察并说说引水的要领，再自己试一试。,加入幼儿的探索，引导他们观察水流受阻的位置，一起尝试调整竹片的摆放方式。,组织幼儿就游戏困难进行讨论，寻找解决问题的方案，引导幼儿再次尝试。,投放更多辅助引水的材料，重新激起幼儿的探索兴趣，继续观察游戏进展。,19.901,19.901,6.282,13.619,3,3,0,1,0,4,0,0,0,D,B/C,教师D：投放更多辅助引水的材料，重新激起幼儿的探索兴趣，继续观察游戏进展。,教师B：加入幼儿的探索，引导他们观察水流受阻的位置，一起尝试调整竹片的摆放方式。；教师C：组织幼儿就游戏困难进行讨论，寻找解决问题的方案，引导幼儿再次尝试。,7.328,0.0,0,93.023256,35.488372,30.0,35.0,45.001163,eligible,过程中等,首反应异常；多次调整,请教师回忆读到情境后最先注意到什么、是否很快形成判断或感到难判断
教师40,sim_openid_040_746434,Q1,1,篮球架玩水,操场上新安装了一些篮球架，幼儿经常在这里投篮。某天户外活动时，几名幼儿带着画笔和水桶来到这里，他们先是快乐地粉刷篮球架，之后开始往篮框里灌水，有的从上面灌，有的在下面接，忙的不亦乐乎，俨然这里成为了玩水的场地。,看到幼儿玩得很开心，不干预他们的玩水行为，待兴趣减弱后再讨论玩水的适宜性。,表扬幼儿的新发现，并询问在篮球架旁玩水是否合适，提议幼儿可以换个地方玩水。,参与到幼儿的“粉刷”游戏中，逐步引导幼儿到适宜玩水的地方继续开展游戏。,提醒幼儿篮球架是用于开展运动的，与其他幼儿一起召唤他们打篮球，转移他们的关注点。,30.039,30.039,7.047,22.992,4,4,3,2,1,5,0,0,0,A,A/C,教师A：看到幼儿玩得很开心，不干预他们的玩水行为，待兴趣减弱后再讨论玩水的适宜性。,教师A：看到幼儿玩得很开心，不干预他们的玩水行为，待兴趣减弱后再讨论玩水的适宜性。；教师C：参与到幼儿的“粉刷”游戏中，逐步引导幼儿到适宜玩水的地方继续开展游戏。,10.506,0.0,0,82.926829,52.926829,100.0,37.0,73.013415,eligible,过程复杂,首反应异常；多次调整；首末位摇摆；优劣方向冲突,请教师回忆读到情境后最先注意到什么、是否很快形成判断或感到难判断；追问最理想或最不理想做法的判断为什么发生变化；追问是否曾把某做法从合适改判为不合适，或相反
教师40,sim_openid_040_746434,Q2,2,未参与小组建构,大班建构活动中，睿睿和其他幼儿计划一起搭积木大桥，他们讨论了搭建方法，并进入区域开始搭建。就在其他幼儿在认真搭建时，睿睿发现了一块长条木板，他一会儿在地上推着走，一会儿当枪使，没有再参与小组的搭建。,继续观察，后续分享中支持睿睿思考如何把长条木板融入小组的建构中。,肯定睿睿的创造性玩法，询问他长条板能否当桥面，引导他参与到搭桥任务中。,引导睿睿回顾计划，建议他先完成共同任务，长条木板可以等自由游戏时再玩。,看到睿睿玩得开心，暂不介入，等下一次活动时再提醒他根据计划开展游戏。,55.583,55.583,27.473,28.11,5,5,1,4,1,6,0,0,0,A,B/C,教师A：继续观察，后续分享中支持睿睿思考如何把长条木板融入小组的建构中。,教师B：肯定睿睿的创造性玩法，询问他长条板能否当桥面，引导他参与到搭桥任务中。；教师C：引导睿睿回顾计划，建议他先完成共同任务，长条木板可以等自由游戏时再玩。,27.473,0.0,0,57.777778,61.333333,100.0,39.222222,70.838889,eligible,过程复杂,高修正投入；多次调整；首末位摇摆；优劣方向冲突,追问后续主要在比较哪些做法、为什么调整；追问最理想或最不理想做法的判断为什么发生变化；追问是否曾把某做法从合适改判为不合适，或相反
教师40,sim_openid_040_746434,Q3,3,材料选择无层次,大班上学期，张老师在建构区投放了按图搭建的游戏材料，并提供了不同星级难度的任务卡供幼儿选择，但有的幼儿一上来就选择高难度的三星级任务卡，结果不能顺利完成任务；而有的幼儿始终选择低难度的一星级任务卡。这天，浩浩又连续选择了几张一星级任务卡，很快就完成了任务。,调整任务卡提供方式，在游戏开始前根据幼儿的能力水平有针对性地发放任务卡。,暂不介入，尊重幼儿的自主选择和游戏体验，只要完成任务就是一种经验积累。,调整任务卡呈现方式，如增加“我想挑战”等提示，鼓励幼儿选择不同星级的挑战。,和浩浩回顾已完成的任务，比较不同星级的难度，邀请他选择稍有挑战的任务。,28.549,28.549,14.183,14.366,4,4,1,3,0,5,0,0,0,A,C/D,教师A：调整任务卡提供方式，在游戏开始前根据幼儿的能力水平有针对性地发放任务卡。,教师C：调整任务卡呈现方式，如增加“我想挑战”等提示，鼓励幼儿选择不同星级的挑战。；教师D：和浩浩回顾已完成的任务，比较不同星级的难度，邀请他选择稍有挑战的任务。,14.183,0.0,0,22.222222,37.111111,80.0,36.888889,49.111111,eligible,过程简单,多次调整；首末位摇摆,追问最理想或最不理想做法的判断为什么发生变化
教师40,sim_openid_040_746434,Q4,4,频繁求助,中班区域活动时，小明选择了建构区。玩了一会儿，他跑到老师面前说“老师，我不会搭……帮帮我吧”，教师问他需要什么帮助时，他一边说我不会搭，一边却很快地将房子从一层积木加高到了两层。看小明专注搭建后，老师就离开建构区了。可是没一会，小明又找了老师好几次，说“老师，帮帮我吧，我不会搭”。,鼓励小明独立搭建，引导他思考接下来如何搭建，及时表扬他的努力。,先示范搭建关键部分，请小明观察方法，再鼓励他照着继续搭建。,在旁观察小明的搭建过程，并适时反馈，帮助他理清搭建步骤。,帮小明回顾已搭建完成的部分，指导他设定小目标，尝试自己实现。,30.41,30.41,7.201,23.209,6,6,1,4,1,4,3,3,2,A,B/C,教师A：鼓励小明独立搭建，引导他思考接下来如何搭建，及时表扬他的努力。,教师B：先示范搭建关键部分，请小明观察方法，再鼓励他照着继续搭建。；教师C：在旁观察小明的搭建过程，并适时反馈，帮助他理清搭建步骤。,7.201,0.0,0,82.5,79.5,100.0,87.888889,88.533333,eligible,过程复杂,首反应异常；高修正投入；多次调整；首末位摇摆；优劣方向冲突；路径振荡,请教师回忆读到情境后最先注意到什么、是否很快形成判断或感到难判断；追问后续主要在比较哪些做法、为什么调整；追问最理想或最不理想做法的判断为什么发生变化；追问是否曾把某做法从合适改判为不合适，或相反；追问当时是否在几个判断标准之间反复权衡
教师40,sim_openid_040_746434,Q5,5,消防员救火开心,近几天，中班的幼儿十分热衷于在区域游戏时间玩“消防员救火”的游戏。游戏结束后的交流活动中，老师问幼儿最想分享什么时，阳阳说“娃娃家着火了，好开心啊！”。,抓住教育契机，向幼儿耐心解释真实的火灾会造成物品损失和人员伤亡。,询问幼儿开心的是“着火”本身，还是消防员成功救火、娃娃家的人得救？,引导幼儿思考“娃娃家着火”值不值得开心，帮助他们认识真实火灾是危险的。,请阳阳讲讲娃娃家着火后发生了什么、为什么开心，借此理解幼儿的游戏体验。,29.926,29.926,11.35,18.576,4,4,4,0,0,2,3,3,3,,A/B,,教师A：抓住教育契机，向幼儿耐心解释真实的火灾会造成物品损失和人员伤亡。；教师B：询问幼儿开心的是“着火”本身，还是消防员成功救火、娃娃家的人得救？,11.35,0.0,0,65.116279,51.736434,50.0,80.333333,58.094186,eligible,过程简单,首反应异常；多次调整；首末位摇摆；路径振荡,请教师回忆读到情境后最先注意到什么、是否很快形成判断或感到难判断；追问最理想或最不理想做法的判断为什么发生变化；追问当时是否在几个判断标准之间反复权衡
教师40,sim_openid_040_746434,Q6,6,区域停留短,小班幼儿瑶瑶在区域活动时，一会儿在娃娃家切切菜，一会儿到美工区搓搓橡皮泥，一会儿又开心地跑到其它区域游戏，在任何一个区域停留时间都不超过三分钟。,提议瑶瑶完成某项游戏任务，如在娃娃家做菜，请他活动小结时分享。,游戏前提醒区域活动规则，活动结束后表扬区域游戏规则遵守得好的小朋友。,仔细观察瑶瑶在不同区域的游戏情况，分析他发生迅速转移的原因。,以同伴的身份陪伴瑶瑶在某一区域游戏，待他专注游戏后再离开。,41.852,41.852,18.079,23.773,6,6,1,5,1,6,1,1,0,A,C/D,教师A：提议瑶瑶完成某项游戏任务，如在娃娃家做菜，请他活动小结时分享。,教师C：仔细观察瑶瑶在不同区域的游戏情况，分析他发生迅速转移的原因。；教师D：以同伴的身份陪伴瑶瑶在某一区域游戏，待他专注游戏后再离开。,18.079,0.0,0,4.651163,75.178295,100.0,56.777778,67.000388,eligible,过程中等,高修正投入；多次调整；首末位摇摆；优劣方向冲突,追问后续主要在比较哪些做法、为什么调整；追问最理想或最不理想做法的判断为什么发生变化；追问是否曾把某做法从合适改判为不合适，或相反
教师40,sim_openid_040_746434,Q7,7,飞行棋各走各的,大班区域游戏中，轩轩和小宇一起玩飞行棋，他们将棋子摆好后，各自拿了一个骰子开始投，小宇说：“该我走。”轩轩说：“明明该我走！”相持不下，于是两人各拿一个骰子，自顾自地走自己的棋。,耐心讲解共同游戏的规则，再以“棋手”身份加入游戏进行示范引导。,暂不介入，继续观察游戏进展，待区域小结时请幼儿分享游戏中的体验和问题。,拿走一个骰子，请幼儿商量只有一个骰子的共同游戏规则，达成一致后再开始游戏。,待幼儿体验一轮各走各的游戏后，询问幼儿的游戏体验，提示共同游戏规则的作用。,36.26,36.26,15.498,20.762,5,5,3,2,1,6,0,0,0,B,C/D,教师B：暂不介入，继续观察游戏进展，待区域小结时请幼儿分享游戏中的体验和问题。,教师C：拿走一个骰子，请幼儿商量只有一个骰子的共同游戏规则，达成一致后再开始游戏。；教师D：待幼儿体验一轮各走各的游戏后，询问幼儿的游戏体验，提示共同游戏规则的作用。,15.498,0.0,0,0.0,65.457364,100.0,42.0,60.937209,eligible,过程中等,高修正投入；多次调整；首末位摇摆；优劣方向冲突,追问后续主要在比较哪些做法、为什么调整；追问最理想或最不理想做法的判断为什么发生变化；追问是否曾把某做法从合适改判为不合适，或相反
教师40,sim_openid_040_746434,Q8,8,跳绳秩序混乱,周三下午，大五班的幼儿正自发进行跳绳游戏。李老师观察后发现，挤在一起跳绳的幼儿人数较多，整个场面十分混乱，幼儿很容易出现碰撞现象。此外，由于当“柱子”的幼儿很久才能轮上跳绳，因此也显得很不耐烦。,请幼儿暂停游戏，将幼儿分成多个小组并引导他们以小组为单位分区域开展游戏。,请幼儿说一说跳绳活动中存在的问题，并邀请幼儿一起设置跳绳的规则。,提供更多数量和不同种类的跳绳，并言语引导幼儿分组分区同时进行跳绳游戏。,暂不介入，活动分享时通过照片或视频回放引导幼儿发现问题并商议解决办法。,38.311,38.311,27.517,10.794,3,3,2,1,0,4,0,0,0,A,B/C,教师A：请幼儿暂停游戏，将幼儿分成多个小组并引导他们以小组为单位分区域开展游戏。,教师B：请幼儿说一说跳绳活动中存在的问题，并邀请幼儿一起设置跳绳的规则。；教师C：提供更多数量和不同种类的跳绳，并言语引导幼儿分组分区同时进行跳绳游戏。,27.517,0.0,0,79.545455,33.30303,80.0,36.333333,59.35,eligible,过程中等,首反应异常；多次调整；首末位摇摆,请教师回忆读到情境后最先注意到什么、是否很快形成判断或感到难判断；追问最理想或最不理想做法的判断为什么发生变化
教师40,sim_openid_040_746434,Q9,9,艾莎公主不运动,小班的一次户外运动，有几个女孩子从一开始就没有选择任何体育活动项目，而是聚在一起坐在地上玩“艾莎公主”的游戏，比一比谁的鞋子最漂亮，谁的魔法最厉害。,询问幼儿没有参与运动的原因，提供丰富的活动材料吸引幼儿参与运动活动。,提醒幼儿现在是运动时间，请他们等自由游戏时间再一起玩“艾莎公主”的游戏。,利用艾莎公主的鞋子设计走、跑、跳等活动，并以参与者的身份邀请幼儿一起参与运动。,肯定幼儿自主游戏的行为，言语引导幼儿穿着“漂亮的鞋子”参与运动。,34.301,34.301,12.009,22.292,4,4,2,2,0,4,1,1,1,B,B/C,教师B：提醒幼儿现在是运动时间，请他们等自由游戏时间再一起玩“艾莎公主”的游戏。,教师B：提醒幼儿现在是运动时间，请他们等自由游戏时间再一起玩“艾莎公主”的游戏。；教师C：利用艾莎公主的鞋子设计走、跑、跳等活动，并以参与者的身份邀请幼儿一起参与运动。,12.009,0.0,0,47.727273,54.757576,100.0,74.333333,72.122727,eligible,过程复杂,多次调整；首末位摇摆；路径振荡,追问最理想或最不理想做法的判断为什么发生变化；追问当时是否在几个判断标准之间反复权衡
教师40,sim_openid_040_746434,Q10,10,引水难题未解,中班上学期，幼儿在“引水游戏”中遇到了难题——水无法被引到竹片管道上。他们不断调整竹片拼接的方式，却始终没能成功，即竹片一头高于出水管道，阻碍了引流。渐渐地幼儿的探索兴趣也减弱了，有的开始玩水，有的甚至离开了水池。,示范正确的引水方法，请幼儿注意观察并说说引水的要领，再自己试一试。,加入幼儿的探索，引导他们观察水流受阻的位置，一起尝试调整竹片的摆放方式。,组织幼儿就游戏困难进行讨论，寻找解决问题的方案，引导幼儿再次尝试。,投放更多辅助引水的材料，重新激起幼儿的探索兴趣，继续观察游戏进展。,29.888,29.888,,,0,0,0,0,0,1,0,0,0,,,,,29.888,0.0,0,0.0,21.333333,0.0,26.555556,10.383333,eligible,过程简单,过程相对平稳,追问教师当时主要依据什么形成排序
教师41,sim_openid_041_881030,Q1,1,篮球架玩水,操场上新安装了一些篮球架，幼儿经常在这里投篮。某天户外活动时，几名幼儿带着画笔和水桶来到这里，他们先是快乐地粉刷篮球架，之后开始往篮框里灌水，有的从上面灌，有的在下面接，忙的不亦乐乎，俨然这里成为了玩水的场地。,看到幼儿玩得很开心，不干预他们的玩水行为，待兴趣减弱后再讨论玩水的适宜性。,表扬幼儿的新发现，并询问在篮球架旁玩水是否合适，提议幼儿可以换个地方玩水。,参与到幼儿的“粉刷”游戏中，逐步引导幼儿到适宜玩水的地方继续开展游戏。,提醒幼儿篮球架是用于开展运动的，与其他幼儿一起召唤他们打篮球，转移他们的关注点。,38.313,38.313,19.503,18.81,5,5,2,2,0,5,1,1,0,B,C/D,教师B：表扬幼儿的新发现，并询问在篮球架旁玩水是否合适，提议幼儿可以换个地方玩水。,教师C：参与到幼儿的“粉刷”游戏中，逐步引导幼儿到适宜玩水的地方继续开展游戏。；教师D：提醒幼儿篮球架是用于开展运动的，与其他幼儿一起召唤他们打篮球，转移他们的关注点。,19.503,0.0,0,4.878049,58.715447,100.0,57.555556,62.223577,eligible,过程复杂,多次调整；首末位摇摆,追问最理想或最不理想做法的判断为什么发生变化
教师41,sim_openid_041_881030,Q2,2,未参与小组建构,大班建构活动中，睿睿和其他幼儿计划一起搭积木大桥，他们讨论了搭建方法，并进入区域开始搭建。就在其他幼儿在认真搭建时，睿睿发现了一块长条木板，他一会儿在地上推着走，一会儿当枪使，没有再参与小组的搭建。,继续观察，后续分享中支持睿睿思考如何把长条木板融入小组的建构中。,肯定睿睿的创造性玩法，询问他长条板能否当桥面，引导他参与到搭桥任务中。,引导睿睿回顾计划，建议他先完成共同任务，长条木板可以等自由游戏时再玩。,看到睿睿玩得开心，暂不介入，等下一次活动时再提醒他根据计划开展游戏。,33.17,33.17,18.415,14.755,4,4,2,3,2,4,1,1,1,B,B/C,教师B：肯定睿睿的创造性玩法，询问他长条板能否当桥面，引导他参与到搭桥任务中。,教师B：肯定睿睿的创造性玩法，询问他长条板能否当桥面，引导他参与到搭桥任务中。；教师C：引导睿睿回顾计划，建议他先完成共同任务，长条木板可以等自由游戏时再玩。,18.415,0.0,0,13.333333,34.444444,100.0,63.222222,57.483333,eligible,过程中等,多次调整；首末位摇摆；优劣方向冲突；路径振荡,追问最理想或最不理想做法的判断为什么发生变化；追问是否曾把某做法从合适改判为不合适，或相反；追问当时是否在几个判断标准之间反复权衡
教师41,sim_openid_041_881030,Q3,3,材料选择无层次,大班上学期，张老师在建构区投放了按图搭建的游戏材料，并提供了不同星级难度的任务卡供幼儿选择，但有的幼儿一上来就选择高难度的三星级任务卡，结果不能顺利完成任务；而有的幼儿始终选择低难度的一星级任务卡。这天，浩浩又连续选择了几张一星级任务卡，很快就完成了任务。,调整任务卡提供方式，在游戏开始前根据幼儿的能力水平有针对性地发放任务卡。,暂不介入，尊重幼儿的自主选择和游戏体验，只要完成任务就是一种经验积累。,调整任务卡呈现方式，如增加“我想挑战”等提示，鼓励幼儿选择不同星级的挑战。,和浩浩回顾已完成的任务，比较不同星级的难度，邀请他选择稍有挑战的任务。,14.088,14.088,6.608,7.48,1,1,0,1,0,2,0,0,0,C,C/D,教师C：调整任务卡呈现方式，如增加“我想挑战”等提示，鼓励幼儿选择不同星级的挑战。,教师C：调整任务卡呈现方式，如增加“我想挑战”等提示，鼓励幼儿选择不同星级的挑战。；教师D：和浩浩回顾已完成的任务，比较不同星级的难度，邀请他选择稍有挑战的任务。,7.48,0.0,0,84.444444,2.888889,30.0,26.222222,32.188889,eligible,过程简单,首反应异常,请教师回忆读到情境后最先注意到什么、是否很快形成判断或感到难判断
教师41,sim_openid_041_881030,Q4,4,频繁求助,中班区域活动时，小明选择了建构区。玩了一会儿，他跑到老师面前说“老师，我不会搭……帮帮我吧”，教师问他需要什么帮助时，他一边说我不会搭，一边却很快地将房子从一层积木加高到了两层。看小明专注搭建后，老师就离开建构区了。可是没一会，小明又找了老师好几次，说“老师，帮帮我吧，我不会搭”。,鼓励小明独立搭建，引导他思考接下来如何搭建，及时表扬他的努力。,先示范搭建关键部分，请小明观察方法，再鼓励他照着继续搭建。,在旁观察小明的搭建过程，并适时反馈，帮助他理清搭建步骤。,帮小明回顾已搭建完成的部分，指导他设定小目标，尝试自己实现。,32.173,32.173,10.545,21.628,5,5,2,3,0,5,1,1,1,B,A/B,教师B：先示范搭建关键部分，请小明观察方法，再鼓励他照着继续搭建。,教师A：鼓励小明独立搭建，引导他思考接下来如何搭建，及时表扬他的努力。；教师B：先示范搭建关键部分，请小明观察方法，再鼓励他照着继续搭建。,10.545,0.0,0,37.5,67.833333,100.0,70.444444,73.416667,eligible,过程复杂,高修正投入；多次调整；首末位摇摆；路径振荡,追问后续主要在比较哪些做法、为什么调整；追问最理想或最不理想做法的判断为什么发生变化；追问当时是否在几个判断标准之间反复权衡
教师41,sim_openid_041_881030,Q5,5,消防员救火开心,近几天，中班的幼儿十分热衷于在区域游戏时间玩“消防员救火”的游戏。游戏结束后的交流活动中，老师问幼儿最想分享什么时，阳阳说“娃娃家着火了，好开心啊！”。,抓住教育契机，向幼儿耐心解释真实的火灾会造成物品损失和人员伤亡。,询问幼儿开心的是“着火”本身，还是消防员成功救火、娃娃家的人得救？,引导幼儿思考“娃娃家着火”值不值得开心，帮助他们认识真实火灾是危险的。,请阳阳讲讲娃娃家着火后发生了什么、为什么开心，借此理解幼儿的游戏体验。,38.436,38.436,18.3,20.136,4,4,2,1,1,5,0,0,0,A,B/C,教师A：抓住教育契机，向幼儿耐心解释真实的火灾会造成物品损失和人员伤亡。,教师B：询问幼儿开心的是“着火”本身，还是消防员成功救火、娃娃家的人得救？；教师C：引导幼儿思考“娃娃家着火”值不值得开心，帮助他们认识真实火灾是危险的。,18.3,0.0,0,9.302326,55.457364,100.0,36.666667,58.997674,eligible,过程中等,多次调整；首末位摇摆；优劣方向冲突,追问最理想或最不理想做法的判断为什么发生变化；追问是否曾把某做法从合适改判为不合适，或相反
教师41,sim_openid_041_881030,Q6,6,区域停留短,小班幼儿瑶瑶在区域活动时，一会儿在娃娃家切切菜，一会儿到美工区搓搓橡皮泥，一会儿又开心地跑到其它区域游戏，在任何一个区域停留时间都不超过三分钟。,提议瑶瑶完成某项游戏任务，如在娃娃家做菜，请他活动小结时分享。,游戏前提醒区域活动规则，活动结束后表扬区域游戏规则遵守得好的小朋友。,仔细观察瑶瑶在不同区域的游戏情况，分析他发生迅速转移的原因。,以同伴的身份陪伴瑶瑶在某一区域游戏，待他专注游戏后再离开。,33.027,33.027,24.927,8.1,3,3,3,0,0,4,0,0,0,B,A/C,教师B：游戏前提醒区域活动规则，活动结束后表扬区域游戏规则遵守得好的小朋友。,教师A：提议瑶瑶完成某项游戏任务，如在娃娃家做菜，请他活动小结时分享。；教师C：仔细观察瑶瑶在不同区域的游戏情况，分析他发生迅速转移的原因。,24.927,0.0,0,41.860465,19.131783,50.0,30.222222,36.144961,eligible,过程中等,多次调整；首末位摇摆,追问最理想或最不理想做法的判断为什么发生变化
教师41,sim_openid_041_881030,Q7,7,飞行棋各走各的,大班区域游戏中，轩轩和小宇一起玩飞行棋，他们将棋子摆好后，各自拿了一个骰子开始投，小宇说：“该我走。”轩轩说：“明明该我走！”相持不下，于是两人各拿一个骰子，自顾自地走自己的棋。,耐心讲解共同游戏的规则，再以“棋手”身份加入游戏进行示范引导。,暂不介入，继续观察游戏进展，待区域小结时请幼儿分享游戏中的体验和问题。,拿走一个骰子，请幼儿商量只有一个骰子的共同游戏规则，达成一致后再开始游戏。,待幼儿体验一轮各走各的游戏后，询问幼儿的游戏体验，提示共同游戏规则的作用。,32.157,32.157,24.967,7.19,1,1,0,1,0,2,0,0,0,C,C/D,教师C：拿走一个骰子，请幼儿商量只有一个骰子的共同游戏规则，达成一致后再开始游戏。,教师C：拿走一个骰子，请幼儿商量只有一个骰子的共同游戏规则，达成一致后再开始游戏。；教师D：待幼儿体验一轮各走各的游戏后，询问幼儿的游戏体验，提示共同游戏规则的作用。,24.967,0.0,0,65.116279,6.992248,30.0,27.333333,29.72093,eligible,过程简单,首反应异常,请教师回忆读到情境后最先注意到什么、是否很快形成判断或感到难判断
教师41,sim_openid_041_881030,Q8,8,跳绳秩序混乱,周三下午，大五班的幼儿正自发进行跳绳游戏。李老师观察后发现，挤在一起跳绳的幼儿人数较多，整个场面十分混乱，幼儿很容易出现碰撞现象。此外，由于当“柱子”的幼儿很久才能轮上跳绳，因此也显得很不耐烦。,请幼儿暂停游戏，将幼儿分成多个小组并引导他们以小组为单位分区域开展游戏。,请幼儿说一说跳绳活动中存在的问题，并邀请幼儿一起设置跳绳的规则。,提供更多数量和不同种类的跳绳，并言语引导幼儿分组分区同时进行跳绳游戏。,暂不介入，活动分享时通过照片或视频回放引导幼儿发现问题并商议解决办法。,29.36,29.36,11.174,18.186,4,4,3,1,0,4,1,1,1,B,A/C,教师B：请幼儿说一说跳绳活动中存在的问题，并邀请幼儿一起设置跳绳的规则。,教师A：请幼儿暂停游戏，将幼儿分成多个小组并引导他们以小组为单位分区域开展游戏。；教师C：提供更多数量和不同种类的跳绳，并言语引导幼儿分组分区同时进行跳绳游戏。,11.174,0.0,0,47.727273,55.363636,80.0,71.444444,64.871212,eligible,过程复杂,多次调整；首末位摇摆；路径振荡,追问最理想或最不理想做法的判断为什么发生变化；追问当时是否在几个判断标准之间反复权衡
教师41,sim_openid_041_881030,Q9,9,艾莎公主不运动,小班的一次户外运动，有几个女孩子从一开始就没有选择任何体育活动项目，而是聚在一起坐在地上玩“艾莎公主”的游戏，比一比谁的鞋子最漂亮，谁的魔法最厉害。,询问幼儿没有参与运动的原因，提供丰富的活动材料吸引幼儿参与运动活动。,提醒幼儿现在是运动时间，请他们等自由游戏时间再一起玩“艾莎公主”的游戏。,利用艾莎公主的鞋子设计走、跑、跳等活动，并以参与者的身份邀请幼儿一起参与运动。,肯定幼儿自主游戏的行为，言语引导幼儿穿着“漂亮的鞋子”参与运动。,27.262,27.262,13.83,13.432,2,2,1,1,0,3,0,0,0,B,A/B,教师B：提醒幼儿现在是运动时间，请他们等自由游戏时间再一起玩“艾莎公主”的游戏。,教师A：询问幼儿没有参与运动的原因，提供丰富的活动材料吸引幼儿参与运动活动。；教师B：提醒幼儿现在是运动时间，请他们等自由游戏时间再一起玩“艾莎公主”的游戏。,13.83,0.0,0,29.545455,22.272727,60.0,32.777778,38.507576,eligible,过程中等,首末位摇摆,追问最理想或最不理想做法的判断为什么发生变化
教师41,sim_openid_041_881030,Q10,10,引水难题未解,中班上学期，幼儿在“引水游戏”中遇到了难题——水无法被引到竹片管道上。他们不断调整竹片拼接的方式，却始终没能成功，即竹片一头高于出水管道，阻碍了引流。渐渐地幼儿的探索兴趣也减弱了，有的开始玩水，有的甚至离开了水池。,示范正确的引水方法，请幼儿注意观察并说说引水的要领，再自己试一试。,加入幼儿的探索，引导他们观察水流受阻的位置，一起尝试调整竹片的摆放方式。,组织幼儿就游戏困难进行讨论，寻找解决问题的方案，引导幼儿再次尝试。,投放更多辅助引水的材料，重新激起幼儿的探索兴趣，继续观察游戏进展。,27.945,27.945,13.284,14.661,2,2,1,0,0,3,0,0,0,A,A/B,教师A：示范正确的引水方法，请幼儿注意观察并说说引水的要领，再自己试一试。,教师A：示范正确的引水方法，请幼儿注意观察并说说引水的要领，再自己试一试。；教师B：加入幼儿的探索，引导他们观察水流受阻的位置，一起尝试调整竹片的摆放方式。,13.284,0.0,0,13.953488,23.751938,30.0,29.666667,24.866279,eligible,过程简单,过程相对平稳,追问教师当时主要依据什么形成排序
教师42,sim_openid_042_480037,Q1,1,篮球架玩水,操场上新安装了一些篮球架，幼儿经常在这里投篮。某天户外活动时，几名幼儿带着画笔和水桶来到这里，他们先是快乐地粉刷篮球架，之后开始往篮框里灌水，有的从上面灌，有的在下面接，忙的不亦乐乎，俨然这里成为了玩水的场地。,看到幼儿玩得很开心，不干预他们的玩水行为，待兴趣减弱后再讨论玩水的适宜性。,表扬幼儿的新发现，并询问在篮球架旁玩水是否合适，提议幼儿可以换个地方玩水。,参与到幼儿的“粉刷”游戏中，逐步引导幼儿到适宜玩水的地方继续开展游戏。,提醒幼儿篮球架是用于开展运动的，与其他幼儿一起召唤他们打篮球，转移他们的关注点。,73.869,73.869,23.767,50.102,8,8,3,5,1,7,2,2,0,A,A/B,教师A：看到幼儿玩得很开心，不干预他们的玩水行为，待兴趣减弱后再讨论玩水的适宜性。,教师A：看到幼儿玩得很开心，不干预他们的玩水行为，待兴趣减弱后再讨论玩水的适宜性。；教师B：表扬幼儿的新发现，并询问在篮球架旁玩水是否合适，提议幼儿可以换个地方玩水。,23.767,0.0,0,58.536585,97.512195,100.0,73.555556,86.994309,eligible,过程复杂,高修正投入；多次调整；首末位摇摆；优劣方向冲突；路径振荡,追问后续主要在比较哪些做法、为什么调整；追问最理想或最不理想做法的判断为什么发生变化；追问是否曾把某做法从合适改判为不合适，或相反；追问当时是否在几个判断标准之间反复权衡
教师42,sim_openid_042_480037,Q2,2,未参与小组建构,大班建构活动中，睿睿和其他幼儿计划一起搭积木大桥，他们讨论了搭建方法，并进入区域开始搭建。就在其他幼儿在认真搭建时，睿睿发现了一块长条木板，他一会儿在地上推着走，一会儿当枪使，没有再参与小组的搭建。,继续观察，后续分享中支持睿睿思考如何把长条木板融入小组的建构中。,肯定睿睿的创造性玩法，询问他长条板能否当桥面，引导他参与到搭桥任务中。,引导睿睿回顾计划，建议他先完成共同任务，长条木板可以等自由游戏时再玩。,看到睿睿玩得开心，暂不介入，等下一次活动时再提醒他根据计划开展游戏。,81.912,81.912,38.643,43.269,7,7,5,1,1,6,2,2,0,A,B/C,教师A：继续观察，后续分享中支持睿睿思考如何把长条木板融入小组的建构中。,教师B：肯定睿睿的创造性玩法，询问他长条板能否当桥面，引导他参与到搭桥任务中。；教师C：引导睿睿回顾计划，建议他先完成共同任务，长条木板可以等自由游戏时再玩。,38.643,0.0,0,88.888889,92.0,100.0,69.777778,90.844444,eligible,过程复杂,首反应异常；高修正投入；多次调整；首末位摇摆；优劣方向冲突；路径振荡,请教师回忆读到情境后最先注意到什么、是否很快形成判断或感到难判断；追问后续主要在比较哪些做法、为什么调整；追问最理想或最不理想做法的判断为什么发生变化；追问是否曾把某做法从合适改判为不合适，或相反；追问当时是否在几个判断标准之间反复权衡
教师42,sim_openid_042_480037,Q3,3,材料选择无层次,大班上学期，张老师在建构区投放了按图搭建的游戏材料，并提供了不同星级难度的任务卡供幼儿选择，但有的幼儿一上来就选择高难度的三星级任务卡，结果不能顺利完成任务；而有的幼儿始终选择低难度的一星级任务卡。这天，浩浩又连续选择了几张一星级任务卡，很快就完成了任务。,调整任务卡提供方式，在游戏开始前根据幼儿的能力水平有针对性地发放任务卡。,暂不介入，尊重幼儿的自主选择和游戏体验，只要完成任务就是一种经验积累。,调整任务卡呈现方式，如增加“我想挑战”等提示，鼓励幼儿选择不同星级的挑战。,和浩浩回顾已完成的任务，比较不同星级的难度，邀请他选择稍有挑战的任务。,60.987,60.987,16.115,44.872,8,8,4,2,1,8,1,1,0,A,B/C,教师A：调整任务卡提供方式，在游戏开始前根据幼儿的能力水平有针对性地发放任务卡。,教师B：暂不介入，尊重幼儿的自主选择和游戏体验，只要完成任务就是一种经验积累。；教师C：调整任务卡呈现方式，如增加“我想挑战”等提示，鼓励幼儿选择不同星级的挑战。,16.115,0.0,0,8.888889,95.333333,100.0,66.333333,75.327778,eligible,过程复杂,高修正投入；多次调整；首末位摇摆；优劣方向冲突；路径振荡,追问后续主要在比较哪些做法、为什么调整；追问最理想或最不理想做法的判断为什么发生变化；追问是否曾把某做法从合适改判为不合适，或相反；追问当时是否在几个判断标准之间反复权衡
教师42,sim_openid_042_480037,Q4,4,频繁求助,中班区域活动时，小明选择了建构区。玩了一会儿，他跑到老师面前说“老师，我不会搭……帮帮我吧”，教师问他需要什么帮助时，他一边说我不会搭，一边却很快地将房子从一层积木加高到了两层。看小明专注搭建后，老师就离开建构区了。可是没一会，小明又找了老师好几次，说“老师，帮帮我吧，我不会搭”。,鼓励小明独立搭建，引导他思考接下来如何搭建，及时表扬他的努力。,先示范搭建关键部分，请小明观察方法，再鼓励他照着继续搭建。,在旁观察小明的搭建过程，并适时反馈，帮助他理清搭建步骤。,帮小明回顾已搭建完成的部分，指导他设定小目标，尝试自己实现。,24.163,24.163,,,0,0,0,0,0,1,0,0,0,,,,,24.163,0.0,0,0.0,23.333333,0.0,21.0,10.15,eligible,过程简单,过程相对平稳,追问教师当时主要依据什么形成排序
教师42,sim_openid_042_480037,Q5,5,消防员救火开心,近几天，中班的幼儿十分热衷于在区域游戏时间玩“消防员救火”的游戏。游戏结束后的交流活动中，老师问幼儿最想分享什么时，阳阳说“娃娃家着火了，好开心啊！”。,抓住教育契机，向幼儿耐心解释真实的火灾会造成物品损失和人员伤亡。,询问幼儿开心的是“着火”本身，还是消防员成功救火、娃娃家的人得救？,引导幼儿思考“娃娃家着火”值不值得开心，帮助他们认识真实火灾是危险的。,请阳阳讲讲娃娃家着火后发生了什么、为什么开心，借此理解幼儿的游戏体验。,36.763,36.763,,,0,0,0,0,0,1,0,0,0,,,,,36.763,0.0,0,0.0,21.333333,0.0,23.555556,9.933333,eligible,过程简单,过程相对平稳,追问教师当时主要依据什么形成排序
教师42,sim_openid_042_480037,Q6,6,区域停留短,小班幼儿瑶瑶在区域活动时，一会儿在娃娃家切切菜，一会儿到美工区搓搓橡皮泥，一会儿又开心地跑到其它区域游戏，在任何一个区域停留时间都不超过三分钟。,提议瑶瑶完成某项游戏任务，如在娃娃家做菜，请他活动小结时分享。,游戏前提醒区域活动规则，活动结束后表扬区域游戏规则遵守得好的小朋友。,仔细观察瑶瑶在不同区域的游戏情况，分析他发生迅速转移的原因。,以同伴的身份陪伴瑶瑶在某一区域游戏，待他专注游戏后再离开。,52.016,52.016,26.695,25.321,4,4,3,1,0,4,1,1,1,B,A/C,教师B：游戏前提醒区域活动规则，活动结束后表扬区域游戏规则遵守得好的小朋友。,教师A：提议瑶瑶完成某项游戏任务，如在娃娃家做菜，请他活动小结时分享。；教师C：仔细观察瑶瑶在不同区域的游戏情况，分析他发生迅速转移的原因。,26.695,0.0,0,60.465116,59.03876,80.0,64.777778,67.521318,eligible,过程简单,首反应异常；多次调整；首末位摇摆；路径振荡,请教师回忆读到情境后最先注意到什么、是否很快形成判断或感到难判断；追问最理想或最不理想做法的判断为什么发生变化；追问当时是否在几个判断标准之间反复权衡
教师42,sim_openid_042_480037,Q7,7,飞行棋各走各的,大班区域游戏中，轩轩和小宇一起玩飞行棋，他们将棋子摆好后，各自拿了一个骰子开始投，小宇说：“该我走。”轩轩说：“明明该我走！”相持不下，于是两人各拿一个骰子，自顾自地走自己的棋。,耐心讲解共同游戏的规则，再以“棋手”身份加入游戏进行示范引导。,暂不介入，继续观察游戏进展，待区域小结时请幼儿分享游戏中的体验和问题。,拿走一个骰子，请幼儿商量只有一个骰子的共同游戏规则，达成一致后再开始游戏。,待幼儿体验一轮各走各的游戏后，询问幼儿的游戏体验，提示共同游戏规则的作用。,67.393,67.393,37.621,29.772,4,4,2,3,1,4,1,1,0,C,C/D,教师C：拿走一个骰子，请幼儿商量只有一个骰子的共同游戏规则，达成一致后再开始游戏。,教师C：拿走一个骰子，请幼儿商量只有一个骰子的共同游戏规则，达成一致后再开始游戏。；教师D：待幼儿体验一轮各走各的游戏后，询问幼儿的游戏体验，提示共同游戏规则的作用。,37.621,0.0,0,97.674419,63.426357,100.0,53.666667,81.612791,eligible,过程复杂,首反应异常；高修正投入；多次调整；首末位摇摆；优劣方向冲突,请教师回忆读到情境后最先注意到什么、是否很快形成判断或感到难判断；追问后续主要在比较哪些做法、为什么调整；追问最理想或最不理想做法的判断为什么发生变化；追问是否曾把某做法从合适改判为不合适，或相反
教师42,sim_openid_042_480037,Q8,8,跳绳秩序混乱,周三下午，大五班的幼儿正自发进行跳绳游戏。李老师观察后发现，挤在一起跳绳的幼儿人数较多，整个场面十分混乱，幼儿很容易出现碰撞现象。此外，由于当“柱子”的幼儿很久才能轮上跳绳，因此也显得很不耐烦。,请幼儿暂停游戏，将幼儿分成多个小组并引导他们以小组为单位分区域开展游戏。,请幼儿说一说跳绳活动中存在的问题，并邀请幼儿一起设置跳绳的规则。,提供更多数量和不同种类的跳绳，并言语引导幼儿分组分区同时进行跳绳游戏。,暂不介入，活动分享时通过照片或视频回放引导幼儿发现问题并商议解决办法。,44.608,44.608,12.114,32.494,6,6,1,4,0,6,1,1,0,B,A/D,教师B：请幼儿说一说跳绳活动中存在的问题，并邀请幼儿一起设置跳绳的规则。,教师A：请幼儿暂停游戏，将幼儿分成多个小组并引导他们以小组为单位分区域开展游戏。；教师D：暂不介入，活动分享时通过照片或视频回放引导幼儿发现问题并商议解决办法。,12.114,0.0,0,38.636364,77.787879,80.0,63.0,68.513636,eligible,过程中等,高修正投入；多次调整；首末位摇摆；路径振荡,追问后续主要在比较哪些做法、为什么调整；追问最理想或最不理想做法的判断为什么发生变化；追问当时是否在几个判断标准之间反复权衡
教师42,sim_openid_042_480037,Q9,9,艾莎公主不运动,小班的一次户外运动，有几个女孩子从一开始就没有选择任何体育活动项目，而是聚在一起坐在地上玩“艾莎公主”的游戏，比一比谁的鞋子最漂亮，谁的魔法最厉害。,询问幼儿没有参与运动的原因，提供丰富的活动材料吸引幼儿参与运动活动。,提醒幼儿现在是运动时间，请他们等自由游戏时间再一起玩“艾莎公主”的游戏。,利用艾莎公主的鞋子设计走、跑、跳等活动，并以参与者的身份邀请幼儿一起参与运动。,肯定幼儿自主游戏的行为，言语引导幼儿穿着“漂亮的鞋子”参与运动。,58.169,58.169,26.124,32.045,6,6,4,1,0,7,0,0,0,A,B/C,教师A：询问幼儿没有参与运动的原因，提供丰富的活动材料吸引幼儿参与运动活动。,教师B：提醒幼儿现在是运动时间，请他们等自由游戏时间再一起玩“艾莎公主”的游戏。；教师C：利用艾莎公主的鞋子设计走、跑、跳等活动，并以参与者的身份邀请幼儿一起参与运动。,26.124,0.0,0,52.272727,76.69697,80.0,46.333333,68.413636,eligible,过程中等,高修正投入；多次调整；首末位摇摆,追问后续主要在比较哪些做法、为什么调整；追问最理想或最不理想做法的判断为什么发生变化
教师42,sim_openid_042_480037,Q10,10,引水难题未解,中班上学期，幼儿在“引水游戏”中遇到了难题——水无法被引到竹片管道上。他们不断调整竹片拼接的方式，却始终没能成功，即竹片一头高于出水管道，阻碍了引流。渐渐地幼儿的探索兴趣也减弱了，有的开始玩水，有的甚至离开了水池。,示范正确的引水方法，请幼儿注意观察并说说引水的要领，再自己试一试。,加入幼儿的探索，引导他们观察水流受阻的位置，一起尝试调整竹片的摆放方式。,组织幼儿就游戏困难进行讨论，寻找解决问题的方案，引导幼儿再次尝试。,投放更多辅助引水的材料，重新激起幼儿的探索兴趣，继续观察游戏进展。,46.106,46.106,22.698,23.408,6,6,3,2,0,6,1,1,1,D,A/B,教师D：投放更多辅助引水的材料，重新激起幼儿的探索兴趣，继续观察游戏进展。,教师A：示范正确的引水方法，请幼儿注意观察并说说引水的要领，再自己试一试。；教师B：加入幼儿的探索，引导他们观察水流受阻的位置，一起尝试调整竹片的摆放方式。,22.698,0.0,0,65.116279,79.178295,100.0,77.777778,83.443411,eligible,过程复杂,首反应异常；高修正投入；多次调整；首末位摇摆；路径振荡,请教师回忆读到情境后最先注意到什么、是否很快形成判断或感到难判断；追问后续主要在比较哪些做法、为什么调整；追问最理想或最不理想做法的判断为什么发生变化；追问当时是否在几个判断标准之间反复权衡
教师43,sim_openid_043_506613,Q1,1,篮球架玩水,操场上新安装了一些篮球架，幼儿经常在这里投篮。某天户外活动时，几名幼儿带着画笔和水桶来到这里，他们先是快乐地粉刷篮球架，之后开始往篮框里灌水，有的从上面灌，有的在下面接，忙的不亦乐乎，俨然这里成为了玩水的场地。,看到幼儿玩得很开心，不干预他们的玩水行为，待兴趣减弱后再讨论玩水的适宜性。,表扬幼儿的新发现，并询问在篮球架旁玩水是否合适，提议幼儿可以换个地方玩水。,参与到幼儿的“粉刷”游戏中，逐步引导幼儿到适宜玩水的地方继续开展游戏。,提醒幼儿篮球架是用于开展运动的，与其他幼儿一起召唤他们打篮球，转移他们的关注点。,52.231,52.231,14.556,37.675,6,6,1,3,0,4,3,3,0,A,C/D,教师A：看到幼儿玩得很开心，不干预他们的玩水行为，待兴趣减弱后再讨论玩水的适宜性。,教师C：参与到幼儿的“粉刷”游戏中，逐步引导幼儿到适宜玩水的地方继续开展游戏。；教师D：提醒幼儿篮球架是用于开展运动的，与其他幼儿一起召唤他们打篮球，转移他们的关注点。,14.556,0.0,0,39.02439,88.147696,80.0,67.555556,72.38252,eligible,过程复杂,高修正投入；多次调整；首末位摇摆；路径振荡,追问后续主要在比较哪些做法、为什么调整；追问最理想或最不理想做法的判断为什么发生变化；追问当时是否在几个判断标准之间反复权衡
教师43,sim_openid_043_506613,Q2,2,未参与小组建构,大班建构活动中，睿睿和其他幼儿计划一起搭积木大桥，他们讨论了搭建方法，并进入区域开始搭建。就在其他幼儿在认真搭建时，睿睿发现了一块长条木板，他一会儿在地上推着走，一会儿当枪使，没有再参与小组的搭建。,继续观察，后续分享中支持睿睿思考如何把长条木板融入小组的建构中。,肯定睿睿的创造性玩法，询问他长条板能否当桥面，引导他参与到搭桥任务中。,引导睿睿回顾计划，建议他先完成共同任务，长条木板可以等自由游戏时再玩。,看到睿睿玩得开心，暂不介入，等下一次活动时再提醒他根据计划开展游戏。,43.787,43.787,15.064,28.723,5,5,2,0,0,4,2,2,0,B,B/C,教师B：肯定睿睿的创造性玩法，询问他长条板能否当桥面，引导他参与到搭桥任务中。,教师B：肯定睿睿的创造性玩法，询问他长条板能否当桥面，引导他参与到搭桥任务中。；教师C：引导睿睿回顾计划，建议他先完成共同任务，长条木板可以等自由游戏时再玩。,15.064,0.0,0,8.888889,62.222222,50.0,60.222222,46.977778,eligible,过程简单,高修正投入；多次调整；首末位摇摆；路径振荡,追问后续主要在比较哪些做法、为什么调整；追问最理想或最不理想做法的判断为什么发生变化；追问当时是否在几个判断标准之间反复权衡
教师43,sim_openid_043_506613,Q3,3,材料选择无层次,大班上学期，张老师在建构区投放了按图搭建的游戏材料，并提供了不同星级难度的任务卡供幼儿选择，但有的幼儿一上来就选择高难度的三星级任务卡，结果不能顺利完成任务；而有的幼儿始终选择低难度的一星级任务卡。这天，浩浩又连续选择了几张一星级任务卡，很快就完成了任务。,调整任务卡提供方式，在游戏开始前根据幼儿的能力水平有针对性地发放任务卡。,暂不介入，尊重幼儿的自主选择和游戏体验，只要完成任务就是一种经验积累。,调整任务卡呈现方式，如增加“我想挑战”等提示，鼓励幼儿选择不同星级的挑战。,和浩浩回顾已完成的任务，比较不同星级的难度，邀请他选择稍有挑战的任务。,53.172,53.172,43.531,9.641,2,2,2,1,1,3,0,0,0,A,B/C,教师A：调整任务卡提供方式，在游戏开始前根据幼儿的能力水平有针对性地发放任务卡。,教师B：暂不介入，尊重幼儿的自主选择和游戏体验，只要完成任务就是一种经验积累。；教师C：调整任务卡呈现方式，如增加“我想挑战”等提示，鼓励幼儿选择不同星级的挑战。,43.531,0.0,0,93.333333,10.0,100.0,28.222222,60.9,eligible,过程中等,首反应异常；首末位摇摆；优劣方向冲突,请教师回忆读到情境后最先注意到什么、是否很快形成判断或感到难判断；追问最理想或最不理想做法的判断为什么发生变化；追问是否曾把某做法从合适改判为不合适，或相反
教师43,sim_openid_043_506613,Q4,4,频繁求助,中班区域活动时，小明选择了建构区。玩了一会儿，他跑到老师面前说“老师，我不会搭……帮帮我吧”，教师问他需要什么帮助时，他一边说我不会搭，一边却很快地将房子从一层积木加高到了两层。看小明专注搭建后，老师就离开建构区了。可是没一会，小明又找了老师好几次，说“老师，帮帮我吧，我不会搭”。,鼓励小明独立搭建，引导他思考接下来如何搭建，及时表扬他的努力。,先示范搭建关键部分，请小明观察方法，再鼓励他照着继续搭建。,在旁观察小明的搭建过程，并适时反馈，帮助他理清搭建步骤。,帮小明回顾已搭建完成的部分，指导他设定小目标，尝试自己实现。,55.662,55.662,31.138,24.524,4,4,0,4,0,4,1,1,1,B,B/D,教师B：先示范搭建关键部分，请小明观察方法，再鼓励他照着继续搭建。,教师B：先示范搭建关键部分，请小明观察方法，再鼓励他照着继续搭建。；教师D：帮小明回顾已搭建完成的部分，指导他设定小目标，尝试自己实现。,31.138,0.0,0,92.5,61.166667,50.0,65.555556,64.183333,eligible,过程中等,首反应异常；高修正投入；多次调整；首末位摇摆；路径振荡,请教师回忆读到情境后最先注意到什么、是否很快形成判断或感到难判断；追问后续主要在比较哪些做法、为什么调整；追问最理想或最不理想做法的判断为什么发生变化；追问当时是否在几个判断标准之间反复权衡
教师43,sim_openid_043_506613,Q5,5,消防员救火开心,近几天，中班的幼儿十分热衷于在区域游戏时间玩“消防员救火”的游戏。游戏结束后的交流活动中，老师问幼儿最想分享什么时，阳阳说“娃娃家着火了，好开心啊！”。,抓住教育契机，向幼儿耐心解释真实的火灾会造成物品损失和人员伤亡。,询问幼儿开心的是“着火”本身，还是消防员成功救火、娃娃家的人得救？,引导幼儿思考“娃娃家着火”值不值得开心，帮助他们认识真实火灾是危险的。,请阳阳讲讲娃娃家着火后发生了什么、为什么开心，借此理解幼儿的游戏体验。,95.911,95.911,43.854,52.057,8,8,3,4,1,7,2,2,1,A,B/C,教师A：抓住教育契机，向幼儿耐心解释真实的火灾会造成物品损失和人员伤亡。,教师B：询问幼儿开心的是“着火”本身，还是消防员成功救火、娃娃家的人得救？；教师C：引导幼儿思考“娃娃家着火”值不值得开心，帮助他们认识真实火灾是危险的。,43.854,0.0,0,93.023256,95.534884,100.0,86.777778,95.281783,eligible,过程复杂,首反应异常；高修正投入；多次调整；首末位摇摆；优劣方向冲突；路径振荡,请教师回忆读到情境后最先注意到什么、是否很快形成判断或感到难判断；追问后续主要在比较哪些做法、为什么调整；追问最理想或最不理想做法的判断为什么发生变化；追问是否曾把某做法从合适改判为不合适，或相反；追问当时是否在几个判断标准之间反复权衡
教师43,sim_openid_043_506613,Q6,6,区域停留短,小班幼儿瑶瑶在区域活动时，一会儿在娃娃家切切菜，一会儿到美工区搓搓橡皮泥，一会儿又开心地跑到其它区域游戏，在任何一个区域停留时间都不超过三分钟。,提议瑶瑶完成某项游戏任务，如在娃娃家做菜，请他活动小结时分享。,游戏前提醒区域活动规则，活动结束后表扬区域游戏规则遵守得好的小朋友。,仔细观察瑶瑶在不同区域的游戏情况，分析他发生迅速转移的原因。,以同伴的身份陪伴瑶瑶在某一区域游戏，待他专注游戏后再离开。,32.947,32.947,12.734,20.213,3,3,1,0,0,3,1,1,1,C,A/B,教师C：仔细观察瑶瑶在不同区域的游戏情况，分析他发生迅速转移的原因。,教师A：提议瑶瑶完成某项游戏任务，如在娃娃家做菜，请他活动小结时分享。；教师B：游戏前提醒区域活动规则，活动结束后表扬区域游戏规则遵守得好的小朋友。,12.734,0.0,0,46.511628,39.596899,30.0,59.444444,40.598062,eligible,过程简单,多次调整,
教师43,sim_openid_043_506613,Q7,7,飞行棋各走各的,大班区域游戏中，轩轩和小宇一起玩飞行棋，他们将棋子摆好后，各自拿了一个骰子开始投，小宇说：“该我走。”轩轩说：“明明该我走！”相持不下，于是两人各拿一个骰子，自顾自地走自己的棋。,耐心讲解共同游戏的规则，再以“棋手”身份加入游戏进行示范引导。,暂不介入，继续观察游戏进展，待区域小结时请幼儿分享游戏中的体验和问题。,拿走一个骰子，请幼儿商量只有一个骰子的共同游戏规则，达成一致后再开始游戏。,待幼儿体验一轮各走各的游戏后，询问幼儿的游戏体验，提示共同游戏规则的作用。,74.163,74.163,32.402,41.761,6,6,2,2,0,4,3,3,1,B,B/C,教师B：暂不介入，继续观察游戏进展，待区域小结时请幼儿分享游戏中的体验和问题。,教师B：暂不介入，继续观察游戏进展，待区域小结时请幼儿分享游戏中的体验和问题。；教师C：拿走一个骰子，请幼儿商量只有一个骰子的共同游戏规则，达成一致后再开始游戏。,32.402,0.0,0,93.023256,85.674419,100.0,82.333333,91.656977,eligible,过程复杂,首反应异常；高修正投入；多次调整；首末位摇摆；路径振荡,请教师回忆读到情境后最先注意到什么、是否很快形成判断或感到难判断；追问后续主要在比较哪些做法、为什么调整；追问最理想或最不理想做法的判断为什么发生变化；追问当时是否在几个判断标准之间反复权衡
教师43,sim_openid_043_506613,Q8,8,跳绳秩序混乱,周三下午，大五班的幼儿正自发进行跳绳游戏。李老师观察后发现，挤在一起跳绳的幼儿人数较多，整个场面十分混乱，幼儿很容易出现碰撞现象。此外，由于当“柱子”的幼儿很久才能轮上跳绳，因此也显得很不耐烦。,请幼儿暂停游戏，将幼儿分成多个小组并引导他们以小组为单位分区域开展游戏。,请幼儿说一说跳绳活动中存在的问题，并邀请幼儿一起设置跳绳的规则。,提供更多数量和不同种类的跳绳，并言语引导幼儿分组分区同时进行跳绳游戏。,暂不介入，活动分享时通过照片或视频回放引导幼儿发现问题并商议解决办法。,77.575,77.575,42.081,35.494,6,6,3,2,2,6,1,1,1,A,A/D,教师A：请幼儿暂停游戏，将幼儿分成多个小组并引导他们以小组为单位分区域开展游戏。,教师A：请幼儿暂停游戏，将幼儿分成多个小组并引导他们以小组为单位分区域开展游戏。；教师D：暂不介入，活动分享时通过照片或视频回放引导幼儿发现问题并商议解决办法。,42.081,0.0,0,97.727273,82.333333,100.0,77.0,90.795455,eligible,过程复杂,首反应异常；高修正投入；多次调整；首末位摇摆；优劣方向冲突；路径振荡,请教师回忆读到情境后最先注意到什么、是否很快形成判断或感到难判断；追问后续主要在比较哪些做法、为什么调整；追问最理想或最不理想做法的判断为什么发生变化；追问是否曾把某做法从合适改判为不合适，或相反；追问当时是否在几个判断标准之间反复权衡
教师43,sim_openid_043_506613,Q9,9,艾莎公主不运动,小班的一次户外运动，有几个女孩子从一开始就没有选择任何体育活动项目，而是聚在一起坐在地上玩“艾莎公主”的游戏，比一比谁的鞋子最漂亮，谁的魔法最厉害。,询问幼儿没有参与运动的原因，提供丰富的活动材料吸引幼儿参与运动活动。,提醒幼儿现在是运动时间，请他们等自由游戏时间再一起玩“艾莎公主”的游戏。,利用艾莎公主的鞋子设计走、跑、跳等活动，并以参与者的身份邀请幼儿一起参与运动。,肯定幼儿自主游戏的行为，言语引导幼儿穿着“漂亮的鞋子”参与运动。,46.317,46.317,21.67,24.647,4,4,2,2,1,5,0,0,0,D,B/C,教师D：肯定幼儿自主游戏的行为，言语引导幼儿穿着“漂亮的鞋子”参与运动。,教师B：提醒幼儿现在是运动时间，请他们等自由游戏时间再一起玩“艾莎公主”的游戏。；教师C：利用艾莎公主的鞋子设计走、跑、跳等活动，并以参与者的身份邀请幼儿一起参与运动。,21.67,0.0,0,25.0,55.666667,100.0,40.555556,62.783333,eligible,过程中等,多次调整；首末位摇摆；优劣方向冲突,追问最理想或最不理想做法的判断为什么发生变化；追问是否曾把某做法从合适改判为不合适，或相反
教师43,sim_openid_043_506613,Q10,10,引水难题未解,中班上学期，幼儿在“引水游戏”中遇到了难题——水无法被引到竹片管道上。他们不断调整竹片拼接的方式，却始终没能成功，即竹片一头高于出水管道，阻碍了引流。渐渐地幼儿的探索兴趣也减弱了，有的开始玩水，有的甚至离开了水池。,示范正确的引水方法，请幼儿注意观察并说说引水的要领，再自己试一试。,加入幼儿的探索，引导他们观察水流受阻的位置，一起尝试调整竹片的摆放方式。,组织幼儿就游戏困难进行讨论，寻找解决问题的方案，引导幼儿再次尝试。,投放更多辅助引水的材料，重新激起幼儿的探索兴趣，继续观察游戏进展。,58.599,58.599,36.471,22.128,3,3,2,0,0,4,0,0,0,A,A/B,教师A：示范正确的引水方法，请幼儿注意观察并说说引水的要领，再自己试一试。,教师A：示范正确的引水方法，请幼儿注意观察并说说引水的要领，再自己试一试。；教师B：加入幼儿的探索，引导他们观察水流受阻的位置，一起尝试调整竹片的摆放方式。,36.471,0.0,0,88.372093,46.651163,50.0,35.0,54.419767,eligible,过程简单,首反应异常；多次调整；首末位摇摆,请教师回忆读到情境后最先注意到什么、是否很快形成判断或感到难判断；追问最理想或最不理想做法的判断为什么发生变化
教师44,sim_openid_044_185936,Q1,1,篮球架玩水,操场上新安装了一些篮球架，幼儿经常在这里投篮。某天户外活动时，几名幼儿带着画笔和水桶来到这里，他们先是快乐地粉刷篮球架，之后开始往篮框里灌水，有的从上面灌，有的在下面接，忙的不亦乐乎，俨然这里成为了玩水的场地。,看到幼儿玩得很开心，不干预他们的玩水行为，待兴趣减弱后再讨论玩水的适宜性。,表扬幼儿的新发现，并询问在篮球架旁玩水是否合适，提议幼儿可以换个地方玩水。,参与到幼儿的“粉刷”游戏中，逐步引导幼儿到适宜玩水的地方继续开展游戏。,提醒幼儿篮球架是用于开展运动的，与其他幼儿一起召唤他们打篮球，转移他们的关注点。,45.389,45.389,24.921,20.468,4,4,3,2,2,5,0,0,0,B,A/C,教师B：表扬幼儿的新发现，并询问在篮球架旁玩水是否合适，提议幼儿可以换个地方玩水。,教师A：看到幼儿玩得很开心，不干预他们的玩水行为，待兴趣减弱后再讨论玩水的适宜性。；教师C：参与到幼儿的“粉刷”游戏中，逐步引导幼儿到适宜玩水的地方继续开展游戏。,24.921,0.0,0,68.292683,50.0,100.0,37.0,69.208537,eligible,过程复杂,首反应异常；多次调整；首末位摇摆；优劣方向冲突,请教师回忆读到情境后最先注意到什么、是否很快形成判断或感到难判断；追问最理想或最不理想做法的判断为什么发生变化；追问是否曾把某做法从合适改判为不合适，或相反
教师44,sim_openid_044_185936,Q2,2,未参与小组建构,大班建构活动中，睿睿和其他幼儿计划一起搭积木大桥，他们讨论了搭建方法，并进入区域开始搭建。就在其他幼儿在认真搭建时，睿睿发现了一块长条木板，他一会儿在地上推着走，一会儿当枪使，没有再参与小组的搭建。,继续观察，后续分享中支持睿睿思考如何把长条木板融入小组的建构中。,肯定睿睿的创造性玩法，询问他长条板能否当桥面，引导他参与到搭桥任务中。,引导睿睿回顾计划，建议他先完成共同任务，长条木板可以等自由游戏时再玩。,看到睿睿玩得开心，暂不介入，等下一次活动时再提醒他根据计划开展游戏。,43.157,43.157,24.21,18.947,4,4,1,3,1,5,0,0,0,D,A/B,教师D：看到睿睿玩得开心，暂不介入，等下一次活动时再提醒他根据计划开展游戏。,教师A：继续观察，后续分享中支持睿睿思考如何把长条木板融入小组的建构中。；教师B：肯定睿睿的创造性玩法，询问他长条板能否当桥面，引导他参与到搭桥任务中。,24.21,0.0,0,31.111111,42.444444,100.0,35.444444,59.272222,eligible,过程复杂,多次调整；首末位摇摆；优劣方向冲突,追问最理想或最不理想做法的判断为什么发生变化；追问是否曾把某做法从合适改判为不合适，或相反
教师44,sim_openid_044_185936,Q3,3,材料选择无层次,大班上学期，张老师在建构区投放了按图搭建的游戏材料，并提供了不同星级难度的任务卡供幼儿选择，但有的幼儿一上来就选择高难度的三星级任务卡，结果不能顺利完成任务；而有的幼儿始终选择低难度的一星级任务卡。这天，浩浩又连续选择了几张一星级任务卡，很快就完成了任务。,调整任务卡提供方式，在游戏开始前根据幼儿的能力水平有针对性地发放任务卡。,暂不介入，尊重幼儿的自主选择和游戏体验，只要完成任务就是一种经验积累。,调整任务卡呈现方式，如增加“我想挑战”等提示，鼓励幼儿选择不同星级的挑战。,和浩浩回顾已完成的任务，比较不同星级的难度，邀请他选择稍有挑战的任务。,41.737,41.737,24.877,16.86,3,3,1,2,1,4,0,0,0,A,B/C,教师A：调整任务卡提供方式，在游戏开始前根据幼儿的能力水平有针对性地发放任务卡。,教师B：暂不介入，尊重幼儿的自主选择和游戏体验，只要完成任务就是一种经验积累。；教师C：调整任务卡呈现方式，如增加“我想挑战”等提示，鼓励幼儿选择不同星级的挑战。,24.877,0.0,0,53.333333,32.222222,100.0,32.0,60.133333,eligible,过程复杂,多次调整；首末位摇摆；优劣方向冲突,追问最理想或最不理想做法的判断为什么发生变化；追问是否曾把某做法从合适改判为不合适，或相反
教师44,sim_openid_044_185936,Q4,4,频繁求助,中班区域活动时，小明选择了建构区。玩了一会儿，他跑到老师面前说“老师，我不会搭……帮帮我吧”，教师问他需要什么帮助时，他一边说我不会搭，一边却很快地将房子从一层积木加高到了两层。看小明专注搭建后，老师就离开建构区了。可是没一会，小明又找了老师好几次，说“老师，帮帮我吧，我不会搭”。,鼓励小明独立搭建，引导他思考接下来如何搭建，及时表扬他的努力。,先示范搭建关键部分，请小明观察方法，再鼓励他照着继续搭建。,在旁观察小明的搭建过程，并适时反馈，帮助他理清搭建步骤。,帮小明回顾已搭建完成的部分，指导他设定小目标，尝试自己实现。,11.353,11.353,6.578,4.775,1,1,0,1,0,2,0,0,0,B,B/C,教师B：先示范搭建关键部分，请小明观察方法，再鼓励他照着继续搭建。,教师B：先示范搭建关键部分，请小明观察方法，再鼓励他照着继续搭建。；教师C：在旁观察小明的搭建过程，并适时反馈，帮助他理清搭建步骤。,6.578,0.0,0,97.5,8.5,30.0,22.555556,35.933333,eligible,过程简单,首反应异常,请教师回忆读到情境后最先注意到什么、是否很快形成判断或感到难判断
教师44,sim_openid_044_185936,Q5,5,消防员救火开心,近几天，中班的幼儿十分热衷于在区域游戏时间玩“消防员救火”的游戏。游戏结束后的交流活动中，老师问幼儿最想分享什么时，阳阳说“娃娃家着火了，好开心啊！”。,抓住教育契机，向幼儿耐心解释真实的火灾会造成物品损失和人员伤亡。,询问幼儿开心的是“着火”本身，还是消防员成功救火、娃娃家的人得救？,引导幼儿思考“娃娃家着火”值不值得开心，帮助他们认识真实火灾是危险的。,请阳阳讲讲娃娃家着火后发生了什么、为什么开心，借此理解幼儿的游戏体验。,34.342,34.342,23.071,11.271,2,2,1,0,0,3,0,0,0,A,A/B,教师A：抓住教育契机，向幼儿耐心解释真实的火灾会造成物品损失和人员伤亡。,教师A：抓住教育契机，向幼儿耐心解释真实的火灾会造成物品损失和人员伤亡。；教师B：询问幼儿开心的是“着火”本身，还是消防员成功救火、娃娃家的人得救？,23.071,0.0,0,41.860465,16.713178,30.0,28.222222,28.11938,eligible,过程简单,过程相对平稳,追问教师当时主要依据什么形成排序
教师44,sim_openid_044_185936,Q6,6,区域停留短,小班幼儿瑶瑶在区域活动时，一会儿在娃娃家切切菜，一会儿到美工区搓搓橡皮泥，一会儿又开心地跑到其它区域游戏，在任何一个区域停留时间都不超过三分钟。,提议瑶瑶完成某项游戏任务，如在娃娃家做菜，请他活动小结时分享。,游戏前提醒区域活动规则，活动结束后表扬区域游戏规则遵守得好的小朋友。,仔细观察瑶瑶在不同区域的游戏情况，分析他发生迅速转移的原因。,以同伴的身份陪伴瑶瑶在某一区域游戏，待他专注游戏后再离开。,25.043,25.043,16.578,8.465,2,2,1,1,1,3,0,0,0,D,A/B,教师D：以同伴的身份陪伴瑶瑶在某一区域游戏，待他专注游戏后再离开。,教师A：提议瑶瑶完成某项游戏任务，如在娃娃家做菜，请他活动小结时分享。；教师B：游戏前提醒区域活动规则，活动结束后表扬区域游戏规则遵守得好的小朋友。,16.578,0.0,0,9.302326,8.728682,90.0,24.888889,39.712403,eligible,过程中等,首末位摇摆；优劣方向冲突,追问最理想或最不理想做法的判断为什么发生变化；追问是否曾把某做法从合适改判为不合适，或相反
教师44,sim_openid_044_185936,Q7,7,飞行棋各走各的,大班区域游戏中，轩轩和小宇一起玩飞行棋，他们将棋子摆好后，各自拿了一个骰子开始投，小宇说：“该我走。”轩轩说：“明明该我走！”相持不下，于是两人各拿一个骰子，自顾自地走自己的棋。,耐心讲解共同游戏的规则，再以“棋手”身份加入游戏进行示范引导。,暂不介入，继续观察游戏进展，待区域小结时请幼儿分享游戏中的体验和问题。,拿走一个骰子，请幼儿商量只有一个骰子的共同游戏规则，达成一致后再开始游戏。,待幼儿体验一轮各走各的游戏后，询问幼儿的游戏体验，提示共同游戏规则的作用。,26.899,26.899,14.056,12.843,2,2,1,1,0,3,0,0,0,A,C/D,教师A：耐心讲解共同游戏的规则，再以“棋手”身份加入游戏进行示范引导。,教师C：拿走一个骰子，请幼儿商量只有一个骰子的共同游戏规则，达成一致后再开始游戏。；教师D：待幼儿体验一轮各走各的游戏后，询问幼儿的游戏体验，提示共同游戏规则的作用。,14.056,0.0,0,13.953488,17.503876,60.0,29.777778,33.508527,eligible,过程简单,首末位摇摆,追问最理想或最不理想做法的判断为什么发生变化
教师44,sim_openid_044_185936,Q8,8,跳绳秩序混乱,周三下午，大五班的幼儿正自发进行跳绳游戏。李老师观察后发现，挤在一起跳绳的幼儿人数较多，整个场面十分混乱，幼儿很容易出现碰撞现象。此外，由于当“柱子”的幼儿很久才能轮上跳绳，因此也显得很不耐烦。,请幼儿暂停游戏，将幼儿分成多个小组并引导他们以小组为单位分区域开展游戏。,请幼儿说一说跳绳活动中存在的问题，并邀请幼儿一起设置跳绳的规则。,提供更多数量和不同种类的跳绳，并言语引导幼儿分组分区同时进行跳绳游戏。,暂不介入，活动分享时通过照片或视频回放引导幼儿发现问题并商议解决办法。,34.034,34.034,20.262,13.772,2,2,1,2,1,3,0,0,0,A,A/B,教师A：请幼儿暂停游戏，将幼儿分成多个小组并引导他们以小组为单位分区域开展游戏。,教师A：请幼儿暂停游戏，将幼儿分成多个小组并引导他们以小组为单位分区域开展游戏。；教师B：请幼儿说一说跳绳活动中存在的问题，并邀请幼儿一起设置跳绳的规则。,20.262,0.0,0,11.363636,25.666667,100.0,30.555556,49.556061,eligible,过程中等,首末位摇摆；优劣方向冲突,追问最理想或最不理想做法的判断为什么发生变化；追问是否曾把某做法从合适改判为不合适，或相反
教师44,sim_openid_044_185936,Q9,9,艾莎公主不运动,小班的一次户外运动，有几个女孩子从一开始就没有选择任何体育活动项目，而是聚在一起坐在地上玩“艾莎公主”的游戏，比一比谁的鞋子最漂亮，谁的魔法最厉害。,询问幼儿没有参与运动的原因，提供丰富的活动材料吸引幼儿参与运动活动。,提醒幼儿现在是运动时间，请他们等自由游戏时间再一起玩“艾莎公主”的游戏。,利用艾莎公主的鞋子设计走、跑、跳等活动，并以参与者的身份邀请幼儿一起参与运动。,肯定幼儿自主游戏的行为，言语引导幼儿穿着“漂亮的鞋子”参与运动。,35.932,35.932,26.76,9.172,2,2,0,2,0,3,0,0,0,B,B/C,教师B：提醒幼儿现在是运动时间，请他们等自由游戏时间再一起玩“艾莎公主”的游戏。,教师B：提醒幼儿现在是运动时间，请他们等自由游戏时间再一起玩“艾莎公主”的游戏。；教师C：利用艾莎公主的鞋子设计走、跑、跳等活动，并以参与者的身份邀请幼儿一起参与运动。,26.76,0.0,0,61.363636,15.0,50.0,32.777778,39.189394,eligible,过程中等,首反应异常；首末位摇摆,请教师回忆读到情境后最先注意到什么、是否很快形成判断或感到难判断；追问最理想或最不理想做法的判断为什么发生变化
教师44,sim_openid_044_185936,Q10,10,引水难题未解,中班上学期，幼儿在“引水游戏”中遇到了难题——水无法被引到竹片管道上。他们不断调整竹片拼接的方式，却始终没能成功，即竹片一头高于出水管道，阻碍了引流。渐渐地幼儿的探索兴趣也减弱了，有的开始玩水，有的甚至离开了水池。,示范正确的引水方法，请幼儿注意观察并说说引水的要领，再自己试一试。,加入幼儿的探索，引导他们观察水流受阻的位置，一起尝试调整竹片的摆放方式。,组织幼儿就游戏困难进行讨论，寻找解决问题的方案，引导幼儿再次尝试。,投放更多辅助引水的材料，重新激起幼儿的探索兴趣，继续观察游戏进展。,27.382,27.382,20.72,6.662,2,2,1,1,0,3,0,0,0,A,C/D,教师A：示范正确的引水方法，请幼儿注意观察并说说引水的要领，再自己试一试。,教师C：组织幼儿就游戏困难进行讨论，寻找解决问题的方案，引导幼儿再次尝试。；教师D：投放更多辅助引水的材料，重新激起幼儿的探索兴趣，继续观察游戏进展。,20.72,0.0,0,41.860465,11.658915,60.0,29.666667,37.319767,eligible,过程中等,首末位摇摆,追问最理想或最不理想做法的判断为什么发生变化
教师45,sim_openid_045_327696,Q1,1,篮球架玩水,操场上新安装了一些篮球架，幼儿经常在这里投篮。某天户外活动时，几名幼儿带着画笔和水桶来到这里，他们先是快乐地粉刷篮球架，之后开始往篮框里灌水，有的从上面灌，有的在下面接，忙的不亦乐乎，俨然这里成为了玩水的场地。,看到幼儿玩得很开心，不干预他们的玩水行为，待兴趣减弱后再讨论玩水的适宜性。,表扬幼儿的新发现，并询问在篮球架旁玩水是否合适，提议幼儿可以换个地方玩水。,参与到幼儿的“粉刷”游戏中，逐步引导幼儿到适宜玩水的地方继续开展游戏。,提醒幼儿篮球架是用于开展运动的，与其他幼儿一起召唤他们打篮球，转移他们的关注点。,15.212,15.212,6.393,8.819,2,2,1,1,0,3,0,0,0,B,B/C,教师B：表扬幼儿的新发现，并询问在篮球架旁玩水是否合适，提议幼儿可以换个地方玩水。,教师B：表扬幼儿的新发现，并询问在篮球架旁玩水是否合适，提议幼儿可以换个地方玩水。；教师C：参与到幼儿的“粉刷”游戏中，逐步引导幼儿到适宜玩水的地方继续开展游戏。,6.595,0.0,0,87.804878,13.414634,60.0,27.888889,46.768699,eligible,过程中等,首反应异常；首末位摇摆,请教师回忆读到情境后最先注意到什么、是否很快形成判断或感到难判断；追问最理想或最不理想做法的判断为什么发生变化
教师45,sim_openid_045_327696,Q2,2,未参与小组建构,大班建构活动中，睿睿和其他幼儿计划一起搭积木大桥，他们讨论了搭建方法，并进入区域开始搭建。就在其他幼儿在认真搭建时，睿睿发现了一块长条木板，他一会儿在地上推着走，一会儿当枪使，没有再参与小组的搭建。,继续观察，后续分享中支持睿睿思考如何把长条木板融入小组的建构中。,肯定睿睿的创造性玩法，询问他长条板能否当桥面，引导他参与到搭桥任务中。,引导睿睿回顾计划，建议他先完成共同任务，长条木板可以等自由游戏时再玩。,看到睿睿玩得开心，暂不介入，等下一次活动时再提醒他根据计划开展游戏。,18.98,18.98,13.165,5.815,1,1,0,1,0,2,0,0,0,B,B/C,教师B：肯定睿睿的创造性玩法，询问他长条板能否当桥面，引导他参与到搭桥任务中。,教师B：肯定睿睿的创造性玩法，询问他长条板能否当桥面，引导他参与到搭桥任务中。；教师C：引导睿睿回顾计划，建议他先完成共同任务，长条木板可以等自由游戏时再玩。,13.165,0.0,0,31.111111,1.111111,30.0,24.111111,20.672222,eligible,过程简单,过程相对平稳,追问教师当时主要依据什么形成排序
教师45,sim_openid_045_327696,Q3,3,材料选择无层次,大班上学期，张老师在建构区投放了按图搭建的游戏材料，并提供了不同星级难度的任务卡供幼儿选择，但有的幼儿一上来就选择高难度的三星级任务卡，结果不能顺利完成任务；而有的幼儿始终选择低难度的一星级任务卡。这天，浩浩又连续选择了几张一星级任务卡，很快就完成了任务。,调整任务卡提供方式，在游戏开始前根据幼儿的能力水平有针对性地发放任务卡。,暂不介入，尊重幼儿的自主选择和游戏体验，只要完成任务就是一种经验积累。,调整任务卡呈现方式，如增加“我想挑战”等提示，鼓励幼儿选择不同星级的挑战。,和浩浩回顾已完成的任务，比较不同星级的难度，邀请他选择稍有挑战的任务。,27.37,27.37,13.258,14.112,4,4,1,3,0,5,0,0,0,D,B/C,教师D：和浩浩回顾已完成的任务，比较不同星级的难度，邀请他选择稍有挑战的任务。,教师B：暂不介入，尊重幼儿的自主选择和游戏体验，只要完成任务就是一种经验积累。；教师C：调整任务卡呈现方式，如增加“我想挑战”等提示，鼓励幼儿选择不同星级的挑战。,13.258,0.0,0,35.555556,36.222222,80.0,36.888889,51.511111,eligible,过程复杂,多次调整；首末位摇摆,追问最理想或最不理想做法的判断为什么发生变化
教师45,sim_openid_045_327696,Q4,4,频繁求助,中班区域活动时，小明选择了建构区。玩了一会儿，他跑到老师面前说“老师，我不会搭……帮帮我吧”，教师问他需要什么帮助时，他一边说我不会搭，一边却很快地将房子从一层积木加高到了两层。看小明专注搭建后，老师就离开建构区了。可是没一会，小明又找了老师好几次，说“老师，帮帮我吧，我不会搭”。,鼓励小明独立搭建，引导他思考接下来如何搭建，及时表扬他的努力。,先示范搭建关键部分，请小明观察方法，再鼓励他照着继续搭建。,在旁观察小明的搭建过程，并适时反馈，帮助他理清搭建步骤。,帮小明回顾已搭建完成的部分，指导他设定小目标，尝试自己实现。,14.079,14.079,8.969,5.11,1,1,1,0,0,2,0,0,0,A,A/B,教师A：鼓励小明独立搭建，引导他思考接下来如何搭建，及时表扬他的努力。,教师A：鼓励小明独立搭建，引导他思考接下来如何搭建，及时表扬他的努力。；教师B：先示范搭建关键部分，请小明观察方法，再鼓励他照着继续搭建。,8.969,0.0,0,67.5,9.5,30.0,22.555556,30.233333,eligible,过程简单,首反应异常,请教师回忆读到情境后最先注意到什么、是否很快形成判断或感到难判断
教师45,sim_openid_045_327696,Q5,5,消防员救火开心,近几天，中班的幼儿十分热衷于在区域游戏时间玩“消防员救火”的游戏。游戏结束后的交流活动中，老师问幼儿最想分享什么时，阳阳说“娃娃家着火了，好开心啊！”。,抓住教育契机，向幼儿耐心解释真实的火灾会造成物品损失和人员伤亡。,询问幼儿开心的是“着火”本身，还是消防员成功救火、娃娃家的人得救？,引导幼儿思考“娃娃家着火”值不值得开心，帮助他们认识真实火灾是危险的。,请阳阳讲讲娃娃家着火后发生了什么、为什么开心，借此理解幼儿的游戏体验。,14.713,14.713,5.469,9.244,2,2,1,0,0,3,0,0,0,C,B/C,教师C：引导幼儿思考“娃娃家着火”值不值得开心，帮助他们认识真实火灾是危险的。,教师B：询问幼儿开心的是“着火”本身，还是消防员成功救火、娃娃家的人得救？；教师C：引导幼儿思考“娃娃家着火”值不值得开心，帮助他们认识真实火灾是危险的。,5.522,0.0,0,97.674419,13.922481,30.0,28.222222,38.444961,eligible,过程简单,首反应异常,请教师回忆读到情境后最先注意到什么、是否很快形成判断或感到难判断
教师45,sim_openid_045_327696,Q6,6,区域停留短,小班幼儿瑶瑶在区域活动时，一会儿在娃娃家切切菜，一会儿到美工区搓搓橡皮泥，一会儿又开心地跑到其它区域游戏，在任何一个区域停留时间都不超过三分钟。,提议瑶瑶完成某项游戏任务，如在娃娃家做菜，请他活动小结时分享。,游戏前提醒区域活动规则，活动结束后表扬区域游戏规则遵守得好的小朋友。,仔细观察瑶瑶在不同区域的游戏情况，分析他发生迅速转移的原因。,以同伴的身份陪伴瑶瑶在某一区域游戏，待他专注游戏后再离开。,23.536,23.536,13.759,9.777,4,4,3,1,0,4,1,1,1,A,B/C,教师A：提议瑶瑶完成某项游戏任务，如在娃娃家做菜，请他活动小结时分享。,教师B：游戏前提醒区域活动规则，活动结束后表扬区域游戏规则遵守得好的小朋友。；教师C：仔细观察瑶瑶在不同区域的游戏情况，分析他发生迅速转移的原因。,13.759,0.0,0,41.860465,33.922481,80.0,64.777778,56.265504,eligible,过程复杂,多次调整；首末位摇摆；路径振荡,追问最理想或最不理想做法的判断为什么发生变化；追问当时是否在几个判断标准之间反复权衡
教师45,sim_openid_045_327696,Q7,7,飞行棋各走各的,大班区域游戏中，轩轩和小宇一起玩飞行棋，他们将棋子摆好后，各自拿了一个骰子开始投，小宇说：“该我走。”轩轩说：“明明该我走！”相持不下，于是两人各拿一个骰子，自顾自地走自己的棋。,耐心讲解共同游戏的规则，再以“棋手”身份加入游戏进行示范引导。,暂不介入，继续观察游戏进展，待区域小结时请幼儿分享游戏中的体验和问题。,拿走一个骰子，请幼儿商量只有一个骰子的共同游戏规则，达成一致后再开始游戏。,待幼儿体验一轮各走各的游戏后，询问幼儿的游戏体验，提示共同游戏规则的作用。,19.186,19.186,8.714,10.472,2,2,1,1,0,3,0,0,0,A,A/B,教师A：耐心讲解共同游戏的规则，再以“棋手”身份加入游戏进行示范引导。,教师A：耐心讲解共同游戏的规则，再以“棋手”身份加入游戏进行示范引导。；教师B：暂不介入，继续观察游戏进展，待区域小结时请幼儿分享游戏中的体验和问题。,8.714,0.0,0,79.069767,13.782946,60.0,29.777778,45.415504,eligible,过程中等,首反应异常；首末位摇摆,请教师回忆读到情境后最先注意到什么、是否很快形成判断或感到难判断；追问最理想或最不理想做法的判断为什么发生变化
教师45,sim_openid_045_327696,Q8,8,跳绳秩序混乱,周三下午，大五班的幼儿正自发进行跳绳游戏。李老师观察后发现，挤在一起跳绳的幼儿人数较多，整个场面十分混乱，幼儿很容易出现碰撞现象。此外，由于当“柱子”的幼儿很久才能轮上跳绳，因此也显得很不耐烦。,请幼儿暂停游戏，将幼儿分成多个小组并引导他们以小组为单位分区域开展游戏。,请幼儿说一说跳绳活动中存在的问题，并邀请幼儿一起设置跳绳的规则。,提供更多数量和不同种类的跳绳，并言语引导幼儿分组分区同时进行跳绳游戏。,暂不介入，活动分享时通过照片或视频回放引导幼儿发现问题并商议解决办法。,13.902,13.902,6.197,7.705,3,3,0,1,0,4,0,0,0,D,B/C,教师D：暂不介入，活动分享时通过照片或视频回放引导幼儿发现问题并商议解决办法。,教师B：请幼儿说一说跳绳活动中存在的问题，并邀请幼儿一起设置跳绳的规则。；教师C：提供更多数量和不同种类的跳绳，并言语引导幼儿分组分区同时进行跳绳游戏。,6.197,0.0,0,97.727273,27.848485,30.0,36.333333,43.85,eligible,过程中等,首反应异常；多次调整,请教师回忆读到情境后最先注意到什么、是否很快形成判断或感到难判断
教师45,sim_openid_045_327696,Q9,9,艾莎公主不运动,小班的一次户外运动，有几个女孩子从一开始就没有选择任何体育活动项目，而是聚在一起坐在地上玩“艾莎公主”的游戏，比一比谁的鞋子最漂亮，谁的魔法最厉害。,询问幼儿没有参与运动的原因，提供丰富的活动材料吸引幼儿参与运动活动。,提醒幼儿现在是运动时间，请他们等自由游戏时间再一起玩“艾莎公主”的游戏。,利用艾莎公主的鞋子设计走、跑、跳等活动，并以参与者的身份邀请幼儿一起参与运动。,肯定幼儿自主游戏的行为，言语引导幼儿穿着“漂亮的鞋子”参与运动。,18.297,18.297,11.246,7.051,2,2,1,1,0,3,0,0,0,A,A/B,教师A：询问幼儿没有参与运动的原因，提供丰富的活动材料吸引幼儿参与运动活动。,教师A：询问幼儿没有参与运动的原因，提供丰富的活动材料吸引幼儿参与运动活动。；教师B：提醒幼儿现在是运动时间，请他们等自由游戏时间再一起玩“艾莎公主”的游戏。,11.246,0.0,0,52.272727,12.272727,60.0,32.777778,40.05303,eligible,过程中等,首末位摇摆,追问最理想或最不理想做法的判断为什么发生变化
教师45,sim_openid_045_327696,Q10,10,引水难题未解,中班上学期，幼儿在“引水游戏”中遇到了难题——水无法被引到竹片管道上。他们不断调整竹片拼接的方式，却始终没能成功，即竹片一头高于出水管道，阻碍了引流。渐渐地幼儿的探索兴趣也减弱了，有的开始玩水，有的甚至离开了水池。,示范正确的引水方法，请幼儿注意观察并说说引水的要领，再自己试一试。,加入幼儿的探索，引导他们观察水流受阻的位置，一起尝试调整竹片的摆放方式。,组织幼儿就游戏困难进行讨论，寻找解决问题的方案，引导幼儿再次尝试。,投放更多辅助引水的材料，重新激起幼儿的探索兴趣，继续观察游戏进展。,15.348,15.348,7.109,8.239,2,2,1,2,1,3,0,0,0,D,B/C,教师D：投放更多辅助引水的材料，重新激起幼儿的探索兴趣，继续观察游戏进展。,教师B：加入幼儿的探索，引导他们观察水流受阻的位置，一起尝试调整竹片的摆放方式。；教师C：组织幼儿就游戏困难进行讨论，寻找解决问题的方案，引导幼儿再次尝试。,7.109,0.0,0,74.418605,13.51938,100.0,29.666667,58.389535,eligible,过程复杂,首反应异常；首末位摇摆；优劣方向冲突,请教师回忆读到情境后最先注意到什么、是否很快形成判断或感到难判断；追问最理想或最不理想做法的判断为什么发生变化；追问是否曾把某做法从合适改判为不合适，或相反
