participantName,userOpenid,teacher_level,mean_score,total_score,item_id,questionIndex,item_title,scenarioText,optionA,optionB,optionC,optionD,primary_ability_type,secondary_ability_type,chosen_comb,S_initial,S_final,S_max,S_min,ResultRisk,RelativeDeviation,RD,abs_RD,Gain,Volatility,Deterioration,Recovery,RevisionSignal,ProcessConflict,OptionFocus,P_IVI,P_IVI_norm,effective_first_response_time_sec,effective_post_first_time_sec,effective_item_time_sec,Z_First,Z_Post,TimeSignal_raw_z,TimeSignal,action_count,revision_count,first_position_change_count,last_position_change_count,top_bottom_swap_count,unique_state_count,repeated_state_count,backtracking_count,oscillation_count,max_idle_gap_sec,time_removed_sec,interruption_flag,priorityOption,priorityPair,priorityOptionText,priorityPairText,process_type,process_labels,suggested_interview_focus,IIV_classic,IIV_hybrid,IIV_interpretation
教师01,sim_openid_001_867882,总体中等,2.8,28,Q7,7,飞行棋各走各的,大班区域游戏中，轩轩和小宇一起玩飞行棋，他们将棋子摆好后，各自拿了一个骰子开始投，小宇说：“该我走。”轩轩说：“明明该我走！”相持不下，于是两人各拿一个骰子，自顾自地走自己的棋。,耐心讲解共同游戏的规则，再以“棋手”身份加入游戏进行示范引导。,暂不介入，继续观察游戏进展，待区域小结时请幼儿分享游戏中的体验和问题。,拿走一个骰子，请幼儿商量只有一个骰子的共同游戏规则，达成一致后再开始游戏。,待幼儿体验一轮各走各的游戏后，询问幼儿的游戏体验，提示共同游戏规则的作用。,E 共同游戏组织与规则共建,B 规则平衡,ABCD,0,0,2,0,1.0,0.7,-2.8,2.8,0,0.5,0.5,0.0,0.5,0.75,0.5,63.167054,0.631671,6.93,19.155,26.085,-1.203168,0.657277,0.657277,0.328638,4,4,2,0,0,3,2,2,2,6.93,0.0,0,,B/C,,教师B：暂不介入，继续观察游戏进展，待区域小结时请幼儿分享游戏中的体验和问题。；教师C：拿走一个骰子，请幼儿商量只有一个骰子的共同游戏规则，达成一致后再开始游戏。,过程中等,首反应异常；多次调整；首末位摇摆；路径振荡,请教师回忆读到情境后最先注意到什么、是否很快形成判断或感到难判断；追问最理想或最不理想做法的判断为什么发生变化；追问当时是否在几个判断标准之间反复权衡,0.732864,0.706947,主要IIV信号：结果风险、过程冲突、个人内相对偏离；可追问选项比较：教师B：暂不介入，继续观察游戏进展，待区域小结时请幼儿分享游戏中的体验和问题。；教师C：拿走一个骰子，请幼儿商量只有一个骰子的共同游戏规则，达成一致后再开始游戏。
教师01,sim_openid_001_867882,总体中等,2.8,28,Q3,3,材料选择无层次,大班上学期，张老师在建构区投放了按图搭建的游戏材料，并提供了不同星级难度的任务卡供幼儿选择，但有的幼儿一上来就选择高难度的三星级任务卡，结果不能顺利完成任务；而有的幼儿始终选择低难度的一星级任务卡。这天，浩浩又连续选择了几张一星级任务卡，很快就完成了任务。,调整任务卡提供方式，在游戏开始前根据幼儿的能力水平有针对性地发放任务卡。,暂不介入，尊重幼儿的自主选择和游戏体验，只要完成任务就是一种经验积累。,调整任务卡呈现方式，如增加“我想挑战”等提示，鼓励幼儿选择不同星级的挑战。,和浩浩回顾已完成的任务，比较不同星级的难度，邀请他选择稍有挑战的任务。,D 支架策略与游戏推进,C 观察诊断,DBCA,0,4,4,0,0.0,0.3,1.2,1.2,4,1.0,0.0,1.0,1.0,1.0,1.0,67.755556,0.677556,26.218,18.334,44.552,1.449055,0.545591,1.449055,0.724528,4,4,1,3,1,5,0,0,0,26.218,0.0,0,A,B/C,教师A：调整任务卡提供方式，在游戏开始前根据幼儿的能力水平有针对性地发放任务卡。,教师B：暂不介入，尊重幼儿的自主选择和游戏体验，只要完成任务就是一种经验积累。；教师C：调整任务卡呈现方式，如增加“我想挑战”等提示，鼓励幼儿选择不同星级的挑战。,过程复杂,首反应异常；多次调整；首末位摇摆；优劣方向冲突,请教师回忆读到情境后最先注意到什么、是否很快形成判断或感到难判断；追问最理想或最不理想做法的判断为什么发生变化；追问是否曾把某做法从合适改判为不合适，或相反,0.572453,0.551331,主要IIV信号：过程冲突、修正信号、选项焦点变化；可追问选项比较：教师B：暂不介入，尊重幼儿的自主选择和游戏体验，只要完成任务就是一种经验积累。；教师C：调整任务卡呈现方式，如增加“我想挑战”等提示，鼓励幼儿选择不同星级的挑战。
教师01,sim_openid_001_867882,总体中等,2.8,28,Q5,5,消防员救火开心,近几天，中班的幼儿十分热衷于在区域游戏时间玩“消防员救火”的游戏。游戏结束后的交流活动中，老师问幼儿最想分享什么时，阳阳说“娃娃家着火了，好开心啊！”。,抓住教育契机，向幼儿耐心解释真实的火灾会造成物品损失和人员伤亡。,询问幼儿开心的是“着火”本身，还是消防员成功救火、娃娃家的人得救？,引导幼儿思考“娃娃家着火”值不值得开心，帮助他们认识真实火灾是危险的。,请阳阳讲讲娃娃家着火后发生了什么、为什么开心，借此理解幼儿的游戏体验。,A 游戏意义理解与儿童视角,B 价值平衡,DCBA,2,2,2,0,0.5,0.2,-0.8,0.8,0,0.5,0.0,0.5,0.5,0.666667,1.0,62.843411,0.628434,10.412,11.429,21.841,-0.391708,-0.659321,0.0,0.0,3,3,1,3,1,4,0,0,0,10.412,0.0,0,A,A/B,教师A：抓住教育契机，向幼儿耐心解释真实的火灾会造成物品损失和人员伤亡。,教师A：抓住教育契机，向幼儿耐心解释真实的火灾会造成物品损失和人员伤亡。；教师B：询问幼儿开心的是“着火”本身，还是消防员成功救火、娃娃家的人得救？,过程中等,首反应异常；多次调整；首末位摇摆；优劣方向冲突,请教师回忆读到情境后最先注意到什么、是否很快形成判断或感到难判断；追问最理想或最不理想做法的判断为什么发生变化；追问是否曾把某做法从合适改判为不合适，或相反,0.533333,0.486422,主要IIV信号：选项焦点变化、过程冲突、同题过程信息量；可追问选项比较：教师A：抓住教育契机，向幼儿耐心解释真实的火灾会造成物品损失和人员伤亡。；教师B：询问幼儿开心的是“着火”本身，还是消防员成功救火、娃娃家的人得救？
教师01,sim_openid_001_867882,总体中等,2.8,28,Q8,8,跳绳秩序混乱,周三下午，大五班的幼儿正自发进行跳绳游戏。李老师观察后发现，挤在一起跳绳的幼儿人数较多，整个场面十分混乱，幼儿很容易出现碰撞现象。此外，由于当“柱子”的幼儿很久才能轮上跳绳，因此也显得很不耐烦。,请幼儿暂停游戏，将幼儿分成多个小组并引导他们以小组为单位分区域开展游戏。,请幼儿说一说跳绳活动中存在的问题，并邀请幼儿一起设置跳绳的规则。,提供更多数量和不同种类的跳绳，并言语引导幼儿分组分区同时进行跳绳游戏。,暂不介入，活动分享时通过照片或视频回放引导幼儿发现问题并商议解决办法。,E 共同游戏组织与规则共建,B 安全秩序,BDAC,2,4,4,1,0.0,0.3,1.2,1.2,2,0.75,0.0,0.75,0.75,0.8,1.0,63.328788,0.633288,16.388,24.298,40.686,0.512422,1.26363,1.26363,0.631815,5,5,2,3,1,6,0,0,0,16.388,0.0,0,A,B/C,教师A：请幼儿暂停游戏，将幼儿分成多个小组并引导他们以小组为单位分区域开展游戏。,教师B：请幼儿说一说跳绳活动中存在的问题，并邀请幼儿一起设置跳绳的规则。；教师C：提供更多数量和不同种类的跳绳，并言语引导幼儿分组分区同时进行跳绳游戏。,过程复杂,高修正投入；多次调整；首末位摇摆；优劣方向冲突,追问后续主要在比较哪些做法、为什么调整；追问最理想或最不理想做法的判断为什么发生变化；追问是否曾把某做法从合适改判为不合适，或相反,0.473182,0.472346,主要IIV信号：选项焦点变化、过程冲突、修正信号；可追问选项比较：教师B：请幼儿说一说跳绳活动中存在的问题，并邀请幼儿一起设置跳绳的规则。；教师C：提供更多数量和不同种类的跳绳，并言语引导幼儿分组分区同时进行跳绳游戏。
教师01,sim_openid_001_867882,总体中等,2.8,28,Q2,2,未参与小组建构,大班建构活动中，睿睿和其他幼儿计划一起搭积木大桥，他们讨论了搭建方法，并进入区域开始搭建。就在其他幼儿在认真搭建时，睿睿发现了一块长条木板，他一会儿在地上推着走，一会儿当枪使，没有再参与小组的搭建。,继续观察，后续分享中支持睿睿思考如何把长条木板融入小组的建构中。,肯定睿睿的创造性玩法，询问他长条板能否当桥面，引导他参与到搭桥任务中。,引导睿睿回顾计划，建议他先完成共同任务，长条木板可以等自由游戏时再玩。,看到睿睿玩得开心，暂不介入，等下一次活动时再提醒他根据计划开展游戏。,D 支架策略与游戏推进,E 共同游戏组织,CDAB,0,2,2,0,0.5,0.2,-0.8,0.8,2,0.5,0.0,0.5,0.5,0.666667,0.5,44.361111,0.443611,11.655,14.152,25.807,-0.166914,-0.114484,0.0,0.0,3,3,1,1,0,4,0,0,0,11.655,0.0,0,A,B/C,教师A：继续观察，后续分享中支持睿睿思考如何把长条木板融入小组的建构中。,教师B：肯定睿睿的创造性玩法，询问他长条板能否当桥面，引导他参与到搭桥任务中。；教师C：引导睿睿回顾计划，建议他先完成共同任务，长条木板可以等自由游戏时再玩。,过程中等,首反应异常；多次调整；首末位摇摆,请教师回忆读到情境后最先注意到什么、是否很快形成判断或感到难判断；追问最理想或最不理想做法的判断为什么发生变化,0.483333,0.427181,主要IIV信号：过程冲突、结果风险、修正信号；可追问选项比较：教师B：肯定睿睿的创造性玩法，询问他长条板能否当桥面，引导他参与到搭桥任务中。；教师C：引导睿睿回顾计划，建议他先完成共同任务，长条木板可以等自由游戏时再玩。
教师01,sim_openid_001_867882,总体中等,2.8,28,Q4,4,频繁求助,中班区域活动时，小明选择了建构区。玩了一会儿，他跑到老师面前说“老师，我不会搭……帮帮我吧”，教师问他需要什么帮助时，他一边说我不会搭，一边却很快地将房子从一层积木加高到了两层。看小明专注搭建后，老师就离开建构区了。可是没一会，小明又找了老师好几次，说“老师，帮帮我吧，我不会搭”。,鼓励小明独立搭建，引导他思考接下来如何搭建，及时表扬他的努力。,先示范搭建关键部分，请小明观察方法，再鼓励他照着继续搭建。,在旁观察小明的搭建过程，并适时反馈，帮助他理清搭建步骤。,帮小明回顾已搭建完成的部分，指导他设定小目标，尝试自己实现。,C 观察诊断与介入时机,D 支架策略,ACDB,2,4,4,2,0.0,0.3,1.2,1.2,2,0.5,0.0,0.5,0.5,0.75,0.75,64.083333,0.640833,10.223,21.782,32.005,-0.428223,0.984942,0.984942,0.492471,4,4,2,1,0,4,1,1,1,10.223,0.0,0,B,A/C,教师B：先示范搭建关键部分，请小明观察方法，再鼓励他照着继续搭建。,教师A：鼓励小明独立搭建，引导他思考接下来如何搭建，及时表扬他的努力。；教师C：在旁观察小明的搭建过程，并适时反馈，帮助他理清搭建步骤。,过程复杂,多次调整；首末位摇摆；路径振荡,追问最理想或最不理想做法的判断为什么发生变化；追问当时是否在几个判断标准之间反复权衡,0.374247,0.388789,主要IIV信号：过程冲突、选项焦点变化、同题过程信息量；可追问选项比较：教师A：鼓励小明独立搭建，引导他思考接下来如何搭建，及时表扬他的努力。；教师C：在旁观察小明的搭建过程，并适时反馈，帮助他理清搭建步骤。
教师01,sim_openid_001_867882,总体中等,2.8,28,Q9,9,艾莎公主不运动,小班的一次户外运动，有几个女孩子从一开始就没有选择任何体育活动项目，而是聚在一起坐在地上玩“艾莎公主”的游戏，比一比谁的鞋子最漂亮，谁的魔法最厉害。,询问幼儿没有参与运动的原因，提供丰富的活动材料吸引幼儿参与运动活动。,提醒幼儿现在是运动时间，请他们等自由游戏时间再一起玩“艾莎公主”的游戏。,利用艾莎公主的鞋子设计走、跑、跳等活动，并以参与者的身份邀请幼儿一起参与运动。,肯定幼儿自主游戏的行为，言语引导幼儿穿着“漂亮的鞋子”参与运动。,D 支架策略与游戏推进,A 儿童视角/B 目标平衡,ADCB,0,3,3,0,0.25,0.05,0.2,0.2,3,0.75,0.0,0.75,0.75,0.75,0.25,39.189394,0.391894,6.392,7.939,14.331,-1.36425,-1.588282,0.0,0.0,2,2,0,1,0,3,0,0,0,6.582,0.0,0,B,C/D,教师B：提醒幼儿现在是运动时间，请他们等自由游戏时间再一起玩“艾莎公主”的游戏。,教师C：利用艾莎公主的鞋子设计走、跑、跳等活动，并以参与者的身份邀请幼儿一起参与运动。；教师D：肯定幼儿自主游戏的行为，言语引导幼儿穿着“漂亮的鞋子”参与运动。,过程中等,首反应异常,请教师回忆读到情境后最先注意到什么、是否很快形成判断或感到难判断,0.425,0.352095,主要IIV信号：过程冲突、修正信号、同题过程信息量；可追问选项比较：教师C：利用艾莎公主的鞋子设计走、跑、跳等活动，并以参与者的身份邀请幼儿一起参与运动。；教师D：肯定幼儿自主游戏的行为，言语引导幼儿穿着“漂亮的鞋子”参与运动。
教师01,sim_openid_001_867882,总体中等,2.8,28,Q10,10,引水难题未解,中班上学期，幼儿在“引水游戏”中遇到了难题——水无法被引到竹片管道上。他们不断调整竹片拼接的方式，却始终没能成功，即竹片一头高于出水管道，阻碍了引流。渐渐地幼儿的探索兴趣也减弱了，有的开始玩水，有的甚至离开了水池。,示范正确的引水方法，请幼儿注意观察并说说引水的要领，再自己试一试。,加入幼儿的探索，引导他们观察水流受阻的位置，一起尝试调整竹片的摆放方式。,组织幼儿就游戏困难进行讨论，寻找解决问题的方案，引导幼儿再次尝试。,投放更多辅助引水的材料，重新激起幼儿的探索兴趣，继续观察游戏进展。,C 观察诊断与介入时机,D 探究支架,DABC,1,3,3,1,0.25,0.05,0.2,0.2,2,0.5,0.0,0.5,0.5,0.5,0.5,30.715116,0.307151,14.057,8.891,22.948,0.206596,-1.299543,0.206596,0.103298,2,2,1,1,0,3,0,0,0,14.057,0.0,0,D,C/D,教师D：投放更多辅助引水的材料，重新激起幼儿的探索兴趣，继续观察游戏进展。,教师C：组织幼儿就游戏困难进行讨论，寻找解决问题的方案，引导幼儿再次尝试。；教师D：投放更多辅助引水的材料，重新激起幼儿的探索兴趣，继续观察游戏进展。,过程简单,首末位摇摆,追问最理想或最不理想做法的判断为什么发生变化,0.36033,0.308187,主要IIV信号：过程冲突、修正信号、选项焦点变化；可追问选项比较：教师C：组织幼儿就游戏困难进行讨论，寻找解决问题的方案，引导幼儿再次尝试。；教师D：投放更多辅助引水的材料，重新激起幼儿的探索兴趣，继续观察游戏进展。
教师01,sim_openid_001_867882,总体中等,2.8,28,Q6,6,区域停留短,小班幼儿瑶瑶在区域活动时，一会儿在娃娃家切切菜，一会儿到美工区搓搓橡皮泥，一会儿又开心地跑到其它区域游戏，在任何一个区域停留时间都不超过三分钟。,提议瑶瑶完成某项游戏任务，如在娃娃家做菜，请他活动小结时分享。,游戏前提醒区域活动规则，活动结束后表扬区域游戏规则遵守得好的小朋友。,仔细观察瑶瑶在不同区域的游戏情况，分析他发生迅速转移的原因。,以同伴的身份陪伴瑶瑶在某一区域游戏，待他专注游戏后再离开。,C 观察诊断与介入时机,A 儿童视角,ADBC,2,4,4,2,0.0,0.3,1.2,1.2,2,0.5,0.0,0.5,0.5,0.5,0.25,30.433333,0.304333,25.404,16.074,41.478,1.386188,0.210191,1.386188,0.693094,2,2,0,1,0,3,0,0,0,25.404,0.0,0,D,C/D,教师D：以同伴的身份陪伴瑶瑶在某一区域游戏，待他专注游戏后再离开。,教师C：仔细观察瑶瑶在不同区域的游戏情况，分析他发生迅速转移的原因。；教师D：以同伴的身份陪伴瑶瑶在某一区域游戏，待他专注游戏后再离开。,过程简单,过程相对平稳,追问教师当时主要依据什么形成排序,0.294309,0.304526,主要IIV信号：相对时间信号、过程冲突、修正信号；可追问选项比较：教师C：仔细观察瑶瑶在不同区域的游戏情况，分析他发生迅速转移的原因。；教师D：以同伴的身份陪伴瑶瑶在某一区域游戏，待他专注游戏后再离开。
教师01,sim_openid_001_867882,总体中等,2.8,28,Q1,1,篮球架玩水,操场上新安装了一些篮球架，幼儿经常在这里投篮。某天户外活动时，几名幼儿带着画笔和水桶来到这里，他们先是快乐地粉刷篮球架，之后开始往篮框里灌水，有的从上面灌，有的在下面接，忙的不亦乐乎，俨然这里成为了玩水的场地。,看到幼儿玩得很开心，不干预他们的玩水行为，待兴趣减弱后再讨论玩水的适宜性。,表扬幼儿的新发现，并询问在篮球架旁玩水是否合适，提议幼儿可以换个地方玩水。,参与到幼儿的“粉刷”游戏中，逐步引导幼儿到适宜玩水的地方继续开展游戏。,提醒幼儿篮球架是用于开展运动的，与其他幼儿一起召唤他们打篮球，转移他们的关注点。,B 自主游戏与规则/安全/价值平衡,A 游戏意义理解,ACDB,2,2,2,2,0.5,0.2,-0.8,0.8,0,0.0,0.0,0.0,0.0,0.0,0.0,10.383333,0.103833,,,28.904,0.0,0.0,0.0,0.0,0,0,0,0,0,1,0,0,0,28.904,0.0,0,,,,,过程简单,过程相对平稳,追问教师当时主要依据什么形成排序,0.2,0.185192,主要IIV信号：结果风险、个人内相对偏离、同题过程信息量
教师02,sim_openid_002_963914,总体中等,2.7,27,Q2,2,未参与小组建构,大班建构活动中，睿睿和其他幼儿计划一起搭积木大桥，他们讨论了搭建方法，并进入区域开始搭建。就在其他幼儿在认真搭建时，睿睿发现了一块长条木板，他一会儿在地上推着走，一会儿当枪使，没有再参与小组的搭建。,继续观察，后续分享中支持睿睿思考如何把长条木板融入小组的建构中。,肯定睿睿的创造性玩法，询问他长条板能否当桥面，引导他参与到搭桥任务中。,引导睿睿回顾计划，建议他先完成共同任务，长条木板可以等自由游戏时再玩。,看到睿睿玩得开心，暂不介入，等下一次活动时再提醒他根据计划开展游戏。,D 支架策略与游戏推进,E 共同游戏组织,ACDB,0,1,1,0,0.75,0.425,-1.7,1.7,1,0.25,0.0,0.25,0.25,0.8,0.75,62.455556,0.624556,12.172,22.147,34.319,-1.414651,0.337063,0.337063,0.168531,5,5,2,1,0,4,2,2,0,12.172,0.0,0,B,B/C,教师B：肯定睿睿的创造性玩法，询问他长条板能否当桥面，引导他参与到搭桥任务中。,教师B：肯定睿睿的创造性玩法，询问他长条板能否当桥面，引导他参与到搭桥任务中。；教师C：引导睿睿回顾计划，建议他先完成共同任务，长条木板可以等自由游戏时再玩。,过程中等,多次调整；首末位摇摆；路径振荡,追问最理想或最不理想做法的判断为什么发生变化；追问当时是否在几个判断标准之间反复权衡,0.601853,0.569331,主要IIV信号：过程冲突、结果风险、选项焦点变化；可追问选项比较：教师B：肯定睿睿的创造性玩法，询问他长条板能否当桥面，引导他参与到搭桥任务中。；教师C：引导睿睿回顾计划，建议他先完成共同任务，长条木板可以等自由游戏时再玩。
教师02,sim_openid_002_963914,总体中等,2.7,27,Q1,1,篮球架玩水,操场上新安装了一些篮球架，幼儿经常在这里投篮。某天户外活动时，几名幼儿带着画笔和水桶来到这里，他们先是快乐地粉刷篮球架，之后开始往篮框里灌水，有的从上面灌，有的在下面接，忙的不亦乐乎，俨然这里成为了玩水的场地。,看到幼儿玩得很开心，不干预他们的玩水行为，待兴趣减弱后再讨论玩水的适宜性。,表扬幼儿的新发现，并询问在篮球架旁玩水是否合适，提议幼儿可以换个地方玩水。,参与到幼儿的“粉刷”游戏中，逐步引导幼儿到适宜玩水的地方继续开展游戏。,提醒幼儿篮球架是用于开展运动的，与其他幼儿一起召唤他们打篮球，转移他们的关注点。,B 自主游戏与规则/安全/价值平衡,A 游戏意义理解,ACBD,4,4,4,0,0.0,0.325,1.3,1.3,0,1.0,0.0,1.0,1.0,1.0,1.0,86.596341,0.865963,24.997,30.473,55.47,1.061981,0.883254,1.061981,0.53099,7,7,4,2,2,6,2,2,0,24.997,0.0,0,B,B/C,教师B：表扬幼儿的新发现，并询问在篮球架旁玩水是否合适，提议幼儿可以换个地方玩水。,教师B：表扬幼儿的新发现，并询问在篮球架旁玩水是否合适，提议幼儿可以换个地方玩水。；教师C：参与到幼儿的“粉刷”游戏中，逐步引导幼儿到适宜玩水的地方继续开展游戏。,过程复杂,首反应异常；高修正投入；多次调整；首末位摇摆；优劣方向冲突；路径振荡,请教师回忆读到情境后最先注意到什么、是否很快形成判断或感到难判断；追问后续主要在比较哪些做法、为什么调整；追问最理想或最不理想做法的判断为什么发生变化；追问是否曾把某做法从合适改判为不合适，或相反；追问当时是否在几个判断标准之间反复权衡,0.553099,0.545147,主要IIV信号：过程冲突、修正信号、选项焦点变化；可追问选项比较：教师B：表扬幼儿的新发现，并询问在篮球架旁玩水是否合适，提议幼儿可以换个地方玩水。；教师C：参与到幼儿的“粉刷”游戏中，逐步引导幼儿到适宜玩水的地方继续开展游戏。
教师02,sim_openid_002_963914,总体中等,2.7,27,Q8,8,跳绳秩序混乱,周三下午，大五班的幼儿正自发进行跳绳游戏。李老师观察后发现，挤在一起跳绳的幼儿人数较多，整个场面十分混乱，幼儿很容易出现碰撞现象。此外，由于当“柱子”的幼儿很久才能轮上跳绳，因此也显得很不耐烦。,请幼儿暂停游戏，将幼儿分成多个小组并引导他们以小组为单位分区域开展游戏。,请幼儿说一说跳绳活动中存在的问题，并邀请幼儿一起设置跳绳的规则。,提供更多数量和不同种类的跳绳，并言语引导幼儿分组分区同时进行跳绳游戏。,暂不介入，活动分享时通过照片或视频回放引导幼儿发现问题并商议解决办法。,E 共同游戏组织与规则共建,B 安全秩序,CDBA,2,1,2,1,0.75,0.425,-1.7,1.7,-1,0.25,0.25,0.0,0.25,0.666667,0.75,47.986364,0.479864,19.626,19.037,38.663,0.229457,0.07809,0.229457,0.114729,3,3,2,1,0,4,0,0,0,19.626,0.0,0,A,A/B,教师A：请幼儿暂停游戏，将幼儿分成多个小组并引导他们以小组为单位分区域开展游戏。,教师A：请幼儿暂停游戏，将幼儿分成多个小组并引导他们以小组为单位分区域开展游戏。；教师B：请幼儿说一说跳绳活动中存在的问题，并邀请幼儿一起设置跳绳的规则。,过程中等,多次调整；首末位摇摆,追问最理想或最不理想做法的判断为什么发生变化,0.569806,0.536716,主要IIV信号：结果风险、选项焦点变化、过程冲突；可追问选项比较：教师A：请幼儿暂停游戏，将幼儿分成多个小组并引导他们以小组为单位分区域开展游戏。；教师B：请幼儿说一说跳绳活动中存在的问题，并邀请幼儿一起设置跳绳的规则。
教师02,sim_openid_002_963914,总体中等,2.7,27,Q7,7,飞行棋各走各的,大班区域游戏中，轩轩和小宇一起玩飞行棋，他们将棋子摆好后，各自拿了一个骰子开始投，小宇说：“该我走。”轩轩说：“明明该我走！”相持不下，于是两人各拿一个骰子，自顾自地走自己的棋。,耐心讲解共同游戏的规则，再以“棋手”身份加入游戏进行示范引导。,暂不介入，继续观察游戏进展，待区域小结时请幼儿分享游戏中的体验和问题。,拿走一个骰子，请幼儿商量只有一个骰子的共同游戏规则，达成一致后再开始游戏。,待幼儿体验一轮各走各的游戏后，询问幼儿的游戏体验，提示共同游戏规则的作用。,E 共同游戏组织与规则共建,B 规则平衡,ABDC,0,3,3,0,0.25,0.075,0.3,0.3,3,0.75,0.0,0.75,0.75,0.888889,1.0,82.820543,0.828205,21.552,35.667,57.219,0.551636,1.15261,1.15261,0.576305,9,9,4,5,2,8,2,2,0,21.552,0.0,0,C,A/B,教师C：拿走一个骰子，请幼儿商量只有一个骰子的共同游戏规则，达成一致后再开始游戏。,教师A：耐心讲解共同游戏的规则，再以“棋手”身份加入游戏进行示范引导。；教师B：暂不介入，继续观察游戏进展，待区域小结时请幼儿分享游戏中的体验和问题。,过程复杂,高修正投入；多次调整；首末位摇摆；优劣方向冲突；路径振荡,追问后续主要在比较哪些做法、为什么调整；追问最理想或最不理想做法的判断为什么发生变化；追问是否曾把某做法从合适改判为不合适，或相反；追问当时是否在几个判断标准之间反复权衡,0.585408,0.531124,主要IIV信号：选项焦点变化、过程冲突、同题过程信息量；可追问选项比较：教师A：耐心讲解共同游戏的规则，再以“棋手”身份加入游戏进行示范引导。；教师B：暂不介入，继续观察游戏进展，待区域小结时请幼儿分享游戏中的体验和问题。
教师02,sim_openid_002_963914,总体中等,2.7,27,Q3,3,材料选择无层次,大班上学期，张老师在建构区投放了按图搭建的游戏材料，并提供了不同星级难度的任务卡供幼儿选择，但有的幼儿一上来就选择高难度的三星级任务卡，结果不能顺利完成任务；而有的幼儿始终选择低难度的一星级任务卡。这天，浩浩又连续选择了几张一星级任务卡，很快就完成了任务。,调整任务卡提供方式，在游戏开始前根据幼儿的能力水平有针对性地发放任务卡。,暂不介入，尊重幼儿的自主选择和游戏体验，只要完成任务就是一种经验积累。,调整任务卡呈现方式，如增加“我想挑战”等提示，鼓励幼儿选择不同星级的挑战。,和浩浩回顾已完成的任务，比较不同星级的难度，邀请他选择稍有挑战的任务。,D 支架策略与游戏推进,C 观察诊断,DBCA,0,4,4,0,0.0,0.325,1.3,1.3,4,1.0,0.0,1.0,1.0,1.0,1.0,59.044444,0.590444,23.775,14.731,38.506,0.889484,-0.360778,0.889484,0.444742,4,4,1,3,1,5,0,0,0,23.775,0.0,0,A,B/C,教师A：调整任务卡提供方式，在游戏开始前根据幼儿的能力水平有针对性地发放任务卡。,教师B：暂不介入，尊重幼儿的自主选择和游戏体验，只要完成任务就是一种经验积累。；教师C：调整任务卡呈现方式，如增加“我想挑战”等提示，鼓励幼儿选择不同星级的挑战。,过程中等,多次调整；首末位摇摆；优劣方向冲突,追问最理想或最不理想做法的判断为什么发生变化；追问是否曾把某做法从合适改判为不合适，或相反,0.544474,0.522746,主要IIV信号：过程冲突、修正信号、选项焦点变化；可追问选项比较：教师B：暂不介入，尊重幼儿的自主选择和游戏体验，只要完成任务就是一种经验积累。；教师C：调整任务卡呈现方式，如增加“我想挑战”等提示，鼓励幼儿选择不同星级的挑战。
教师02,sim_openid_002_963914,总体中等,2.7,27,Q9,9,艾莎公主不运动,小班的一次户外运动，有几个女孩子从一开始就没有选择任何体育活动项目，而是聚在一起坐在地上玩“艾莎公主”的游戏，比一比谁的鞋子最漂亮，谁的魔法最厉害。,询问幼儿没有参与运动的原因，提供丰富的活动材料吸引幼儿参与运动活动。,提醒幼儿现在是运动时间，请他们等自由游戏时间再一起玩“艾莎公主”的游戏。,利用艾莎公主的鞋子设计走、跑、跳等活动，并以参与者的身份邀请幼儿一起参与运动。,肯定幼儿自主游戏的行为，言语引导幼儿穿着“漂亮的鞋子”参与运动。,D 支架策略与游戏推进,A 儿童视角/B 目标平衡,CDAB,0,4,4,0,0.0,0.325,1.3,1.3,4,1.0,0.0,1.0,1.0,1.0,1.0,60.510606,0.605106,20.698,21.357,42.055,0.412488,0.274899,0.412488,0.206244,4,4,2,2,0,5,0,0,0,20.698,0.0,0,A,B/C,教师A：询问幼儿没有参与运动的原因，提供丰富的活动材料吸引幼儿参与运动活动。,教师B：提醒幼儿现在是运动时间，请他们等自由游戏时间再一起玩“艾莎公主”的游戏。；教师C：利用艾莎公主的鞋子设计走、跑、跳等活动，并以参与者的身份邀请幼儿一起参与运动。,过程中等,多次调整；首末位摇摆,追问最理想或最不理想做法的判断为什么发生变化,0.520624,0.49963,主要IIV信号：过程冲突、修正信号、选项焦点变化；可追问选项比较：教师B：提醒幼儿现在是运动时间，请他们等自由游戏时间再一起玩“艾莎公主”的游戏。；教师C：利用艾莎公主的鞋子设计走、跑、跳等活动，并以参与者的身份邀请幼儿一起参与运动。
教师02,sim_openid_002_963914,总体中等,2.7,27,Q10,10,引水难题未解,中班上学期，幼儿在“引水游戏”中遇到了难题——水无法被引到竹片管道上。他们不断调整竹片拼接的方式，却始终没能成功，即竹片一头高于出水管道，阻碍了引流。渐渐地幼儿的探索兴趣也减弱了，有的开始玩水，有的甚至离开了水池。,示范正确的引水方法，请幼儿注意观察并说说引水的要领，再自己试一试。,加入幼儿的探索，引导他们观察水流受阻的位置，一起尝试调整竹片的摆放方式。,组织幼儿就游戏困难进行讨论，寻找解决问题的方案，引导幼儿再次尝试。,投放更多辅助引水的材料，重新激起幼儿的探索兴趣，继续观察游戏进展。,C 观察诊断与介入时机,D 探究支架,DABC,1,3,3,1,0.25,0.075,0.3,0.3,2,0.5,0.0,0.5,0.5,0.8,1.0,73.584109,0.735841,22.469,22.894,45.363,0.695041,0.393837,0.695041,0.34752,5,5,3,1,1,6,0,0,0,22.469,0.0,0,D,B/C,教师D：投放更多辅助引水的材料，重新激起幼儿的探索兴趣，继续观察游戏进展。,教师B：加入幼儿的探索，引导他们观察水流受阻的位置，一起尝试调整竹片的摆放方式。；教师C：组织幼儿就游戏困难进行讨论，寻找解决问题的方案，引导幼儿再次尝试。,过程复杂,首反应异常；高修正投入；多次调整；首末位摇摆；优劣方向冲突,请教师回忆读到情境后最先注意到什么、是否很快形成判断或感到难判断；追问后续主要在比较哪些做法、为什么调整；追问最理想或最不理想做法的判断为什么发生变化；追问是否曾把某做法从合适改判为不合适，或相反,0.494752,0.452794,主要IIV信号：选项焦点变化、过程冲突、同题过程信息量；可追问选项比较：教师B：加入幼儿的探索，引导他们观察水流受阻的位置，一起尝试调整竹片的摆放方式。；教师C：组织幼儿就游戏困难进行讨论，寻找解决问题的方案，引导幼儿再次尝试。
教师02,sim_openid_002_963914,总体中等,2.7,27,Q6,6,区域停留短,小班幼儿瑶瑶在区域活动时，一会儿在娃娃家切切菜，一会儿到美工区搓搓橡皮泥，一会儿又开心地跑到其它区域游戏，在任何一个区域停留时间都不超过三分钟。,提议瑶瑶完成某项游戏任务，如在娃娃家做菜，请他活动小结时分享。,游戏前提醒区域活动规则，活动结束后表扬区域游戏规则遵守得好的小朋友。,仔细观察瑶瑶在不同区域的游戏情况，分析他发生迅速转移的原因。,以同伴的身份陪伴瑶瑶在某一区域游戏，待他专注游戏后再离开。,C 观察诊断与介入时机,A 儿童视角,ADCB,2,3,3,1,0.25,0.075,0.3,0.3,1,0.5,0.0,0.5,0.5,0.666667,0.25,33.517054,0.335171,11.992,13.71,25.702,-1.465925,-0.483709,0.0,0.0,3,3,0,1,0,4,0,0,0,11.992,0.0,0,B,B/C,教师B：游戏前提醒区域活动规则，活动结束后表扬区域游戏规则遵守得好的小朋友。,教师B：游戏前提醒区域活动规则，活动结束后表扬区域游戏规则遵守得好的小朋友。；教师C：仔细观察瑶瑶在不同区域的游戏情况，分析他发生迅速转移的原因。,过程简单,多次调整,,0.358333,0.303009,主要IIV信号：过程冲突、修正信号、同题过程信息量；可追问选项比较：教师B：游戏前提醒区域活动规则，活动结束后表扬区域游戏规则遵守得好的小朋友。；教师C：仔细观察瑶瑶在不同区域的游戏情况，分析他发生迅速转移的原因。
教师02,sim_openid_002_963914,总体中等,2.7,27,Q4,4,频繁求助,中班区域活动时，小明选择了建构区。玩了一会儿，他跑到老师面前说“老师，我不会搭……帮帮我吧”，教师问他需要什么帮助时，他一边说我不会搭，一边却很快地将房子从一层积木加高到了两层。看小明专注搭建后，老师就离开建构区了。可是没一会，小明又找了老师好几次，说“老师，帮帮我吧，我不会搭”。,鼓励小明独立搭建，引导他思考接下来如何搭建，及时表扬他的努力。,先示范搭建关键部分，请小明观察方法，再鼓励他照着继续搭建。,在旁观察小明的搭建过程，并适时反馈，帮助他理清搭建步骤。,帮小明回顾已搭建完成的部分，指导他设定小目标，尝试自己实现。,C 观察诊断与介入时机,D 支架策略,DBCA,1,1,1,1,0.75,0.425,-1.7,1.7,0,0.0,0.0,0.0,0.0,0.0,0.0,10.15,0.1015,,,14.709,0.0,0.0,0.0,0.0,0,0,0,0,0,1,0,0,0,14.709,0.0,0,,,,,过程简单,过程相对平稳,追问教师当时主要依据什么形成排序,0.3,0.293825,主要IIV信号：结果风险、个人内相对偏离、同题过程信息量
教师02,sim_openid_002_963914,总体中等,2.7,27,Q5,5,消防员救火开心,近几天，中班的幼儿十分热衷于在区域游戏时间玩“消防员救火”的游戏。游戏结束后的交流活动中，老师问幼儿最想分享什么时，阳阳说“娃娃家着火了，好开心啊！”。,抓住教育契机，向幼儿耐心解释真实的火灾会造成物品损失和人员伤亡。,询问幼儿开心的是“着火”本身，还是消防员成功救火、娃娃家的人得救？,引导幼儿思考“娃娃家着火”值不值得开心，帮助他们认识真实火灾是危险的。,请阳阳讲讲娃娃家着火后发生了什么、为什么开心，借此理解幼儿的游戏体验。,A 游戏意义理解与儿童视角,B 价值平衡,BACD,2,3,3,2,0.25,0.075,0.3,0.3,1,0.25,0.0,0.25,0.25,0.25,0.25,23.014729,0.230147,13.893,4.813,18.706,-0.959511,-2.275265,0.0,0.0,1,1,1,0,0,2,0,0,0,13.893,0.0,0,A,A/B,教师A：抓住教育契机，向幼儿耐心解释真实的火灾会造成物品损失和人员伤亡。,教师A：抓住教育契机，向幼儿耐心解释真实的火灾会造成物品损失和人员伤亡。；教师B：询问幼儿开心的是“着火”本身，还是消防员成功救火、娃娃家的人得救？,过程简单,过程相对平稳,追问教师当时主要依据什么形成排序,0.225,0.197757,主要IIV信号：结果风险、过程冲突、修正信号；可追问选项比较：教师A：抓住教育契机，向幼儿耐心解释真实的火灾会造成物品损失和人员伤亡。；教师B：询问幼儿开心的是“着火”本身，还是消防员成功救火、娃娃家的人得救？
教师03,sim_openid_003_147733,总体中等,2.8,28,Q2,2,未参与小组建构,大班建构活动中，睿睿和其他幼儿计划一起搭积木大桥，他们讨论了搭建方法，并进入区域开始搭建。就在其他幼儿在认真搭建时，睿睿发现了一块长条木板，他一会儿在地上推着走，一会儿当枪使，没有再参与小组的搭建。,继续观察，后续分享中支持睿睿思考如何把长条木板融入小组的建构中。,肯定睿睿的创造性玩法，询问他长条板能否当桥面，引导他参与到搭桥任务中。,引导睿睿回顾计划，建议他先完成共同任务，长条木板可以等自由游戏时再玩。,看到睿睿玩得开心，暂不介入，等下一次活动时再提醒他根据计划开展游戏。,D 支架策略与游戏推进,E 共同游戏组织,DBCA,0,3,4,0,0.25,0.05,0.2,0.2,3,1.0,0.25,0.75,0.75,1.0,1.0,79.583333,0.795833,26.551,35.082,61.633,1.232785,1.503279,1.503279,0.751639,6,6,5,2,1,6,1,1,1,26.551,0.0,0,A,A/B,教师A：继续观察，后续分享中支持睿睿思考如何把长条木板融入小组的建构中。,教师A：继续观察，后续分享中支持睿睿思考如何把长条木板融入小组的建构中。；教师B：肯定睿睿的创造性玩法，询问他长条板能否当桥面，引导他参与到搭桥任务中。,过程复杂,高修正投入；多次调整；首末位摇摆；优劣方向冲突；路径振荡,追问后续主要在比较哪些做法、为什么调整；追问最理想或最不理想做法的判断为什么发生变化；追问是否曾把某做法从合适改判为不合适，或相反；追问当时是否在几个判断标准之间反复权衡,0.625164,0.559956,主要IIV信号：过程冲突、选项焦点变化、同题过程信息量；可追问选项比较：教师A：继续观察，后续分享中支持睿睿思考如何把长条木板融入小组的建构中。；教师B：肯定睿睿的创造性玩法，询问他长条板能否当桥面，引导他参与到搭桥任务中。
教师03,sim_openid_003_147733,总体中等,2.8,28,Q3,3,材料选择无层次,大班上学期，张老师在建构区投放了按图搭建的游戏材料，并提供了不同星级难度的任务卡供幼儿选择，但有的幼儿一上来就选择高难度的三星级任务卡，结果不能顺利完成任务；而有的幼儿始终选择低难度的一星级任务卡。这天，浩浩又连续选择了几张一星级任务卡，很快就完成了任务。,调整任务卡提供方式，在游戏开始前根据幼儿的能力水平有针对性地发放任务卡。,暂不介入，尊重幼儿的自主选择和游戏体验，只要完成任务就是一种经验积累。,调整任务卡呈现方式，如增加“我想挑战”等提示，鼓励幼儿选择不同星级的挑战。,和浩浩回顾已完成的任务，比较不同星级的难度，邀请他选择稍有挑战的任务。,D 支架策略与游戏推进,C 观察诊断,DCAB,0,3,4,0,0.25,0.05,0.2,0.2,3,1.0,0.25,0.75,0.75,1.0,1.0,77.511111,0.775111,27.421,22.919,50.34,1.303343,0.726613,1.303343,0.651671,6,6,3,3,1,7,0,0,0,27.421,0.0,0,D,A/B,教师D：和浩浩回顾已完成的任务，比较不同星级的难度，邀请他选择稍有挑战的任务。,教师A：调整任务卡提供方式，在游戏开始前根据幼儿的能力水平有针对性地发放任务卡。；教师B：暂不介入，尊重幼儿的自主选择和游戏体验，只要完成任务就是一种经验积累。,过程复杂,首反应异常；高修正投入；多次调整；首末位摇摆；优劣方向冲突,请教师回忆读到情境后最先注意到什么、是否很快形成判断或感到难判断；追问后续主要在比较哪些做法、为什么调整；追问最理想或最不理想做法的判断为什么发生变化；追问是否曾把某做法从合适改判为不合适，或相反,0.615167,0.548923,主要IIV信号：过程冲突、选项焦点变化、同题过程信息量；可追问选项比较：教师A：调整任务卡提供方式，在游戏开始前根据幼儿的能力水平有针对性地发放任务卡。；教师B：暂不介入，尊重幼儿的自主选择和游戏体验，只要完成任务就是一种经验积累。
教师03,sim_openid_003_147733,总体中等,2.8,28,Q5,5,消防员救火开心,近几天，中班的幼儿十分热衷于在区域游戏时间玩“消防员救火”的游戏。游戏结束后的交流活动中，老师问幼儿最想分享什么时，阳阳说“娃娃家着火了，好开心啊！”。,抓住教育契机，向幼儿耐心解释真实的火灾会造成物品损失和人员伤亡。,询问幼儿开心的是“着火”本身，还是消防员成功救火、娃娃家的人得救？,引导幼儿思考“娃娃家着火”值不值得开心，帮助他们认识真实火灾是危险的。,请阳阳讲讲娃娃家着火后发生了什么、为什么开心，借此理解幼儿的游戏体验。,A 游戏意义理解与儿童视角,B 价值平衡,CABD,2,1,2,1,0.75,0.45,-1.8,1.8,-1,0.25,0.25,0.0,0.25,0.666667,0.75,48.333721,0.483337,17.677,16.827,34.504,0.342539,0.162923,0.342539,0.171269,3,3,1,2,0,3,1,1,1,17.677,0.0,0,C,A/B,教师C：引导幼儿思考“娃娃家着火”值不值得开心，帮助他们认识真实火灾是危险的。,教师A：抓住教育契机，向幼儿耐心解释真实的火灾会造成物品损失和人员伤亡。；教师B：询问幼儿开心的是“着火”本身，还是消防员成功救火、娃娃家的人得救？,过程中等,多次调整；首末位摇摆；路径振荡,追问最理想或最不理想做法的判断为什么发生变化；追问当时是否在几个判断标准之间反复权衡,0.57546,0.546294,主要IIV信号：结果风险、选项焦点变化、过程冲突；可追问选项比较：教师A：抓住教育契机，向幼儿耐心解释真实的火灾会造成物品损失和人员伤亡。；教师B：询问幼儿开心的是“着火”本身，还是消防员成功救火、娃娃家的人得救？
教师03,sim_openid_003_147733,总体中等,2.8,28,Q7,7,飞行棋各走各的,大班区域游戏中，轩轩和小宇一起玩飞行棋，他们将棋子摆好后，各自拿了一个骰子开始投，小宇说：“该我走。”轩轩说：“明明该我走！”相持不下，于是两人各拿一个骰子，自顾自地走自己的棋。,耐心讲解共同游戏的规则，再以“棋手”身份加入游戏进行示范引导。,暂不介入，继续观察游戏进展，待区域小结时请幼儿分享游戏中的体验和问题。,拿走一个骰子，请幼儿商量只有一个骰子的共同游戏规则，达成一致后再开始游戏。,待幼儿体验一轮各走各的游戏后，询问幼儿的游戏体验，提示共同游戏规则的作用。,E 共同游戏组织与规则共建,B 规则平衡,DBCA,0,2,2,0,0.5,0.2,-0.8,0.8,2,0.5,0.0,0.5,0.5,0.666667,0.75,66.496124,0.664961,6.954,14.795,21.749,-1.69912,-0.071862,0.0,0.0,3,3,2,1,1,4,0,0,0,7.765,0.0,0,A,B/D,教师A：耐心讲解共同游戏的规则，再以“棋手”身份加入游戏进行示范引导。,教师B：暂不介入，继续观察游戏进展，待区域小结时请幼儿分享游戏中的体验和问题。；教师D：待幼儿体验一轮各走各的游戏后，询问幼儿的游戏体验，提示共同游戏规则的作用。,过程复杂,首反应异常；多次调整；首末位摇摆；优劣方向冲突,请教师回忆读到情境后最先注意到什么、是否很快形成判断或感到难判断；追问最理想或最不理想做法的判断为什么发生变化；追问是否曾把某做法从合适改判为不合适，或相反,0.508333,0.463248,主要IIV信号：选项焦点变化、过程冲突、同题过程信息量；可追问选项比较：教师B：暂不介入，继续观察游戏进展，待区域小结时请幼儿分享游戏中的体验和问题。；教师D：待幼儿体验一轮各走各的游戏后，询问幼儿的游戏体验，提示共同游戏规则的作用。
教师03,sim_openid_003_147733,总体中等,2.8,28,Q9,9,艾莎公主不运动,小班的一次户外运动，有几个女孩子从一开始就没有选择任何体育活动项目，而是聚在一起坐在地上玩“艾莎公主”的游戏，比一比谁的鞋子最漂亮，谁的魔法最厉害。,询问幼儿没有参与运动的原因，提供丰富的活动材料吸引幼儿参与运动活动。,提醒幼儿现在是运动时间，请他们等自由游戏时间再一起玩“艾莎公主”的游戏。,利用艾莎公主的鞋子设计走、跑、跳等活动，并以参与者的身份邀请幼儿一起参与运动。,肯定幼儿自主游戏的行为，言语引导幼儿穿着“漂亮的鞋子”参与运动。,D 支架策略与游戏推进,A 儿童视角/B 目标平衡,CDAB,0,4,4,0,0.0,0.3,1.2,1.2,4,1.0,0.0,1.0,1.0,1.0,0.5,43.801515,0.438015,13.451,15.309,28.76,-0.255355,-0.009558,0.0,0.0,3,3,1,1,0,4,0,0,0,13.451,0.0,0,A,B/C,教师A：询问幼儿没有参与运动的原因，提供丰富的活动材料吸引幼儿参与运动活动。,教师B：提醒幼儿现在是运动时间，请他们等自由游戏时间再一起玩“艾莎公主”的游戏。；教师C：利用艾莎公主的鞋子设计走、跑、跳等活动，并以参与者的身份邀请幼儿一起参与运动。,过程中等,多次调整；首末位摇摆,追问最理想或最不理想做法的判断为什么发生变化,0.45,0.416901,主要IIV信号：过程冲突、修正信号、选项焦点变化；可追问选项比较：教师B：提醒幼儿现在是运动时间，请他们等自由游戏时间再一起玩“艾莎公主”的游戏。；教师C：利用艾莎公主的鞋子设计走、跑、跳等活动，并以参与者的身份邀请幼儿一起参与运动。
教师03,sim_openid_003_147733,总体中等,2.8,28,Q6,6,区域停留短,小班幼儿瑶瑶在区域活动时，一会儿在娃娃家切切菜，一会儿到美工区搓搓橡皮泥，一会儿又开心地跑到其它区域游戏，在任何一个区域停留时间都不超过三分钟。,提议瑶瑶完成某项游戏任务，如在娃娃家做菜，请他活动小结时分享。,游戏前提醒区域活动规则，活动结束后表扬区域游戏规则遵守得好的小朋友。,仔细观察瑶瑶在不同区域的游戏情况，分析他发生迅速转移的原因。,以同伴的身份陪伴瑶瑶在某一区域游戏，待他专注游戏后再离开。,C 观察诊断与介入时机,A 儿童视角,BACD,2,2,4,2,0.5,0.2,-0.8,0.8,0,0.5,0.5,0.0,0.5,0.666667,0.25,29.063178,0.290632,18.068,16.406,34.474,0.390416,0.116699,0.390416,0.195208,3,3,1,0,0,3,1,1,1,18.068,0.0,0,A,A/C,教师A：提议瑶瑶完成某项游戏任务，如在娃娃家做菜，请他活动小结时分享。,教师A：提议瑶瑶完成某项游戏任务，如在娃娃家做菜，请他活动小结时分享。；教师C：仔细观察瑶瑶在不同区域的游戏情况，分析他发生迅速转移的原因。,过程简单,多次调整,,0.477854,0.414052,主要IIV信号：过程冲突、结果风险、修正信号；可追问选项比较：教师A：提议瑶瑶完成某项游戏任务，如在娃娃家做菜，请他活动小结时分享。；教师C：仔细观察瑶瑶在不同区域的游戏情况，分析他发生迅速转移的原因。
教师03,sim_openid_003_147733,总体中等,2.8,28,Q4,4,频繁求助,中班区域活动时，小明选择了建构区。玩了一会儿，他跑到老师面前说“老师，我不会搭……帮帮我吧”，教师问他需要什么帮助时，他一边说我不会搭，一边却很快地将房子从一层积木加高到了两层。看小明专注搭建后，老师就离开建构区了。可是没一会，小明又找了老师好几次，说“老师，帮帮我吧，我不会搭”。,鼓励小明独立搭建，引导他思考接下来如何搭建，及时表扬他的努力。,先示范搭建关键部分，请小明观察方法，再鼓励他照着继续搭建。,在旁观察小明的搭建过程，并适时反馈，帮助他理清搭建步骤。,帮小明回顾已搭建完成的部分，指导他设定小目标，尝试自己实现。,C 观察诊断与介入时机,D 支架策略,CADB,2,3,4,2,0.25,0.05,0.2,0.2,1,0.5,0.25,0.25,0.25,0.75,1.0,53.0,0.53,14.147,19.509,33.656,-0.144952,0.432728,0.432728,0.216364,4,4,3,1,0,5,0,0,0,14.147,0.0,0,B,A/C,教师B：先示范搭建关键部分，请小明观察方法，再鼓励他照着继续搭建。,教师A：鼓励小明独立搭建，引导他思考接下来如何搭建，及时表扬他的努力。；教师C：在旁观察小明的搭建过程，并适时反馈，帮助他理清搭建步骤。,过程中等,多次调整；首末位摇摆,追问最理想或最不理想做法的判断为什么发生变化,0.421636,0.380636,主要IIV信号：选项焦点变化、过程冲突、同题过程信息量；可追问选项比较：教师A：鼓励小明独立搭建，引导他思考接下来如何搭建，及时表扬他的努力。；教师C：在旁观察小明的搭建过程，并适时反馈，帮助他理清搭建步骤。
教师03,sim_openid_003_147733,总体中等,2.8,28,Q10,10,引水难题未解,中班上学期，幼儿在“引水游戏”中遇到了难题——水无法被引到竹片管道上。他们不断调整竹片拼接的方式，却始终没能成功，即竹片一头高于出水管道，阻碍了引流。渐渐地幼儿的探索兴趣也减弱了，有的开始玩水，有的甚至离开了水池。,示范正确的引水方法，请幼儿注意观察并说说引水的要领，再自己试一试。,加入幼儿的探索，引导他们观察水流受阻的位置，一起尝试调整竹片的摆放方式。,组织幼儿就游戏困难进行讨论，寻找解决问题的方案，引导幼儿再次尝试。,投放更多辅助引水的材料，重新激起幼儿的探索兴趣，继续观察游戏进展。,C 观察诊断与介入时机,D 探究支架,DACB,1,4,4,1,0.0,0.3,1.2,1.2,3,0.75,0.0,0.75,0.75,0.75,0.5,40.482558,0.404826,7.931,4.542,12.473,-1.411429,-2.226275,0.0,0.0,2,2,1,1,0,3,0,0,0,7.931,0.0,0,D,C/D,教师D：投放更多辅助引水的材料，重新激起幼儿的探索兴趣，继续观察游戏进展。,教师C：组织幼儿就游戏困难进行讨论，寻找解决问题的方案，引导幼儿再次尝试。；教师D：投放更多辅助引水的材料，重新激起幼儿的探索兴趣，继续观察游戏进展。,过程简单,首反应异常；首末位摇摆,请教师回忆读到情境后最先注意到什么、是否很快形成判断或感到难判断；追问最理想或最不理想做法的判断为什么发生变化,0.35,0.340241,主要IIV信号：过程冲突、修正信号、选项焦点变化；可追问选项比较：教师C：组织幼儿就游戏困难进行讨论，寻找解决问题的方案，引导幼儿再次尝试。；教师D：投放更多辅助引水的材料，重新激起幼儿的探索兴趣，继续观察游戏进展。
教师03,sim_openid_003_147733,总体中等,2.8,28,Q1,1,篮球架玩水,操场上新安装了一些篮球架，幼儿经常在这里投篮。某天户外活动时，几名幼儿带着画笔和水桶来到这里，他们先是快乐地粉刷篮球架，之后开始往篮框里灌水，有的从上面灌，有的在下面接，忙的不亦乐乎，俨然这里成为了玩水的场地。,看到幼儿玩得很开心，不干预他们的玩水行为，待兴趣减弱后再讨论玩水的适宜性。,表扬幼儿的新发现，并询问在篮球架旁玩水是否合适，提议幼儿可以换个地方玩水。,参与到幼儿的“粉刷”游戏中，逐步引导幼儿到适宜玩水的地方继续开展游戏。,提醒幼儿篮球架是用于开展运动的，与其他幼儿一起召唤他们打篮球，转移他们的关注点。,B 自主游戏与规则/安全/价值平衡,A 游戏意义理解,ABDC,4,3,4,1,0.25,0.05,0.2,0.2,-1,0.75,0.25,0.5,0.5,0.75,0.25,42.778862,0.427789,12.662,18.378,31.04,-0.387639,0.323775,0.323775,0.161888,3,3,0,1,0,3,1,1,1,12.662,0.0,0,C,B/D,教师C：参与到幼儿的“粉刷”游戏中，逐步引导幼儿到适宜玩水的地方继续开展游戏。,教师B：表扬幼儿的新发现，并询问在篮球架旁玩水是否合适，提议幼儿可以换个地方玩水。；教师D：提醒幼儿篮球架是用于开展运动的，与其他幼儿一起召唤他们打篮球，转移他们的关注点。,过程中等,首反应异常；多次调整；路径振荡,请教师回忆读到情境后最先注意到什么、是否很快形成判断或感到难判断；追问当时是否在几个判断标准之间反复权衡,0.391189,0.332578,主要IIV信号：过程冲突、修正信号、同题过程信息量；可追问选项比较：教师B：表扬幼儿的新发现，并询问在篮球架旁玩水是否合适，提议幼儿可以换个地方玩水。；教师D：提醒幼儿篮球架是用于开展运动的，与其他幼儿一起召唤他们打篮球，转移他们的关注点。
教师03,sim_openid_003_147733,总体中等,2.8,28,Q8,8,跳绳秩序混乱,周三下午，大五班的幼儿正自发进行跳绳游戏。李老师观察后发现，挤在一起跳绳的幼儿人数较多，整个场面十分混乱，幼儿很容易出现碰撞现象。此外，由于当“柱子”的幼儿很久才能轮上跳绳，因此也显得很不耐烦。,请幼儿暂停游戏，将幼儿分成多个小组并引导他们以小组为单位分区域开展游戏。,请幼儿说一说跳绳活动中存在的问题，并邀请幼儿一起设置跳绳的规则。,提供更多数量和不同种类的跳绳，并言语引导幼儿分组分区同时进行跳绳游戏。,暂不介入，活动分享时通过照片或视频回放引导幼儿发现问题并商议解决办法。,E 共同游戏组织与规则共建,B 安全秩序,BDCA,2,3,3,2,0.25,0.05,0.2,0.2,1,0.25,0.0,0.25,0.25,0.5,0.5,42.419697,0.424197,20.153,9.101,29.254,0.629413,-0.958322,0.629413,0.314706,2,2,1,1,1,3,0,0,0,20.153,0.0,0,A,C/D,教师A：请幼儿暂停游戏，将幼儿分成多个小组并引导他们以小组为单位分区域开展游戏。,教师C：提供更多数量和不同种类的跳绳，并言语引导幼儿分组分区同时进行跳绳游戏。；教师D：暂不介入，活动分享时通过照片或视频回放引导幼儿发现问题并商议解决办法。,过程简单,首末位摇摆；优劣方向冲突,追问最理想或最不理想做法的判断为什么发生变化；追问是否曾把某做法从合适改判为不合适，或相反,0.331471,0.29768,主要IIV信号：过程冲突、选项焦点变化、同题过程信息量；可追问选项比较：教师C：提供更多数量和不同种类的跳绳，并言语引导幼儿分组分区同时进行跳绳游戏。；教师D：暂不介入，活动分享时通过照片或视频回放引导幼儿发现问题并商议解决办法。
教师04,sim_openid_004_774211,总体中等,2.8,28,Q2,2,未参与小组建构,大班建构活动中，睿睿和其他幼儿计划一起搭积木大桥，他们讨论了搭建方法，并进入区域开始搭建。就在其他幼儿在认真搭建时，睿睿发现了一块长条木板，他一会儿在地上推着走，一会儿当枪使，没有再参与小组的搭建。,继续观察，后续分享中支持睿睿思考如何把长条木板融入小组的建构中。,肯定睿睿的创造性玩法，询问他长条板能否当桥面，引导他参与到搭桥任务中。,引导睿睿回顾计划，建议他先完成共同任务，长条木板可以等自由游戏时再玩。,看到睿睿玩得开心，暂不介入，等下一次活动时再提醒他根据计划开展游戏。,D 支架策略与游戏推进,E 共同游戏组织,ABDC,0,2,2,0,0.5,0.2,-0.8,0.8,2,0.5,0.0,0.5,0.5,0.857143,1.0,81.866667,0.818667,11.868,34.638,46.506,-1.216044,1.894324,1.894324,0.947162,7,7,2,5,2,6,2,2,0,11.868,0.0,0,C,C/D,教师C：引导睿睿回顾计划，建议他先完成共同任务，长条木板可以等自由游戏时再玩。,教师C：引导睿睿回顾计划，建议他先完成共同任务，长条木板可以等自由游戏时再玩。；教师D：看到睿睿玩得开心，暂不介入，等下一次活动时再提醒他根据计划开展游戏。,过程复杂,高修正投入；多次调整；首末位摇摆；优劣方向冲突；路径振荡,追问后续主要在比较哪些做法、为什么调整；追问最理想或最不理想做法的判断为什么发生变化；追问是否曾把某做法从合适改判为不合适，或相反；追问当时是否在几个判断标准之间反复权衡,0.666145,0.619221,主要IIV信号：选项焦点变化、相对时间信号、过程冲突；可追问选项比较：教师C：引导睿睿回顾计划，建议他先完成共同任务，长条木板可以等自由游戏时再玩。；教师D：看到睿睿玩得开心，暂不介入，等下一次活动时再提醒他根据计划开展游戏。
教师04,sim_openid_004_774211,总体中等,2.8,28,Q6,6,区域停留短,小班幼儿瑶瑶在区域活动时，一会儿在娃娃家切切菜，一会儿到美工区搓搓橡皮泥，一会儿又开心地跑到其它区域游戏，在任何一个区域停留时间都不超过三分钟。,提议瑶瑶完成某项游戏任务，如在娃娃家做菜，请他活动小结时分享。,游戏前提醒区域活动规则，活动结束后表扬区域游戏规则遵守得好的小朋友。,仔细观察瑶瑶在不同区域的游戏情况，分析他发生迅速转移的原因。,以同伴的身份陪伴瑶瑶在某一区域游戏，待他专注游戏后再离开。,C 观察诊断与介入时机,A 儿童视角,DCBA,2,2,4,1,0.5,0.2,-0.8,0.8,0,0.75,0.5,0.25,0.5,0.833333,1.0,71.051163,0.710512,27.46,21.217,48.677,0.975327,0.75085,0.975327,0.487664,6,6,3,1,0,7,0,0,0,27.46,0.0,0,A,B/C,教师A：提议瑶瑶完成某项游戏任务，如在娃娃家做菜，请他活动小结时分享。,教师B：游戏前提醒区域活动规则，活动结束后表扬区域游戏规则遵守得好的小朋友。；教师C：仔细观察瑶瑶在不同区域的游戏情况，分析他发生迅速转移的原因。,过程复杂,首反应异常；高修正投入；多次调整；首末位摇摆,请教师回忆读到情境后最先注意到什么、是否很快形成判断或感到难判断；追问后续主要在比较哪些做法、为什么调整；追问最理想或最不理想做法的判断为什么发生变化,0.615433,0.564292,主要IIV信号：选项焦点变化、过程冲突、同题过程信息量；可追问选项比较：教师B：游戏前提醒区域活动规则，活动结束后表扬区域游戏规则遵守得好的小朋友。；教师C：仔细观察瑶瑶在不同区域的游戏情况，分析他发生迅速转移的原因。
教师04,sim_openid_004_774211,总体中等,2.8,28,Q10,10,引水难题未解,中班上学期，幼儿在“引水游戏”中遇到了难题——水无法被引到竹片管道上。他们不断调整竹片拼接的方式，却始终没能成功，即竹片一头高于出水管道，阻碍了引流。渐渐地幼儿的探索兴趣也减弱了，有的开始玩水，有的甚至离开了水池。,示范正确的引水方法，请幼儿注意观察并说说引水的要领，再自己试一试。,加入幼儿的探索，引导他们观察水流受阻的位置，一起尝试调整竹片的摆放方式。,组织幼儿就游戏困难进行讨论，寻找解决问题的方案，引导幼儿再次尝试。,投放更多辅助引水的材料，重新激起幼儿的探索兴趣，继续观察游戏进展。,C 观察诊断与介入时机,D 探究支架,DACB,1,4,4,1,0.0,0.3,1.2,1.2,3,0.75,0.0,0.75,0.75,0.833333,1.0,78.99186,0.789919,27.92,19.027,46.947,1.018724,0.496694,1.018724,0.509362,6,6,1,3,1,7,0,0,0,27.92,0.0,0,D,B/C,教师D：投放更多辅助引水的材料，重新激起幼儿的探索兴趣，继续观察游戏进展。,教师B：加入幼儿的探索，引导他们观察水流受阻的位置，一起尝试调整竹片的摆放方式。；教师C：组织幼儿就游戏困难进行讨论，寻找解决问题的方案，引导幼儿再次尝试。,过程复杂,首反应异常；高修正投入；多次调整；首末位摇摆；优劣方向冲突,请教师回忆读到情境后最先注意到什么、是否很快形成判断或感到难判断；追问后续主要在比较哪些做法、为什么调整；追问最理想或最不理想做法的判断为什么发生变化；追问是否曾把某做法从合适改判为不合适，或相反,0.467603,0.472932,主要IIV信号：选项焦点变化、过程冲突、同题过程信息量；可追问选项比较：教师B：加入幼儿的探索，引导他们观察水流受阻的位置，一起尝试调整竹片的摆放方式。；教师C：组织幼儿就游戏困难进行讨论，寻找解决问题的方案，引导幼儿再次尝试。
教师04,sim_openid_004_774211,总体中等,2.8,28,Q7,7,飞行棋各走各的,大班区域游戏中，轩轩和小宇一起玩飞行棋，他们将棋子摆好后，各自拿了一个骰子开始投，小宇说：“该我走。”轩轩说：“明明该我走！”相持不下，于是两人各拿一个骰子，自顾自地走自己的棋。,耐心讲解共同游戏的规则，再以“棋手”身份加入游戏进行示范引导。,暂不介入，继续观察游戏进展，待区域小结时请幼儿分享游戏中的体验和问题。,拿走一个骰子，请幼儿商量只有一个骰子的共同游戏规则，达成一致后再开始游戏。,待幼儿体验一轮各走各的游戏后，询问幼儿的游戏体验，提示共同游戏规则的作用。,E 共同游戏组织与规则共建,B 规则平衡,DCBA,0,4,4,0,0.0,0.3,1.2,1.2,4,1.0,0.0,1.0,1.0,1.0,0.75,60.14031,0.601403,21.144,16.027,37.171,0.292554,0.096403,0.292554,0.146277,4,4,2,1,1,5,0,0,0,21.144,0.0,0,A,B/C,教师A：耐心讲解共同游戏的规则，再以“棋手”身份加入游戏进行示范引导。,教师B：暂不介入，继续观察游戏进展，待区域小结时请幼儿分享游戏中的体验和问题。；教师C：拿走一个骰子，请幼儿商量只有一个骰子的共同游戏规则，达成一致后再开始游戏。,过程中等,多次调整；首末位摇摆；优劣方向冲突,追问最理想或最不理想做法的判断为什么发生变化；追问是否曾把某做法从合适改判为不合适，或相反,0.489628,0.464698,主要IIV信号：过程冲突、修正信号、选项焦点变化；可追问选项比较：教师B：暂不介入，继续观察游戏进展，待区域小结时请幼儿分享游戏中的体验和问题。；教师C：拿走一个骰子，请幼儿商量只有一个骰子的共同游戏规则，达成一致后再开始游戏。
教师04,sim_openid_004_774211,总体中等,2.8,28,Q3,3,材料选择无层次,大班上学期，张老师在建构区投放了按图搭建的游戏材料，并提供了不同星级难度的任务卡供幼儿选择，但有的幼儿一上来就选择高难度的三星级任务卡，结果不能顺利完成任务；而有的幼儿始终选择低难度的一星级任务卡。这天，浩浩又连续选择了几张一星级任务卡，很快就完成了任务。,调整任务卡提供方式，在游戏开始前根据幼儿的能力水平有针对性地发放任务卡。,暂不介入，尊重幼儿的自主选择和游戏体验，只要完成任务就是一种经验积累。,调整任务卡呈现方式，如增加“我想挑战”等提示，鼓励幼儿选择不同星级的挑战。,和浩浩回顾已完成的任务，比较不同星级的难度，邀请他选择稍有挑战的任务。,D 支架策略与游戏推进,C 观察诊断,DABC,0,3,3,0,0.25,0.05,0.2,0.2,3,0.75,0.0,0.75,0.75,0.75,0.75,61.288889,0.612889,8.256,19.846,28.102,-2.164042,0.595011,0.595011,0.297505,4,4,2,1,0,5,0,0,0,8.491,0.0,0,D,A/B,教师D：和浩浩回顾已完成的任务，比较不同星级的难度，邀请他选择稍有挑战的任务。,教师A：调整任务卡提供方式，在游戏开始前根据幼儿的能力水平有针对性地发放任务卡。；教师B：暂不介入，尊重幼儿的自主选择和游戏体验，只要完成任务就是一种经验积累。,过程中等,首反应异常；多次调整；首末位摇摆,请教师回忆读到情境后最先注意到什么、是否很快形成判断或感到难判断；追问最理想或最不理想做法的判断为什么发生变化,0.504751,0.442895,主要IIV信号：过程冲突、修正信号、选项焦点变化；可追问选项比较：教师A：调整任务卡提供方式，在游戏开始前根据幼儿的能力水平有针对性地发放任务卡。；教师B：暂不介入，尊重幼儿的自主选择和游戏体验，只要完成任务就是一种经验积累。
教师04,sim_openid_004_774211,总体中等,2.8,28,Q4,4,频繁求助,中班区域活动时，小明选择了建构区。玩了一会儿，他跑到老师面前说“老师，我不会搭……帮帮我吧”，教师问他需要什么帮助时，他一边说我不会搭，一边却很快地将房子从一层积木加高到了两层。看小明专注搭建后，老师就离开建构区了。可是没一会，小明又找了老师好几次，说“老师，帮帮我吧，我不会搭”。,鼓励小明独立搭建，引导他思考接下来如何搭建，及时表扬他的努力。,先示范搭建关键部分，请小明观察方法，再鼓励他照着继续搭建。,在旁观察小明的搭建过程，并适时反馈，帮助他理清搭建步骤。,帮小明回顾已搭建完成的部分，指导他设定小目标，尝试自己实现。,C 观察诊断与介入时机,D 支架策略,ABDC,2,2,3,2,0.5,0.2,-0.8,0.8,0,0.25,0.25,0.0,0.25,0.75,0.75,40.933333,0.409333,19.911,13.151,33.062,0.1356,-0.364994,0.1356,0.0678,4,4,0,3,0,4,1,1,0,19.911,0.0,0,C,C/D,教师C：在旁观察小明的搭建过程，并适时反馈，帮助他理清搭建步骤。,教师C：在旁观察小明的搭建过程，并适时反馈，帮助他理清搭建步骤。；教师D：帮小明回顾已搭建完成的部分，指导他设定小目标，尝试自己实现。,过程中等,多次调整；首末位摇摆,追问最理想或最不理想做法的判断为什么发生变化,0.48178,0.432247,主要IIV信号：过程冲突、选项焦点变化、结果风险；可追问选项比较：教师C：在旁观察小明的搭建过程，并适时反馈，帮助他理清搭建步骤。；教师D：帮小明回顾已搭建完成的部分，指导他设定小目标，尝试自己实现。
教师04,sim_openid_004_774211,总体中等,2.8,28,Q5,5,消防员救火开心,近几天，中班的幼儿十分热衷于在区域游戏时间玩“消防员救火”的游戏。游戏结束后的交流活动中，老师问幼儿最想分享什么时，阳阳说“娃娃家着火了，好开心啊！”。,抓住教育契机，向幼儿耐心解释真实的火灾会造成物品损失和人员伤亡。,询问幼儿开心的是“着火”本身，还是消防员成功救火、娃娃家的人得救？,引导幼儿思考“娃娃家着火”值不值得开心，帮助他们认识真实火灾是危险的。,请阳阳讲讲娃娃家着火后发生了什么、为什么开心，借此理解幼儿的游戏体验。,A 游戏意义理解与儿童视角,B 价值平衡,ABDC,2,2,2,1,0.5,0.2,-0.8,0.8,0,0.25,0.0,0.25,0.25,0.666667,0.75,37.461628,0.374616,17.363,12.506,29.869,-0.222096,-0.482315,0.0,0.0,3,3,0,3,0,3,1,1,1,17.363,0.0,0,C,C/D,教师C：引导幼儿思考“娃娃家着火”值不值得开心，帮助他们认识真实火灾是危险的。,教师C：引导幼儿思考“娃娃家着火”值不值得开心，帮助他们认识真实火灾是危险的。；教师D：请阳阳讲讲娃娃家着火后发生了什么、为什么开心，借此理解幼儿的游戏体验。,过程简单,多次调整；首末位摇摆；路径振荡,追问最理想或最不理想做法的判断为什么发生变化；追问当时是否在几个判断标准之间反复权衡,0.458333,0.411231,主要IIV信号：选项焦点变化、过程冲突、结果风险；可追问选项比较：教师C：引导幼儿思考“娃娃家着火”值不值得开心，帮助他们认识真实火灾是危险的。；教师D：请阳阳讲讲娃娃家着火后发生了什么、为什么开心，借此理解幼儿的游戏体验。
教师04,sim_openid_004_774211,总体中等,2.8,28,Q9,9,艾莎公主不运动,小班的一次户外运动，有几个女孩子从一开始就没有选择任何体育活动项目，而是聚在一起坐在地上玩“艾莎公主”的游戏，比一比谁的鞋子最漂亮，谁的魔法最厉害。,询问幼儿没有参与运动的原因，提供丰富的活动材料吸引幼儿参与运动活动。,提醒幼儿现在是运动时间，请他们等自由游戏时间再一起玩“艾莎公主”的游戏。,利用艾莎公主的鞋子设计走、跑、跳等活动，并以参与者的身份邀请幼儿一起参与运动。,肯定幼儿自主游戏的行为，言语引导幼儿穿着“漂亮的鞋子”参与运动。,D 支架策略与游戏推进,A 儿童视角/B 目标平衡,ADCB,0,3,3,0,0.25,0.05,0.2,0.2,3,0.75,0.0,0.75,0.75,0.75,0.5,30.916667,0.309167,19.379,11.122,30.501,0.064855,-0.755927,0.064855,0.032427,2,2,0,2,0,3,0,0,0,19.379,0.0,0,B,B/C,教师B：提醒幼儿现在是运动时间，请他们等自由游戏时间再一起玩“艾莎公主”的游戏。,教师B：提醒幼儿现在是运动时间，请他们等自由游戏时间再一起玩“艾莎公主”的游戏。；教师C：利用艾莎公主的鞋子设计走、跑、跳等活动，并以参与者的身份邀请幼儿一起参与运动。,过程简单,首末位摇摆,追问最理想或最不理想做法的判断为什么发生变化,0.453243,0.376201,主要IIV信号：过程冲突、修正信号、选项焦点变化；可追问选项比较：教师B：提醒幼儿现在是运动时间，请他们等自由游戏时间再一起玩“艾莎公主”的游戏。；教师C：利用艾莎公主的鞋子设计走、跑、跳等活动，并以参与者的身份邀请幼儿一起参与运动。
教师04,sim_openid_004_774211,总体中等,2.8,28,Q8,8,跳绳秩序混乱,周三下午，大五班的幼儿正自发进行跳绳游戏。李老师观察后发现，挤在一起跳绳的幼儿人数较多，整个场面十分混乱，幼儿很容易出现碰撞现象。此外，由于当“柱子”的幼儿很久才能轮上跳绳，因此也显得很不耐烦。,请幼儿暂停游戏，将幼儿分成多个小组并引导他们以小组为单位分区域开展游戏。,请幼儿说一说跳绳活动中存在的问题，并邀请幼儿一起设置跳绳的规则。,提供更多数量和不同种类的跳绳，并言语引导幼儿分组分区同时进行跳绳游戏。,暂不介入，活动分享时通过照片或视频回放引导幼儿发现问题并商议解决办法。,E 共同游戏组织与规则共建,B 安全秩序,DBAC,2,3,3,2,0.25,0.05,0.2,0.2,1,0.25,0.0,0.25,0.25,0.5,0.5,44.056061,0.440561,21.786,7.254,29.04,0.37069,-1.752949,0.37069,0.185345,2,2,1,1,1,3,0,0,0,21.786,0.0,0,D,A/B,教师D：暂不介入，活动分享时通过照片或视频回放引导幼儿发现问题并商议解决办法。,教师A：请幼儿暂停游戏，将幼儿分成多个小组并引导他们以小组为单位分区域开展游戏。；教师B：请幼儿说一说跳绳活动中存在的问题，并邀请幼儿一起设置跳绳的规则。,过程中等,首末位摇摆；优劣方向冲突,追问最理想或最不理想做法的判断为什么发生变化；追问是否曾把某做法从合适改判为不合适，或相反,0.318534,0.285563,主要IIV信号：过程冲突、选项焦点变化、同题过程信息量；可追问选项比较：教师A：请幼儿暂停游戏，将幼儿分成多个小组并引导他们以小组为单位分区域开展游戏。；教师B：请幼儿说一说跳绳活动中存在的问题，并邀请幼儿一起设置跳绳的规则。
教师04,sim_openid_004_774211,总体中等,2.8,28,Q1,1,篮球架玩水,操场上新安装了一些篮球架，幼儿经常在这里投篮。某天户外活动时，几名幼儿带着画笔和水桶来到这里，他们先是快乐地粉刷篮球架，之后开始往篮框里灌水，有的从上面灌，有的在下面接，忙的不亦乐乎，俨然这里成为了玩水的场地。,看到幼儿玩得很开心，不干预他们的玩水行为，待兴趣减弱后再讨论玩水的适宜性。,表扬幼儿的新发现，并询问在篮球架旁玩水是否合适，提议幼儿可以换个地方玩水。,参与到幼儿的“粉刷”游戏中，逐步引导幼儿到适宜玩水的地方继续开展游戏。,提醒幼儿篮球架是用于开展运动的，与其他幼儿一起召唤他们打篮球，转移他们的关注点。,B 自主游戏与规则/安全/价值平衡,A 游戏意义理解,CBAD,4,3,4,3,0.25,0.05,0.2,0.2,-1,0.25,0.25,0.0,0.25,0.5,0.25,34.902846,0.349028,25.137,12.534,37.671,0.744432,-0.477097,0.744432,0.372216,2,2,1,0,0,3,0,0,0,25.137,0.0,0,A,A/B,教师A：看到幼儿玩得很开心，不干预他们的玩水行为，待兴趣减弱后再讨论玩水的适宜性。,教师A：看到幼儿玩得很开心，不干预他们的玩水行为，待兴趣减弱后再讨论玩水的适宜性。；教师B：表扬幼儿的新发现，并询问在篮球架旁玩水是否合适，提议幼儿可以换个地方玩水。,过程简单,首反应异常,请教师回忆读到情境后最先注意到什么、是否很快形成判断或感到难判断,0.312222,0.274673,主要IIV信号：过程冲突、相对时间信号、同题过程信息量；可追问选项比较：教师A：看到幼儿玩得很开心，不干预他们的玩水行为，待兴趣减弱后再讨论玩水的适宜性。；教师B：表扬幼儿的新发现，并询问在篮球架旁玩水是否合适，提议幼儿可以换个地方玩水。
教师05,sim_openid_005_597917,总体偏低,1.8,18,Q7,7,飞行棋各走各的,大班区域游戏中，轩轩和小宇一起玩飞行棋，他们将棋子摆好后，各自拿了一个骰子开始投，小宇说：“该我走。”轩轩说：“明明该我走！”相持不下，于是两人各拿一个骰子，自顾自地走自己的棋。,耐心讲解共同游戏的规则，再以“棋手”身份加入游戏进行示范引导。,暂不介入，继续观察游戏进展，待区域小结时请幼儿分享游戏中的体验和问题。,拿走一个骰子，请幼儿商量只有一个骰子的共同游戏规则，达成一致后再开始游戏。,待幼儿体验一轮各走各的游戏后，询问幼儿的游戏体验，提示共同游戏规则的作用。,E 共同游戏组织与规则共建,B 规则平衡,ACBD,0,0,4,0,1.0,0.45,-1.8,1.8,0,1.0,1.0,0.0,1.0,1.0,1.0,89.296124,0.892961,28.358,29.162,57.52,1.541007,0.644304,1.541007,0.770504,8,8,4,5,2,8,1,1,1,28.358,0.0,0,B,B/C,教师B：暂不介入，继续观察游戏进展，待区域小结时请幼儿分享游戏中的体验和问题。,教师B：暂不介入，继续观察游戏进展，待区域小结时请幼儿分享游戏中的体验和问题。；教师C：拿走一个骰子，请幼儿商量只有一个骰子的共同游戏规则，达成一致后再开始游戏。,过程复杂,首反应异常；高修正投入；多次调整；首末位摇摆；优劣方向冲突；路径振荡,请教师回忆读到情境后最先注意到什么、是否很快形成判断或感到难判断；追问后续主要在比较哪些做法、为什么调整；追问最理想或最不理想做法的判断为什么发生变化；追问是否曾把某做法从合适改判为不合适，或相反；追问当时是否在几个判断标准之间反复权衡,0.97705,0.889198,主要IIV信号：结果风险、过程冲突、修正信号；可追问选项比较：教师B：暂不介入，继续观察游戏进展，待区域小结时请幼儿分享游戏中的体验和问题。；教师C：拿走一个骰子，请幼儿商量只有一个骰子的共同游戏规则，达成一致后再开始游戏。
教师05,sim_openid_005_597917,总体偏低,1.8,18,Q1,1,篮球架玩水,操场上新安装了一些篮球架，幼儿经常在这里投篮。某天户外活动时，几名幼儿带着画笔和水桶来到这里，他们先是快乐地粉刷篮球架，之后开始往篮框里灌水，有的从上面灌，有的在下面接，忙的不亦乐乎，俨然这里成为了玩水的场地。,看到幼儿玩得很开心，不干预他们的玩水行为，待兴趣减弱后再讨论玩水的适宜性。,表扬幼儿的新发现，并询问在篮球架旁玩水是否合适，提议幼儿可以换个地方玩水。,参与到幼儿的“粉刷”游戏中，逐步引导幼儿到适宜玩水的地方继续开展游戏。,提醒幼儿篮球架是用于开展运动的，与其他幼儿一起召唤他们打篮球，转移他们的关注点。,B 自主游戏与规则/安全/价值平衡,A 游戏意义理解,CDBA,4,1,4,0,0.75,0.2,-0.8,0.8,-3,1.0,0.75,0.25,0.75,1.0,1.0,67.64065,0.676407,17.042,25.083,42.125,0.541558,-0.05649,0.541558,0.270779,5,5,3,2,0,5,1,1,1,17.042,0.0,0,A,A/B,教师A：看到幼儿玩得很开心，不干预他们的玩水行为，待兴趣减弱后再讨论玩水的适宜性。,教师A：看到幼儿玩得很开心，不干预他们的玩水行为，待兴趣减弱后再讨论玩水的适宜性。；教师B：表扬幼儿的新发现，并询问在篮球架旁玩水是否合适，提议幼儿可以换个地方玩水。,过程中等,高修正投入；多次调整；首末位摇摆；路径振荡,追问后续主要在比较哪些做法、为什么调整；追问最理想或最不理想做法的判断为什么发生变化；追问当时是否在几个判断标准之间反复权衡,0.777078,0.678398,主要IIV信号：过程冲突、选项焦点变化、结果风险；可追问选项比较：教师A：看到幼儿玩得很开心，不干预他们的玩水行为，待兴趣减弱后再讨论玩水的适宜性。；教师B：表扬幼儿的新发现，并询问在篮球架旁玩水是否合适，提议幼儿可以换个地方玩水。
教师05,sim_openid_005_597917,总体偏低,1.8,18,Q10,10,引水难题未解,中班上学期，幼儿在“引水游戏”中遇到了难题——水无法被引到竹片管道上。他们不断调整竹片拼接的方式，却始终没能成功，即竹片一头高于出水管道，阻碍了引流。渐渐地幼儿的探索兴趣也减弱了，有的开始玩水，有的甚至离开了水池。,示范正确的引水方法，请幼儿注意观察并说说引水的要领，再自己试一试。,加入幼儿的探索，引导他们观察水流受阻的位置，一起尝试调整竹片的摆放方式。,组织幼儿就游戏困难进行讨论，寻找解决问题的方案，引导幼儿再次尝试。,投放更多辅助引水的材料，重新激起幼儿的探索兴趣，继续观察游戏进展。,C 观察诊断与介入时机,D 探究支架,CABD,1,1,3,1,0.75,0.2,-0.8,0.8,0,0.5,0.5,0.0,0.5,0.8,1.0,79.822481,0.798225,8.588,34.367,42.955,-0.803492,1.408139,1.408139,0.70407,5,5,5,2,2,5,1,1,1,10.099,0.0,0,C,A/B,教师C：组织幼儿就游戏困难进行讨论，寻找解决问题的方案，引导幼儿再次尝试。,教师A：示范正确的引水方法，请幼儿注意观察并说说引水的要领，再自己试一试。；教师B：加入幼儿的探索，引导他们观察水流受阻的位置，一起尝试调整竹片的摆放方式。,过程复杂,高修正投入；多次调整；首末位摇摆；优劣方向冲突；路径振荡,追问后续主要在比较哪些做法、为什么调整；追问最理想或最不理想做法的判断为什么发生变化；追问是否曾把某做法从合适改判为不合适，或相反；追问当时是否在几个判断标准之间反复权衡,0.730407,0.660318,主要IIV信号：选项焦点变化、过程冲突、同题过程信息量；可追问选项比较：教师A：示范正确的引水方法，请幼儿注意观察并说说引水的要领，再自己试一试。；教师B：加入幼儿的探索，引导他们观察水流受阻的位置，一起尝试调整竹片的摆放方式。
教师05,sim_openid_005_597917,总体偏低,1.8,18,Q3,3,材料选择无层次,大班上学期，张老师在建构区投放了按图搭建的游戏材料，并提供了不同星级难度的任务卡供幼儿选择，但有的幼儿一上来就选择高难度的三星级任务卡，结果不能顺利完成任务；而有的幼儿始终选择低难度的一星级任务卡。这天，浩浩又连续选择了几张一星级任务卡，很快就完成了任务。,调整任务卡提供方式，在游戏开始前根据幼儿的能力水平有针对性地发放任务卡。,暂不介入，尊重幼儿的自主选择和游戏体验，只要完成任务就是一种经验积累。,调整任务卡呈现方式，如增加“我想挑战”等提示，鼓励幼儿选择不同星级的挑战。,和浩浩回顾已完成的任务，比较不同星级的难度，邀请他选择稍有挑战的任务。,D 支架策略与游戏推进,C 观察诊断,ADCB,0,1,3,0,0.75,0.2,-0.8,0.8,1,0.75,0.5,0.25,0.5,0.833333,1.0,76.872222,0.768722,11.808,33.603,45.411,-0.178554,1.303578,1.303578,0.651789,6,6,3,2,0,6,1,1,0,11.808,0.0,0,B,C/D,教师B：暂不介入，尊重幼儿的自主选择和游戏体验，只要完成任务就是一种经验积累。,教师C：调整任务卡呈现方式，如增加“我想挑战”等提示，鼓励幼儿选择不同星级的挑战。；教师D：和浩浩回顾已完成的任务，比较不同星级的难度，邀请他选择稍有挑战的任务。,过程复杂,高修正投入；多次调整；首末位摇摆；路径振荡,追问后续主要在比较哪些做法、为什么调整；追问最理想或最不理想做法的判断为什么发生变化；追问当时是否在几个判断标准之间反复权衡,0.731846,0.658615,主要IIV信号：选项焦点变化、过程冲突、同题过程信息量；可追问选项比较：教师C：调整任务卡呈现方式，如增加“我想挑战”等提示，鼓励幼儿选择不同星级的挑战。；教师D：和浩浩回顾已完成的任务，比较不同星级的难度，邀请他选择稍有挑战的任务。
教师05,sim_openid_005_597917,总体偏低,1.8,18,Q5,5,消防员救火开心,近几天，中班的幼儿十分热衷于在区域游戏时间玩“消防员救火”的游戏。游戏结束后的交流活动中，老师问幼儿最想分享什么时，阳阳说“娃娃家着火了，好开心啊！”。,抓住教育契机，向幼儿耐心解释真实的火灾会造成物品损失和人员伤亡。,询问幼儿开心的是“着火”本身，还是消防员成功救火、娃娃家的人得救？,引导幼儿思考“娃娃家着火”值不值得开心，帮助他们认识真实火灾是危险的。,请阳阳讲讲娃娃家着火后发生了什么、为什么开心，借此理解幼儿的游戏体验。,A 游戏意义理解与儿童视角,B 价值平衡,BDCA,2,3,4,0,0.25,0.3,1.2,1.2,1,1.0,0.25,0.75,0.75,1.0,1.0,71.755814,0.717558,23.747,22.557,46.304,1.192725,-0.55017,1.192725,0.596363,5,5,1,4,1,6,0,0,0,23.747,0.0,0,A,B/C,教师A：抓住教育契机，向幼儿耐心解释真实的火灾会造成物品损失和人员伤亡。,教师B：询问幼儿开心的是“着火”本身，还是消防员成功救火、娃娃家的人得救？；教师C：引导幼儿思考“娃娃家着火”值不值得开心，帮助他们认识真实火灾是危险的。,过程复杂,高修正投入；多次调整；首末位摇摆；优劣方向冲突,追问后续主要在比较哪些做法、为什么调整；追问最理想或最不理想做法的判断为什么发生变化；追问是否曾把某做法从合适改判为不合适，或相反,0.609636,0.578014,主要IIV信号：过程冲突、选项焦点变化、修正信号；可追问选项比较：教师B：询问幼儿开心的是“着火”本身，还是消防员成功救火、娃娃家的人得救？；教师C：引导幼儿思考“娃娃家着火”值不值得开心，帮助他们认识真实火灾是危险的。
教师05,sim_openid_005_597917,总体偏低,1.8,18,Q2,2,未参与小组建构,大班建构活动中，睿睿和其他幼儿计划一起搭积木大桥，他们讨论了搭建方法，并进入区域开始搭建。就在其他幼儿在认真搭建时，睿睿发现了一块长条木板，他一会儿在地上推着走，一会儿当枪使，没有再参与小组的搭建。,继续观察，后续分享中支持睿睿思考如何把长条木板融入小组的建构中。,肯定睿睿的创造性玩法，询问他长条板能否当桥面，引导他参与到搭桥任务中。,引导睿睿回顾计划，建议他先完成共同任务，长条木板可以等自由游戏时再玩。,看到睿睿玩得开心，暂不介入，等下一次活动时再提醒他根据计划开展游戏。,D 支架策略与游戏推进,E 共同游戏组织,DACB,0,1,2,0,0.75,0.2,-0.8,0.8,1,0.5,0.25,0.25,0.25,0.8,1.0,67.127778,0.671278,8.786,27.531,36.317,-0.758755,0.376621,0.376621,0.188311,5,5,3,1,0,6,0,0,0,8.786,0.0,0,D,A/C,教师D：看到睿睿玩得开心，暂不介入，等下一次活动时再提醒他根据计划开展游戏。,教师A：继续观察，后续分享中支持睿睿思考如何把长条木板融入小组的建构中。；教师C：引导睿睿回顾计划，建议他先完成共同任务，长条木板可以等自由游戏时再玩。,过程中等,首反应异常；高修正投入；多次调整；首末位摇摆,请教师回忆读到情境后最先注意到什么、是否很快形成判断或感到难判断；追问后续主要在比较哪些做法、为什么调整；追问最理想或最不理想做法的判断为什么发生变化,0.628831,0.564895,主要IIV信号：选项焦点变化、过程冲突、结果风险；可追问选项比较：教师A：继续观察，后续分享中支持睿睿思考如何把长条木板融入小组的建构中。；教师C：引导睿睿回顾计划，建议他先完成共同任务，长条木板可以等自由游戏时再玩。
教师05,sim_openid_005_597917,总体偏低,1.8,18,Q6,6,区域停留短,小班幼儿瑶瑶在区域活动时，一会儿在娃娃家切切菜，一会儿到美工区搓搓橡皮泥，一会儿又开心地跑到其它区域游戏，在任何一个区域停留时间都不超过三分钟。,提议瑶瑶完成某项游戏任务，如在娃娃家做菜，请他活动小结时分享。,游戏前提醒区域活动规则，活动结束后表扬区域游戏规则遵守得好的小朋友。,仔细观察瑶瑶在不同区域的游戏情况，分析他发生迅速转移的原因。,以同伴的身份陪伴瑶瑶在某一区域游戏，待他专注游戏后再离开。,C 观察诊断与介入时机,A 儿童视角,ACDB,2,1,2,1,0.75,0.2,-0.8,0.8,-1,0.25,0.25,0.0,0.25,0.75,0.75,45.480233,0.454802,17.533,19.926,37.459,0.597306,-1.126987,0.597306,0.298653,4,4,0,3,0,3,2,2,2,17.533,0.0,0,B,B/D,教师B：游戏前提醒区域活动规则，活动结束后表扬区域游戏规则遵守得好的小朋友。,教师B：游戏前提醒区域活动规则，活动结束后表扬区域游戏规则遵守得好的小朋友。；教师D：以同伴的身份陪伴瑶瑶在某一区域游戏，待他专注游戏后再离开。,过程简单,多次调整；首末位摇摆；路径振荡,追问最理想或最不理想做法的判断为什么发生变化；追问当时是否在几个判断标准之间反复权衡,0.604865,0.532605,主要IIV信号：结果风险、过程冲突、选项焦点变化；可追问选项比较：教师B：游戏前提醒区域活动规则，活动结束后表扬区域游戏规则遵守得好的小朋友。；教师D：以同伴的身份陪伴瑶瑶在某一区域游戏，待他专注游戏后再离开。
教师05,sim_openid_005_597917,总体偏低,1.8,18,Q9,9,艾莎公主不运动,小班的一次户外运动，有几个女孩子从一开始就没有选择任何体育活动项目，而是聚在一起坐在地上玩“艾莎公主”的游戏，比一比谁的鞋子最漂亮，谁的魔法最厉害。,询问幼儿没有参与运动的原因，提供丰富的活动材料吸引幼儿参与运动活动。,提醒幼儿现在是运动时间，请他们等自由游戏时间再一起玩“艾莎公主”的游戏。,利用艾莎公主的鞋子设计走、跑、跳等活动，并以参与者的身份邀请幼儿一起参与运动。,肯定幼儿自主游戏的行为，言语引导幼儿穿着“漂亮的鞋子”参与运动。,D 支架策略与游戏推进,A 儿童视角/B 目标平衡,DACB,0,3,4,0,0.25,0.3,1.2,1.2,3,1.0,0.25,0.75,0.75,1.0,1.0,73.709091,0.737091,7.08,21.871,28.951,-1.182468,-0.693811,0.0,0.0,5,5,3,1,0,5,1,1,0,8.603,0.0,0,D,C/D,教师D：肯定幼儿自主游戏的行为，言语引导幼儿穿着“漂亮的鞋子”参与运动。,教师C：利用艾莎公主的鞋子设计走、跑、跳等活动，并以参与者的身份邀请幼儿一起参与运动。；教师D：肯定幼儿自主游戏的行为，言语引导幼儿穿着“漂亮的鞋子”参与运动。,过程复杂,首反应异常；高修正投入；多次调整；首末位摇摆；路径振荡,请教师回忆读到情境后最先注意到什么、是否很快形成判断或感到难判断；追问后续主要在比较哪些做法、为什么调整；追问最理想或最不理想做法的判断为什么发生变化；追问当时是否在几个判断标准之间反复权衡,0.55,0.519355,主要IIV信号：过程冲突、选项焦点变化、修正信号；可追问选项比较：教师C：利用艾莎公主的鞋子设计走、跑、跳等活动，并以参与者的身份邀请幼儿一起参与运动。；教师D：肯定幼儿自主游戏的行为，言语引导幼儿穿着“漂亮的鞋子”参与运动。
教师05,sim_openid_005_597917,总体偏低,1.8,18,Q4,4,频繁求助,中班区域活动时，小明选择了建构区。玩了一会儿，他跑到老师面前说“老师，我不会搭……帮帮我吧”，教师问他需要什么帮助时，他一边说我不会搭，一边却很快地将房子从一层积木加高到了两层。看小明专注搭建后，老师就离开建构区了。可是没一会，小明又找了老师好几次，说“老师，帮帮我吧，我不会搭”。,鼓励小明独立搭建，引导他思考接下来如何搭建，及时表扬他的努力。,先示范搭建关键部分，请小明观察方法，再鼓励他照着继续搭建。,在旁观察小明的搭建过程，并适时反馈，帮助他理清搭建步骤。,帮小明回顾已搭建完成的部分，指导他设定小目标，尝试自己实现。,C 观察诊断与介入时机,D 支架策略,ACDB,2,4,4,2,0.0,0.55,2.2,2.2,2,0.5,0.0,0.5,0.5,0.75,0.75,66.133333,0.661333,7.973,19.177,27.15,-0.949328,-1.305184,0.0,0.0,4,4,2,1,0,4,1,1,0,7.973,0.0,0,B,B/C,教师B：先示范搭建关键部分，请小明观察方法，再鼓励他照着继续搭建。,教师B：先示范搭建关键部分，请小明观察方法，再鼓励他照着继续搭建。；教师C：在旁观察小明的搭建过程，并适时反馈，帮助他理清搭建步骤。,过程简单,首反应异常；多次调整；首末位摇摆,请教师回忆读到情境后最先注意到什么、是否很快形成判断或感到难判断；追问最理想或最不理想做法的判断为什么发生变化,0.325,0.378067,主要IIV信号：过程冲突、选项焦点变化、同题过程信息量；可追问选项比较：教师B：先示范搭建关键部分，请小明观察方法，再鼓励他照着继续搭建。；教师C：在旁观察小明的搭建过程，并适时反馈，帮助他理清搭建步骤。
教师05,sim_openid_005_597917,总体偏低,1.8,18,Q8,8,跳绳秩序混乱,周三下午，大五班的幼儿正自发进行跳绳游戏。李老师观察后发现，挤在一起跳绳的幼儿人数较多，整个场面十分混乱，幼儿很容易出现碰撞现象。此外，由于当“柱子”的幼儿很久才能轮上跳绳，因此也显得很不耐烦。,请幼儿暂停游戏，将幼儿分成多个小组并引导他们以小组为单位分区域开展游戏。,请幼儿说一说跳绳活动中存在的问题，并邀请幼儿一起设置跳绳的规则。,提供更多数量和不同种类的跳绳，并言语引导幼儿分组分区同时进行跳绳游戏。,暂不介入，活动分享时通过照片或视频回放引导幼儿发现问题并商议解决办法。,E 共同游戏组织与规则共建,B 安全秩序,DBAC,3,3,3,3,0.25,0.3,1.2,1.2,0,0.0,0.0,0.0,0.0,0.0,0.0,10.183333,0.101833,,,17.964,0.0,0.0,0.0,0.0,0,0,0,0,0,1,0,0,0,17.964,0.0,0,,,,,过程简单,过程相对平稳,追问教师当时主要依据什么形成排序,0.1,0.125092,主要IIV信号：个人内相对偏离、结果风险、同题过程信息量
教师06,sim_openid_006_270790,总体偏低,1.5,15,Q1,1,篮球架玩水,操场上新安装了一些篮球架，幼儿经常在这里投篮。某天户外活动时，几名幼儿带着画笔和水桶来到这里，他们先是快乐地粉刷篮球架，之后开始往篮框里灌水，有的从上面灌，有的在下面接，忙的不亦乐乎，俨然这里成为了玩水的场地。,看到幼儿玩得很开心，不干预他们的玩水行为，待兴趣减弱后再讨论玩水的适宜性。,表扬幼儿的新发现，并询问在篮球架旁玩水是否合适，提议幼儿可以换个地方玩水。,参与到幼儿的“粉刷”游戏中，逐步引导幼儿到适宜玩水的地方继续开展游戏。,提醒幼儿篮球架是用于开展运动的，与其他幼儿一起召唤他们打篮球，转移他们的关注点。,B 自主游戏与规则/安全/价值平衡,A 游戏意义理解,BDCA,4,0,4,0,1.0,0.375,-1.5,1.5,-4,1.0,1.0,0.0,1.0,1.0,1.0,52.551626,0.525516,14.639,7.67,22.309,1.0345,-0.350571,1.0345,0.51725,3,3,2,2,1,4,0,0,0,14.639,0.0,0,A,B/D,教师A：看到幼儿玩得很开心，不干预他们的玩水行为，待兴趣减弱后再讨论玩水的适宜性。,教师B：表扬幼儿的新发现，并询问在篮球架旁玩水是否合适，提议幼儿可以换个地方玩水。；教师D：提醒幼儿篮球架是用于开展运动的，与其他幼儿一起召唤他们打篮球，转移他们的关注点。,过程中等,多次调整；首末位摇摆；优劣方向冲突,追问最理想或最不理想做法的判断为什么发生变化；追问是否曾把某做法从合适改判为不合适，或相反,0.951725,0.834251,主要IIV信号：结果风险、过程冲突、修正信号；可追问选项比较：教师B：表扬幼儿的新发现，并询问在篮球架旁玩水是否合适，提议幼儿可以换个地方玩水。；教师D：提醒幼儿篮球架是用于开展运动的，与其他幼儿一起召唤他们打篮球，转移他们的关注点。
教师06,sim_openid_006_270790,总体偏低,1.5,15,Q2,2,未参与小组建构,大班建构活动中，睿睿和其他幼儿计划一起搭积木大桥，他们讨论了搭建方法，并进入区域开始搭建。就在其他幼儿在认真搭建时，睿睿发现了一块长条木板，他一会儿在地上推着走，一会儿当枪使，没有再参与小组的搭建。,继续观察，后续分享中支持睿睿思考如何把长条木板融入小组的建构中。,肯定睿睿的创造性玩法，询问他长条板能否当桥面，引导他参与到搭桥任务中。,引导睿睿回顾计划，建议他先完成共同任务，长条木板可以等自由游戏时再玩。,看到睿睿玩得开心，暂不介入，等下一次活动时再提醒他根据计划开展游戏。,D 支架策略与游戏推进,E 共同游戏组织,BADC,0,4,4,0,0.0,0.625,2.5,2.5,4,1.0,0.0,1.0,1.0,1.0,1.0,57.05,0.5705,14.897,17.672,32.569,1.091034,1.438124,1.438124,0.719062,6,6,1,4,0,6,1,1,0,14.897,0.0,0,A,C/D,教师A：继续观察，后续分享中支持睿睿思考如何把长条木板融入小组的建构中。,教师C：引导睿睿回顾计划，建议他先完成共同任务，长条木板可以等自由游戏时再玩。；教师D：看到睿睿玩得开心，暂不介入，等下一次活动时再提醒他根据计划开展游戏。,过程复杂,多次调整；首末位摇摆,追问最理想或最不理想做法的判断为什么发生变化,0.571906,0.594181,主要IIV信号：过程冲突、修正信号、选项焦点变化；可追问选项比较：教师C：引导睿睿回顾计划，建议他先完成共同任务，长条木板可以等自由游戏时再玩。；教师D：看到睿睿玩得开心，暂不介入，等下一次活动时再提醒他根据计划开展游戏。
教师06,sim_openid_006_270790,总体偏低,1.5,15,Q6,6,区域停留短,小班幼儿瑶瑶在区域活动时，一会儿在娃娃家切切菜，一会儿到美工区搓搓橡皮泥，一会儿又开心地跑到其它区域游戏，在任何一个区域停留时间都不超过三分钟。,提议瑶瑶完成某项游戏任务，如在娃娃家做菜，请他活动小结时分享。,游戏前提醒区域活动规则，活动结束后表扬区域游戏规则遵守得好的小朋友。,仔细观察瑶瑶在不同区域的游戏情况，分析他发生迅速转移的原因。,以同伴的身份陪伴瑶瑶在某一区域游戏，待他专注游戏后再离开。,C 观察诊断与介入时机,A 儿童视角,ACDB,2,1,4,1,0.75,0.125,-0.5,0.5,-1,0.75,0.75,0.0,0.75,0.75,0.5,39.572868,0.395729,10.494,11.034,21.528,-0.042703,0.428766,0.428766,0.214383,2,2,0,2,0,3,0,0,0,10.494,0.0,0,B,B/C,教师B：游戏前提醒区域活动规则，活动结束后表扬区域游戏规则遵守得好的小朋友。,教师B：游戏前提醒区域活动规则，活动结束后表扬区域游戏规则遵守得好的小朋友。；教师C：仔细观察瑶瑶在不同区域的游戏情况，分析他发生迅速转移的原因。,过程中等,首反应异常；首末位摇摆,请教师回忆读到情境后最先注意到什么、是否很快形成判断或感到难判断；追问最理想或最不理想做法的判断为什么发生变化,0.671438,0.559975,主要IIV信号：结果风险、过程冲突、修正信号；可追问选项比较：教师B：游戏前提醒区域活动规则，活动结束后表扬区域游戏规则遵守得好的小朋友。；教师C：仔细观察瑶瑶在不同区域的游戏情况，分析他发生迅速转移的原因。
教师06,sim_openid_006_270790,总体偏低,1.5,15,Q4,4,频繁求助,中班区域活动时，小明选择了建构区。玩了一会儿，他跑到老师面前说“老师，我不会搭……帮帮我吧”，教师问他需要什么帮助时，他一边说我不会搭，一边却很快地将房子从一层积木加高到了两层。看小明专注搭建后，老师就离开建构区了。可是没一会，小明又找了老师好几次，说“老师，帮帮我吧，我不会搭”。,鼓励小明独立搭建，引导他思考接下来如何搭建，及时表扬他的努力。,先示范搭建关键部分，请小明观察方法，再鼓励他照着继续搭建。,在旁观察小明的搭建过程，并适时反馈，帮助他理清搭建步骤。,帮小明回顾已搭建完成的部分，指导他设定小目标，尝试自己实现。,C 观察诊断与介入时机,D 支架策略,DBAC,2,1,2,1,0.75,0.125,-0.5,0.5,-1,0.25,0.25,0.0,0.25,0.666667,1.0,58.166667,0.581667,9.501,7.986,17.487,-0.364379,-0.26405,0.0,0.0,3,3,2,2,1,4,0,0,0,9.501,0.0,0,D,A/C,教师D：帮小明回顾已搭建完成的部分，指导他设定小目标，尝试自己实现。,教师A：鼓励小明独立搭建，引导他思考接下来如何搭建，及时表扬他的努力。；教师C：在旁观察小明的搭建过程，并适时反馈，帮助他理清搭建步骤。,过程复杂,多次调整；首末位摇摆；优劣方向冲突,追问最理想或最不理想做法的判断为什么发生变化；追问是否曾把某做法从合适改判为不合适，或相反,0.583333,0.510333,主要IIV信号：选项焦点变化、结果风险、过程冲突；可追问选项比较：教师A：鼓励小明独立搭建，引导他思考接下来如何搭建，及时表扬他的努力。；教师C：在旁观察小明的搭建过程，并适时反馈，帮助他理清搭建步骤。
教师06,sim_openid_006_270790,总体偏低,1.5,15,Q10,10,引水难题未解,中班上学期，幼儿在“引水游戏”中遇到了难题——水无法被引到竹片管道上。他们不断调整竹片拼接的方式，却始终没能成功，即竹片一头高于出水管道，阻碍了引流。渐渐地幼儿的探索兴趣也减弱了，有的开始玩水，有的甚至离开了水池。,示范正确的引水方法，请幼儿注意观察并说说引水的要领，再自己试一试。,加入幼儿的探索，引导他们观察水流受阻的位置，一起尝试调整竹片的摆放方式。,组织幼儿就游戏困难进行讨论，寻找解决问题的方案，引导幼儿再次尝试。,投放更多辅助引水的材料，重新激起幼儿的探索兴趣，继续观察游戏进展。,C 观察诊断与介入时机,D 探究支架,BDAC,1,2,2,1,0.5,0.125,0.5,0.5,1,0.25,0.0,0.25,0.25,0.666667,0.75,58.036047,0.58036,7.027,11.285,18.312,-1.340463,0.476969,0.476969,0.238485,3,3,2,1,0,4,0,0,0,7.027,0.0,0,A,B/D,教师A：示范正确的引水方法，请幼儿注意观察并说说引水的要领，再自己试一试。,教师B：加入幼儿的探索，引导他们观察水流受阻的位置，一起尝试调整竹片的摆放方式。；教师D：投放更多辅助引水的材料，重新激起幼儿的探索兴趣，继续观察游戏进展。,过程复杂,首反应异常；多次调整；首末位摇摆,请教师回忆读到情境后最先注意到什么、是否很快形成判断或感到难判断；追问最理想或最不理想做法的判断为什么发生变化,0.482182,0.434116,主要IIV信号：选项焦点变化、过程冲突、同题过程信息量；可追问选项比较：教师B：加入幼儿的探索，引导他们观察水流受阻的位置，一起尝试调整竹片的摆放方式。；教师D：投放更多辅助引水的材料，重新激起幼儿的探索兴趣，继续观察游戏进展。
教师06,sim_openid_006_270790,总体偏低,1.5,15,Q3,3,材料选择无层次,大班上学期，张老师在建构区投放了按图搭建的游戏材料，并提供了不同星级难度的任务卡供幼儿选择，但有的幼儿一上来就选择高难度的三星级任务卡，结果不能顺利完成任务；而有的幼儿始终选择低难度的一星级任务卡。这天，浩浩又连续选择了几张一星级任务卡，很快就完成了任务。,调整任务卡提供方式，在游戏开始前根据幼儿的能力水平有针对性地发放任务卡。,暂不介入，尊重幼儿的自主选择和游戏体验，只要完成任务就是一种经验积累。,调整任务卡呈现方式，如增加“我想挑战”等提示，鼓励幼儿选择不同星级的挑战。,和浩浩回顾已完成的任务，比较不同星级的难度，邀请他选择稍有挑战的任务。,D 支架策略与游戏推进,C 观察诊断,BCAD,0,1,1,0,0.75,0.125,-0.5,0.5,1,0.25,0.0,0.25,0.25,0.5,0.25,24.222222,0.242222,13.567,9.682,23.249,0.788409,0.148647,0.788409,0.394204,2,2,1,0,0,3,0,0,0,13.567,0.0,0,A,A/B,教师A：调整任务卡提供方式，在游戏开始前根据幼儿的能力水平有针对性地发放任务卡。,教师A：调整任务卡提供方式，在游戏开始前根据幼儿的能力水平有针对性地发放任务卡。；教师B：暂不介入，尊重幼儿的自主选择和游戏体验，只要完成任务就是一种经验积累。,过程简单,过程相对平稳,追问教师当时主要依据什么形成排序,0.51442,0.432782,主要IIV信号：结果风险、过程冲突、相对时间信号；可追问选项比较：教师A：调整任务卡提供方式，在游戏开始前根据幼儿的能力水平有针对性地发放任务卡。；教师B：暂不介入，尊重幼儿的自主选择和游戏体验，只要完成任务就是一种经验积累。
教师06,sim_openid_006_270790,总体偏低,1.5,15,Q8,8,跳绳秩序混乱,周三下午，大五班的幼儿正自发进行跳绳游戏。李老师观察后发现，挤在一起跳绳的幼儿人数较多，整个场面十分混乱，幼儿很容易出现碰撞现象。此外，由于当“柱子”的幼儿很久才能轮上跳绳，因此也显得很不耐烦。,请幼儿暂停游戏，将幼儿分成多个小组并引导他们以小组为单位分区域开展游戏。,请幼儿说一说跳绳活动中存在的问题，并邀请幼儿一起设置跳绳的规则。,提供更多数量和不同种类的跳绳，并言语引导幼儿分组分区同时进行跳绳游戏。,暂不介入，活动分享时通过照片或视频回放引导幼儿发现问题并商议解决办法。,E 共同游戏组织与规则共建,B 安全秩序,CBAD,2,1,2,1,0.75,0.125,-0.5,0.5,-1,0.25,0.25,0.0,0.25,0.5,0.5,44.056061,0.440561,6.791,3.444,10.235,-1.451009,-2.066443,0.0,0.0,2,2,2,0,0,3,0,0,0,6.791,0.0,0,A,B/C,教师A：请幼儿暂停游戏，将幼儿分成多个小组并引导他们以小组为单位分区域开展游戏。,教师B：请幼儿说一说跳绳活动中存在的问题，并邀请幼儿一起设置跳绳的规则。；教师C：提供更多数量和不同种类的跳绳，并言语引导幼儿分组分区同时进行跳绳游戏。,过程中等,首反应异常；首末位摇摆,请教师回忆读到情境后最先注意到什么、是否很快形成判断或感到难判断；追问最理想或最不理想做法的判断为什么发生变化,0.5,0.428278,主要IIV信号：结果风险、过程冲突、选项焦点变化；可追问选项比较：教师B：请幼儿说一说跳绳活动中存在的问题，并邀请幼儿一起设置跳绳的规则。；教师C：提供更多数量和不同种类的跳绳，并言语引导幼儿分组分区同时进行跳绳游戏。
教师06,sim_openid_006_270790,总体偏低,1.5,15,Q5,5,消防员救火开心,近几天，中班的幼儿十分热衷于在区域游戏时间玩“消防员救火”的游戏。游戏结束后的交流活动中，老师问幼儿最想分享什么时，阳阳说“娃娃家着火了，好开心啊！”。,抓住教育契机，向幼儿耐心解释真实的火灾会造成物品损失和人员伤亡。,询问幼儿开心的是“着火”本身，还是消防员成功救火、娃娃家的人得救？,引导幼儿思考“娃娃家着火”值不值得开心，帮助他们认识真实火灾是危险的。,请阳阳讲讲娃娃家着火后发生了什么、为什么开心，借此理解幼儿的游戏体验。,A 游戏意义理解与儿童视角,B 价值平衡,DACB,2,2,2,2,0.5,0.125,0.5,0.5,0,0.0,0.0,0.0,0.0,0.5,0.75,56.06124,0.560612,11.611,9.864,21.475,0.284611,0.188557,0.284611,0.142306,2,2,1,2,1,3,0,0,0,11.611,0.0,0,D,B/C,教师D：请阳阳讲讲娃娃家着火后发生了什么、为什么开心，借此理解幼儿的游戏体验。,教师B：询问幼儿开心的是“着火”本身，还是消防员成功救火、娃娃家的人得救？；教师C：引导幼儿思考“娃娃家着火”值不值得开心，帮助他们认识真实火灾是危险的。,过程中等,首反应异常；首末位摇摆；优劣方向冲突,请教师回忆读到情境后最先注意到什么、是否很快形成判断或感到难判断；追问最理想或最不理想做法的判断为什么发生变化；追问是否曾把某做法从合适改判为不合适，或相反,0.389231,0.361011,主要IIV信号：选项焦点变化、同题过程信息量、结果风险；可追问选项比较：教师B：询问幼儿开心的是“着火”本身，还是消防员成功救火、娃娃家的人得救？；教师C：引导幼儿思考“娃娃家着火”值不值得开心，帮助他们认识真实火灾是危险的。
教师06,sim_openid_006_270790,总体偏低,1.5,15,Q7,7,飞行棋各走各的,大班区域游戏中，轩轩和小宇一起玩飞行棋，他们将棋子摆好后，各自拿了一个骰子开始投，小宇说：“该我走。”轩轩说：“明明该我走！”相持不下，于是两人各拿一个骰子，自顾自地走自己的棋。,耐心讲解共同游戏的规则，再以“棋手”身份加入游戏进行示范引导。,暂不介入，继续观察游戏进展，待区域小结时请幼儿分享游戏中的体验和问题。,拿走一个骰子，请幼儿商量只有一个骰子的共同游戏规则，达成一致后再开始游戏。,待幼儿体验一轮各走各的游戏后，询问幼儿的游戏体验，提示共同游戏规则的作用。,E 共同游戏组织与规则共建,B 规则平衡,ADCB,1,1,1,1,0.75,0.125,-0.5,0.5,0,0.0,0.0,0.0,0.0,0.0,0.0,10.3,0.103,,,16.958,0.0,0.0,0.0,0.0,0,0,0,0,0,1,0,0,0,16.958,0.0,0,,,,,过程简单,过程相对平稳,追问教师当时主要依据什么形成排序,0.3,0.2489,主要IIV信号：结果风险、个人内相对偏离、同题过程信息量
教师06,sim_openid_006_270790,总体偏低,1.5,15,Q9,9,艾莎公主不运动,小班的一次户外运动，有几个女孩子从一开始就没有选择任何体育活动项目，而是聚在一起坐在地上玩“艾莎公主”的游戏，比一比谁的鞋子最漂亮，谁的魔法最厉害。,询问幼儿没有参与运动的原因，提供丰富的活动材料吸引幼儿参与运动活动。,提醒幼儿现在是运动时间，请他们等自由游戏时间再一起玩“艾莎公主”的游戏。,利用艾莎公主的鞋子设计走、跑、跳等活动，并以参与者的身份邀请幼儿一起参与运动。,肯定幼儿自主游戏的行为，言语引导幼儿穿着“漂亮的鞋子”参与运动。,D 支架策略与游戏推进,A 儿童视角/B 目标平衡,BDAC,2,2,2,2,0.5,0.125,0.5,0.5,0,0.0,0.0,0.0,0.0,0.0,0.0,10.583333,0.105833,,,9.288,0.0,0.0,0.0,0.0,0,0,0,0,0,1,0,0,0,9.288,0.0,0,,,,,过程简单,过程相对平稳,追问教师当时主要依据什么形成排序,0.2,0.174042,主要IIV信号：结果风险、个人内相对偏离、同题过程信息量
教师07,sim_openid_007_148978,总体中等,2.9,29,Q6,6,区域停留短,小班幼儿瑶瑶在区域活动时，一会儿在娃娃家切切菜，一会儿到美工区搓搓橡皮泥，一会儿又开心地跑到其它区域游戏，在任何一个区域停留时间都不超过三分钟。,提议瑶瑶完成某项游戏任务，如在娃娃家做菜，请他活动小结时分享。,游戏前提醒区域活动规则，活动结束后表扬区域游戏规则遵守得好的小朋友。,仔细观察瑶瑶在不同区域的游戏情况，分析他发生迅速转移的原因。,以同伴的身份陪伴瑶瑶在某一区域游戏，待他专注游戏后再离开。,C 观察诊断与介入时机,A 儿童视角,CDAB,2,0,4,0,1.0,0.725,-2.9,2.9,-2,1.0,1.0,0.0,1.0,1.0,1.0,84.357752,0.843578,11.692,35.33,47.022,-1.087177,1.670422,1.670422,0.835211,7,7,5,3,1,7,1,1,0,11.692,0.0,0,A,A/D,教师A：提议瑶瑶完成某项游戏任务，如在娃娃家做菜，请他活动小结时分享。,教师A：提议瑶瑶完成某项游戏任务，如在娃娃家做菜，请他活动小结时分享。；教师D：以同伴的身份陪伴瑶瑶在某一区域游戏，待他专注游戏后再离开。,过程复杂,首反应异常；高修正投入；多次调整；首末位摇摆；优劣方向冲突,请教师回忆读到情境后最先注意到什么、是否很快形成判断或感到难判断；追问后续主要在比较哪些做法、为什么调整；追问最理想或最不理想做法的判断为什么发生变化；追问是否曾把某做法从合适改判为不合适，或相反,0.983521,0.93445,主要IIV信号：结果风险、过程冲突、修正信号；可追问选项比较：教师A：提议瑶瑶完成某项游戏任务，如在娃娃家做菜，请他活动小结时分享。；教师D：以同伴的身份陪伴瑶瑶在某一区域游戏，待他专注游戏后再离开。
教师07,sim_openid_007_148978,总体中等,2.9,29,Q4,4,频繁求助,中班区域活动时，小明选择了建构区。玩了一会儿，他跑到老师面前说“老师，我不会搭……帮帮我吧”，教师问他需要什么帮助时，他一边说我不会搭，一边却很快地将房子从一层积木加高到了两层。看小明专注搭建后，老师就离开建构区了。可是没一会，小明又找了老师好几次，说“老师，帮帮我吧，我不会搭”。,鼓励小明独立搭建，引导他思考接下来如何搭建，及时表扬他的努力。,先示范搭建关键部分，请小明观察方法，再鼓励他照着继续搭建。,在旁观察小明的搭建过程，并适时反馈，帮助他理清搭建步骤。,帮小明回顾已搭建完成的部分，指导他设定小目标，尝试自己实现。,C 观察诊断与介入时机,D 支架策略,CBDA,2,1,2,0,0.75,0.475,-1.9,1.9,-1,0.5,0.25,0.25,0.25,0.75,1.0,63.6,0.636,13.294,20.978,34.272,-0.689236,0.431729,0.431729,0.215865,4,4,2,2,1,5,0,0,0,13.294,0.0,0,A,C/D,教师A：鼓励小明独立搭建，引导他思考接下来如何搭建，及时表扬他的努力。,教师C：在旁观察小明的搭建过程，并适时反馈，帮助他理清搭建步骤。；教师D：帮小明回顾已搭建完成的部分，指导他设定小目标，尝试自己实现。,过程中等,多次调整；首末位摇摆；优劣方向冲突,追问最理想或最不理想做法的判断为什么发生变化；追问是否曾把某做法从合适改判为不合适，或相反,0.621586,0.599636,主要IIV信号：选项焦点变化、结果风险、过程冲突；可追问选项比较：教师C：在旁观察小明的搭建过程，并适时反馈，帮助他理清搭建步骤。；教师D：帮小明回顾已搭建完成的部分，指导他设定小目标，尝试自己实现。
教师07,sim_openid_007_148978,总体中等,2.9,29,Q3,3,材料选择无层次,大班上学期，张老师在建构区投放了按图搭建的游戏材料，并提供了不同星级难度的任务卡供幼儿选择，但有的幼儿一上来就选择高难度的三星级任务卡，结果不能顺利完成任务；而有的幼儿始终选择低难度的一星级任务卡。这天，浩浩又连续选择了几张一星级任务卡，很快就完成了任务。,调整任务卡提供方式，在游戏开始前根据幼儿的能力水平有针对性地发放任务卡。,暂不介入，尊重幼儿的自主选择和游戏体验，只要完成任务就是一种经验积累。,调整任务卡呈现方式，如增加“我想挑战”等提示，鼓励幼儿选择不同星级的挑战。,和浩浩回顾已完成的任务，比较不同星级的难度，邀请他选择稍有挑战的任务。,D 支架策略与游戏推进,C 观察诊断,DBAC,0,3,4,0,0.25,0.025,0.1,0.1,3,1.0,0.25,0.75,0.75,1.0,1.0,76.288889,0.762889,27.87,25.111,52.981,1.604792,0.859073,1.604792,0.802396,5,5,3,2,1,6,0,0,0,27.87,0.0,0,D,B/C,教师D：和浩浩回顾已完成的任务，比较不同星级的难度，邀请他选择稍有挑战的任务。,教师B：暂不介入，尊重幼儿的自主选择和游戏体验，只要完成任务就是一种经验积累。；教师C：调整任务卡呈现方式，如增加“我想挑战”等提示，鼓励幼儿选择不同星级的挑战。,过程复杂,首反应异常；高修正投入；多次调整；首末位摇摆；优劣方向冲突,请教师回忆读到情境后最先注意到什么、是否很快形成判断或感到难判断；追问后续主要在比较哪些做法、为什么调整；追问最理想或最不理想做法的判断为什么发生变化；追问是否曾把某做法从合适改判为不合适，或相反,0.63024,0.559634,主要IIV信号：过程冲突、选项焦点变化、相对时间信号；可追问选项比较：教师B：暂不介入，尊重幼儿的自主选择和游戏体验，只要完成任务就是一种经验积累。；教师C：调整任务卡呈现方式，如增加“我想挑战”等提示，鼓励幼儿选择不同星级的挑战。
教师07,sim_openid_007_148978,总体中等,2.9,29,Q10,10,引水难题未解,中班上学期，幼儿在“引水游戏”中遇到了难题——水无法被引到竹片管道上。他们不断调整竹片拼接的方式，却始终没能成功，即竹片一头高于出水管道，阻碍了引流。渐渐地幼儿的探索兴趣也减弱了，有的开始玩水，有的甚至离开了水池。,示范正确的引水方法，请幼儿注意观察并说说引水的要领，再自己试一试。,加入幼儿的探索，引导他们观察水流受阻的位置，一起尝试调整竹片的摆放方式。,组织幼儿就游戏困难进行讨论，寻找解决问题的方案，引导幼儿再次尝试。,投放更多辅助引水的材料，重新激起幼儿的探索兴趣，继续观察游戏进展。,C 观察诊断与介入时机,D 探究支架,CADB,1,2,2,0,0.5,0.225,-0.9,0.9,1,0.5,0.0,0.5,0.5,0.75,1.0,66.281395,0.662814,19.231,17.223,36.454,0.454964,-0.036955,0.454964,0.227482,4,4,2,3,1,4,1,1,1,19.231,0.0,0,B,A/B,教师B：加入幼儿的探索，引导他们观察水流受阻的位置，一起尝试调整竹片的摆放方式。,教师A：示范正确的引水方法，请幼儿注意观察并说说引水的要领，再自己试一试。；教师B：加入幼儿的探索，引导他们观察水流受阻的位置，一起尝试调整竹片的摆放方式。,过程中等,多次调整；首末位摇摆；优劣方向冲突；路径振荡,追问最理想或最不理想做法的判断为什么发生变化；追问是否曾把某做法从合适改判为不合适，或相反；追问当时是否在几个判断标准之间反复权衡,0.572748,0.527139,主要IIV信号：选项焦点变化、过程冲突、同题过程信息量；可追问选项比较：教师A：示范正确的引水方法，请幼儿注意观察并说说引水的要领，再自己试一试。；教师B：加入幼儿的探索，引导他们观察水流受阻的位置，一起尝试调整竹片的摆放方式。
教师07,sim_openid_007_148978,总体中等,2.9,29,Q1,1,篮球架玩水,操场上新安装了一些篮球架，幼儿经常在这里投篮。某天户外活动时，几名幼儿带着画笔和水桶来到这里，他们先是快乐地粉刷篮球架，之后开始往篮框里灌水，有的从上面灌，有的在下面接，忙的不亦乐乎，俨然这里成为了玩水的场地。,看到幼儿玩得很开心，不干预他们的玩水行为，待兴趣减弱后再讨论玩水的适宜性。,表扬幼儿的新发现，并询问在篮球架旁玩水是否合适，提议幼儿可以换个地方玩水。,参与到幼儿的“粉刷”游戏中，逐步引导幼儿到适宜玩水的地方继续开展游戏。,提醒幼儿篮球架是用于开展运动的，与其他幼儿一起召唤他们打篮球，转移他们的关注点。,B 自主游戏与规则/安全/价值平衡,A 游戏意义理解,CABD,4,4,4,0,0.0,0.275,1.1,1.1,0,1.0,0.0,1.0,1.0,1.0,1.0,75.677236,0.756772,13.676,23.38,37.056,-0.601441,0.689342,0.689342,0.344671,5,5,3,4,2,4,2,2,2,13.676,0.0,0,C,B/D,教师C：参与到幼儿的“粉刷”游戏中，逐步引导幼儿到适宜玩水的地方继续开展游戏。,教师B：表扬幼儿的新发现，并询问在篮球架旁玩水是否合适，提议幼儿可以换个地方玩水。；教师D：提醒幼儿篮球架是用于开展运动的，与其他幼儿一起召唤他们打篮球，转移他们的关注点。,过程复杂,高修正投入；多次调整；首末位摇摆；优劣方向冲突；路径振荡,追问后续主要在比较哪些做法、为什么调整；追问最理想或最不理想做法的判断为什么发生变化；追问是否曾把某做法从合适改判为不合适，或相反；追问当时是否在几个判断标准之间反复权衡,0.534467,0.513556,主要IIV信号：过程冲突、修正信号、选项焦点变化；可追问选项比较：教师B：表扬幼儿的新发现，并询问在篮球架旁玩水是否合适，提议幼儿可以换个地方玩水。；教师D：提醒幼儿篮球架是用于开展运动的，与其他幼儿一起召唤他们打篮球，转移他们的关注点。
教师07,sim_openid_007_148978,总体中等,2.9,29,Q7,7,飞行棋各走各的,大班区域游戏中，轩轩和小宇一起玩飞行棋，他们将棋子摆好后，各自拿了一个骰子开始投，小宇说：“该我走。”轩轩说：“明明该我走！”相持不下，于是两人各拿一个骰子，自顾自地走自己的棋。,耐心讲解共同游戏的规则，再以“棋手”身份加入游戏进行示范引导。,暂不介入，继续观察游戏进展，待区域小结时请幼儿分享游戏中的体验和问题。,拿走一个骰子，请幼儿商量只有一个骰子的共同游戏规则，达成一致后再开始游戏。,待幼儿体验一轮各走各的游戏后，询问幼儿的游戏体验，提示共同游戏规则的作用。,E 共同游戏组织与规则共建,B 规则平衡,DCBA,0,4,4,0,0.0,0.275,1.1,1.1,4,1.0,0.0,1.0,1.0,1.0,1.0,71.634884,0.716349,9.761,17.711,27.472,-1.646585,0.029441,0.029441,0.01472,5,5,1,3,1,6,0,0,0,9.761,0.0,0,A,B/C,教师A：耐心讲解共同游戏的规则，再以“棋手”身份加入游戏进行示范引导。,教师B：暂不介入，继续观察游戏进展，待区域小结时请幼儿分享游戏中的体验和问题。；教师C：拿走一个骰子，请幼儿商量只有一个骰子的共同游戏规则，达成一致后再开始游戏。,过程复杂,首反应异常；高修正投入；多次调整；首末位摇摆；优劣方向冲突,请教师回忆读到情境后最先注意到什么、是否很快形成判断或感到难判断；追问后续主要在比较哪些做法、为什么调整；追问最理想或最不理想做法的判断为什么发生变化；追问是否曾把某做法从合适改判为不合适，或相反,0.501472,0.478539,主要IIV信号：过程冲突、修正信号、选项焦点变化；可追问选项比较：教师B：暂不介入，继续观察游戏进展，待区域小结时请幼儿分享游戏中的体验和问题。；教师C：拿走一个骰子，请幼儿商量只有一个骰子的共同游戏规则，达成一致后再开始游戏。
教师07,sim_openid_007_148978,总体中等,2.9,29,Q2,2,未参与小组建构,大班建构活动中，睿睿和其他幼儿计划一起搭积木大桥，他们讨论了搭建方法，并进入区域开始搭建。就在其他幼儿在认真搭建时，睿睿发现了一块长条木板，他一会儿在地上推着走，一会儿当枪使，没有再参与小组的搭建。,继续观察，后续分享中支持睿睿思考如何把长条木板融入小组的建构中。,肯定睿睿的创造性玩法，询问他长条板能否当桥面，引导他参与到搭桥任务中。,引导睿睿回顾计划，建议他先完成共同任务，长条木板可以等自由游戏时再玩。,看到睿睿玩得开心，暂不介入，等下一次活动时再提醒他根据计划开展游戏。,D 支架策略与游戏推进,E 共同游戏组织,BDAC,0,4,4,0,0.0,0.275,1.1,1.1,4,1.0,0.0,1.0,1.0,1.0,0.5,35.916667,0.359167,22.623,12.387,35.01,0.958383,-0.820196,0.958383,0.479191,3,3,1,1,0,4,0,0,0,22.623,0.0,0,A,B/D,教师A：继续观察，后续分享中支持睿睿思考如何把长条木板融入小组的建构中。,教师B：肯定睿睿的创造性玩法，询问他长条板能否当桥面，引导他参与到搭桥任务中。；教师D：看到睿睿玩得开心，暂不介入，等下一次活动时再提醒他根据计划开展游戏。,过程简单,多次调整；首末位摇摆,追问最理想或最不理想做法的判断为什么发生变化,0.497919,0.457127,主要IIV信号：过程冲突、修正信号、选项焦点变化；可追问选项比较：教师B：肯定睿睿的创造性玩法，询问他长条板能否当桥面，引导他参与到搭桥任务中。；教师D：看到睿睿玩得开心，暂不介入，等下一次活动时再提醒他根据计划开展游戏。
教师07,sim_openid_007_148978,总体中等,2.9,29,Q9,9,艾莎公主不运动,小班的一次户外运动，有几个女孩子从一开始就没有选择任何体育活动项目，而是聚在一起坐在地上玩“艾莎公主”的游戏，比一比谁的鞋子最漂亮，谁的魔法最厉害。,询问幼儿没有参与运动的原因，提供丰富的活动材料吸引幼儿参与运动活动。,提醒幼儿现在是运动时间，请他们等自由游戏时间再一起玩“艾莎公主”的游戏。,利用艾莎公主的鞋子设计走、跑、跳等活动，并以参与者的身份邀请幼儿一起参与运动。,肯定幼儿自主游戏的行为，言语引导幼儿穿着“漂亮的鞋子”参与运动。,D 支架策略与游戏推进,A 儿童视角/B 目标平衡,CDAB,0,4,4,0,0.0,0.275,1.1,1.1,4,1.0,0.0,1.0,1.0,1.0,0.5,31.234848,0.312348,16.941,7.8,24.741,0.062046,-1.919315,0.062046,0.031023,2,2,1,1,0,3,0,0,0,16.941,0.0,0,A,A/B,教师A：询问幼儿没有参与运动的原因，提供丰富的活动材料吸引幼儿参与运动活动。,教师A：询问幼儿没有参与运动的原因，提供丰富的活动材料吸引幼儿参与运动活动。；教师B：提醒幼儿现在是运动时间，请他们等自由游戏时间再一起玩“艾莎公主”的游戏。,过程简单,首末位摇摆,追问最理想或最不理想做法的判断为什么发生变化,0.453102,0.40997,主要IIV信号：过程冲突、修正信号、选项焦点变化；可追问选项比较：教师A：询问幼儿没有参与运动的原因，提供丰富的活动材料吸引幼儿参与运动活动。；教师B：提醒幼儿现在是运动时间，请他们等自由游戏时间再一起玩“艾莎公主”的游戏。
教师07,sim_openid_007_148978,总体中等,2.9,29,Q8,8,跳绳秩序混乱,周三下午，大五班的幼儿正自发进行跳绳游戏。李老师观察后发现，挤在一起跳绳的幼儿人数较多，整个场面十分混乱，幼儿很容易出现碰撞现象。此外，由于当“柱子”的幼儿很久才能轮上跳绳，因此也显得很不耐烦。,请幼儿暂停游戏，将幼儿分成多个小组并引导他们以小组为单位分区域开展游戏。,请幼儿说一说跳绳活动中存在的问题，并邀请幼儿一起设置跳绳的规则。,提供更多数量和不同种类的跳绳，并言语引导幼儿分组分区同时进行跳绳游戏。,暂不介入，活动分享时通过照片或视频回放引导幼儿发现问题并商议解决办法。,E 共同游戏组织与规则共建,B 安全秩序,BDAC,2,4,4,2,0.0,0.275,1.1,1.1,2,0.5,0.0,0.5,0.5,0.8,1.0,59.637879,0.596379,17.871,15.387,33.258,0.227667,-0.304824,0.227667,0.113833,5,5,4,1,0,4,2,2,2,17.871,0.0,0,A,B/D,教师A：请幼儿暂停游戏，将幼儿分成多个小组并引导他们以小组为单位分区域开展游戏。,教师B：请幼儿说一说跳绳活动中存在的问题，并邀请幼儿一起设置跳绳的规则。；教师D：暂不介入，活动分享时通过照片或视频回放引导幼儿发现问题并商议解决办法。,过程中等,多次调整；首末位摇摆；路径振荡,追问最理想或最不理想做法的判断为什么发生变化；追问当时是否在几个判断标准之间反复权衡,0.371383,0.377452,主要IIV信号：选项焦点变化、过程冲突、同题过程信息量；可追问选项比较：教师B：请幼儿说一说跳绳活动中存在的问题，并邀请幼儿一起设置跳绳的规则。；教师D：暂不介入，活动分享时通过照片或视频回放引导幼儿发现问题并商议解决办法。
教师07,sim_openid_007_148978,总体中等,2.9,29,Q5,5,消防员救火开心,近几天，中班的幼儿十分热衷于在区域游戏时间玩“消防员救火”的游戏。游戏结束后的交流活动中，老师问幼儿最想分享什么时，阳阳说“娃娃家着火了，好开心啊！”。,抓住教育契机，向幼儿耐心解释真实的火灾会造成物品损失和人员伤亡。,询问幼儿开心的是“着火”本身，还是消防员成功救火、娃娃家的人得救？,引导幼儿思考“娃娃家着火”值不值得开心，帮助他们认识真实火灾是危险的。,请阳阳讲讲娃娃家着火后发生了什么、为什么开心，借此理解幼儿的游戏体验。,A 游戏意义理解与儿童视角,B 价值平衡,DBAC,2,3,3,2,0.25,0.025,0.1,0.1,1,0.25,0.0,0.25,0.25,0.5,0.5,47.724031,0.47724,20.925,13.597,34.522,0.716588,-0.598716,0.716588,0.358294,2,2,1,1,1,3,0,0,0,20.925,0.0,0,D,A/B,教师D：请阳阳讲讲娃娃家着火后发生了什么、为什么开心，借此理解幼儿的游戏体验。,教师A：抓住教育契机，向幼儿耐心解释真实的火灾会造成物品损失和人员伤亡。；教师B：询问幼儿开心的是“着火”本身，还是消防员成功救火、娃娃家的人得救？,过程简单,首末位摇摆；优劣方向冲突,追问最理想或最不理想做法的判断为什么发生变化；追问是否曾把某做法从合适改判为不合适，或相反,0.335829,0.300941,主要IIV信号：过程冲突、选项焦点变化、同题过程信息量；可追问选项比较：教师A：抓住教育契机，向幼儿耐心解释真实的火灾会造成物品损失和人员伤亡。；教师B：询问幼儿开心的是“着火”本身，还是消防员成功救火、娃娃家的人得救？
教师08,sim_openid_008_921296,总体中等,2.9,29,Q3,3,材料选择无层次,大班上学期，张老师在建构区投放了按图搭建的游戏材料，并提供了不同星级难度的任务卡供幼儿选择，但有的幼儿一上来就选择高难度的三星级任务卡，结果不能顺利完成任务；而有的幼儿始终选择低难度的一星级任务卡。这天，浩浩又连续选择了几张一星级任务卡，很快就完成了任务。,调整任务卡提供方式，在游戏开始前根据幼儿的能力水平有针对性地发放任务卡。,暂不介入，尊重幼儿的自主选择和游戏体验，只要完成任务就是一种经验积累。,调整任务卡呈现方式，如增加“我想挑战”等提示，鼓励幼儿选择不同星级的挑战。,和浩浩回顾已完成的任务，比较不同星级的难度，邀请他选择稍有挑战的任务。,D 支架策略与游戏推进,C 观察诊断,BCDA,0,3,4,0,0.25,0.025,0.1,0.1,3,1.0,0.25,0.75,0.75,1.0,1.0,53.266667,0.532667,18.514,17.785,36.299,0.082215,0.68957,0.68957,0.344785,4,4,2,3,1,5,0,0,0,18.514,0.0,0,A,C/D,教师A：调整任务卡提供方式，在游戏开始前根据幼儿的能力水平有针对性地发放任务卡。,教师C：调整任务卡呈现方式，如增加“我想挑战”等提示，鼓励幼儿选择不同星级的挑战。；教师D：和浩浩回顾已完成的任务，比较不同星级的难度，邀请他选择稍有挑战的任务。,过程中等,多次调整；首末位摇摆；优劣方向冲突,追问最理想或最不理想做法的判断为什么发生变化；追问是否曾把某做法从合适改判为不合适，或相反,0.584478,0.502362,主要IIV信号：过程冲突、选项焦点变化、修正信号；可追问选项比较：教师C：调整任务卡呈现方式，如增加“我想挑战”等提示，鼓励幼儿选择不同星级的挑战。；教师D：和浩浩回顾已完成的任务，比较不同星级的难度，邀请他选择稍有挑战的任务。
教师08,sim_openid_008_921296,总体中等,2.9,29,Q9,9,艾莎公主不运动,小班的一次户外运动，有几个女孩子从一开始就没有选择任何体育活动项目，而是聚在一起坐在地上玩“艾莎公主”的游戏，比一比谁的鞋子最漂亮，谁的魔法最厉害。,询问幼儿没有参与运动的原因，提供丰富的活动材料吸引幼儿参与运动活动。,提醒幼儿现在是运动时间，请他们等自由游戏时间再一起玩“艾莎公主”的游戏。,利用艾莎公主的鞋子设计走、跑、跳等活动，并以参与者的身份邀请幼儿一起参与运动。,肯定幼儿自主游戏的行为，言语引导幼儿穿着“漂亮的鞋子”参与运动。,D 支架策略与游戏推进,A 儿童视角/B 目标平衡,DBAC,0,2,2,0,0.5,0.225,-0.9,0.9,2,0.5,0.0,0.5,0.5,0.666667,0.75,51.256061,0.512561,25.519,12.588,38.107,0.830823,-0.03711,0.830823,0.415412,3,3,2,1,0,4,0,0,0,25.519,0.0,0,D,B/D,教师D：肯定幼儿自主游戏的行为，言语引导幼儿穿着“漂亮的鞋子”参与运动。,教师B：提醒幼儿现在是运动时间，请他们等自由游戏时间再一起玩“艾莎公主”的游戏。；教师D：肯定幼儿自主游戏的行为，言语引导幼儿穿着“漂亮的鞋子”参与运动。,过程中等,多次调整；首末位摇摆,追问最理想或最不理想做法的判断为什么发生变化,0.549874,0.500919,主要IIV信号：选项焦点变化、过程冲突、同题过程信息量；可追问选项比较：教师B：提醒幼儿现在是运动时间，请他们等自由游戏时间再一起玩“艾莎公主”的游戏。；教师D：肯定幼儿自主游戏的行为，言语引导幼儿穿着“漂亮的鞋子”参与运动。
教师08,sim_openid_008_921296,总体中等,2.9,29,Q7,7,飞行棋各走各的,大班区域游戏中，轩轩和小宇一起玩飞行棋，他们将棋子摆好后，各自拿了一个骰子开始投，小宇说：“该我走。”轩轩说：“明明该我走！”相持不下，于是两人各拿一个骰子，自顾自地走自己的棋。,耐心讲解共同游戏的规则，再以“棋手”身份加入游戏进行示范引导。,暂不介入，继续观察游戏进展，待区域小结时请幼儿分享游戏中的体验和问题。,拿走一个骰子，请幼儿商量只有一个骰子的共同游戏规则，达成一致后再开始游戏。,待幼儿体验一轮各走各的游戏后，询问幼儿的游戏体验，提示共同游戏规则的作用。,E 共同游戏组织与规则共建,B 规则平衡,DACB,0,2,2,0,0.5,0.225,-0.9,0.9,2,0.5,0.0,0.5,0.5,0.5,0.75,56.252713,0.562527,24.836,11.847,36.683,0.767535,-0.164673,0.767535,0.383767,2,2,1,2,1,3,0,0,0,24.836,0.0,0,D,B/C,教师D：待幼儿体验一轮各走各的游戏后，询问幼儿的游戏体验，提示共同游戏规则的作用。,教师B：暂不介入，继续观察游戏进展，待区域小结时请幼儿分享游戏中的体验和问题。；教师C：拿走一个骰子，请幼儿商量只有一个骰子的共同游戏规则，达成一致后再开始游戏。,过程复杂,首反应异常；首末位摇摆；优劣方向冲突,请教师回忆读到情境后最先注意到什么、是否很快形成判断或感到难判断；追问最理想或最不理想做法的判断为什么发生变化；追问是否曾把某做法从合适改判为不合适，或相反,0.513377,0.475253,主要IIV信号：选项焦点变化、同题过程信息量、结果风险；可追问选项比较：教师B：暂不介入，继续观察游戏进展，待区域小结时请幼儿分享游戏中的体验和问题。；教师C：拿走一个骰子，请幼儿商量只有一个骰子的共同游戏规则，达成一致后再开始游戏。
教师08,sim_openid_008_921296,总体中等,2.9,29,Q2,2,未参与小组建构,大班建构活动中，睿睿和其他幼儿计划一起搭积木大桥，他们讨论了搭建方法，并进入区域开始搭建。就在其他幼儿在认真搭建时，睿睿发现了一块长条木板，他一会儿在地上推着走，一会儿当枪使，没有再参与小组的搭建。,继续观察，后续分享中支持睿睿思考如何把长条木板融入小组的建构中。,肯定睿睿的创造性玩法，询问他长条板能否当桥面，引导他参与到搭桥任务中。,引导睿睿回顾计划，建议他先完成共同任务，长条木板可以等自由游戏时再玩。,看到睿睿玩得开心，暂不介入，等下一次活动时再提醒他根据计划开展游戏。,D 支架策略与游戏推进,E 共同游戏组织,DCAB,0,2,2,0,0.5,0.225,-0.9,0.9,2,0.5,0.0,0.5,0.5,0.666667,0.5,31.205556,0.312056,18.068,11.927,29.995,0.025329,-0.150522,0.025329,0.012665,3,3,1,1,0,4,0,0,0,18.068,0.0,0,D,C/D,教师D：看到睿睿玩得开心，暂不介入，等下一次活动时再提醒他根据计划开展游戏。,教师C：引导睿睿回顾计划，建议他先完成共同任务，长条木板可以等自由游戏时再玩。；教师D：看到睿睿玩得开心，暂不介入，等下一次活动时再提醒他根据计划开展游戏。,过程简单,多次调整；首末位摇摆,追问最理想或最不理想做法的判断为什么发生变化,0.4846,0.425619,主要IIV信号：过程冲突、结果风险、修正信号；可追问选项比较：教师C：引导睿睿回顾计划，建议他先完成共同任务，长条木板可以等自由游戏时再玩。；教师D：看到睿睿玩得开心，暂不介入，等下一次活动时再提醒他根据计划开展游戏。
教师08,sim_openid_008_921296,总体中等,2.9,29,Q6,6,区域停留短,小班幼儿瑶瑶在区域活动时，一会儿在娃娃家切切菜，一会儿到美工区搓搓橡皮泥，一会儿又开心地跑到其它区域游戏，在任何一个区域停留时间都不超过三分钟。,提议瑶瑶完成某项游戏任务，如在娃娃家做菜，请他活动小结时分享。,游戏前提醒区域活动规则，活动结束后表扬区域游戏规则遵守得好的小朋友。,仔细观察瑶瑶在不同区域的游戏情况，分析他发生迅速转移的原因。,以同伴的身份陪伴瑶瑶在某一区域游戏，待他专注游戏后再离开。,C 观察诊断与介入时机,A 儿童视角,BCAD,2,4,4,2,0.0,0.275,1.1,1.1,2,0.5,0.0,0.5,0.5,0.75,0.75,45.712016,0.45712,22.305,18.464,40.769,0.51679,0.768349,0.768349,0.384174,4,4,3,0,0,4,1,1,0,22.305,0.0,0,A,A/B,教师A：提议瑶瑶完成某项游戏任务，如在娃娃家做菜，请他活动小结时分享。,教师A：提议瑶瑶完成某项游戏任务，如在娃娃家做菜，请他活动小结时分享。；教师B：游戏前提醒区域活动规则，活动结束后表扬区域游戏规则遵守得好的小朋友。,过程简单,多次调整；首末位摇摆,追问最理想或最不理想做法的判断为什么发生变化,0.363417,0.365023,主要IIV信号：过程冲突、选项焦点变化、修正信号；可追问选项比较：教师A：提议瑶瑶完成某项游戏任务，如在娃娃家做菜，请他活动小结时分享。；教师B：游戏前提醒区域活动规则，活动结束后表扬区域游戏规则遵守得好的小朋友。
教师08,sim_openid_008_921296,总体中等,2.9,29,Q1,1,篮球架玩水,操场上新安装了一些篮球架，幼儿经常在这里投篮。某天户外活动时，几名幼儿带着画笔和水桶来到这里，他们先是快乐地粉刷篮球架，之后开始往篮框里灌水，有的从上面灌，有的在下面接，忙的不亦乐乎，俨然这里成为了玩水的场地。,看到幼儿玩得很开心，不干预他们的玩水行为，待兴趣减弱后再讨论玩水的适宜性。,表扬幼儿的新发现，并询问在篮球架旁玩水是否合适，提议幼儿可以换个地方玩水。,参与到幼儿的“粉刷”游戏中，逐步引导幼儿到适宜玩水的地方继续开展游戏。,提醒幼儿篮球架是用于开展运动的，与其他幼儿一起召唤他们打篮球，转移他们的关注点。,B 自主游戏与规则/安全/价值平衡,A 游戏意义理解,CABD,4,4,4,2,0.0,0.275,1.1,1.1,0,0.5,0.0,0.5,0.5,0.666667,0.75,51.99065,0.519907,13.635,16.813,30.448,-0.631378,0.571398,0.571398,0.285699,3,3,1,2,0,4,0,0,0,13.635,0.0,0,C,B/D,教师C：参与到幼儿的“粉刷”游戏中，逐步引导幼儿到适宜玩水的地方继续开展游戏。,教师B：表扬幼儿的新发现，并询问在篮球架旁玩水是否合适，提议幼儿可以换个地方玩水。；教师D：提醒幼儿篮球架是用于开展运动的，与其他幼儿一起召唤他们打篮球，转移他们的关注点。,过程中等,多次调整；首末位摇摆,追问最理想或最不理想做法的判断为什么发生变化,0.336903,0.345815,主要IIV信号：选项焦点变化、过程冲突、同题过程信息量；可追问选项比较：教师B：表扬幼儿的新发现，并询问在篮球架旁玩水是否合适，提议幼儿可以换个地方玩水。；教师D：提醒幼儿篮球架是用于开展运动的，与其他幼儿一起召唤他们打篮球，转移他们的关注点。
教师08,sim_openid_008_921296,总体中等,2.9,29,Q5,5,消防员救火开心,近几天，中班的幼儿十分热衷于在区域游戏时间玩“消防员救火”的游戏。游戏结束后的交流活动中，老师问幼儿最想分享什么时，阳阳说“娃娃家着火了，好开心啊！”。,抓住教育契机，向幼儿耐心解释真实的火灾会造成物品损失和人员伤亡。,询问幼儿开心的是“着火”本身，还是消防员成功救火、娃娃家的人得救？,引导幼儿思考“娃娃家着火”值不值得开心，帮助他们认识真实火灾是危险的。,请阳阳讲讲娃娃家着火后发生了什么、为什么开心，借此理解幼儿的游戏体验。,A 游戏意义理解与儿童视角,B 价值平衡,BADC,2,3,4,2,0.25,0.025,0.1,0.1,1,0.5,0.25,0.25,0.25,0.75,0.5,54.418217,0.544182,13.842,16.953,30.795,-0.596228,0.588833,0.588833,0.294417,4,4,1,1,0,4,1,1,1,13.842,0.0,0,A,A/D,教师A：抓住教育契机，向幼儿耐心解释真实的火灾会造成物品损失和人员伤亡。,教师A：抓住教育契机，向幼儿耐心解释真实的火灾会造成物品损失和人员伤亡。；教师D：请阳阳讲讲娃娃家着火后发生了什么、为什么开心，借此理解幼儿的游戏体验。,过程复杂,多次调整；首末位摇摆；路径振荡,追问最理想或最不理想做法的判断为什么发生变化；追问当时是否在几个判断标准之间反复权衡,0.379442,0.335401,主要IIV信号：过程冲突、同题过程信息量、选项焦点变化；可追问选项比较：教师A：抓住教育契机，向幼儿耐心解释真实的火灾会造成物品损失和人员伤亡。；教师D：请阳阳讲讲娃娃家着火后发生了什么、为什么开心，借此理解幼儿的游戏体验。
教师08,sim_openid_008_921296,总体中等,2.9,29,Q10,10,引水难题未解,中班上学期，幼儿在“引水游戏”中遇到了难题——水无法被引到竹片管道上。他们不断调整竹片拼接的方式，却始终没能成功，即竹片一头高于出水管道，阻碍了引流。渐渐地幼儿的探索兴趣也减弱了，有的开始玩水，有的甚至离开了水池。,示范正确的引水方法，请幼儿注意观察并说说引水的要领，再自己试一试。,加入幼儿的探索，引导他们观察水流受阻的位置，一起尝试调整竹片的摆放方式。,组织幼儿就游戏困难进行讨论，寻找解决问题的方案，引导幼儿再次尝试。,投放更多辅助引水的材料，重新激起幼儿的探索兴趣，继续观察游戏进展。,C 观察诊断与介入时机,D 探究支架,DABC,1,3,3,1,0.25,0.025,0.1,0.1,2,0.5,0.0,0.5,0.5,0.666667,0.5,54.012791,0.540128,6.413,13.118,19.531,-2.391089,0.049604,0.049604,0.024802,3,3,1,1,0,4,0,0,0,7.661,0.0,0,D,C/D,教师D：投放更多辅助引水的材料，重新激起幼儿的探索兴趣，继续观察游戏进展。,教师C：组织幼儿就游戏困难进行讨论，寻找解决问题的方案，引导幼儿再次尝试。；教师D：投放更多辅助引水的材料，重新激起幼儿的探索兴趣，继续观察游戏进展。,过程复杂,首反应异常；多次调整；首末位摇摆,请教师回忆读到情境后最先注意到什么、是否很快形成判断或感到难判断；追问最理想或最不理想做法的判断为什么发生变化,0.385814,0.333237,主要IIV信号：过程冲突、同题过程信息量、修正信号；可追问选项比较：教师C：组织幼儿就游戏困难进行讨论，寻找解决问题的方案，引导幼儿再次尝试。；教师D：投放更多辅助引水的材料，重新激起幼儿的探索兴趣，继续观察游戏进展。
教师08,sim_openid_008_921296,总体中等,2.9,29,Q4,4,频繁求助,中班区域活动时，小明选择了建构区。玩了一会儿，他跑到老师面前说“老师，我不会搭……帮帮我吧”，教师问他需要什么帮助时，他一边说我不会搭，一边却很快地将房子从一层积木加高到了两层。看小明专注搭建后，老师就离开建构区了。可是没一会，小明又找了老师好几次，说“老师，帮帮我吧，我不会搭”。,鼓励小明独立搭建，引导他思考接下来如何搭建，及时表扬他的努力。,先示范搭建关键部分，请小明观察方法，再鼓励他照着继续搭建。,在旁观察小明的搭建过程，并适时反馈，帮助他理清搭建步骤。,帮小明回顾已搭建完成的部分，指导他设定小目标，尝试自己实现。,C 观察诊断与介入时机,D 支架策略,ACBD,2,3,4,2,0.25,0.025,0.1,0.1,1,0.5,0.25,0.25,0.25,0.666667,0.5,48.516667,0.485167,23.98,15.109,39.089,0.685712,0.346711,0.685712,0.342856,3,3,0,2,0,3,1,1,1,23.98,0.0,0,B,B/D,教师B：先示范搭建关键部分，请小明观察方法，再鼓励他照着继续搭建。,教师B：先示范搭建关键部分，请小明观察方法，再鼓励他照着继续搭建。；教师D：帮小明回顾已搭建完成的部分，指导他设定小目标，尝试自己实现。,过程中等,多次调整；首末位摇摆；路径振荡,追问最理想或最不理想做法的判断为什么发生变化；追问当时是否在几个判断标准之间反复权衡,0.367619,0.324794,主要IIV信号：过程冲突、选项焦点变化、同题过程信息量；可追问选项比较：教师B：先示范搭建关键部分，请小明观察方法，再鼓励他照着继续搭建。；教师D：帮小明回顾已搭建完成的部分，指导他设定小目标，尝试自己实现。
教师08,sim_openid_008_921296,总体中等,2.9,29,Q8,8,跳绳秩序混乱,周三下午，大五班的幼儿正自发进行跳绳游戏。李老师观察后发现，挤在一起跳绳的幼儿人数较多，整个场面十分混乱，幼儿很容易出现碰撞现象。此外，由于当“柱子”的幼儿很久才能轮上跳绳，因此也显得很不耐烦。,请幼儿暂停游戏，将幼儿分成多个小组并引导他们以小组为单位分区域开展游戏。,请幼儿说一说跳绳活动中存在的问题，并邀请幼儿一起设置跳绳的规则。,提供更多数量和不同种类的跳绳，并言语引导幼儿分组分区同时进行跳绳游戏。,暂不介入，活动分享时通过照片或视频回放引导幼儿发现问题并商议解决办法。,E 共同游戏组织与规则共建,B 安全秩序,BADC,2,3,3,2,0.25,0.025,0.1,0.1,1,0.25,0.0,0.25,0.25,0.5,0.5,41.465152,0.414652,24.234,3.612,27.846,0.710292,-2.662159,0.710292,0.355146,2,2,1,1,0,3,0,0,0,24.234,0.0,0,A,C/D,教师A：请幼儿暂停游戏，将幼儿分成多个小组并引导他们以小组为单位分区域开展游戏。,教师C：提供更多数量和不同种类的跳绳，并言语引导幼儿分组分区同时进行跳绳游戏。；教师D：暂不介入，活动分享时通过照片或视频回放引导幼儿发现问题并商议解决办法。,过程简单,首反应异常；首末位摇摆,请教师回忆读到情境后最先注意到什么、是否很快形成判断或感到难判断；追问最理想或最不理想做法的判断为什么发生变化,0.335515,0.297497,主要IIV信号：过程冲突、选项焦点变化、同题过程信息量；可追问选项比较：教师C：提供更多数量和不同种类的跳绳，并言语引导幼儿分组分区同时进行跳绳游戏。；教师D：暂不介入，活动分享时通过照片或视频回放引导幼儿发现问题并商议解决办法。
教师09,sim_openid_009_149687,总体偏低,1.4,14,Q1,1,篮球架玩水,操场上新安装了一些篮球架，幼儿经常在这里投篮。某天户外活动时，几名幼儿带着画笔和水桶来到这里，他们先是快乐地粉刷篮球架，之后开始往篮框里灌水，有的从上面灌，有的在下面接，忙的不亦乐乎，俨然这里成为了玩水的场地。,看到幼儿玩得很开心，不干预他们的玩水行为，待兴趣减弱后再讨论玩水的适宜性。,表扬幼儿的新发现，并询问在篮球架旁玩水是否合适，提议幼儿可以换个地方玩水。,参与到幼儿的“粉刷”游戏中，逐步引导幼儿到适宜玩水的地方继续开展游戏。,提醒幼儿篮球架是用于开展运动的，与其他幼儿一起召唤他们打篮球，转移他们的关注点。,B 自主游戏与规则/安全/价值平衡,A 游戏意义理解,DBCA,4,0,4,0,1.0,0.35,-1.4,1.4,-4,1.0,1.0,0.0,1.0,1.0,1.0,74.302846,0.743028,21.896,25.703,47.599,0.61967,-0.697298,0.61967,0.309835,6,6,5,3,3,6,1,1,1,21.896,0.0,0,A,B/C,教师A：看到幼儿玩得很开心，不干预他们的玩水行为，待兴趣减弱后再讨论玩水的适宜性。,教师B：表扬幼儿的新发现，并询问在篮球架旁玩水是否合适，提议幼儿可以换个地方玩水。；教师C：参与到幼儿的“粉刷”游戏中，逐步引导幼儿到适宜玩水的地方继续开展游戏。,过程复杂,高修正投入；多次调整；首末位摇摆；优劣方向冲突；路径振荡,追问后续主要在比较哪些做法、为什么调整；追问最理想或最不理想做法的判断为什么发生变化；追问是否曾把某做法从合适改判为不合适，或相反；追问当时是否在几个判断标准之间反复权衡,0.930983,0.820635,主要IIV信号：结果风险、过程冲突、修正信号；可追问选项比较：教师B：表扬幼儿的新发现，并询问在篮球架旁玩水是否合适，提议幼儿可以换个地方玩水。；教师C：参与到幼儿的“粉刷”游戏中，逐步引导幼儿到适宜玩水的地方继续开展游戏。
教师09,sim_openid_009_149687,总体偏低,1.4,14,Q2,2,未参与小组建构,大班建构活动中，睿睿和其他幼儿计划一起搭积木大桥，他们讨论了搭建方法，并进入区域开始搭建。就在其他幼儿在认真搭建时，睿睿发现了一块长条木板，他一会儿在地上推着走，一会儿当枪使，没有再参与小组的搭建。,继续观察，后续分享中支持睿睿思考如何把长条木板融入小组的建构中。,肯定睿睿的创造性玩法，询问他长条板能否当桥面，引导他参与到搭桥任务中。,引导睿睿回顾计划，建议他先完成共同任务，长条木板可以等自由游戏时再玩。,看到睿睿玩得开心，暂不介入，等下一次活动时再提醒他根据计划开展游戏。,D 支架策略与游戏推进,E 共同游戏组织,ABCD,0,0,3,0,1.0,0.35,-1.4,1.4,0,0.75,0.75,0.0,0.75,0.833333,1.0,84.411111,0.844111,28.573,30.484,59.057,1.157312,0.096094,1.157312,0.578656,6,6,4,4,3,5,2,2,1,28.573,0.0,0,,A/B,,教师A：继续观察，后续分享中支持睿睿思考如何把长条木板融入小组的建构中。；教师B：肯定睿睿的创造性玩法，询问他长条板能否当桥面，引导他参与到搭桥任务中。,过程复杂,首反应异常；高修正投入；多次调整；首末位摇摆；优劣方向冲突；路径振荡,请教师回忆读到情境后最先注意到什么、是否很快形成判断或感到难判断；追问后续主要在比较哪些做法、为什么调整；追问最理想或最不理想做法的判断为什么发生变化；追问是否曾把某做法从合适改判为不合适，或相反；追问当时是否在几个判断标准之间反复权衡,0.874532,0.790071,主要IIV信号：结果风险、选项焦点变化、同题过程信息量；可追问选项比较：教师A：继续观察，后续分享中支持睿睿思考如何把长条木板融入小组的建构中。；教师B：肯定睿睿的创造性玩法，询问他长条板能否当桥面，引导他参与到搭桥任务中。
教师09,sim_openid_009_149687,总体偏低,1.4,14,Q8,8,跳绳秩序混乱,周三下午，大五班的幼儿正自发进行跳绳游戏。李老师观察后发现，挤在一起跳绳的幼儿人数较多，整个场面十分混乱，幼儿很容易出现碰撞现象。此外，由于当“柱子”的幼儿很久才能轮上跳绳，因此也显得很不耐烦。,请幼儿暂停游戏，将幼儿分成多个小组并引导他们以小组为单位分区域开展游戏。,请幼儿说一说跳绳活动中存在的问题，并邀请幼儿一起设置跳绳的规则。,提供更多数量和不同种类的跳绳，并言语引导幼儿分组分区同时进行跳绳游戏。,暂不介入，活动分享时通过照片或视频回放引导幼儿发现问题并商议解决办法。,E 共同游戏组织与规则共建,B 安全秩序,CADB,2,0,2,0,1.0,0.35,-1.4,1.4,-2,0.5,0.5,0.0,0.5,0.875,1.0,84.74697,0.84747,8.833,34.798,43.631,-1.214113,0.711658,0.711658,0.355829,8,8,3,4,1,9,0,0,0,8.833,0.0,0,B,B/C,教师B：请幼儿说一说跳绳活动中存在的问题，并邀请幼儿一起设置跳绳的规则。,教师B：请幼儿说一说跳绳活动中存在的问题，并邀请幼儿一起设置跳绳的规则。；教师C：提供更多数量和不同种类的跳绳，并言语引导幼儿分组分区同时进行跳绳游戏。,过程复杂,首反应异常；高修正投入；多次调整；首末位摇摆；优劣方向冲突,请教师回忆读到情境后最先注意到什么、是否很快形成判断或感到难判断；追问后续主要在比较哪些做法、为什么调整；追问最理想或最不理想做法的判断为什么发生变化；追问是否曾把某做法从合适改判为不合适，或相反,0.810583,0.736706,主要IIV信号：结果风险、选项焦点变化、过程冲突；可追问选项比较：教师B：请幼儿说一说跳绳活动中存在的问题，并邀请幼儿一起设置跳绳的规则。；教师C：提供更多数量和不同种类的跳绳，并言语引导幼儿分组分区同时进行跳绳游戏。
教师09,sim_openid_009_149687,总体偏低,1.4,14,Q10,10,引水难题未解,中班上学期，幼儿在“引水游戏”中遇到了难题——水无法被引到竹片管道上。他们不断调整竹片拼接的方式，却始终没能成功，即竹片一头高于出水管道，阻碍了引流。渐渐地幼儿的探索兴趣也减弱了，有的开始玩水，有的甚至离开了水池。,示范正确的引水方法，请幼儿注意观察并说说引水的要领，再自己试一试。,加入幼儿的探索，引导他们观察水流受阻的位置，一起尝试调整竹片的摆放方式。,组织幼儿就游戏困难进行讨论，寻找解决问题的方案，引导幼儿再次尝试。,投放更多辅助引水的材料，重新激起幼儿的探索兴趣，继续观察游戏进展。,C 观察诊断与介入时机,D 探究支架,BCDA,1,1,4,1,0.75,0.1,-0.4,0.4,0,0.75,0.75,0.0,0.75,0.857143,1.0,70.757752,0.707578,13.983,32.96,46.943,-0.286227,0.459284,0.459284,0.229642,7,7,3,3,0,8,0,0,0,13.983,0.0,0,A,B/C,教师A：示范正确的引水方法，请幼儿注意观察并说说引水的要领，再自己试一试。,教师B：加入幼儿的探索，引导他们观察水流受阻的位置，一起尝试调整竹片的摆放方式。；教师C：组织幼儿就游戏困难进行讨论，寻找解决问题的方案，引导幼儿再次尝试。,过程复杂,高修正投入；多次调整；首末位摇摆,追问后续主要在比较哪些做法、为什么调整；追问最理想或最不理想做法的判断为什么发生变化,0.744393,0.639415,主要IIV信号：选项焦点变化、过程冲突、结果风险；可追问选项比较：教师B：加入幼儿的探索，引导他们观察水流受阻的位置，一起尝试调整竹片的摆放方式。；教师C：组织幼儿就游戏困难进行讨论，寻找解决问题的方案，引导幼儿再次尝试。
教师09,sim_openid_009_149687,总体偏低,1.4,14,Q5,5,消防员救火开心,近几天，中班的幼儿十分热衷于在区域游戏时间玩“消防员救火”的游戏。游戏结束后的交流活动中，老师问幼儿最想分享什么时，阳阳说“娃娃家着火了，好开心啊！”。,抓住教育契机，向幼儿耐心解释真实的火灾会造成物品损失和人员伤亡。,询问幼儿开心的是“着火”本身，还是消防员成功救火、娃娃家的人得救？,引导幼儿思考“娃娃家着火”值不值得开心，帮助他们认识真实火灾是危险的。,请阳阳讲讲娃娃家着火后发生了什么、为什么开心，借此理解幼儿的游戏体验。,A 游戏意义理解与儿童视角,B 价值平衡,DBCA,2,1,3,1,0.75,0.1,-0.4,0.4,-1,0.5,0.5,0.0,0.5,0.857143,1.0,75.856977,0.75857,20.095,33.668,53.763,0.446286,0.558127,0.558127,0.279064,7,7,4,3,0,7,1,1,1,20.095,0.0,0,A,C/D,教师A：抓住教育契机，向幼儿耐心解释真实的火灾会造成物品损失和人员伤亡。,教师C：引导幼儿思考“娃娃家着火”值不值得开心，帮助他们认识真实火灾是危险的。；教师D：请阳阳讲讲娃娃家着火后发生了什么、为什么开心，借此理解幼儿的游戏体验。,过程复杂,高修正投入；多次调整；首末位摇摆；路径振荡,追问后续主要在比较哪些做法、为什么调整；追问最理想或最不理想做法的判断为什么发生变化；追问当时是否在几个判断标准之间反复权衡,0.699335,0.609406,主要IIV信号：选项焦点变化、过程冲突、同题过程信息量；可追问选项比较：教师C：引导幼儿思考“娃娃家着火”值不值得开心，帮助他们认识真实火灾是危险的。；教师D：请阳阳讲讲娃娃家着火后发生了什么、为什么开心，借此理解幼儿的游戏体验。
教师09,sim_openid_009_149687,总体偏低,1.4,14,Q7,7,飞行棋各走各的,大班区域游戏中，轩轩和小宇一起玩飞行棋，他们将棋子摆好后，各自拿了一个骰子开始投，小宇说：“该我走。”轩轩说：“明明该我走！”相持不下，于是两人各拿一个骰子，自顾自地走自己的棋。,耐心讲解共同游戏的规则，再以“棋手”身份加入游戏进行示范引导。,暂不介入，继续观察游戏进展，待区域小结时请幼儿分享游戏中的体验和问题。,拿走一个骰子，请幼儿商量只有一个骰子的共同游戏规则，达成一致后再开始游戏。,待幼儿体验一轮各走各的游戏后，询问幼儿的游戏体验，提示共同游戏规则的作用。,E 共同游戏组织与规则共建,B 规则平衡,ABDC,0,3,3,0,0.25,0.4,1.6,1.6,3,0.75,0.0,0.75,0.75,0.857143,0.75,85.492248,0.854922,29.66,42.729,72.389,1.232733,1.666542,1.666542,0.833271,7,7,2,1,0,4,4,4,3,29.66,0.0,0,C,B/D,教师C：拿走一个骰子，请幼儿商量只有一个骰子的共同游戏规则，达成一致后再开始游戏。,教师B：暂不介入，继续观察游戏进展，待区域小结时请幼儿分享游戏中的体验和问题。；教师D：待幼儿体验一轮各走各的游戏后，询问幼儿的游戏体验，提示共同游戏规则的作用。,过程复杂,首反应异常；高修正投入；多次调整；首末位摇摆；路径振荡,请教师回忆读到情境后最先注意到什么、是否很快形成判断或感到难判断；追问后续主要在比较哪些做法、为什么调整；追问最理想或最不理想做法的判断为什么发生变化；追问当时是否在几个判断标准之间反复权衡,0.579756,0.577145,主要IIV信号：过程冲突、同题过程信息量、相对时间信号；可追问选项比较：教师B：暂不介入，继续观察游戏进展，待区域小结时请幼儿分享游戏中的体验和问题。；教师D：待幼儿体验一轮各走各的游戏后，询问幼儿的游戏体验，提示共同游戏规则的作用。
教师09,sim_openid_009_149687,总体偏低,1.4,14,Q3,3,材料选择无层次,大班上学期，张老师在建构区投放了按图搭建的游戏材料，并提供了不同星级难度的任务卡供幼儿选择，但有的幼儿一上来就选择高难度的三星级任务卡，结果不能顺利完成任务；而有的幼儿始终选择低难度的一星级任务卡。这天，浩浩又连续选择了几张一星级任务卡，很快就完成了任务。,调整任务卡提供方式，在游戏开始前根据幼儿的能力水平有针对性地发放任务卡。,暂不介入，尊重幼儿的自主选择和游戏体验，只要完成任务就是一种经验积累。,调整任务卡呈现方式，如增加“我想挑战”等提示，鼓励幼儿选择不同星级的挑战。,和浩浩回顾已完成的任务，比较不同星级的难度，邀请他选择稍有挑战的任务。,D 支架策略与游戏推进,C 观察诊断,CADB,0,1,1,0,0.75,0.1,-0.4,0.4,1,0.25,0.0,0.25,0.25,0.833333,1.0,84.561111,0.845611,7.887,32.635,40.522,-1.442938,0.413198,0.413198,0.206599,6,6,3,3,0,4,3,3,1,7.887,0.0,0,B,A/C,教师B：暂不介入，尊重幼儿的自主选择和游戏体验，只要完成任务就是一种经验积累。,教师A：调整任务卡提供方式，在游戏开始前根据幼儿的能力水平有针对性地发放任务卡。；教师C：调整任务卡呈现方式，如增加“我想挑战”等提示，鼓励幼儿选择不同星级的挑战。,过程复杂,首反应异常；高修正投入；多次调整；首末位摇摆；路径振荡,请教师回忆读到情境后最先注意到什么、是否很快形成判断或感到难判断；追问后续主要在比较哪些做法、为什么调整；追问最理想或最不理想做法的判断为什么发生变化；追问当时是否在几个判断标准之间反复权衡,0.637327,0.56544,主要IIV信号：选项焦点变化、同题过程信息量、过程冲突；可追问选项比较：教师A：调整任务卡提供方式，在游戏开始前根据幼儿的能力水平有针对性地发放任务卡。；教师C：调整任务卡呈现方式，如增加“我想挑战”等提示，鼓励幼儿选择不同星级的挑战。
教师09,sim_openid_009_149687,总体偏低,1.4,14,Q4,4,频繁求助,中班区域活动时，小明选择了建构区。玩了一会儿，他跑到老师面前说“老师，我不会搭……帮帮我吧”，教师问他需要什么帮助时，他一边说我不会搭，一边却很快地将房子从一层积木加高到了两层。看小明专注搭建后，老师就离开建构区了。可是没一会，小明又找了老师好几次，说“老师，帮帮我吧，我不会搭”。,鼓励小明独立搭建，引导他思考接下来如何搭建，及时表扬他的努力。,先示范搭建关键部分，请小明观察方法，再鼓励他照着继续搭建。,在旁观察小明的搭建过程，并适时反馈，帮助他理清搭建步骤。,帮小明回顾已搭建完成的部分，指导他设定小目标，尝试自己实现。,C 观察诊断与介入时机,D 支架策略,DACB,2,2,3,1,0.5,0.15,0.6,0.6,0,0.5,0.25,0.25,0.25,0.8,1.0,78.066667,0.780667,25.188,25.957,51.145,0.9026,-0.651564,0.9026,0.4513,5,5,1,3,1,5,1,1,0,25.188,0.0,0,D,B/C,教师D：帮小明回顾已搭建完成的部分，指导他设定小目标，尝试自己实现。,教师B：先示范搭建关键部分，请小明观察方法，再鼓励他照着继续搭建。；教师C：在旁观察小明的搭建过程，并适时反馈，帮助他理清搭建步骤。,过程复杂,首反应异常；高修正投入；多次调整；首末位摇摆；优劣方向冲突,请教师回忆读到情境后最先注意到什么、是否很快形成判断或感到难判断；追问后续主要在比较哪些做法、为什么调整；追问最理想或最不理想做法的判断为什么发生变化；追问是否曾把某做法从合适改判为不合适，或相反,0.55513,0.514163,主要IIV信号：选项焦点变化、过程冲突、同题过程信息量；可追问选项比较：教师B：先示范搭建关键部分，请小明观察方法，再鼓励他照着继续搭建。；教师C：在旁观察小明的搭建过程，并适时反馈，帮助他理清搭建步骤。
教师09,sim_openid_009_149687,总体偏低,1.4,14,Q6,6,区域停留短,小班幼儿瑶瑶在区域活动时，一会儿在娃娃家切切菜，一会儿到美工区搓搓橡皮泥，一会儿又开心地跑到其它区域游戏，在任何一个区域停留时间都不超过三分钟。,提议瑶瑶完成某项游戏任务，如在娃娃家做菜，请他活动小结时分享。,游戏前提醒区域活动规则，活动结束后表扬区域游戏规则遵守得好的小朋友。,仔细观察瑶瑶在不同区域的游戏情况，分析他发生迅速转移的原因。,以同伴的身份陪伴瑶瑶在某一区域游戏，待他专注游戏后再离开。,C 观察诊断与介入时机,A 儿童视角,DACB,2,3,3,0,0.25,0.4,1.6,1.6,1,0.75,0.0,0.75,0.75,0.833333,1.0,83.279457,0.832795,10.141,26.07,36.211,-0.935166,-0.631362,0.0,0.0,6,6,3,3,1,6,1,1,0,10.141,0.0,0,D,A/B,教师D：以同伴的身份陪伴瑶瑶在某一区域游戏，待他专注游戏后再离开。,教师A：提议瑶瑶完成某项游戏任务，如在娃娃家做菜，请他活动小结时分享。；教师B：游戏前提醒区域活动规则，活动结束后表扬区域游戏规则遵守得好的小朋友。,过程复杂,首反应异常；高修正投入；多次调整；首末位摇摆；优劣方向冲突,请教师回忆读到情境后最先注意到什么、是否很快形成判断或感到难判断；追问后续主要在比较哪些做法、为什么调整；追问最理想或最不理想做法的判断为什么发生变化；追问是否曾把某做法从合适改判为不合适，或相反,0.516667,0.51414,主要IIV信号：选项焦点变化、过程冲突、同题过程信息量；可追问选项比较：教师A：提议瑶瑶完成某项游戏任务，如在娃娃家做菜，请他活动小结时分享。；教师B：游戏前提醒区域活动规则，活动结束后表扬区域游戏规则遵守得好的小朋友。
教师09,sim_openid_009_149687,总体偏低,1.4,14,Q9,9,艾莎公主不运动,小班的一次户外运动，有几个女孩子从一开始就没有选择任何体育活动项目，而是聚在一起坐在地上玩“艾莎公主”的游戏，比一比谁的鞋子最漂亮，谁的魔法最厉害。,询问幼儿没有参与运动的原因，提供丰富的活动材料吸引幼儿参与运动活动。,提醒幼儿现在是运动时间，请他们等自由游戏时间再一起玩“艾莎公主”的游戏。,利用艾莎公主的鞋子设计走、跑、跳等活动，并以参与者的身份邀请幼儿一起参与运动。,肯定幼儿自主游戏的行为，言语引导幼儿穿着“漂亮的鞋子”参与运动。,D 支架策略与游戏推进,A 儿童视角/B 目标平衡,ADCB,0,3,3,0,0.25,0.4,1.6,1.6,3,0.75,0.0,0.75,0.75,0.75,1.0,64.510606,0.645106,12.703,19.741,32.444,-0.480156,-1.924679,0.0,0.0,4,4,2,3,1,5,0,0,0,12.703,0.0,0,B,A/C,教师B：提醒幼儿现在是运动时间，请他们等自由游戏时间再一起玩“艾莎公主”的游戏。,教师A：询问幼儿没有参与运动的原因，提供丰富的活动材料吸引幼儿参与运动活动。；教师C：利用艾莎公主的鞋子设计走、跑、跳等活动，并以参与者的身份邀请幼儿一起参与运动。,过程简单,多次调整；首末位摇摆；优劣方向冲突,追问最理想或最不理想做法的判断为什么发生变化；追问是否曾把某做法从合适改判为不合适，或相反,0.5,0.492255,主要IIV信号：选项焦点变化、过程冲突、修正信号；可追问选项比较：教师A：询问幼儿没有参与运动的原因，提供丰富的活动材料吸引幼儿参与运动活动。；教师C：利用艾莎公主的鞋子设计走、跑、跳等活动，并以参与者的身份邀请幼儿一起参与运动。
教师10,sim_openid_010_681499,总体中等,2.9,29,Q4,4,频繁求助,中班区域活动时，小明选择了建构区。玩了一会儿，他跑到老师面前说“老师，我不会搭……帮帮我吧”，教师问他需要什么帮助时，他一边说我不会搭，一边却很快地将房子从一层积木加高到了两层。看小明专注搭建后，老师就离开建构区了。可是没一会，小明又找了老师好几次，说“老师，帮帮我吧，我不会搭”。,鼓励小明独立搭建，引导他思考接下来如何搭建，及时表扬他的努力。,先示范搭建关键部分，请小明观察方法，再鼓励他照着继续搭建。,在旁观察小明的搭建过程，并适时反馈，帮助他理清搭建步骤。,帮小明回顾已搭建完成的部分，指导他设定小目标，尝试自己实现。,C 观察诊断与介入时机,D 支架策略,BCAD,2,1,3,1,0.75,0.475,-1.9,1.9,-1,0.5,0.5,0.0,0.5,0.8,1.0,64.033333,0.640333,13.778,17.372,31.15,-1.271952,-1.371831,0.0,0.0,5,5,2,2,0,6,0,0,0,13.778,0.0,0,A,B/C,教师A：鼓励小明独立搭建，引导他思考接下来如何搭建，及时表扬他的努力。,教师B：先示范搭建关键部分，请小明观察方法，再鼓励他照着继续搭建。；教师C：在旁观察小明的搭建过程，并适时反馈，帮助他理清搭建步骤。,过程中等,高修正投入；多次调整；首末位摇摆,追问后续主要在比较哪些做法、为什么调整；追问最理想或最不理想做法的判断为什么发生变化,0.66,0.623267,主要IIV信号：选项焦点变化、过程冲突、结果风险；可追问选项比较：教师B：先示范搭建关键部分，请小明观察方法，再鼓励他照着继续搭建。；教师C：在旁观察小明的搭建过程，并适时反馈，帮助他理清搭建步骤。
教师10,sim_openid_010_681499,总体中等,2.9,29,Q9,9,艾莎公主不运动,小班的一次户外运动，有几个女孩子从一开始就没有选择任何体育活动项目，而是聚在一起坐在地上玩“艾莎公主”的游戏，比一比谁的鞋子最漂亮，谁的魔法最厉害。,询问幼儿没有参与运动的原因，提供丰富的活动材料吸引幼儿参与运动活动。,提醒幼儿现在是运动时间，请他们等自由游戏时间再一起玩“艾莎公主”的游戏。,利用艾莎公主的鞋子设计走、跑、跳等活动，并以参与者的身份邀请幼儿一起参与运动。,肯定幼儿自主游戏的行为，言语引导幼儿穿着“漂亮的鞋子”参与运动。,D 支架策略与游戏推进,A 儿童视角/B 目标平衡,CDAB,0,4,4,0,0.0,0.275,1.1,1.1,4,1.0,0.0,1.0,1.0,1.0,1.0,94.465152,0.944652,29.901,60.636,90.537,1.426615,1.960373,1.960373,0.980186,10,11,7,2,1,11,1,1,1,29.901,0.0,0,A,A/B,教师A：询问幼儿没有参与运动的原因，提供丰富的活动材料吸引幼儿参与运动活动。,教师A：询问幼儿没有参与运动的原因，提供丰富的活动材料吸引幼儿参与运动活动。；教师B：提醒幼儿现在是运动时间，请他们等自由游戏时间再一起玩“艾莎公主”的游戏。,过程复杂,首反应异常；高修正投入；多次调整；首末位摇摆；优劣方向冲突；路径振荡,请教师回忆读到情境后最先注意到什么、是否很快形成判断或感到难判断；追问后续主要在比较哪些做法、为什么调整；追问最理想或最不理想做法的判断为什么发生变化；追问是否曾把某做法从合适改判为不合适，或相反；追问当时是否在几个判断标准之间反复权衡,0.598019,0.586501,主要IIV信号：过程冲突、修正信号、选项焦点变化；可追问选项比较：教师A：询问幼儿没有参与运动的原因，提供丰富的活动材料吸引幼儿参与运动活动。；教师B：提醒幼儿现在是运动时间，请他们等自由游戏时间再一起玩“艾莎公主”的游戏。
教师10,sim_openid_010_681499,总体中等,2.9,29,Q2,2,未参与小组建构,大班建构活动中，睿睿和其他幼儿计划一起搭积木大桥，他们讨论了搭建方法，并进入区域开始搭建。就在其他幼儿在认真搭建时，睿睿发现了一块长条木板，他一会儿在地上推着走，一会儿当枪使，没有再参与小组的搭建。,继续观察，后续分享中支持睿睿思考如何把长条木板融入小组的建构中。,肯定睿睿的创造性玩法，询问他长条板能否当桥面，引导他参与到搭桥任务中。,引导睿睿回顾计划，建议他先完成共同任务，长条木板可以等自由游戏时再玩。,看到睿睿玩得开心，暂不介入，等下一次活动时再提醒他根据计划开展游戏。,D 支架策略与游戏推进,E 共同游戏组织,BCDA,0,3,4,0,0.25,0.025,0.1,0.1,3,1.0,0.25,0.75,0.75,1.0,1.0,81.972222,0.819722,28.525,25.343,53.868,1.262535,-0.365148,1.262535,0.631268,7,7,5,2,1,7,1,1,0,28.525,0.0,0,A,C/D,教师A：继续观察，后续分享中支持睿睿思考如何把长条木板融入小组的建构中。,教师C：引导睿睿回顾计划，建议他先完成共同任务，长条木板可以等自由游戏时再玩。；教师D：看到睿睿玩得开心，暂不介入，等下一次活动时再提醒他根据计划开展游戏。,过程复杂,首反应异常；高修正投入；多次调整；首末位摇摆；优劣方向冲突；路径振荡,请教师回忆读到情境后最先注意到什么、是否很快形成判断或感到难判断；追问后续主要在比较哪些做法、为什么调整；追问最理想或最不理想做法的判断为什么发生变化；追问是否曾把某做法从合适改判为不合适，或相反；追问当时是否在几个判断标准之间反复权衡,0.613127,0.545363,主要IIV信号：过程冲突、选项焦点变化、同题过程信息量；可追问选项比较：教师C：引导睿睿回顾计划，建议他先完成共同任务，长条木板可以等自由游戏时再玩。；教师D：看到睿睿玩得开心，暂不介入，等下一次活动时再提醒他根据计划开展游戏。
教师10,sim_openid_010_681499,总体中等,2.9,29,Q3,3,材料选择无层次,大班上学期，张老师在建构区投放了按图搭建的游戏材料，并提供了不同星级难度的任务卡供幼儿选择，但有的幼儿一上来就选择高难度的三星级任务卡，结果不能顺利完成任务；而有的幼儿始终选择低难度的一星级任务卡。这天，浩浩又连续选择了几张一星级任务卡，很快就完成了任务。,调整任务卡提供方式，在游戏开始前根据幼儿的能力水平有针对性地发放任务卡。,暂不介入，尊重幼儿的自主选择和游戏体验，只要完成任务就是一种经验积累。,调整任务卡呈现方式，如增加“我想挑战”等提示，鼓励幼儿选择不同星级的挑战。,和浩浩回顾已完成的任务，比较不同星级的难度，邀请他选择稍有挑战的任务。,D 支架策略与游戏推进,C 观察诊断,CBDA,0,4,4,0,0.0,0.275,1.1,1.1,4,1.0,0.0,1.0,1.0,1.0,1.0,84.038889,0.840389,24.983,36.382,61.365,0.800762,0.598694,0.800762,0.400381,8,8,5,6,3,8,1,1,0,24.983,0.0,0,A,A/D,教师A：调整任务卡提供方式，在游戏开始前根据幼儿的能力水平有针对性地发放任务卡。,教师A：调整任务卡提供方式，在游戏开始前根据幼儿的能力水平有针对性地发放任务卡。；教师D：和浩浩回顾已完成的任务，比较不同星级的难度，邀请他选择稍有挑战的任务。,过程复杂,高修正投入；多次调整；首末位摇摆；优劣方向冲突；路径振荡,追问后续主要在比较哪些做法、为什么调整；追问最理想或最不理想做法的判断为什么发生变化；追问是否曾把某做法从合适改判为不合适，或相反；追问当时是否在几个判断标准之间反复权衡,0.540038,0.523308,主要IIV信号：过程冲突、修正信号、选项焦点变化；可追问选项比较：教师A：调整任务卡提供方式，在游戏开始前根据幼儿的能力水平有针对性地发放任务卡。；教师D：和浩浩回顾已完成的任务，比较不同星级的难度，邀请他选择稍有挑战的任务。
教师10,sim_openid_010_681499,总体中等,2.9,29,Q1,1,篮球架玩水,操场上新安装了一些篮球架，幼儿经常在这里投篮。某天户外活动时，几名幼儿带着画笔和水桶来到这里，他们先是快乐地粉刷篮球架，之后开始往篮框里灌水，有的从上面灌，有的在下面接，忙的不亦乐乎，俨然这里成为了玩水的场地。,看到幼儿玩得很开心，不干预他们的玩水行为，待兴趣减弱后再讨论玩水的适宜性。,表扬幼儿的新发现，并询问在篮球架旁玩水是否合适，提议幼儿可以换个地方玩水。,参与到幼儿的“粉刷”游戏中，逐步引导幼儿到适宜玩水的地方继续开展游戏。,提醒幼儿篮球架是用于开展运动的，与其他幼儿一起召唤他们打篮球，转移他们的关注点。,B 自主游戏与规则/安全/价值平衡,A 游戏意义理解,CBAD,4,3,4,0,0.25,0.025,0.1,0.1,-1,1.0,0.25,0.75,0.75,1.0,1.0,73.665854,0.736659,17.746,35.338,53.084,-0.390491,0.521081,0.521081,0.260541,9,9,4,4,1,9,1,1,0,17.746,0.0,0,A,B/C,教师A：看到幼儿玩得很开心，不干预他们的玩水行为，待兴趣减弱后再讨论玩水的适宜性。,教师B：表扬幼儿的新发现，并询问在篮球架旁玩水是否合适，提议幼儿可以换个地方玩水。；教师C：参与到幼儿的“粉刷”游戏中，逐步引导幼儿到适宜玩水的地方继续开展游戏。,过程复杂,高修正投入；多次调整；首末位摇摆；优劣方向冲突；路径振荡,追问后续主要在比较哪些做法、为什么调整；追问最理想或最不理想做法的判断为什么发生变化；追问是否曾把某做法从合适改判为不合适，或相反；追问当时是否在几个判断标准之间反复权衡,0.576054,0.504137,主要IIV信号：过程冲突、选项焦点变化、修正信号；可追问选项比较：教师B：表扬幼儿的新发现，并询问在篮球架旁玩水是否合适，提议幼儿可以换个地方玩水。；教师C：参与到幼儿的“粉刷”游戏中，逐步引导幼儿到适宜玩水的地方继续开展游戏。
教师10,sim_openid_010_681499,总体中等,2.9,29,Q8,8,跳绳秩序混乱,周三下午，大五班的幼儿正自发进行跳绳游戏。李老师观察后发现，挤在一起跳绳的幼儿人数较多，整个场面十分混乱，幼儿很容易出现碰撞现象。此外，由于当“柱子”的幼儿很久才能轮上跳绳，因此也显得很不耐烦。,请幼儿暂停游戏，将幼儿分成多个小组并引导他们以小组为单位分区域开展游戏。,请幼儿说一说跳绳活动中存在的问题，并邀请幼儿一起设置跳绳的规则。,提供更多数量和不同种类的跳绳，并言语引导幼儿分组分区同时进行跳绳游戏。,暂不介入，活动分享时通过照片或视频回放引导幼儿发现问题并商议解决办法。,E 共同游戏组织与规则共建,B 安全秩序,BDCA,2,3,4,2,0.25,0.025,0.1,0.1,1,0.5,0.25,0.25,0.25,0.875,1.0,85.948485,0.859485,23.915,40.609,64.524,0.648598,0.891696,0.891696,0.445848,8,8,3,5,1,7,2,2,0,23.915,0.0,0,A,A/D,教师A：请幼儿暂停游戏，将幼儿分成多个小组并引导他们以小组为单位分区域开展游戏。,教师A：请幼儿暂停游戏，将幼儿分成多个小组并引导他们以小组为单位分区域开展游戏。；教师D：暂不介入，活动分享时通过照片或视频回放引导幼儿发现问题并商议解决办法。,过程复杂,高修正投入；多次调整；首末位摇摆；优劣方向冲突；路径振荡,追问后续主要在比较哪些做法、为什么调整；追问最理想或最不理想做法的判断为什么发生变化；追问是否曾把某做法从合适改判为不合适，或相反；追问当时是否在几个判断标准之间反复权衡,0.469585,0.435059,主要IIV信号：选项焦点变化、过程冲突、同题过程信息量；可追问选项比较：教师A：请幼儿暂停游戏，将幼儿分成多个小组并引导他们以小组为单位分区域开展游戏。；教师D：暂不介入，活动分享时通过照片或视频回放引导幼儿发现问题并商议解决办法。
教师10,sim_openid_010_681499,总体中等,2.9,29,Q10,10,引水难题未解,中班上学期，幼儿在“引水游戏”中遇到了难题——水无法被引到竹片管道上。他们不断调整竹片拼接的方式，却始终没能成功，即竹片一头高于出水管道，阻碍了引流。渐渐地幼儿的探索兴趣也减弱了，有的开始玩水，有的甚至离开了水池。,示范正确的引水方法，请幼儿注意观察并说说引水的要领，再自己试一试。,加入幼儿的探索，引导他们观察水流受阻的位置，一起尝试调整竹片的摆放方式。,组织幼儿就游戏困难进行讨论，寻找解决问题的方案，引导幼儿再次尝试。,投放更多辅助引水的材料，重新激起幼儿的探索兴趣，继续观察游戏进展。,C 观察诊断与介入时机,D 探究支架,DABC,1,3,4,1,0.25,0.025,0.1,0.1,2,0.75,0.25,0.5,0.5,0.8,1.0,68.640698,0.686407,13.99,24.736,38.726,-1.21877,-0.429772,0.0,0.0,5,5,3,3,1,4,2,2,2,13.99,0.0,0,D,A/B,教师D：投放更多辅助引水的材料，重新激起幼儿的探索兴趣，继续观察游戏进展。,教师A：示范正确的引水方法，请幼儿注意观察并说说引水的要领，再自己试一试。；教师B：加入幼儿的探索，引导他们观察水流受阻的位置，一起尝试调整竹片的摆放方式。,过程中等,高修正投入；多次调整；首末位摇摆；优劣方向冲突；路径振荡,追问后续主要在比较哪些做法、为什么调整；追问最理想或最不理想做法的判断为什么发生变化；追问是否曾把某做法从合适改判为不合适，或相反；追问当时是否在几个判断标准之间反复权衡,0.46,0.40807,主要IIV信号：选项焦点变化、过程冲突、同题过程信息量；可追问选项比较：教师A：示范正确的引水方法，请幼儿注意观察并说说引水的要领，再自己试一试。；教师B：加入幼儿的探索，引导他们观察水流受阻的位置，一起尝试调整竹片的摆放方式。
教师10,sim_openid_010_681499,总体中等,2.9,29,Q7,7,飞行棋各走各的,大班区域游戏中，轩轩和小宇一起玩飞行棋，他们将棋子摆好后，各自拿了一个骰子开始投，小宇说：“该我走。”轩轩说：“明明该我走！”相持不下，于是两人各拿一个骰子，自顾自地走自己的棋。,耐心讲解共同游戏的规则，再以“棋手”身份加入游戏进行示范引导。,暂不介入，继续观察游戏进展，待区域小结时请幼儿分享游戏中的体验和问题。,拿走一个骰子，请幼儿商量只有一个骰子的共同游戏规则，达成一致后再开始游戏。,待幼儿体验一轮各走各的游戏后，询问幼儿的游戏体验，提示共同游戏规则的作用。,E 共同游戏组织与规则共建,B 规则平衡,ADBC,0,2,2,0,0.5,0.225,-0.9,0.9,2,0.5,0.0,0.5,0.5,0.666667,0.25,33.551938,0.335519,15.154,20.266,35.42,-0.940416,-0.961086,0.0,0.0,3,3,0,1,0,3,1,1,1,15.154,0.0,0,D,B/C,教师D：待幼儿体验一轮各走各的游戏后，询问幼儿的游戏体验，提示共同游戏规则的作用。,教师B：暂不介入，继续观察游戏进展，待区域小结时请幼儿分享游戏中的体验和问题。；教师C：拿走一个骰子，请幼儿商量只有一个骰子的共同游戏规则，达成一致后再开始游戏。,过程简单,多次调整；路径振荡,追问当时是否在几个判断标准之间反复权衡,0.458333,0.400526,主要IIV信号：过程冲突、结果风险、修正信号；可追问选项比较：教师B：暂不介入，继续观察游戏进展，待区域小结时请幼儿分享游戏中的体验和问题。；教师C：拿走一个骰子，请幼儿商量只有一个骰子的共同游戏规则，达成一致后再开始游戏。
教师10,sim_openid_010_681499,总体中等,2.9,29,Q5,5,消防员救火开心,近几天，中班的幼儿十分热衷于在区域游戏时间玩“消防员救火”的游戏。游戏结束后的交流活动中，老师问幼儿最想分享什么时，阳阳说“娃娃家着火了，好开心啊！”。,抓住教育契机，向幼儿耐心解释真实的火灾会造成物品损失和人员伤亡。,询问幼儿开心的是“着火”本身，还是消防员成功救火、娃娃家的人得救？,引导幼儿思考“娃娃家着火”值不值得开心，帮助他们认识真实火灾是危险的。,请阳阳讲讲娃娃家着火后发生了什么、为什么开心，借此理解幼儿的游戏体验。,A 游戏意义理解与儿童视角,B 价值平衡,BACD,2,3,3,2,0.25,0.025,0.1,0.1,1,0.25,0.0,0.25,0.25,0.75,0.75,51.346512,0.513465,17.688,21.715,39.403,-0.401893,-0.776997,0.0,0.0,4,4,1,2,0,5,0,0,0,17.688,0.0,0,A,B/C,教师A：抓住教育契机，向幼儿耐心解释真实的火灾会造成物品损失和人员伤亡。,教师B：询问幼儿开心的是“着火”本身，还是消防员成功救火、娃娃家的人得救？；教师C：引导幼儿思考“娃娃家着火”值不值得开心，帮助他们认识真实火灾是危险的。,过程简单,多次调整；首末位摇摆,追问最理想或最不理想做法的判断为什么发生变化,0.375,0.329423,主要IIV信号：过程冲突、选项焦点变化、同题过程信息量；可追问选项比较：教师B：询问幼儿开心的是“着火”本身，还是消防员成功救火、娃娃家的人得救？；教师C：引导幼儿思考“娃娃家着火”值不值得开心，帮助他们认识真实火灾是危险的。
教师10,sim_openid_010_681499,总体中等,2.9,29,Q6,6,区域停留短,小班幼儿瑶瑶在区域活动时，一会儿在娃娃家切切菜，一会儿到美工区搓搓橡皮泥，一会儿又开心地跑到其它区域游戏，在任何一个区域停留时间都不超过三分钟。,提议瑶瑶完成某项游戏任务，如在娃娃家做菜，请他活动小结时分享。,游戏前提醒区域活动规则，活动结束后表扬区域游戏规则遵守得好的小朋友。,仔细观察瑶瑶在不同区域的游戏情况，分析他发生迅速转移的原因。,以同伴的身份陪伴瑶瑶在某一区域游戏，待他专注游戏后再离开。,C 观察诊断与介入时机,A 儿童视角,CBAD,2,3,4,2,0.25,0.025,0.1,0.1,1,0.5,0.25,0.25,0.25,0.8,0.5,56.336047,0.56336,20.342,28.342,48.684,0.085012,-0.06701,0.085012,0.042506,5,5,2,0,0,4,2,2,2,20.342,0.0,0,A,A/B,教师A：提议瑶瑶完成某项游戏任务，如在娃娃家做菜，请他活动小结时分享。,教师A：提议瑶瑶完成某项游戏任务，如在娃娃家做菜，请他活动小结时分享。；教师B：游戏前提醒区域活动规则，活动结束后表扬区域游戏规则遵守得好的小朋友。,过程简单,高修正投入；多次调整；首末位摇摆；路径振荡,追问后续主要在比较哪些做法、为什么调整；追问最理想或最不理想做法的判断为什么发生变化；追问当时是否在几个判断标准之间反复权衡,0.364251,0.318669,主要IIV信号：过程冲突、同题过程信息量、选项焦点变化；可追问选项比较：教师A：提议瑶瑶完成某项游戏任务，如在娃娃家做菜，请他活动小结时分享。；教师B：游戏前提醒区域活动规则，活动结束后表扬区域游戏规则遵守得好的小朋友。
教师11,sim_openid_011_656566,总体偏高,3.7,37,Q3,3,材料选择无层次,大班上学期，张老师在建构区投放了按图搭建的游戏材料，并提供了不同星级难度的任务卡供幼儿选择，但有的幼儿一上来就选择高难度的三星级任务卡，结果不能顺利完成任务；而有的幼儿始终选择低难度的一星级任务卡。这天，浩浩又连续选择了几张一星级任务卡，很快就完成了任务。,调整任务卡提供方式，在游戏开始前根据幼儿的能力水平有针对性地发放任务卡。,暂不介入，尊重幼儿的自主选择和游戏体验，只要完成任务就是一种经验积累。,调整任务卡呈现方式，如增加“我想挑战”等提示，鼓励幼儿选择不同星级的挑战。,和浩浩回顾已完成的任务，比较不同星级的难度，邀请他选择稍有挑战的任务。,D 支架策略与游戏推进,C 观察诊断,DBAC,0,3,4,0,0.25,0.175,-0.7,0.7,3,1.0,0.25,0.75,0.75,1.0,1.0,77.722222,0.777222,24.334,34.853,59.187,0.584811,1.725809,1.725809,0.862904,8,8,4,5,2,9,0,0,0,24.334,0.0,0,D,A/D,教师D：和浩浩回顾已完成的任务，比较不同星级的难度，邀请他选择稍有挑战的任务。,教师A：调整任务卡提供方式，在游戏开始前根据幼儿的能力水平有针对性地发放任务卡。；教师D：和浩浩回顾已完成的任务，比较不同星级的难度，邀请他选择稍有挑战的任务。,过程复杂,高修正投入；多次调整；首末位摇摆；优劣方向冲突,追问后续主要在比较哪些做法、为什么调整；追问最理想或最不理想做法的判断为什么发生变化；追问是否曾把某做法从合适改判为不合适，或相反,0.63629,0.588902,主要IIV信号：过程冲突、选项焦点变化、相对时间信号；可追问选项比较：教师A：调整任务卡提供方式，在游戏开始前根据幼儿的能力水平有针对性地发放任务卡。；教师D：和浩浩回顾已完成的任务，比较不同星级的难度，邀请他选择稍有挑战的任务。
教师11,sim_openid_011_656566,总体偏高,3.7,37,Q7,7,飞行棋各走各的,大班区域游戏中，轩轩和小宇一起玩飞行棋，他们将棋子摆好后，各自拿了一个骰子开始投，小宇说：“该我走。”轩轩说：“明明该我走！”相持不下，于是两人各拿一个骰子，自顾自地走自己的棋。,耐心讲解共同游戏的规则，再以“棋手”身份加入游戏进行示范引导。,暂不介入，继续观察游戏进展，待区域小结时请幼儿分享游戏中的体验和问题。,拿走一个骰子，请幼儿商量只有一个骰子的共同游戏规则，达成一致后再开始游戏。,待幼儿体验一轮各走各的游戏后，询问幼儿的游戏体验，提示共同游戏规则的作用。,E 共同游戏组织与规则共建,B 规则平衡,ABDC,0,3,3,0,0.25,0.175,-0.7,0.7,3,0.75,0.0,0.75,0.75,0.8,1.0,60.919767,0.609198,25.596,20.768,46.364,0.685611,0.592043,0.685611,0.342806,5,5,0,4,0,4,2,2,0,25.596,0.0,0,C,C/D,教师C：拿走一个骰子，请幼儿商量只有一个骰子的共同游戏规则，达成一致后再开始游戏。,教师C：拿走一个骰子，请幼儿商量只有一个骰子的共同游戏规则，达成一致后再开始游戏。；教师D：待幼儿体验一轮各走各的游戏后，询问幼儿的游戏体验，提示共同游戏规则的作用。,过程中等,首反应异常；高修正投入；多次调整；首末位摇摆；路径振荡,请教师回忆读到情境后最先注意到什么、是否很快形成判断或感到难判断；追问后续主要在比较哪些做法、为什么调整；追问最理想或最不理想做法的判断为什么发生变化；追问当时是否在几个判断标准之间反复权衡,0.544281,0.49849,主要IIV信号：选项焦点变化、过程冲突、修正信号；可追问选项比较：教师C：拿走一个骰子，请幼儿商量只有一个骰子的共同游戏规则，达成一致后再开始游戏。；教师D：待幼儿体验一轮各走各的游戏后，询问幼儿的游戏体验，提示共同游戏规则的作用。
教师11,sim_openid_011_656566,总体偏高,3.7,37,Q9,9,艾莎公主不运动,小班的一次户外运动，有几个女孩子从一开始就没有选择任何体育活动项目，而是聚在一起坐在地上玩“艾莎公主”的游戏，比一比谁的鞋子最漂亮，谁的魔法最厉害。,询问幼儿没有参与运动的原因，提供丰富的活动材料吸引幼儿参与运动活动。,提醒幼儿现在是运动时间，请他们等自由游戏时间再一起玩“艾莎公主”的游戏。,利用艾莎公主的鞋子设计走、跑、跳等活动，并以参与者的身份邀请幼儿一起参与运动。,肯定幼儿自主游戏的行为，言语引导幼儿穿着“漂亮的鞋子”参与运动。,D 支架策略与游戏推进,A 儿童视角/B 目标平衡,CADB,0,4,4,0,0.0,0.075,0.3,0.3,4,1.0,0.0,1.0,1.0,1.0,1.0,63.577273,0.635773,16.661,24.659,41.32,-0.170374,0.968111,0.968111,0.484055,4,4,3,2,1,4,1,1,1,16.661,0.0,0,B,A/C,教师B：提醒幼儿现在是运动时间，请他们等自由游戏时间再一起玩“艾莎公主”的游戏。,教师A：询问幼儿没有参与运动的原因，提供丰富的活动材料吸引幼儿参与运动活动。；教师C：利用艾莎公主的鞋子设计走、跑、跳等活动，并以参与者的身份邀请幼儿一起参与运动。,过程复杂,多次调整；首末位摇摆；优劣方向冲突；路径振荡,追问最理想或最不理想做法的判断为什么发生变化；追问是否曾把某做法从合适改判为不合适，或相反；追问当时是否在几个判断标准之间反复权衡,0.548406,0.491444,主要IIV信号：过程冲突、修正信号、选项焦点变化；可追问选项比较：教师A：询问幼儿没有参与运动的原因，提供丰富的活动材料吸引幼儿参与运动活动。；教师C：利用艾莎公主的鞋子设计走、跑、跳等活动，并以参与者的身份邀请幼儿一起参与运动。
教师11,sim_openid_011_656566,总体偏高,3.7,37,Q4,4,频繁求助,中班区域活动时，小明选择了建构区。玩了一会儿，他跑到老师面前说“老师，我不会搭……帮帮我吧”，教师问他需要什么帮助时，他一边说我不会搭，一边却很快地将房子从一层积木加高到了两层。看小明专注搭建后，老师就离开建构区了。可是没一会，小明又找了老师好几次，说“老师，帮帮我吧，我不会搭”。,鼓励小明独立搭建，引导他思考接下来如何搭建，及时表扬他的努力。,先示范搭建关键部分，请小明观察方法，再鼓励他照着继续搭建。,在旁观察小明的搭建过程，并适时反馈，帮助他理清搭建步骤。,帮小明回顾已搭建完成的部分，指导他设定小目标，尝试自己实现。,C 观察诊断与介入时机,D 支架策略,ACDB,2,4,4,1,0.0,0.075,0.3,0.3,2,0.75,0.0,0.75,0.75,0.857143,1.0,73.9,0.739,22.912,20.346,43.258,0.464769,0.547087,0.547087,0.273543,7,7,3,4,2,7,1,1,0,22.912,0.0,0,B,A/C,教师B：先示范搭建关键部分，请小明观察方法，再鼓励他照着继续搭建。,教师A：鼓励小明独立搭建，引导他思考接下来如何搭建，及时表扬他的努力。；教师C：在旁观察小明的搭建过程，并适时反馈，帮助他理清搭建步骤。,过程复杂,高修正投入；多次调整；首末位摇摆；优劣方向冲突；路径振荡,追问后续主要在比较哪些做法、为什么调整；追问最理想或最不理想做法的判断为什么发生变化；追问是否曾把某做法从合适改判为不合适，或相反；追问当时是否在几个判断标准之间反复权衡,0.448783,0.416626,主要IIV信号：选项焦点变化、过程冲突、修正信号；可追问选项比较：教师A：鼓励小明独立搭建，引导他思考接下来如何搭建，及时表扬他的努力。；教师C：在旁观察小明的搭建过程，并适时反馈，帮助他理清搭建步骤。
教师11,sim_openid_011_656566,总体偏高,3.7,37,Q2,2,未参与小组建构,大班建构活动中，睿睿和其他幼儿计划一起搭积木大桥，他们讨论了搭建方法，并进入区域开始搭建。就在其他幼儿在认真搭建时，睿睿发现了一块长条木板，他一会儿在地上推着走，一会儿当枪使，没有再参与小组的搭建。,继续观察，后续分享中支持睿睿思考如何把长条木板融入小组的建构中。,肯定睿睿的创造性玩法，询问他长条板能否当桥面，引导他参与到搭桥任务中。,引导睿睿回顾计划，建议他先完成共同任务，长条木板可以等自由游戏时再玩。,看到睿睿玩得开心，暂不介入，等下一次活动时再提醒他根据计划开展游戏。,D 支架策略与游戏推进,E 共同游戏组织,BDAC,0,4,4,0,0.0,0.075,0.3,0.3,4,1.0,0.0,1.0,1.0,1.0,0.5,48.716667,0.487167,6.967,15.134,22.101,-1.90857,-0.100992,0.0,0.0,3,3,1,1,0,4,0,0,0,6.967,0.0,0,A,A/B,教师A：继续观察，后续分享中支持睿睿思考如何把长条木板融入小组的建构中。,教师A：继续观察，后续分享中支持睿睿思考如何把长条木板融入小组的建构中。；教师B：肯定睿睿的创造性玩法，询问他长条板能否当桥面，引导他参与到搭桥任务中。,过程中等,首反应异常；多次调整；首末位摇摆,请教师回忆读到情境后最先注意到什么、是否很快形成判断或感到难判断；追问最理想或最不理想做法的判断为什么发生变化,0.45,0.385608,主要IIV信号：过程冲突、修正信号、选项焦点变化；可追问选项比较：教师A：继续观察，后续分享中支持睿睿思考如何把长条木板融入小组的建构中。；教师B：肯定睿睿的创造性玩法，询问他长条板能否当桥面，引导他参与到搭桥任务中。
教师11,sim_openid_011_656566,总体偏高,3.7,37,Q10,10,引水难题未解,中班上学期，幼儿在“引水游戏”中遇到了难题——水无法被引到竹片管道上。他们不断调整竹片拼接的方式，却始终没能成功，即竹片一头高于出水管道，阻碍了引流。渐渐地幼儿的探索兴趣也减弱了，有的开始玩水，有的甚至离开了水池。,示范正确的引水方法，请幼儿注意观察并说说引水的要领，再自己试一试。,加入幼儿的探索，引导他们观察水流受阻的位置，一起尝试调整竹片的摆放方式。,组织幼儿就游戏困难进行讨论，寻找解决问题的方案，引导幼儿再次尝试。,投放更多辅助引水的材料，重新激起幼儿的探索兴趣，继续观察游戏进展。,C 观察诊断与介入时机,D 探究支架,DACB,1,4,4,1,0.0,0.075,0.3,0.3,3,0.75,0.0,0.75,0.75,0.75,0.75,52.901163,0.529012,20.044,12.991,33.035,0.198162,-0.435361,0.198162,0.099081,2,2,1,2,1,3,0,0,0,20.044,0.0,0,D,B/C,教师D：投放更多辅助引水的材料，重新激起幼儿的探索兴趣，继续观察游戏进展。,教师B：加入幼儿的探索，引导他们观察水流受阻的位置，一起尝试调整竹片的摆放方式。；教师C：组织幼儿就游戏困难进行讨论，寻找解决问题的方案，引导幼儿再次尝试。,过程中等,首末位摇摆；优劣方向冲突,追问最理想或最不理想做法的判断为什么发生变化；追问是否曾把某做法从合适改判为不合适，或相反,0.384908,0.347609,主要IIV信号：过程冲突、修正信号、选项焦点变化；可追问选项比较：教师B：加入幼儿的探索，引导他们观察水流受阻的位置，一起尝试调整竹片的摆放方式。；教师C：组织幼儿就游戏困难进行讨论，寻找解决问题的方案，引导幼儿再次尝试。
教师11,sim_openid_011_656566,总体偏高,3.7,37,Q8,8,跳绳秩序混乱,周三下午，大五班的幼儿正自发进行跳绳游戏。李老师观察后发现，挤在一起跳绳的幼儿人数较多，整个场面十分混乱，幼儿很容易出现碰撞现象。此外，由于当“柱子”的幼儿很久才能轮上跳绳，因此也显得很不耐烦。,请幼儿暂停游戏，将幼儿分成多个小组并引导他们以小组为单位分区域开展游戏。,请幼儿说一说跳绳活动中存在的问题，并邀请幼儿一起设置跳绳的规则。,提供更多数量和不同种类的跳绳，并言语引导幼儿分组分区同时进行跳绳游戏。,暂不介入，活动分享时通过照片或视频回放引导幼儿发现问题并商议解决办法。,E 共同游戏组织与规则共建,B 安全秩序,BDAC,2,4,4,2,0.0,0.075,0.3,0.3,2,0.5,0.0,0.5,0.5,0.666667,0.75,56.531818,0.565318,23.494,16.4,39.894,0.514777,0.074939,0.514777,0.257389,3,3,1,2,0,4,0,0,0,23.494,0.0,0,A,A/C,教师A：请幼儿暂停游戏，将幼儿分成多个小组并引导他们以小组为单位分区域开展游戏。,教师A：请幼儿暂停游戏，将幼儿分成多个小组并引导他们以小组为单位分区域开展游戏。；教师C：提供更多数量和不同种类的跳绳，并言语引导幼儿分组分区同时进行跳绳游戏。,过程中等,多次调整；首末位摇摆,追问最理想或最不理想做法的判断为什么发生变化,0.334072,0.315255,主要IIV信号：选项焦点变化、过程冲突、同题过程信息量；可追问选项比较：教师A：请幼儿暂停游戏，将幼儿分成多个小组并引导他们以小组为单位分区域开展游戏。；教师C：提供更多数量和不同种类的跳绳，并言语引导幼儿分组分区同时进行跳绳游戏。
教师11,sim_openid_011_656566,总体偏高,3.7,37,Q5,5,消防员救火开心,近几天，中班的幼儿十分热衷于在区域游戏时间玩“消防员救火”的游戏。游戏结束后的交流活动中，老师问幼儿最想分享什么时，阳阳说“娃娃家着火了，好开心啊！”。,抓住教育契机，向幼儿耐心解释真实的火灾会造成物品损失和人员伤亡。,询问幼儿开心的是“着火”本身，还是消防员成功救火、娃娃家的人得救？,引导幼儿思考“娃娃家着火”值不值得开心，帮助他们认识真实火灾是危险的。,请阳阳讲讲娃娃家着火后发生了什么、为什么开心，借此理解幼儿的游戏体验。,A 游戏意义理解与儿童视角,B 价值平衡,BADC,2,3,3,2,0.25,0.175,-0.7,0.7,1,0.25,0.0,0.25,0.25,0.5,0.5,40.293798,0.402938,24.566,8.919,33.485,0.603728,-1.258921,0.603728,0.301864,2,2,1,1,0,3,0,0,0,24.566,0.0,0,A,C/D,教师A：抓住教育契机，向幼儿耐心解释真实的火灾会造成物品损失和人员伤亡。,教师C：引导幼儿思考“娃娃家着火”值不值得开心，帮助他们认识真实火灾是危险的。；教师D：请阳阳讲讲娃娃家着火后发生了什么、为什么开心，借此理解幼儿的游戏体验。,过程简单,首末位摇摆,追问最理想或最不理想做法的判断为什么发生变化,0.330186,0.314083,主要IIV信号：过程冲突、选项焦点变化、同题过程信息量；可追问选项比较：教师C：引导幼儿思考“娃娃家着火”值不值得开心，帮助他们认识真实火灾是危险的。；教师D：请阳阳讲讲娃娃家着火后发生了什么、为什么开心，借此理解幼儿的游戏体验。
教师11,sim_openid_011_656566,总体偏高,3.7,37,Q6,6,区域停留短,小班幼儿瑶瑶在区域活动时，一会儿在娃娃家切切菜，一会儿到美工区搓搓橡皮泥，一会儿又开心地跑到其它区域游戏，在任何一个区域停留时间都不超过三分钟。,提议瑶瑶完成某项游戏任务，如在娃娃家做菜，请他活动小结时分享。,游戏前提醒区域活动规则，活动结束后表扬区域游戏规则遵守得好的小朋友。,仔细观察瑶瑶在不同区域的游戏情况，分析他发生迅速转移的原因。,以同伴的身份陪伴瑶瑶在某一区域游戏，待他专注游戏后再离开。,C 观察诊断与介入时机,A 儿童视角,ADBC,2,4,4,2,0.0,0.075,0.3,0.3,2,0.5,0.0,0.5,0.5,0.5,0.25,30.991473,0.309915,26.705,12.038,38.743,0.770169,-0.602205,0.770169,0.385085,2,2,0,1,0,3,0,0,0,26.705,0.0,0,D,C/D,教师D：以同伴的身份陪伴瑶瑶在某一区域游戏，待他专注游戏后再离开。,教师C：仔细观察瑶瑶在不同区域的游戏情况，分析他发生迅速转移的原因。；教师D：以同伴的身份陪伴瑶瑶在某一区域游戏，待他专注游戏后再离开。,过程简单,首反应异常,请教师回忆读到情境后最先注意到什么、是否很快形成判断或感到难判断,0.263508,0.240254,主要IIV信号：过程冲突、修正信号、相对时间信号；可追问选项比较：教师C：仔细观察瑶瑶在不同区域的游戏情况，分析他发生迅速转移的原因。；教师D：以同伴的身份陪伴瑶瑶在某一区域游戏，待他专注游戏后再离开。
教师11,sim_openid_011_656566,总体偏高,3.7,37,Q1,1,篮球架玩水,操场上新安装了一些篮球架，幼儿经常在这里投篮。某天户外活动时，几名幼儿带着画笔和水桶来到这里，他们先是快乐地粉刷篮球架，之后开始往篮框里灌水，有的从上面灌，有的在下面接，忙的不亦乐乎，俨然这里成为了玩水的场地。,看到幼儿玩得很开心，不干预他们的玩水行为，待兴趣减弱后再讨论玩水的适宜性。,表扬幼儿的新发现，并询问在篮球架旁玩水是否合适，提议幼儿可以换个地方玩水。,参与到幼儿的“粉刷”游戏中，逐步引导幼儿到适宜玩水的地方继续开展游戏。,提醒幼儿篮球架是用于开展运动的，与其他幼儿一起召唤他们打篮球，转移他们的关注点。,B 自主游戏与规则/安全/价值平衡,A 游戏意义理解,ACBD,4,4,4,4,0.0,0.075,0.3,0.3,0,0.0,0.0,0.0,0.0,0.0,0.0,22.15813,0.221581,7.57,7.951,15.521,-1.743084,-1.51051,0.0,0.0,1,1,0,0,0,2,0,0,0,7.951,0.0,0,B,B/C,教师B：表扬幼儿的新发现，并询问在篮球架旁玩水是否合适，提议幼儿可以换个地方玩水。,教师B：表扬幼儿的新发现，并询问在篮球架旁玩水是否合适，提议幼儿可以换个地方玩水。；教师C：参与到幼儿的“粉刷”游戏中，逐步引导幼儿到适宜玩水的地方继续开展游戏。,过程简单,首反应异常,请教师回忆读到情境后最先注意到什么、是否很快形成判断或感到难判断,0.0,0.022329,主要IIV信号：同题过程信息量、个人内相对偏离；可追问选项比较：教师B：表扬幼儿的新发现，并询问在篮球架旁玩水是否合适，提议幼儿可以换个地方玩水。；教师C：参与到幼儿的“粉刷”游戏中，逐步引导幼儿到适宜玩水的地方继续开展游戏。
教师12,sim_openid_012_439268,总体中等,2.4,24,Q2,2,未参与小组建构,大班建构活动中，睿睿和其他幼儿计划一起搭积木大桥，他们讨论了搭建方法，并进入区域开始搭建。就在其他幼儿在认真搭建时，睿睿发现了一块长条木板，他一会儿在地上推着走，一会儿当枪使，没有再参与小组的搭建。,继续观察，后续分享中支持睿睿思考如何把长条木板融入小组的建构中。,肯定睿睿的创造性玩法，询问他长条板能否当桥面，引导他参与到搭桥任务中。,引导睿睿回顾计划，建议他先完成共同任务，长条木板可以等自由游戏时再玩。,看到睿睿玩得开心，暂不介入，等下一次活动时再提醒他根据计划开展游戏。,D 支架策略与游戏推进,E 共同游戏组织,ABCD,0,0,3,0,1.0,0.6,-2.4,2.4,0,0.75,0.75,0.0,0.75,0.875,1.0,81.477778,0.814778,22.334,42.219,64.553,1.029079,2.184388,2.184388,1.0,8,8,5,5,2,7,2,2,1,22.334,0.0,0,,B/C,,教师B：肯定睿睿的创造性玩法，询问他长条板能否当桥面，引导他参与到搭桥任务中。；教师C：引导睿睿回顾计划，建议他先完成共同任务，长条木板可以等自由游戏时再玩。,过程复杂,高修正投入；多次调整；首末位摇摆；优劣方向冲突；路径振荡,追问后续主要在比较哪些做法、为什么调整；追问最理想或最不理想做法的判断为什么发生变化；追问是否曾把某做法从合适改判为不合适，或相反；追问当时是否在几个判断标准之间反复权衡,0.925,0.874489,主要IIV信号：结果风险、相对时间信号、选项焦点变化；可追问选项比较：教师B：肯定睿睿的创造性玩法，询问他长条板能否当桥面，引导他参与到搭桥任务中。；教师C：引导睿睿回顾计划，建议他先完成共同任务，长条木板可以等自由游戏时再玩。
教师12,sim_openid_012_439268,总体中等,2.4,24,Q5,5,消防员救火开心,近几天，中班的幼儿十分热衷于在区域游戏时间玩“消防员救火”的游戏。游戏结束后的交流活动中，老师问幼儿最想分享什么时，阳阳说“娃娃家着火了，好开心啊！”。,抓住教育契机，向幼儿耐心解释真实的火灾会造成物品损失和人员伤亡。,询问幼儿开心的是“着火”本身，还是消防员成功救火、娃娃家的人得救？,引导幼儿思考“娃娃家着火”值不值得开心，帮助他们认识真实火灾是危险的。,请阳阳讲讲娃娃家着火后发生了什么、为什么开心，借此理解幼儿的游戏体验。,A 游戏意义理解与儿童视角,B 价值平衡,CDAB,2,1,2,0,0.75,0.35,-1.4,1.4,-1,0.5,0.25,0.25,0.25,0.75,1.0,66.532558,0.665326,12.698,19.053,31.751,-0.344603,-0.4169,0.0,0.0,4,4,2,2,0,5,0,0,0,12.698,0.0,0,A,A/B,教师A：抓住教育契机，向幼儿耐心解释真实的火灾会造成物品损失和人员伤亡。,教师A：抓住教育契机，向幼儿耐心解释真实的火灾会造成物品损失和人员伤亡。；教师B：询问幼儿开心的是“着火”本身，还是消防员成功救火、娃娃家的人得救？,过程中等,多次调整；首末位摇摆,追问最理想或最不理想做法的判断为什么发生变化,0.6,0.560766,主要IIV信号：选项焦点变化、结果风险、过程冲突；可追问选项比较：教师A：抓住教育契机，向幼儿耐心解释真实的火灾会造成物品损失和人员伤亡。；教师B：询问幼儿开心的是“着火”本身，还是消防员成功救火、娃娃家的人得救？
教师12,sim_openid_012_439268,总体中等,2.4,24,Q3,3,材料选择无层次,大班上学期，张老师在建构区投放了按图搭建的游戏材料，并提供了不同星级难度的任务卡供幼儿选择，但有的幼儿一上来就选择高难度的三星级任务卡，结果不能顺利完成任务；而有的幼儿始终选择低难度的一星级任务卡。这天，浩浩又连续选择了几张一星级任务卡，很快就完成了任务。,调整任务卡提供方式，在游戏开始前根据幼儿的能力水平有针对性地发放任务卡。,暂不介入，尊重幼儿的自主选择和游戏体验，只要完成任务就是一种经验积累。,调整任务卡呈现方式，如增加“我想挑战”等提示，鼓励幼儿选择不同星级的挑战。,和浩浩回顾已完成的任务，比较不同星级的难度，邀请他选择稍有挑战的任务。,D 支架策略与游戏推进,C 观察诊断,CDAB,0,2,3,0,0.5,0.1,-0.4,0.4,2,0.75,0.25,0.5,0.5,0.8,1.0,62.511111,0.625111,22.635,19.247,41.882,1.061646,-0.383779,1.061646,0.530823,5,5,3,2,1,6,0,0,0,22.635,0.0,0,A,A/D,教师A：调整任务卡提供方式，在游戏开始前根据幼儿的能力水平有针对性地发放任务卡。,教师A：调整任务卡提供方式，在游戏开始前根据幼儿的能力水平有针对性地发放任务卡。；教师D：和浩浩回顾已完成的任务，比较不同星级的难度，邀请他选择稍有挑战的任务。,过程中等,多次调整；首末位摇摆；优劣方向冲突,追问最理想或最不理想做法的判断为什么发生变化；追问是否曾把某做法从合适改判为不合适，或相反,0.613082,0.544338,主要IIV信号：选项焦点变化、过程冲突、同题过程信息量；可追问选项比较：教师A：调整任务卡提供方式，在游戏开始前根据幼儿的能力水平有针对性地发放任务卡。；教师D：和浩浩回顾已完成的任务，比较不同星级的难度，邀请他选择稍有挑战的任务。
教师12,sim_openid_012_439268,总体中等,2.4,24,Q9,9,艾莎公主不运动,小班的一次户外运动，有几个女孩子从一开始就没有选择任何体育活动项目，而是聚在一起坐在地上玩“艾莎公主”的游戏，比一比谁的鞋子最漂亮，谁的魔法最厉害。,询问幼儿没有参与运动的原因，提供丰富的活动材料吸引幼儿参与运动活动。,提醒幼儿现在是运动时间，请他们等自由游戏时间再一起玩“艾莎公主”的游戏。,利用艾莎公主的鞋子设计走、跑、跳等活动，并以参与者的身份邀请幼儿一起参与运动。,肯定幼儿自主游戏的行为，言语引导幼儿穿着“漂亮的鞋子”参与运动。,D 支架策略与游戏推进,A 儿童视角/B 目标平衡,DACB,0,3,4,0,0.25,0.15,0.6,0.6,3,1.0,0.25,0.75,0.75,1.0,1.0,66.478788,0.664788,14.799,27.26,42.059,0.027885,0.754187,0.754187,0.377094,7,7,4,1,0,5,3,3,0,14.799,0.0,0,D,C/D,教师D：肯定幼儿自主游戏的行为，言语引导幼儿穿着“漂亮的鞋子”参与运动。,教师C：利用艾莎公主的鞋子设计走、跑、跳等活动，并以参与者的身份邀请幼儿一起参与运动。；教师D：肯定幼儿自主游戏的行为，言语引导幼儿穿着“漂亮的鞋子”参与运动。,过程中等,高修正投入；多次调整；首末位摇摆；路径振荡,追问后续主要在比较哪些做法、为什么调整；追问最理想或最不理想做法的判断为什么发生变化；追问当时是否在几个判断标准之间反复权衡,0.587709,0.530949,主要IIV信号：过程冲突、选项焦点变化、修正信号；可追问选项比较：教师C：利用艾莎公主的鞋子设计走、跑、跳等活动，并以参与者的身份邀请幼儿一起参与运动。；教师D：肯定幼儿自主游戏的行为，言语引导幼儿穿着“漂亮的鞋子”参与运动。
教师12,sim_openid_012_439268,总体中等,2.4,24,Q7,7,飞行棋各走各的,大班区域游戏中，轩轩和小宇一起玩飞行棋，他们将棋子摆好后，各自拿了一个骰子开始投，小宇说：“该我走。”轩轩说：“明明该我走！”相持不下，于是两人各拿一个骰子，自顾自地走自己的棋。,耐心讲解共同游戏的规则，再以“棋手”身份加入游戏进行示范引导。,暂不介入，继续观察游戏进展，待区域小结时请幼儿分享游戏中的体验和问题。,拿走一个骰子，请幼儿商量只有一个骰子的共同游戏规则，达成一致后再开始游戏。,待幼儿体验一轮各走各的游戏后，询问幼儿的游戏体验，提示共同游戏规则的作用。,E 共同游戏组织与规则共建,B 规则平衡,DCBA,0,4,4,0,0.0,0.4,1.6,1.6,4,1.0,0.0,1.0,1.0,1.0,0.75,69.070543,0.690705,23.884,22.301,46.185,1.192312,0.097727,1.192312,0.596156,4,4,2,1,1,5,0,0,0,23.884,0.0,0,A,B/C,教师A：耐心讲解共同游戏的规则，再以“棋手”身份加入游戏进行示范引导。,教师B：暂不介入，继续观察游戏进展，待区域小结时请幼儿分享游戏中的体验和问题。；教师C：拿走一个骰子，请幼儿商量只有一个骰子的共同游戏规则，达成一致后再开始游戏。,过程复杂,多次调整；首末位摇摆；优劣方向冲突,追问最理想或最不理想做法的判断为什么发生变化；追问是否曾把某做法从合适改判为不合适，或相反,0.534616,0.529151,主要IIV信号：过程冲突、修正信号、选项焦点变化；可追问选项比较：教师B：暂不介入，继续观察游戏进展，待区域小结时请幼儿分享游戏中的体验和问题。；教师C：拿走一个骰子，请幼儿商量只有一个骰子的共同游戏规则，达成一致后再开始游戏。
教师12,sim_openid_012_439268,总体中等,2.4,24,Q8,8,跳绳秩序混乱,周三下午，大五班的幼儿正自发进行跳绳游戏。李老师观察后发现，挤在一起跳绳的幼儿人数较多，整个场面十分混乱，幼儿很容易出现碰撞现象。此外，由于当“柱子”的幼儿很久才能轮上跳绳，因此也显得很不耐烦。,请幼儿暂停游戏，将幼儿分成多个小组并引导他们以小组为单位分区域开展游戏。,请幼儿说一说跳绳活动中存在的问题，并邀请幼儿一起设置跳绳的规则。,提供更多数量和不同种类的跳绳，并言语引导幼儿分组分区同时进行跳绳游戏。,暂不介入，活动分享时通过照片或视频回放引导幼儿发现问题并商议解决办法。,E 共同游戏组织与规则共建,B 安全秩序,CABD,2,1,2,1,0.75,0.35,-1.4,1.4,-1,0.25,0.25,0.0,0.25,0.666667,0.5,47.668182,0.476682,9.896,14.787,24.683,-0.951118,-1.245616,0.0,0.0,3,3,2,0,0,4,0,0,0,9.896,0.0,0,C,A/B,教师C：提供更多数量和不同种类的跳绳，并言语引导幼儿分组分区同时进行跳绳游戏。,教师A：请幼儿暂停游戏，将幼儿分成多个小组并引导他们以小组为单位分区域开展游戏。；教师B：请幼儿说一说跳绳活动中存在的问题，并邀请幼儿一起设置跳绳的规则。,过程简单,首反应异常；多次调整；首末位摇摆,请教师回忆读到情境后最先注意到什么、是否很快形成判断或感到难判断；追问最理想或最不理想做法的判断为什么发生变化,0.533333,0.488834,主要IIV信号：结果风险、过程冲突、选项焦点变化；可追问选项比较：教师A：请幼儿暂停游戏，将幼儿分成多个小组并引导他们以小组为单位分区域开展游戏。；教师B：请幼儿说一说跳绳活动中存在的问题，并邀请幼儿一起设置跳绳的规则。
教师12,sim_openid_012_439268,总体中等,2.4,24,Q6,6,区域停留短,小班幼儿瑶瑶在区域活动时，一会儿在娃娃家切切菜，一会儿到美工区搓搓橡皮泥，一会儿又开心地跑到其它区域游戏，在任何一个区域停留时间都不超过三分钟。,提议瑶瑶完成某项游戏任务，如在娃娃家做菜，请他活动小结时分享。,游戏前提醒区域活动规则，活动结束后表扬区域游戏规则遵守得好的小朋友。,仔细观察瑶瑶在不同区域的游戏情况，分析他发生迅速转移的原因。,以同伴的身份陪伴瑶瑶在某一区域游戏，待他专注游戏后再离开。,C 观察诊断与介入时机,A 儿童视角,DBAC,2,3,4,2,0.25,0.15,0.6,0.6,1,0.5,0.25,0.25,0.25,0.8,1.0,68.645349,0.686453,15.204,23.122,38.326,0.093566,0.215926,0.215926,0.107963,5,5,2,3,0,5,1,1,1,15.204,0.0,0,D,A/B,教师D：以同伴的身份陪伴瑶瑶在某一区域游戏，待他专注游戏后再离开。,教师A：提议瑶瑶完成某项游戏任务，如在娃娃家做菜，请他活动小结时分享。；教师B：游戏前提醒区域活动规则，活动结束后表扬区域游戏规则遵守得好的小朋友。,过程复杂,高修正投入；多次调整；首末位摇摆；路径振荡,追问后续主要在比较哪些做法、为什么调整；追问最理想或最不理想做法的判断为什么发生变化；追问当时是否在几个判断标准之间反复权衡,0.420796,0.400119,主要IIV信号：选项焦点变化、过程冲突、同题过程信息量；可追问选项比较：教师A：提议瑶瑶完成某项游戏任务，如在娃娃家做菜，请他活动小结时分享。；教师B：游戏前提醒区域活动规则，活动结束后表扬区域游戏规则遵守得好的小朋友。
教师12,sim_openid_012_439268,总体中等,2.4,24,Q1,1,篮球架玩水,操场上新安装了一些篮球架，幼儿经常在这里投篮。某天户外活动时，几名幼儿带着画笔和水桶来到这里，他们先是快乐地粉刷篮球架，之后开始往篮框里灌水，有的从上面灌，有的在下面接，忙的不亦乐乎，俨然这里成为了玩水的场地。,看到幼儿玩得很开心，不干预他们的玩水行为，待兴趣减弱后再讨论玩水的适宜性。,表扬幼儿的新发现，并询问在篮球架旁玩水是否合适，提议幼儿可以换个地方玩水。,参与到幼儿的“粉刷”游戏中，逐步引导幼儿到适宜玩水的地方继续开展游戏。,提醒幼儿篮球架是用于开展运动的，与其他幼儿一起召唤他们打篮球，转移他们的关注点。,B 自主游戏与规则/安全/价值平衡,A 游戏意义理解,ABDC,4,3,4,1,0.25,0.15,0.6,0.6,-1,0.75,0.25,0.5,0.5,0.75,0.75,58.034959,0.58035,12.929,17.764,30.693,-0.300745,-0.645924,0.0,0.0,3,3,2,1,0,3,1,1,1,12.929,0.0,0,C,A/B,教师C：参与到幼儿的“粉刷”游戏中，逐步引导幼儿到适宜玩水的地方继续开展游戏。,教师A：看到幼儿玩得很开心，不干预他们的玩水行为，待兴趣减弱后再讨论玩水的适宜性。；教师B：表扬幼儿的新发现，并询问在篮球架旁玩水是否合适，提议幼儿可以换个地方玩水。,过程简单,多次调整；首末位摇摆；路径振荡,追问最理想或最不理想做法的判断为什么发生变化；追问当时是否在几个判断标准之间反复权衡,0.425,0.389017,主要IIV信号：过程冲突、选项焦点变化、同题过程信息量；可追问选项比较：教师A：看到幼儿玩得很开心，不干预他们的玩水行为，待兴趣减弱后再讨论玩水的适宜性。；教师B：表扬幼儿的新发现，并询问在篮球架旁玩水是否合适，提议幼儿可以换个地方玩水。
教师12,sim_openid_012_439268,总体中等,2.4,24,Q10,10,引水难题未解,中班上学期，幼儿在“引水游戏”中遇到了难题——水无法被引到竹片管道上。他们不断调整竹片拼接的方式，却始终没能成功，即竹片一头高于出水管道，阻碍了引流。渐渐地幼儿的探索兴趣也减弱了，有的开始玩水，有的甚至离开了水池。,示范正确的引水方法，请幼儿注意观察并说说引水的要领，再自己试一试。,加入幼儿的探索，引导他们观察水流受阻的位置，一起尝试调整竹片的摆放方式。,组织幼儿就游戏困难进行讨论，寻找解决问题的方案，引导幼儿再次尝试。,投放更多辅助引水的材料，重新激起幼儿的探索兴趣，继续观察游戏进展。,C 观察诊断与介入时机,D 探究支架,DACB,1,4,4,1,0.0,0.4,1.6,1.6,3,0.75,0.0,0.75,0.75,0.8,0.5,67.589922,0.675899,6.958,18.237,25.195,-1.808021,-0.560009,0.0,0.0,5,5,1,1,0,5,1,1,1,6.958,0.0,0,D,C/D,教师D：投放更多辅助引水的材料，重新激起幼儿的探索兴趣，继续观察游戏进展。,教师C：组织幼儿就游戏困难进行讨论，寻找解决问题的方案，引导幼儿再次尝试。；教师D：投放更多辅助引水的材料，重新激起幼儿的探索兴趣，继续观察游戏进展。,过程中等,首反应异常；高修正投入；多次调整；首末位摇摆；路径振荡,请教师回忆读到情境后最先注意到什么、是否很快形成判断或感到难判断；追问后续主要在比较哪些做法、为什么调整；追问最理想或最不理想做法的判断为什么发生变化；追问当时是否在几个判断标准之间反复权衡,0.36,0.376295,主要IIV信号：过程冲突、修正信号、同题过程信息量；可追问选项比较：教师C：组织幼儿就游戏困难进行讨论，寻找解决问题的方案，引导幼儿再次尝试。；教师D：投放更多辅助引水的材料，重新激起幼儿的探索兴趣，继续观察游戏进展。
教师12,sim_openid_012_439268,总体中等,2.4,24,Q4,4,频繁求助,中班区域活动时，小明选择了建构区。玩了一会儿，他跑到老师面前说“老师，我不会搭……帮帮我吧”，教师问他需要什么帮助时，他一边说我不会搭，一边却很快地将房子从一层积木加高到了两层。看小明专注搭建后，老师就离开建构区了。可是没一会，小明又找了老师好几次，说“老师，帮帮我吧，我不会搭”。,鼓励小明独立搭建，引导他思考接下来如何搭建，及时表扬他的努力。,先示范搭建关键部分，请小明观察方法，再鼓励他照着继续搭建。,在旁观察小明的搭建过程，并适时反馈，帮助他理清搭建步骤。,帮小明回顾已搭建完成的部分，指导他设定小目标，尝试自己实现。,C 观察诊断与介入时机,D 支架策略,ACBD,3,3,3,3,0.25,0.15,0.6,0.6,0,0.0,0.0,0.0,0.0,0.0,0.0,10.15,0.1015,,,11.702,0.0,0.0,0.0,0.0,0,0,0,0,0,1,0,0,0,11.702,0.0,0,,,,,过程简单,过程相对平稳,追问教师当时主要依据什么形成排序,0.1,0.102575,主要IIV信号：结果风险、个人内相对偏离、同题过程信息量
教师13,sim_openid_013_622833,总体中等,2.5,25,Q4,4,频繁求助,中班区域活动时，小明选择了建构区。玩了一会儿，他跑到老师面前说“老师，我不会搭……帮帮我吧”，教师问他需要什么帮助时，他一边说我不会搭，一边却很快地将房子从一层积木加高到了两层。看小明专注搭建后，老师就离开建构区了。可是没一会，小明又找了老师好几次，说“老师，帮帮我吧，我不会搭”。,鼓励小明独立搭建，引导他思考接下来如何搭建，及时表扬他的努力。,先示范搭建关键部分，请小明观察方法，再鼓励他照着继续搭建。,在旁观察小明的搭建过程，并适时反馈，帮助他理清搭建步骤。,帮小明回顾已搭建完成的部分，指导他设定小目标，尝试自己实现。,C 观察诊断与介入时机,D 支架策略,DBAC,2,1,2,1,0.75,0.375,-1.5,1.5,-1,0.25,0.25,0.0,0.25,0.8,1.0,86.716667,0.867167,27.947,30.745,58.692,0.499902,0.097824,0.499902,0.249951,5,5,2,3,0,5,1,1,1,27.947,0.0,0,D,A/C,教师D：帮小明回顾已搭建完成的部分，指导他设定小目标，尝试自己实现。,教师A：鼓励小明独立搭建，引导他思考接下来如何搭建，及时表扬他的努力。；教师C：在旁观察小明的搭建过程，并适时反馈，帮助他理清搭建步骤。,过程复杂,首反应异常；高修正投入；多次调整；首末位摇摆；路径振荡,请教师回忆读到情境后最先注意到什么、是否很快形成判断或感到难判断；追问后续主要在比较哪些做法、为什么调整；追问最理想或最不理想做法的判断为什么发生变化；追问当时是否在几个判断标准之间反复权衡,0.634995,0.607103,主要IIV信号：选项焦点变化、同题过程信息量、过程冲突；可追问选项比较：教师A：鼓励小明独立搭建，引导他思考接下来如何搭建，及时表扬他的努力。；教师C：在旁观察小明的搭建过程，并适时反馈，帮助他理清搭建步骤。
教师13,sim_openid_013_622833,总体中等,2.5,25,Q2,2,未参与小组建构,大班建构活动中，睿睿和其他幼儿计划一起搭积木大桥，他们讨论了搭建方法，并进入区域开始搭建。就在其他幼儿在认真搭建时，睿睿发现了一块长条木板，他一会儿在地上推着走，一会儿当枪使，没有再参与小组的搭建。,继续观察，后续分享中支持睿睿思考如何把长条木板融入小组的建构中。,肯定睿睿的创造性玩法，询问他长条板能否当桥面，引导他参与到搭桥任务中。,引导睿睿回顾计划，建议他先完成共同任务，长条木板可以等自由游戏时再玩。,看到睿睿玩得开心，暂不介入，等下一次活动时再提醒他根据计划开展游戏。,D 支架策略与游戏推进,E 共同游戏组织,ADCB,0,2,2,0,0.5,0.125,-0.5,0.5,2,0.5,0.0,0.5,0.5,0.875,1.0,79.183333,0.791833,13.613,48.447,62.06,-1.647706,1.661945,1.661945,0.830972,8,8,2,5,0,8,1,1,0,13.613,0.0,0,B,B/D,教师B：肯定睿睿的创造性玩法，询问他长条板能否当桥面，引导他参与到搭桥任务中。,教师B：肯定睿睿的创造性玩法，询问他长条板能否当桥面，引导他参与到搭桥任务中。；教师D：看到睿睿玩得开心，暂不介入，等下一次活动时再提醒他根据计划开展游戏。,过程复杂,高修正投入；多次调整；首末位摇摆；路径振荡,追问后续主要在比较哪些做法、为什么调整；追问最理想或最不理想做法的判断为什么发生变化；追问当时是否在几个判断标准之间反复权衡,0.658097,0.597689,主要IIV信号：选项焦点变化、过程冲突、相对时间信号；可追问选项比较：教师B：肯定睿睿的创造性玩法，询问他长条板能否当桥面，引导他参与到搭桥任务中。；教师D：看到睿睿玩得开心，暂不介入，等下一次活动时再提醒他根据计划开展游戏。
教师13,sim_openid_013_622833,总体中等,2.5,25,Q1,1,篮球架玩水,操场上新安装了一些篮球架，幼儿经常在这里投篮。某天户外活动时，几名幼儿带着画笔和水桶来到这里，他们先是快乐地粉刷篮球架，之后开始往篮框里灌水，有的从上面灌，有的在下面接，忙的不亦乐乎，俨然这里成为了玩水的场地。,看到幼儿玩得很开心，不干预他们的玩水行为，待兴趣减弱后再讨论玩水的适宜性。,表扬幼儿的新发现，并询问在篮球架旁玩水是否合适，提议幼儿可以换个地方玩水。,参与到幼儿的“粉刷”游戏中，逐步引导幼儿到适宜玩水的地方继续开展游戏。,提醒幼儿篮球架是用于开展运动的，与其他幼儿一起召唤他们打篮球，转移他们的关注点。,B 自主游戏与规则/安全/价值平衡,A 游戏意义理解,BACD,4,2,4,0,0.5,0.125,-0.5,0.5,-2,1.0,0.5,0.5,0.5,1.0,1.0,78.568699,0.785687,29.866,25.598,55.464,0.698188,-0.53235,0.698188,0.349094,6,6,1,3,0,6,1,1,0,29.866,0.0,0,A,C/D,教师A：看到幼儿玩得很开心，不干预他们的玩水行为，待兴趣减弱后再讨论玩水的适宜性。,教师C：参与到幼儿的“粉刷”游戏中，逐步引导幼儿到适宜玩水的地方继续开展游戏。；教师D：提醒幼儿篮球架是用于开展运动的，与其他幼儿一起召唤他们打篮球，转移他们的关注点。,过程复杂,首反应异常；高修正投入；多次调整；首末位摇摆；路径振荡,请教师回忆读到情境后最先注意到什么、是否很快形成判断或感到难判断；追问后续主要在比较哪些做法、为什么调整；追问最理想或最不理想做法的判断为什么发生变化；追问当时是否在几个判断标准之间反复权衡,0.634909,0.567944,主要IIV信号：过程冲突、选项焦点变化、同题过程信息量；可追问选项比较：教师C：参与到幼儿的“粉刷”游戏中，逐步引导幼儿到适宜玩水的地方继续开展游戏。；教师D：提醒幼儿篮球架是用于开展运动的，与其他幼儿一起召唤他们打篮球，转移他们的关注点。
教师13,sim_openid_013_622833,总体中等,2.5,25,Q9,9,艾莎公主不运动,小班的一次户外运动，有几个女孩子从一开始就没有选择任何体育活动项目，而是聚在一起坐在地上玩“艾莎公主”的游戏，比一比谁的鞋子最漂亮，谁的魔法最厉害。,询问幼儿没有参与运动的原因，提供丰富的活动材料吸引幼儿参与运动活动。,提醒幼儿现在是运动时间，请他们等自由游戏时间再一起玩“艾莎公主”的游戏。,利用艾莎公主的鞋子设计走、跑、跳等活动，并以参与者的身份邀请幼儿一起参与运动。,肯定幼儿自主游戏的行为，言语引导幼儿穿着“漂亮的鞋子”参与运动。,D 支架策略与游戏推进,A 儿童视角/B 目标平衡,DACB,0,3,4,0,0.25,0.125,0.5,0.5,3,1.0,0.25,0.75,0.75,1.0,1.0,77.262121,0.772621,14.54,36.109,50.649,-1.45101,0.650958,0.650958,0.325479,7,7,2,3,1,7,1,1,1,14.54,0.0,0,D,B/D,教师D：肯定幼儿自主游戏的行为，言语引导幼儿穿着“漂亮的鞋子”参与运动。,教师B：提醒幼儿现在是运动时间，请他们等自由游戏时间再一起玩“艾莎公主”的游戏。；教师D：肯定幼儿自主游戏的行为，言语引导幼儿穿着“漂亮的鞋子”参与运动。,过程复杂,高修正投入；多次调整；首末位摇摆；优劣方向冲突；路径振荡,追问后续主要在比较哪些做法、为什么调整；追问最理想或最不理想做法的判断为什么发生变化；追问是否曾把某做法从合适改判为不合适，或相反；追问当时是否在几个判断标准之间反复权衡,0.582548,0.527429,主要IIV信号：过程冲突、选项焦点变化、同题过程信息量；可追问选项比较：教师B：提醒幼儿现在是运动时间，请他们等自由游戏时间再一起玩“艾莎公主”的游戏。；教师D：肯定幼儿自主游戏的行为，言语引导幼儿穿着“漂亮的鞋子”参与运动。
教师13,sim_openid_013_622833,总体中等,2.5,25,Q7,7,飞行棋各走各的,大班区域游戏中，轩轩和小宇一起玩飞行棋，他们将棋子摆好后，各自拿了一个骰子开始投，小宇说：“该我走。”轩轩说：“明明该我走！”相持不下，于是两人各拿一个骰子，自顾自地走自己的棋。,耐心讲解共同游戏的规则，再以“棋手”身份加入游戏进行示范引导。,暂不介入，继续观察游戏进展，待区域小结时请幼儿分享游戏中的体验和问题。,拿走一个骰子，请幼儿商量只有一个骰子的共同游戏规则，达成一致后再开始游戏。,待幼儿体验一轮各走各的游戏后，询问幼儿的游戏体验，提示共同游戏规则的作用。,E 共同游戏组织与规则共建,B 规则平衡,ABDC,0,3,3,0,0.25,0.125,0.5,0.5,3,0.75,0.0,0.75,0.75,0.857143,1.0,76.460853,0.764609,19.148,38.789,57.937,-0.629047,0.897212,0.897212,0.448606,7,7,2,3,0,6,2,2,0,19.148,0.0,0,C,B/D,教师C：拿走一个骰子，请幼儿商量只有一个骰子的共同游戏规则，达成一致后再开始游戏。,教师B：暂不介入，继续观察游戏进展，待区域小结时请幼儿分享游戏中的体验和问题。；教师D：待幼儿体验一轮各走各的游戏后，询问幼儿的游戏体验，提示共同游戏规则的作用。,过程复杂,高修正投入；多次调整；首末位摇摆；路径振荡,追问后续主要在比较哪些做法、为什么调整；追问最理想或最不理想做法的判断为什么发生变化；追问当时是否在几个判断标准之间反复权衡,0.566289,0.517912,主要IIV信号：选项焦点变化、过程冲突、同题过程信息量；可追问选项比较：教师B：暂不介入，继续观察游戏进展，待区域小结时请幼儿分享游戏中的体验和问题。；教师D：待幼儿体验一轮各走各的游戏后，询问幼儿的游戏体验，提示共同游戏规则的作用。
教师13,sim_openid_013_622833,总体中等,2.5,25,Q10,10,引水难题未解,中班上学期，幼儿在“引水游戏”中遇到了难题——水无法被引到竹片管道上。他们不断调整竹片拼接的方式，却始终没能成功，即竹片一头高于出水管道，阻碍了引流。渐渐地幼儿的探索兴趣也减弱了，有的开始玩水，有的甚至离开了水池。,示范正确的引水方法，请幼儿注意观察并说说引水的要领，再自己试一试。,加入幼儿的探索，引导他们观察水流受阻的位置，一起尝试调整竹片的摆放方式。,组织幼儿就游戏困难进行讨论，寻找解决问题的方案，引导幼儿再次尝试。,投放更多辅助引水的材料，重新激起幼儿的探索兴趣，继续观察游戏进展。,C 观察诊断与介入时机,D 探究支架,DABC,1,3,3,1,0.25,0.125,0.5,0.5,2,0.5,0.0,0.5,0.5,0.8,1.0,88.640698,0.886407,39.194,27.901,67.095,1.509725,-0.236037,1.509725,0.754863,5,5,3,3,1,4,2,2,2,39.194,0.0,0,D,A/B,教师D：投放更多辅助引水的材料，重新激起幼儿的探索兴趣，继续观察游戏进展。,教师A：示范正确的引水方法，请幼儿注意观察并说说引水的要领，再自己试一试。；教师B：加入幼儿的探索，引导他们观察水流受阻的位置，一起尝试调整竹片的摆放方式。,过程复杂,首反应异常；高修正投入；多次调整；首末位摇摆；优劣方向冲突；路径振荡,请教师回忆读到情境后最先注意到什么、是否很快形成判断或感到难判断；追问后续主要在比较哪些做法、为什么调整；追问最理想或最不理想做法的判断为什么发生变化；追问是否曾把某做法从合适改判为不合适，或相反；追问当时是否在几个判断标准之间反复权衡,0.535486,0.508557,主要IIV信号：选项焦点变化、同题过程信息量、过程冲突；可追问选项比较：教师A：示范正确的引水方法，请幼儿注意观察并说说引水的要领，再自己试一试。；教师B：加入幼儿的探索，引导他们观察水流受阻的位置，一起尝试调整竹片的摆放方式。
教师13,sim_openid_013_622833,总体中等,2.5,25,Q8,8,跳绳秩序混乱,周三下午，大五班的幼儿正自发进行跳绳游戏。李老师观察后发现，挤在一起跳绳的幼儿人数较多，整个场面十分混乱，幼儿很容易出现碰撞现象。此外，由于当“柱子”的幼儿很久才能轮上跳绳，因此也显得很不耐烦。,请幼儿暂停游戏，将幼儿分成多个小组并引导他们以小组为单位分区域开展游戏。,请幼儿说一说跳绳活动中存在的问题，并邀请幼儿一起设置跳绳的规则。,提供更多数量和不同种类的跳绳，并言语引导幼儿分组分区同时进行跳绳游戏。,暂不介入，活动分享时通过照片或视频回放引导幼儿发现问题并商议解决办法。,E 共同游戏组织与规则共建,B 安全秩序,DABC,2,2,4,1,0.5,0.125,-0.5,0.5,0,0.75,0.5,0.25,0.5,0.833333,1.0,60.928788,0.609288,20.962,30.744,51.706,-0.358797,0.097712,0.097712,0.048856,6,6,3,1,0,7,0,0,0,20.962,0.0,0,D,A/D,教师D：暂不介入，活动分享时通过照片或视频回放引导幼儿发现问题并商议解决办法。,教师A：请幼儿暂停游戏，将幼儿分成多个小组并引导他们以小组为单位分区域开展游戏。；教师D：暂不介入，活动分享时通过照片或视频回放引导幼儿发现问题并商议解决办法。,过程简单,高修正投入；多次调整；首末位摇摆,追问后续主要在比较哪些做法、为什么调整；追问最理想或最不理想做法的判断为什么发生变化,0.571552,0.5041,主要IIV信号：选项焦点变化、过程冲突、同题过程信息量；可追问选项比较：教师A：请幼儿暂停游戏，将幼儿分成多个小组并引导他们以小组为单位分区域开展游戏。；教师D：暂不介入，活动分享时通过照片或视频回放引导幼儿发现问题并商议解决办法。
教师13,sim_openid_013_622833,总体中等,2.5,25,Q3,3,材料选择无层次,大班上学期，张老师在建构区投放了按图搭建的游戏材料，并提供了不同星级难度的任务卡供幼儿选择，但有的幼儿一上来就选择高难度的三星级任务卡，结果不能顺利完成任务；而有的幼儿始终选择低难度的一星级任务卡。这天，浩浩又连续选择了几张一星级任务卡，很快就完成了任务。,调整任务卡提供方式，在游戏开始前根据幼儿的能力水平有针对性地发放任务卡。,暂不介入，尊重幼儿的自主选择和游戏体验，只要完成任务就是一种经验积累。,调整任务卡呈现方式，如增加“我想挑战”等提示，鼓励幼儿选择不同星级的挑战。,和浩浩回顾已完成的任务，比较不同星级的难度，邀请他选择稍有挑战的任务。,D 支架策略与游戏推进,C 观察诊断,DBAC,0,3,3,0,0.25,0.125,0.5,0.5,3,0.75,0.0,0.75,0.75,0.833333,1.0,86.583333,0.865833,27.658,33.196,60.854,0.468865,0.361646,0.468865,0.234433,6,6,3,1,1,4,3,3,2,27.658,0.0,0,D,A/B,教师D：和浩浩回顾已完成的任务，比较不同星级的难度，邀请他选择稍有挑战的任务。,教师A：调整任务卡提供方式，在游戏开始前根据幼儿的能力水平有针对性地发放任务卡。；教师B：暂不介入，尊重幼儿的自主选择和游戏体验，只要完成任务就是一种经验积累。,过程复杂,首反应异常；高修正投入；多次调整；首末位摇摆；优劣方向冲突；路径振荡,请教师回忆读到情境后最先注意到什么、是否很快形成判断或感到难判断；追问后续主要在比较哪些做法、为什么调整；追问最理想或最不理想做法的判断为什么发生变化；追问是否曾把某做法从合适改判为不合适，或相反；追问当时是否在几个判断标准之间反复权衡,0.54011,0.497985,主要IIV信号：选项焦点变化、同题过程信息量、过程冲突；可追问选项比较：教师A：调整任务卡提供方式，在游戏开始前根据幼儿的能力水平有针对性地发放任务卡。；教师B：暂不介入，尊重幼儿的自主选择和游戏体验，只要完成任务就是一种经验积累。
教师13,sim_openid_013_622833,总体中等,2.5,25,Q5,5,消防员救火开心,近几天，中班的幼儿十分热衷于在区域游戏时间玩“消防员救火”的游戏。游戏结束后的交流活动中，老师问幼儿最想分享什么时，阳阳说“娃娃家着火了，好开心啊！”。,抓住教育契机，向幼儿耐心解释真实的火灾会造成物品损失和人员伤亡。,询问幼儿开心的是“着火”本身，还是消防员成功救火、娃娃家的人得救？,引导幼儿思考“娃娃家着火”值不值得开心，帮助他们认识真实火灾是危险的。,请阳阳讲讲娃娃家着火后发生了什么、为什么开心，借此理解幼儿的游戏体验。,A 游戏意义理解与儿童视角,B 价值平衡,ABCD,2,2,3,2,0.5,0.125,-0.5,0.5,0,0.25,0.25,0.0,0.25,0.75,1.0,77.078295,0.770783,27.082,19.942,47.024,0.406028,-1.391163,0.406028,0.203014,4,4,2,2,0,3,2,2,2,27.082,0.0,0,,C/D,,教师C：引导幼儿思考“娃娃家着火”值不值得开心，帮助他们认识真实火灾是危险的。；教师D：请阳阳讲讲娃娃家着火后发生了什么、为什么开心，借此理解幼儿的游戏体验。,过程复杂,首反应异常；多次调整；首末位摇摆；路径振荡,请教师回忆读到情境后最先注意到什么、是否很快形成判断或感到难判断；追问最理想或最不理想做法的判断为什么发生变化；追问当时是否在几个判断标准之间反复权衡,0.520301,0.477591,主要IIV信号：选项焦点变化、同题过程信息量、过程冲突；可追问选项比较：教师C：引导幼儿思考“娃娃家着火”值不值得开心，帮助他们认识真实火灾是危险的。；教师D：请阳阳讲讲娃娃家着火后发生了什么、为什么开心，借此理解幼儿的游戏体验。
教师13,sim_openid_013_622833,总体中等,2.5,25,Q6,6,区域停留短,小班幼儿瑶瑶在区域活动时，一会儿在娃娃家切切菜，一会儿到美工区搓搓橡皮泥，一会儿又开心地跑到其它区域游戏，在任何一个区域停留时间都不超过三分钟。,提议瑶瑶完成某项游戏任务，如在娃娃家做菜，请他活动小结时分享。,游戏前提醒区域活动规则，活动结束后表扬区域游戏规则遵守得好的小朋友。,仔细观察瑶瑶在不同区域的游戏情况，分析他发生迅速转移的原因。,以同伴的身份陪伴瑶瑶在某一区域游戏，待他专注游戏后再离开。,C 观察诊断与介入时机,A 儿童视角,BCAD,2,4,4,2,0.0,0.375,1.5,1.5,2,0.5,0.0,0.5,0.5,0.5,0.25,38.61938,0.386194,27.984,18.725,46.709,0.503852,-1.607748,0.503852,0.251926,2,2,1,0,0,3,0,0,0,27.984,0.0,0,A,A/B,教师A：提议瑶瑶完成某项游戏任务，如在娃娃家做菜，请他活动小结时分享。,教师A：提议瑶瑶完成某项游戏任务，如在娃娃家做菜，请他活动小结时分享。；教师B：游戏前提醒区域活动规则，活动结束后表扬区域游戏规则遵守得好的小朋友。,过程简单,首反应异常,请教师回忆读到情境后最先注意到什么、是否很快形成判断或感到难判断,0.250193,0.275752,主要IIV信号：过程冲突、修正信号、同题过程信息量；可追问选项比较：教师A：提议瑶瑶完成某项游戏任务，如在娃娃家做菜，请他活动小结时分享。；教师B：游戏前提醒区域活动规则，活动结束后表扬区域游戏规则遵守得好的小朋友。
教师14,sim_openid_014_601439,总体偏低,1.8,18,Q1,1,篮球架玩水,操场上新安装了一些篮球架，幼儿经常在这里投篮。某天户外活动时，几名幼儿带着画笔和水桶来到这里，他们先是快乐地粉刷篮球架，之后开始往篮框里灌水，有的从上面灌，有的在下面接，忙的不亦乐乎，俨然这里成为了玩水的场地。,看到幼儿玩得很开心，不干预他们的玩水行为，待兴趣减弱后再讨论玩水的适宜性。,表扬幼儿的新发现，并询问在篮球架旁玩水是否合适，提议幼儿可以换个地方玩水。,参与到幼儿的“粉刷”游戏中，逐步引导幼儿到适宜玩水的地方继续开展游戏。,提醒幼儿篮球架是用于开展运动的，与其他幼儿一起召唤他们打篮球，转移他们的关注点。,B 自主游戏与规则/安全/价值平衡,A 游戏意义理解,DBCA,4,0,4,0,1.0,0.45,-1.8,1.8,-4,1.0,1.0,0.0,1.0,1.0,1.0,80.58252,0.805825,28.133,31.843,59.976,0.313976,0.063074,0.313976,0.156988,5,5,3,4,2,6,0,0,0,28.133,0.0,0,A,A/C,教师A：看到幼儿玩得很开心，不干预他们的玩水行为，待兴趣减弱后再讨论玩水的适宜性。,教师A：看到幼儿玩得很开心，不干预他们的玩水行为，待兴趣减弱后再讨论玩水的适宜性。；教师C：参与到幼儿的“粉刷”游戏中，逐步引导幼儿到适宜玩水的地方继续开展游戏。,过程复杂,首反应异常；高修正投入；多次调整；首末位摇摆；优劣方向冲突,请教师回忆读到情境后最先注意到什么、是否很快形成判断或感到难判断；追问后续主要在比较哪些做法、为什么调整；追问最理想或最不理想做法的判断为什么发生变化；追问是否曾把某做法从合适改判为不合适，或相反,0.915699,0.82349,主要IIV信号：结果风险、过程冲突、修正信号；可追问选项比较：教师A：看到幼儿玩得很开心，不干预他们的玩水行为，待兴趣减弱后再讨论玩水的适宜性。；教师C：参与到幼儿的“粉刷”游戏中，逐步引导幼儿到适宜玩水的地方继续开展游戏。
教师14,sim_openid_014_601439,总体偏低,1.8,18,Q3,3,材料选择无层次,大班上学期，张老师在建构区投放了按图搭建的游戏材料，并提供了不同星级难度的任务卡供幼儿选择，但有的幼儿一上来就选择高难度的三星级任务卡，结果不能顺利完成任务；而有的幼儿始终选择低难度的一星级任务卡。这天，浩浩又连续选择了几张一星级任务卡，很快就完成了任务。,调整任务卡提供方式，在游戏开始前根据幼儿的能力水平有针对性地发放任务卡。,暂不介入，尊重幼儿的自主选择和游戏体验，只要完成任务就是一种经验积累。,调整任务卡呈现方式，如增加“我想挑战”等提示，鼓励幼儿选择不同星级的挑战。,和浩浩回顾已完成的任务，比较不同星级的难度，邀请他选择稍有挑战的任务。,D 支架策略与游戏推进,C 观察诊断,BCAD,0,1,4,0,0.75,0.2,-0.8,0.8,1,1.0,0.75,0.25,0.75,1.0,1.0,66.688889,0.666889,14.289,41.049,55.338,-1.531056,0.683012,0.683012,0.341506,5,5,4,3,2,6,0,0,0,14.289,0.0,0,A,A/D,教师A：调整任务卡提供方式，在游戏开始前根据幼儿的能力水平有针对性地发放任务卡。,教师A：调整任务卡提供方式，在游戏开始前根据幼儿的能力水平有针对性地发放任务卡。；教师D：和浩浩回顾已完成的任务，比较不同星级的难度，邀请他选择稍有挑战的任务。,过程简单,高修正投入；多次调整；首末位摇摆；优劣方向冲突,追问后续主要在比较哪些做法、为什么调整；追问最理想或最不理想做法的判断为什么发生变化；追问是否曾把某做法从合适改判为不合适，或相反,0.784151,0.684995,主要IIV信号：过程冲突、选项焦点变化、结果风险；可追问选项比较：教师A：调整任务卡提供方式，在游戏开始前根据幼儿的能力水平有针对性地发放任务卡。；教师D：和浩浩回顾已完成的任务，比较不同星级的难度，邀请他选择稍有挑战的任务。
教师14,sim_openid_014_601439,总体偏低,1.8,18,Q10,10,引水难题未解,中班上学期，幼儿在“引水游戏”中遇到了难题——水无法被引到竹片管道上。他们不断调整竹片拼接的方式，却始终没能成功，即竹片一头高于出水管道，阻碍了引流。渐渐地幼儿的探索兴趣也减弱了，有的开始玩水，有的甚至离开了水池。,示范正确的引水方法，请幼儿注意观察并说说引水的要领，再自己试一试。,加入幼儿的探索，引导他们观察水流受阻的位置，一起尝试调整竹片的摆放方式。,组织幼儿就游戏困难进行讨论，寻找解决问题的方案，引导幼儿再次尝试。,投放更多辅助引水的材料，重新激起幼儿的探索兴趣，继续观察游戏进展。,C 观察诊断与介入时机,D 探究支架,BDCA,1,1,2,1,0.75,0.2,-0.8,0.8,0,0.25,0.25,0.0,0.25,0.857143,1.0,81.118992,0.81119,16.499,42.493,58.992,-1.139393,0.767411,0.767411,0.383706,7,7,2,4,1,6,2,2,2,16.499,0.0,0,A,C/D,教师A：示范正确的引水方法，请幼儿注意观察并说说引水的要领，再自己试一试。,教师C：组织幼儿就游戏困难进行讨论，寻找解决问题的方案，引导幼儿再次尝试。；教师D：投放更多辅助引水的材料，重新激起幼儿的探索兴趣，继续观察游戏进展。,过程复杂,高修正投入；多次调整；首末位摇摆；优劣方向冲突；路径振荡,追问后续主要在比较哪些做法、为什么调整；追问最理想或最不理想做法的判断为什么发生变化；追问是否曾把某做法从合适改判为不合适，或相反；追问当时是否在几个判断标准之间反复权衡,0.659799,0.600001,主要IIV信号：选项焦点变化、过程冲突、同题过程信息量；可追问选项比较：教师C：组织幼儿就游戏困难进行讨论，寻找解决问题的方案，引导幼儿再次尝试。；教师D：投放更多辅助引水的材料，重新激起幼儿的探索兴趣，继续观察游戏进展。
教师14,sim_openid_014_601439,总体偏低,1.8,18,Q6,6,区域停留短,小班幼儿瑶瑶在区域活动时，一会儿在娃娃家切切菜，一会儿到美工区搓搓橡皮泥，一会儿又开心地跑到其它区域游戏，在任何一个区域停留时间都不超过三分钟。,提议瑶瑶完成某项游戏任务，如在娃娃家做菜，请他活动小结时分享。,游戏前提醒区域活动规则，活动结束后表扬区域游戏规则遵守得好的小朋友。,仔细观察瑶瑶在不同区域的游戏情况，分析他发生迅速转移的原因。,以同伴的身份陪伴瑶瑶在某一区域游戏，待他专注游戏后再离开。,C 观察诊断与介入时机,A 儿童视角,BADC,2,2,4,2,0.5,0.05,0.2,0.2,0,0.5,0.5,0.0,0.5,0.875,1.0,89.331783,0.893318,39.419,46.185,85.604,1.23262,0.970801,1.23262,0.61631,8,8,6,1,0,7,2,2,1,39.419,0.0,0,A,A/B,教师A：提议瑶瑶完成某项游戏任务，如在娃娃家做菜，请他活动小结时分享。,教师A：提议瑶瑶完成某项游戏任务，如在娃娃家做菜，请他活动小结时分享。；教师B：游戏前提醒区域活动规则，活动结束后表扬区域游戏规则遵守得好的小朋友。,过程复杂,首反应异常；高修正投入；多次调整；首末位摇摆；路径振荡,请教师回忆读到情境后最先注意到什么、是否很快形成判断或感到难判断；追问后续主要在比较哪些做法、为什么调整；追问最理想或最不理想做法的判断为什么发生变化；追问当时是否在几个判断标准之间反复权衡,0.636631,0.570047,主要IIV信号：选项焦点变化、同题过程信息量、过程冲突；可追问选项比较：教师A：提议瑶瑶完成某项游戏任务，如在娃娃家做菜，请他活动小结时分享。；教师B：游戏前提醒区域活动规则，活动结束后表扬区域游戏规则遵守得好的小朋友。
教师14,sim_openid_014_601439,总体偏低,1.8,18,Q4,4,频繁求助,中班区域活动时，小明选择了建构区。玩了一会儿，他跑到老师面前说“老师，我不会搭……帮帮我吧”，教师问他需要什么帮助时，他一边说我不会搭，一边却很快地将房子从一层积木加高到了两层。看小明专注搭建后，老师就离开建构区了。可是没一会，小明又找了老师好几次，说“老师，帮帮我吧，我不会搭”。,鼓励小明独立搭建，引导他思考接下来如何搭建，及时表扬他的努力。,先示范搭建关键部分，请小明观察方法，再鼓励他照着继续搭建。,在旁观察小明的搭建过程，并适时反馈，帮助他理清搭建步骤。,帮小明回顾已搭建完成的部分，指导他设定小目标，尝试自己实现。,C 观察诊断与介入时机,D 支架策略,BCDA,2,1,2,1,0.75,0.2,-0.8,0.8,-1,0.25,0.25,0.0,0.25,0.833333,1.0,76.45,0.7645,22.532,30.311,52.843,-0.290655,-0.057294,0.0,0.0,6,6,3,3,0,6,1,1,1,22.532,0.0,0,A,A/D,教师A：鼓励小明独立搭建，引导他思考接下来如何搭建，及时表扬他的努力。,教师A：鼓励小明独立搭建，引导他思考接下来如何搭建，及时表扬他的努力。；教师D：帮小明回顾已搭建完成的部分，指导他设定小目标，尝试自己实现。,过程复杂,高修正投入；多次调整；首末位摇摆；路径振荡,追问后续主要在比较哪些做法、为什么调整；追问最理想或最不理想做法的判断为什么发生变化；追问当时是否在几个判断标准之间反复权衡,0.616667,0.555725,主要IIV信号：选项焦点变化、过程冲突、同题过程信息量；可追问选项比较：教师A：鼓励小明独立搭建，引导他思考接下来如何搭建，及时表扬他的努力。；教师D：帮小明回顾已搭建完成的部分，指导他设定小目标，尝试自己实现。
教师14,sim_openid_014_601439,总体偏低,1.8,18,Q2,2,未参与小组建构,大班建构活动中，睿睿和其他幼儿计划一起搭积木大桥，他们讨论了搭建方法，并进入区域开始搭建。就在其他幼儿在认真搭建时，睿睿发现了一块长条木板，他一会儿在地上推着走，一会儿当枪使，没有再参与小组的搭建。,继续观察，后续分享中支持睿睿思考如何把长条木板融入小组的建构中。,肯定睿睿的创造性玩法，询问他长条板能否当桥面，引导他参与到搭桥任务中。,引导睿睿回顾计划，建议他先完成共同任务，长条木板可以等自由游戏时再玩。,看到睿睿玩得开心，暂不介入，等下一次活动时再提醒他根据计划开展游戏。,D 支架策略与游戏推进,E 共同游戏组织,BCDA,0,3,3,0,0.25,0.3,1.2,1.2,3,0.75,0.0,0.75,0.75,0.75,1.0,67.983333,0.679833,40.732,12.606,53.338,1.321858,-2.199046,1.321858,0.660929,4,4,2,3,1,5,0,0,0,40.732,0.0,0,A,C/D,教师A：继续观察，后续分享中支持睿睿思考如何把长条木板融入小组的建构中。,教师C：引导睿睿回顾计划，建议他先完成共同任务，长条木板可以等自由游戏时再玩。；教师D：看到睿睿玩得开心，暂不介入，等下一次活动时再提醒他根据计划开展游戏。,过程简单,首反应异常；多次调整；首末位摇摆；优劣方向冲突,请教师回忆读到情境后最先注意到什么、是否很快形成判断或感到难判断；追问最理想或最不理想做法的判断为什么发生变化；追问是否曾把某做法从合适改判为不合适，或相反,0.566093,0.545085,主要IIV信号：选项焦点变化、过程冲突、修正信号；可追问选项比较：教师C：引导睿睿回顾计划，建议他先完成共同任务，长条木板可以等自由游戏时再玩。；教师D：看到睿睿玩得开心，暂不介入，等下一次活动时再提醒他根据计划开展游戏。
教师14,sim_openid_014_601439,总体偏低,1.8,18,Q9,9,艾莎公主不运动,小班的一次户外运动，有几个女孩子从一开始就没有选择任何体育活动项目，而是聚在一起坐在地上玩“艾莎公主”的游戏，比一比谁的鞋子最漂亮，谁的魔法最厉害。,询问幼儿没有参与运动的原因，提供丰富的活动材料吸引幼儿参与运动活动。,提醒幼儿现在是运动时间，请他们等自由游戏时间再一起玩“艾莎公主”的游戏。,利用艾莎公主的鞋子设计走、跑、跳等活动，并以参与者的身份邀请幼儿一起参与运动。,肯定幼儿自主游戏的行为，言语引导幼儿穿着“漂亮的鞋子”参与运动。,D 支架策略与游戏推进,A 儿童视角/B 目标平衡,ADCB,0,3,3,0,0.25,0.3,1.2,1.2,3,0.75,0.0,0.75,0.75,0.857143,1.0,86.842424,0.868424,27.726,37.635,65.361,0.274288,0.471038,0.471038,0.235519,7,7,4,4,3,5,3,3,0,27.726,0.0,0,B,C/D,教师B：提醒幼儿现在是运动时间，请他们等自由游戏时间再一起玩“艾莎公主”的游戏。,教师C：利用艾莎公主的鞋子设计走、跑、跳等活动，并以参与者的身份邀请幼儿一起参与运动。；教师D：肯定幼儿自主游戏的行为，言语引导幼儿穿着“漂亮的鞋子”参与运动。,过程复杂,首反应异常；高修正投入；多次调整；首末位摇摆；优劣方向冲突；路径振荡,请教师回忆读到情境后最先注意到什么、是否很快形成判断或感到难判断；追问后续主要在比较哪些做法、为什么调整；追问最理想或最不理想做法的判断为什么发生变化；追问是否曾把某做法从合适改判为不合适，或相反；追问当时是否在几个判断标准之间反复权衡,0.54498,0.528045,主要IIV信号：选项焦点变化、同题过程信息量、过程冲突；可追问选项比较：教师C：利用艾莎公主的鞋子设计走、跑、跳等活动，并以参与者的身份邀请幼儿一起参与运动。；教师D：肯定幼儿自主游戏的行为，言语引导幼儿穿着“漂亮的鞋子”参与运动。
教师14,sim_openid_014_601439,总体偏低,1.8,18,Q5,5,消防员救火开心,近几天，中班的幼儿十分热衷于在区域游戏时间玩“消防员救火”的游戏。游戏结束后的交流活动中，老师问幼儿最想分享什么时，阳阳说“娃娃家着火了，好开心啊！”。,抓住教育契机，向幼儿耐心解释真实的火灾会造成物品损失和人员伤亡。,询问幼儿开心的是“着火”本身，还是消防员成功救火、娃娃家的人得救？,引导幼儿思考“娃娃家着火”值不值得开心，帮助他们认识真实火灾是危险的。,请阳阳讲讲娃娃家着火后发生了什么、为什么开心，借此理解幼儿的游戏体验。,A 游戏意义理解与儿童视角,B 价值平衡,ABCD,2,2,3,1,0.5,0.05,0.2,0.2,0,0.5,0.25,0.25,0.25,0.75,1.0,80.972868,0.809729,32.387,34.588,66.975,0.697481,0.264934,0.697481,0.34874,4,4,2,2,0,4,1,1,0,32.387,0.0,0,,B/D,,教师B：询问幼儿开心的是“着火”本身，还是消防员成功救火、娃娃家的人得救？；教师D：请阳阳讲讲娃娃家着火后发生了什么、为什么开心，借此理解幼儿的游戏体验。,过程复杂,首反应异常；高修正投入；多次调整；首末位摇摆,请教师回忆读到情境后最先注意到什么、是否很快形成判断或感到难判断；追问后续主要在比较哪些做法、为什么调整；追问最理想或最不理想做法的判断为什么发生变化,0.534874,0.48286,主要IIV信号：选项焦点变化、同题过程信息量、过程冲突；可追问选项比较：教师B：询问幼儿开心的是“着火”本身，还是消防员成功救火、娃娃家的人得救？；教师D：请阳阳讲讲娃娃家着火后发生了什么、为什么开心，借此理解幼儿的游戏体验。
教师14,sim_openid_014_601439,总体偏低,1.8,18,Q7,7,飞行棋各走各的,大班区域游戏中，轩轩和小宇一起玩飞行棋，他们将棋子摆好后，各自拿了一个骰子开始投，小宇说：“该我走。”轩轩说：“明明该我走！”相持不下，于是两人各拿一个骰子，自顾自地走自己的棋。,耐心讲解共同游戏的规则，再以“棋手”身份加入游戏进行示范引导。,暂不介入，继续观察游戏进展，待区域小结时请幼儿分享游戏中的体验和问题。,拿走一个骰子，请幼儿商量只有一个骰子的共同游戏规则，达成一致后再开始游戏。,待幼儿体验一轮各走各的游戏后，询问幼儿的游戏体验，提示共同游戏规则的作用。,E 共同游戏组织与规则共建,B 规则平衡,ABDC,0,3,3,0,0.25,0.3,1.2,1.2,3,0.75,0.0,0.75,0.75,0.75,1.0,52.914729,0.529147,16.542,18.075,34.617,-1.132304,-1.319345,0.0,0.0,3,3,2,2,1,4,0,0,0,16.542,0.0,0,C,A/D,教师C：拿走一个骰子，请幼儿商量只有一个骰子的共同游戏规则，达成一致后再开始游戏。,教师A：耐心讲解共同游戏的规则，再以“棋手”身份加入游戏进行示范引导。；教师D：待幼儿体验一轮各走各的游戏后，询问幼儿的游戏体验，提示共同游戏规则的作用。,过程简单,多次调整；首末位摇摆；优劣方向冲突,追问最理想或最不理想做法的判断为什么发生变化；追问是否曾把某做法从合适改判为不合适，或相反,0.5,0.471457,主要IIV信号：选项焦点变化、过程冲突、修正信号；可追问选项比较：教师A：耐心讲解共同游戏的规则，再以“棋手”身份加入游戏进行示范引导。；教师D：待幼儿体验一轮各走各的游戏后，询问幼儿的游戏体验，提示共同游戏规则的作用。
教师14,sim_openid_014_601439,总体偏低,1.8,18,Q8,8,跳绳秩序混乱,周三下午，大五班的幼儿正自发进行跳绳游戏。李老师观察后发现，挤在一起跳绳的幼儿人数较多，整个场面十分混乱，幼儿很容易出现碰撞现象。此外，由于当“柱子”的幼儿很久才能轮上跳绳，因此也显得很不耐烦。,请幼儿暂停游戏，将幼儿分成多个小组并引导他们以小组为单位分区域开展游戏。,请幼儿说一说跳绳活动中存在的问题，并邀请幼儿一起设置跳绳的规则。,提供更多数量和不同种类的跳绳，并言语引导幼儿分组分区同时进行跳绳游戏。,暂不介入，活动分享时通过照片或视频回放引导幼儿发现问题并商议解决办法。,E 共同游戏组织与规则共建,B 安全秩序,ABDC,2,2,2,2,0.5,0.05,0.2,0.2,0,0.0,0.0,0.0,0.0,0.8,0.75,78.456061,0.784561,27.512,35.894,63.406,0.253186,0.355413,0.355413,0.177707,5,5,2,1,0,4,2,2,2,27.512,0.0,0,C,B/D,教师C：提供更多数量和不同种类的跳绳，并言语引导幼儿分组分区同时进行跳绳游戏。,教师B：请幼儿说一说跳绳活动中存在的问题，并邀请幼儿一起设置跳绳的规则。；教师D：暂不介入，活动分享时通过照片或视频回放引导幼儿发现问题并商议解决办法。,过程复杂,首反应异常；高修正投入；多次调整；首末位摇摆；路径振荡,请教师回忆读到情境后最先注意到什么、是否很快形成判断或感到难判断；追问后续主要在比较哪些做法、为什么调整；追问最理想或最不理想做法的判断为什么发生变化；追问当时是否在几个判断标准之间反复权衡,0.452771,0.409499,主要IIV信号：过程冲突、同题过程信息量、选项焦点变化；可追问选项比较：教师B：请幼儿说一说跳绳活动中存在的问题，并邀请幼儿一起设置跳绳的规则。；教师D：暂不介入，活动分享时通过照片或视频回放引导幼儿发现问题并商议解决办法。
教师15,sim_openid_015_459012,总体偏低,1.8,18,Q1,1,篮球架玩水,操场上新安装了一些篮球架，幼儿经常在这里投篮。某天户外活动时，几名幼儿带着画笔和水桶来到这里，他们先是快乐地粉刷篮球架，之后开始往篮框里灌水，有的从上面灌，有的在下面接，忙的不亦乐乎，俨然这里成为了玩水的场地。,看到幼儿玩得很开心，不干预他们的玩水行为，待兴趣减弱后再讨论玩水的适宜性。,表扬幼儿的新发现，并询问在篮球架旁玩水是否合适，提议幼儿可以换个地方玩水。,参与到幼儿的“粉刷”游戏中，逐步引导幼儿到适宜玩水的地方继续开展游戏。,提醒幼儿篮球架是用于开展运动的，与其他幼儿一起召唤他们打篮球，转移他们的关注点。,B 自主游戏与规则/安全/价值平衡,A 游戏意义理解,CDAB,4,2,4,0,0.5,0.05,0.2,0.2,-2,1.0,0.5,0.5,0.5,1.0,1.0,79.868699,0.798687,5.112,16.169,21.281,-0.920515,1.135318,1.135318,0.567659,6,7,2,6,1,8,0,0,0,5.221,0.0,0,A,A/B,教师A：看到幼儿玩得很开心，不干预他们的玩水行为，待兴趣减弱后再讨论玩水的适宜性。,教师A：看到幼儿玩得很开心，不干预他们的玩水行为，待兴趣减弱后再讨论玩水的适宜性。；教师B：表扬幼儿的新发现，并询问在篮球架旁玩水是否合适，提议幼儿可以换个地方玩水。,过程复杂,首反应异常；高修正投入；多次调整；首末位摇摆；优劣方向冲突,请教师回忆读到情境后最先注意到什么、是否很快形成判断或感到难判断；追问后续主要在比较哪些做法、为什么调整；追问最理想或最不理想做法的判断为什么发生变化；追问是否曾把某做法从合适改判为不合适，或相反,0.656766,0.5792,主要IIV信号：过程冲突、选项焦点变化、同题过程信息量；可追问选项比较：教师A：看到幼儿玩得很开心，不干预他们的玩水行为，待兴趣减弱后再讨论玩水的适宜性。；教师B：表扬幼儿的新发现，并询问在篮球架旁玩水是否合适，提议幼儿可以换个地方玩水。
教师15,sim_openid_015_459012,总体偏低,1.8,18,Q2,2,未参与小组建构,大班建构活动中，睿睿和其他幼儿计划一起搭积木大桥，他们讨论了搭建方法，并进入区域开始搭建。就在其他幼儿在认真搭建时，睿睿发现了一块长条木板，他一会儿在地上推着走，一会儿当枪使，没有再参与小组的搭建。,继续观察，后续分享中支持睿睿思考如何把长条木板融入小组的建构中。,肯定睿睿的创造性玩法，询问他长条板能否当桥面，引导他参与到搭桥任务中。,引导睿睿回顾计划，建议他先完成共同任务，长条木板可以等自由游戏时再玩。,看到睿睿玩得开心，暂不介入，等下一次活动时再提醒他根据计划开展游戏。,D 支架策略与游戏推进,E 共同游戏组织,DABC,0,1,2,0,0.75,0.2,-0.8,0.8,1,0.5,0.25,0.25,0.25,0.75,1.0,64.705556,0.647056,10.956,10.181,21.137,0.581796,0.295887,0.581796,0.290898,4,4,1,3,1,4,1,1,0,10.956,0.0,0,D,A/C,教师D：看到睿睿玩得开心，暂不介入，等下一次活动时再提醒他根据计划开展游戏。,教师A：继续观察，后续分享中支持睿睿思考如何把长条木板融入小组的建构中。；教师C：引导睿睿回顾计划，建议他先完成共同任务，长条木板可以等自由游戏时再玩。,过程复杂,首反应异常；多次调整；首末位摇摆；优劣方向冲突,请教师回忆读到情境后最先注意到什么、是否很快形成判断或感到难判断；追问最理想或最不理想做法的判断为什么发生变化；追问是否曾把某做法从合适改判为不合适，或相反,0.62909,0.566443,主要IIV信号：选项焦点变化、结果风险、过程冲突；可追问选项比较：教师A：继续观察，后续分享中支持睿睿思考如何把长条木板融入小组的建构中。；教师C：引导睿睿回顾计划，建议他先完成共同任务，长条木板可以等自由游戏时再玩。
教师15,sim_openid_015_459012,总体偏低,1.8,18,Q8,8,跳绳秩序混乱,周三下午，大五班的幼儿正自发进行跳绳游戏。李老师观察后发现，挤在一起跳绳的幼儿人数较多，整个场面十分混乱，幼儿很容易出现碰撞现象。此外，由于当“柱子”的幼儿很久才能轮上跳绳，因此也显得很不耐烦。,请幼儿暂停游戏，将幼儿分成多个小组并引导他们以小组为单位分区域开展游戏。,请幼儿说一说跳绳活动中存在的问题，并邀请幼儿一起设置跳绳的规则。,提供更多数量和不同种类的跳绳，并言语引导幼儿分组分区同时进行跳绳游戏。,暂不介入，活动分享时通过照片或视频回放引导幼儿发现问题并商议解决办法。,E 共同游戏组织与规则共建,B 安全秩序,CDBA,2,1,2,1,0.75,0.2,-0.8,0.8,-1,0.25,0.25,0.0,0.25,0.666667,0.5,43.986364,0.439864,12.826,12.76,25.586,0.892364,0.705632,0.892364,0.446182,3,3,1,1,0,4,0,0,0,12.826,0.0,0,A,A/B,教师A：请幼儿暂停游戏，将幼儿分成多个小组并引导他们以小组为单位分区域开展游戏。,教师A：请幼儿暂停游戏，将幼儿分成多个小组并引导他们以小组为单位分区域开展游戏。；教师B：请幼儿说一说跳绳活动中存在的问题，并邀请幼儿一起设置跳绳的规则。,过程中等,多次调整；首末位摇摆,追问最理想或最不理想做法的判断为什么发生变化,0.577952,0.509111,主要IIV信号：结果风险、过程冲突、选项焦点变化；可追问选项比较：教师A：请幼儿暂停游戏，将幼儿分成多个小组并引导他们以小组为单位分区域开展游戏。；教师B：请幼儿说一说跳绳活动中存在的问题，并邀请幼儿一起设置跳绳的规则。
教师15,sim_openid_015_459012,总体偏低,1.8,18,Q7,7,飞行棋各走各的,大班区域游戏中，轩轩和小宇一起玩飞行棋，他们将棋子摆好后，各自拿了一个骰子开始投，小宇说：“该我走。”轩轩说：“明明该我走！”相持不下，于是两人各拿一个骰子，自顾自地走自己的棋。,耐心讲解共同游戏的规则，再以“棋手”身份加入游戏进行示范引导。,暂不介入，继续观察游戏进展，待区域小结时请幼儿分享游戏中的体验和问题。,拿走一个骰子，请幼儿商量只有一个骰子的共同游戏规则，达成一致后再开始游戏。,待幼儿体验一轮各走各的游戏后，询问幼儿的游戏体验，提示共同游戏规则的作用。,E 共同游戏组织与规则共建,B 规则平衡,ABDC,0,3,3,0,0.25,0.3,1.2,1.2,3,0.75,0.0,0.75,0.75,0.75,0.75,44.925969,0.44926,11.81,8.579,20.389,0.72972,-0.0148,0.72972,0.36486,3,3,0,3,0,2,2,2,2,11.81,0.0,0,C,C/D,教师C：拿走一个骰子，请幼儿商量只有一个骰子的共同游戏规则，达成一致后再开始游戏。,教师C：拿走一个骰子，请幼儿商量只有一个骰子的共同游戏规则，达成一致后再开始游戏。；教师D：待幼儿体验一轮各走各的游戏后，询问幼儿的游戏体验，提示共同游戏规则的作用。,过程中等,多次调整；首末位摇摆；路径振荡,追问最理想或最不理想做法的判断为什么发生变化；追问当时是否在几个判断标准之间反复权衡,0.511486,0.478949,主要IIV信号：过程冲突、修正信号、选项焦点变化；可追问选项比较：教师C：拿走一个骰子，请幼儿商量只有一个骰子的共同游戏规则，达成一致后再开始游戏。；教师D：待幼儿体验一轮各走各的游戏后，询问幼儿的游戏体验，提示共同游戏规则的作用。
教师15,sim_openid_015_459012,总体偏低,1.8,18,Q5,5,消防员救火开心,近几天，中班的幼儿十分热衷于在区域游戏时间玩“消防员救火”的游戏。游戏结束后的交流活动中，老师问幼儿最想分享什么时，阳阳说“娃娃家着火了，好开心啊！”。,抓住教育契机，向幼儿耐心解释真实的火灾会造成物品损失和人员伤亡。,询问幼儿开心的是“着火”本身，还是消防员成功救火、娃娃家的人得救？,引导幼儿思考“娃娃家着火”值不值得开心，帮助他们认识真实火灾是危险的。,请阳阳讲讲娃娃家着火后发生了什么、为什么开心，借此理解幼儿的游戏体验。,A 游戏意义理解与儿童视角,B 价值平衡,DCBA,2,2,2,1,0.5,0.05,0.2,0.2,0,0.25,0.0,0.25,0.25,0.666667,1.0,54.750388,0.547504,14.382,11.726,26.108,1.118023,0.552278,1.118023,0.559011,3,3,3,1,1,4,0,0,0,14.382,0.0,0,A,C/D,教师A：抓住教育契机，向幼儿耐心解释真实的火灾会造成物品损失和人员伤亡。,教师C：引导幼儿思考“娃娃家着火”值不值得开心，帮助他们认识真实火灾是危险的。；教师D：请阳阳讲讲娃娃家着火后发生了什么、为什么开心，借此理解幼儿的游戏体验。,过程复杂,多次调整；首末位摇摆；优劣方向冲突,追问最理想或最不理想做法的判断为什么发生变化；追问是否曾把某做法从合适改判为不合适，或相反,0.539234,0.478276,主要IIV信号：选项焦点变化、过程冲突、相对时间信号；可追问选项比较：教师C：引导幼儿思考“娃娃家着火”值不值得开心，帮助他们认识真实火灾是危险的。；教师D：请阳阳讲讲娃娃家着火后发生了什么、为什么开心，借此理解幼儿的游戏体验。
教师15,sim_openid_015_459012,总体偏低,1.8,18,Q3,3,材料选择无层次,大班上学期，张老师在建构区投放了按图搭建的游戏材料，并提供了不同星级难度的任务卡供幼儿选择，但有的幼儿一上来就选择高难度的三星级任务卡，结果不能顺利完成任务；而有的幼儿始终选择低难度的一星级任务卡。这天，浩浩又连续选择了几张一星级任务卡，很快就完成了任务。,调整任务卡提供方式，在游戏开始前根据幼儿的能力水平有针对性地发放任务卡。,暂不介入，尊重幼儿的自主选择和游戏体验，只要完成任务就是一种经验积累。,调整任务卡呈现方式，如增加“我想挑战”等提示，鼓励幼儿选择不同星级的挑战。,和浩浩回顾已完成的任务，比较不同星级的难度，邀请他选择稍有挑战的任务。,D 支架策略与游戏推进,C 观察诊断,ADCB,0,1,1,0,0.75,0.2,-0.8,0.8,1,0.25,0.0,0.25,0.25,0.5,0.5,43.488889,0.434889,3.78,5.321,9.101,-1.515425,-0.881603,0.0,0.0,2,2,0,2,0,3,0,0,0,4.297,0.0,0,B,B/C,教师B：暂不介入，尊重幼儿的自主选择和游戏体验，只要完成任务就是一种经验积累。,教师B：暂不介入，尊重幼儿的自主选择和游戏体验，只要完成任务就是一种经验积累。；教师C：调整任务卡呈现方式，如增加“我想挑战”等提示，鼓励幼儿选择不同星级的挑战。,过程中等,首反应异常；首末位摇摆,请教师回忆读到情境后最先注意到什么、是否很快形成判断或感到难判断；追问最理想或最不理想做法的判断为什么发生变化,0.5,0.439244,主要IIV信号：结果风险、过程冲突、选项焦点变化；可追问选项比较：教师B：暂不介入，尊重幼儿的自主选择和游戏体验，只要完成任务就是一种经验积累。；教师C：调整任务卡呈现方式，如增加“我想挑战”等提示，鼓励幼儿选择不同星级的挑战。
教师15,sim_openid_015_459012,总体偏低,1.8,18,Q6,6,区域停留短,小班幼儿瑶瑶在区域活动时，一会儿在娃娃家切切菜，一会儿到美工区搓搓橡皮泥，一会儿又开心地跑到其它区域游戏，在任何一个区域停留时间都不超过三分钟。,提议瑶瑶完成某项游戏任务，如在娃娃家做菜，请他活动小结时分享。,游戏前提醒区域活动规则，活动结束后表扬区域游戏规则遵守得好的小朋友。,仔细观察瑶瑶在不同区域的游戏情况，分析他发生迅速转移的原因。,以同伴的身份陪伴瑶瑶在某一区域游戏，待他专注游戏后再离开。,C 观察诊断与介入时机,A 儿童视角,ADBC,2,4,4,1,0.0,0.55,2.2,2.2,2,0.75,0.0,0.75,0.75,0.75,0.5,42.470543,0.424705,11.36,13.095,24.455,0.653159,0.752661,0.752661,0.37633,3,3,0,2,0,4,0,0,0,11.36,0.0,0,D,B/C,教师D：以同伴的身份陪伴瑶瑶在某一区域游戏，待他专注游戏后再离开。,教师B：游戏前提醒区域活动规则，活动结束后表扬区域游戏规则遵守得好的小朋友。；教师C：仔细观察瑶瑶在不同区域的游戏情况，分析他发生迅速转移的原因。,过程中等,首反应异常；多次调整；首末位摇摆,请教师回忆读到情境后最先注意到什么、是否很快形成判断或感到难判断；追问最理想或最不理想做法的判断为什么发生变化,0.387633,0.416368,主要IIV信号：过程冲突、修正信号、个人内相对偏离；可追问选项比较：教师B：游戏前提醒区域活动规则，活动结束后表扬区域游戏规则遵守得好的小朋友。；教师C：仔细观察瑶瑶在不同区域的游戏情况，分析他发生迅速转移的原因。
教师15,sim_openid_015_459012,总体偏低,1.8,18,Q10,10,引水难题未解,中班上学期，幼儿在“引水游戏”中遇到了难题——水无法被引到竹片管道上。他们不断调整竹片拼接的方式，却始终没能成功，即竹片一头高于出水管道，阻碍了引流。渐渐地幼儿的探索兴趣也减弱了，有的开始玩水，有的甚至离开了水池。,示范正确的引水方法，请幼儿注意观察并说说引水的要领，再自己试一试。,加入幼儿的探索，引导他们观察水流受阻的位置，一起尝试调整竹片的摆放方式。,组织幼儿就游戏困难进行讨论，寻找解决问题的方案，引导幼儿再次尝试。,投放更多辅助引水的材料，重新激起幼儿的探索兴趣，继续观察游戏进展。,C 观察诊断与介入时机,D 探究支架,CABD,1,1,2,1,0.75,0.2,-0.8,0.8,0,0.25,0.25,0.0,0.25,0.5,0.25,38.261628,0.382616,3.801,7.679,11.48,-1.504507,-0.21592,0.0,0.0,2,2,1,0,0,3,0,0,0,4.246,0.0,0,C,B/C,教师C：组织幼儿就游戏困难进行讨论，寻找解决问题的方案，引导幼儿再次尝试。,教师B：加入幼儿的探索，引导他们观察水流受阻的位置，一起尝试调整竹片的摆放方式。；教师C：组织幼儿就游戏困难进行讨论，寻找解决问题的方案，引导幼儿再次尝试。,过程简单,首反应异常,请教师回忆读到情境后最先注意到什么、是否很快形成判断或感到难判断,0.475,0.411631,主要IIV信号：结果风险、过程冲突、同题过程信息量；可追问选项比较：教师B：加入幼儿的探索，引导他们观察水流受阻的位置，一起尝试调整竹片的摆放方式。；教师C：组织幼儿就游戏困难进行讨论，寻找解决问题的方案，引导幼儿再次尝试。
教师15,sim_openid_015_459012,总体偏低,1.8,18,Q4,4,频繁求助,中班区域活动时，小明选择了建构区。玩了一会儿，他跑到老师面前说“老师，我不会搭……帮帮我吧”，教师问他需要什么帮助时，他一边说我不会搭，一边却很快地将房子从一层积木加高到了两层。看小明专注搭建后，老师就离开建构区了。可是没一会，小明又找了老师好几次，说“老师，帮帮我吧，我不会搭”。,鼓励小明独立搭建，引导他思考接下来如何搭建，及时表扬他的努力。,先示范搭建关键部分，请小明观察方法，再鼓励他照着继续搭建。,在旁观察小明的搭建过程，并适时反馈，帮助他理清搭建步骤。,帮小明回顾已搭建完成的部分，指导他设定小目标，尝试自己实现。,C 观察诊断与介入时机,D 支架策略,CABD,2,2,3,2,0.5,0.05,0.2,0.2,0,0.25,0.25,0.0,0.25,0.666667,0.75,38.966667,0.389667,9.666,8.653,18.319,0.334912,0.000786,0.334912,0.167456,3,3,3,0,0,4,0,0,0,9.666,0.0,0,C,A/B,教师C：在旁观察小明的搭建过程，并适时反馈，帮助他理清搭建步骤。,教师A：鼓励小明独立搭建，引导他思考接下来如何搭建，及时表扬他的努力。；教师B：先示范搭建关键部分，请小明观察方法，再鼓励他照着继续搭建。,过程简单,多次调整；首末位摇摆,追问最理想或最不理想做法的判断为什么发生变化,0.475079,0.406229,主要IIV信号：选项焦点变化、过程冲突、结果风险；可追问选项比较：教师A：鼓励小明独立搭建，引导他思考接下来如何搭建，及时表扬他的努力。；教师B：先示范搭建关键部分，请小明观察方法，再鼓励他照着继续搭建。
教师15,sim_openid_015_459012,总体偏低,1.8,18,Q9,9,艾莎公主不运动,小班的一次户外运动，有几个女孩子从一开始就没有选择任何体育活动项目，而是聚在一起坐在地上玩“艾莎公主”的游戏，比一比谁的鞋子最漂亮，谁的魔法最厉害。,询问幼儿没有参与运动的原因，提供丰富的活动材料吸引幼儿参与运动活动。,提醒幼儿现在是运动时间，请他们等自由游戏时间再一起玩“艾莎公主”的游戏。,利用艾莎公主的鞋子设计走、跑、跳等活动，并以参与者的身份邀请幼儿一起参与运动。,肯定幼儿自主游戏的行为，言语引导幼儿穿着“漂亮的鞋子”参与运动。,D 支架策略与游戏推进,A 儿童视角/B 目标平衡,ACBD,0,1,1,0,0.75,0.2,-0.8,0.8,1,0.25,0.0,0.25,0.25,0.25,0.0,24.089394,0.240894,6.761,2.395,9.156,-0.369527,-2.330239,0.0,0.0,1,1,0,0,0,2,0,0,0,6.761,0.0,0,B,B/C,教师B：提醒幼儿现在是运动时间，请他们等自由游戏时间再一起玩“艾莎公主”的游戏。,教师B：提醒幼儿现在是运动时间，请他们等自由游戏时间再一起玩“艾莎公主”的游戏。；教师C：利用艾莎公主的鞋子设计走、跑、跳等活动，并以参与者的身份邀请幼儿一起参与运动。,过程简单,首反应异常,请教师回忆读到情境后最先注意到什么、是否很快形成判断或感到难判断,0.4,0.342045,主要IIV信号：结果风险、过程冲突、修正信号；可追问选项比较：教师B：提醒幼儿现在是运动时间，请他们等自由游戏时间再一起玩“艾莎公主”的游戏。；教师C：利用艾莎公主的鞋子设计走、跑、跳等活动，并以参与者的身份邀请幼儿一起参与运动。
教师16,sim_openid_016_686881,总体中等,2.2,22,Q2,2,未参与小组建构,大班建构活动中，睿睿和其他幼儿计划一起搭积木大桥，他们讨论了搭建方法，并进入区域开始搭建。就在其他幼儿在认真搭建时，睿睿发现了一块长条木板，他一会儿在地上推着走，一会儿当枪使，没有再参与小组的搭建。,继续观察，后续分享中支持睿睿思考如何把长条木板融入小组的建构中。,肯定睿睿的创造性玩法，询问他长条板能否当桥面，引导他参与到搭桥任务中。,引导睿睿回顾计划，建议他先完成共同任务，长条木板可以等自由游戏时再玩。,看到睿睿玩得开心，暂不介入，等下一次活动时再提醒他根据计划开展游戏。,D 支架策略与游戏推进,E 共同游戏组织,ABCD,0,0,2,0,1.0,0.55,-2.2,2.2,0,0.5,0.5,0.0,0.5,0.75,0.75,50.227778,0.502278,27.773,20.372,48.145,1.485493,0.527997,1.485493,0.742747,4,4,0,3,0,4,1,1,0,27.773,0.0,0,,C/D,,教师C：引导睿睿回顾计划，建议他先完成共同任务，长条木板可以等自由游戏时再玩。；教师D：看到睿睿玩得开心，暂不介入，等下一次活动时再提醒他根据计划开展游戏。,过程中等,首反应异常；多次调整；首末位摇摆,请教师回忆读到情境后最先注意到什么、是否很快形成判断或感到难判断；追问最理想或最不理想做法的判断为什么发生变化,0.799275,0.744389,主要IIV信号：结果风险、过程冲突、选项焦点变化；可追问选项比较：教师C：引导睿睿回顾计划，建议他先完成共同任务，长条木板可以等自由游戏时再玩。；教师D：看到睿睿玩得开心，暂不介入，等下一次活动时再提醒他根据计划开展游戏。
教师16,sim_openid_016_686881,总体中等,2.2,22,Q1,1,篮球架玩水,操场上新安装了一些篮球架，幼儿经常在这里投篮。某天户外活动时，几名幼儿带着画笔和水桶来到这里，他们先是快乐地粉刷篮球架，之后开始往篮框里灌水，有的从上面灌，有的在下面接，忙的不亦乐乎，俨然这里成为了玩水的场地。,看到幼儿玩得很开心，不干预他们的玩水行为，待兴趣减弱后再讨论玩水的适宜性。,表扬幼儿的新发现，并询问在篮球架旁玩水是否合适，提议幼儿可以换个地方玩水。,参与到幼儿的“粉刷”游戏中，逐步引导幼儿到适宜玩水的地方继续开展游戏。,提醒幼儿篮球架是用于开展运动的，与其他幼儿一起召唤他们打篮球，转移他们的关注点。,B 自主游戏与规则/安全/价值平衡,A 游戏意义理解,BADC,4,1,4,0,0.75,0.3,-1.2,1.2,-3,1.0,0.75,0.25,0.75,1.0,1.0,63.544309,0.635443,16.874,26.343,43.217,0.365456,1.068502,1.068502,0.534251,6,6,1,3,0,6,1,1,0,16.874,0.0,0,A,C/D,教师A：看到幼儿玩得很开心，不干预他们的玩水行为，待兴趣减弱后再讨论玩水的适宜性。,教师C：参与到幼儿的“粉刷”游戏中，逐步引导幼儿到适宜玩水的地方继续开展游戏。；教师D：提醒幼儿篮球架是用于开展运动的，与其他幼儿一起召唤他们打篮球，转移他们的关注点。,过程复杂,高修正投入；多次调整；首末位摇摆；路径振荡,追问后续主要在比较哪些做法、为什么调整；追问最理想或最不理想做法的判断为什么发生变化；追问当时是否在几个判断标准之间反复权衡,0.803425,0.717697,主要IIV信号：过程冲突、选项焦点变化、结果风险；可追问选项比较：教师C：参与到幼儿的“粉刷”游戏中，逐步引导幼儿到适宜玩水的地方继续开展游戏。；教师D：提醒幼儿篮球架是用于开展运动的，与其他幼儿一起召唤他们打篮球，转移他们的关注点。
教师16,sim_openid_016_686881,总体中等,2.2,22,Q5,5,消防员救火开心,近几天，中班的幼儿十分热衷于在区域游戏时间玩“消防员救火”的游戏。游戏结束后的交流活动中，老师问幼儿最想分享什么时，阳阳说“娃娃家着火了，好开心啊！”。,抓住教育契机，向幼儿耐心解释真实的火灾会造成物品损失和人员伤亡。,询问幼儿开心的是“着火”本身，还是消防员成功救火、娃娃家的人得救？,引导幼儿思考“娃娃家着火”值不值得开心，帮助他们认识真实火灾是危险的。,请阳阳讲讲娃娃家着火后发生了什么、为什么开心，借此理解幼儿的游戏体验。,A 游戏意义理解与儿童视角,B 价值平衡,BADC,2,3,4,0,0.25,0.2,0.8,0.8,1,1.0,0.25,0.75,0.75,1.0,1.0,70.412403,0.704124,20.802,29.183,49.985,0.835856,1.283795,1.283795,0.641897,6,6,3,2,1,7,0,0,0,20.802,0.0,0,A,A/D,教师A：抓住教育契机，向幼儿耐心解释真实的火灾会造成物品损失和人员伤亡。,教师A：抓住教育契机，向幼儿耐心解释真实的火灾会造成物品损失和人员伤亡。；教师D：请阳阳讲讲娃娃家着火后发生了什么、为什么开心，借此理解幼儿的游戏体验。,过程复杂,高修正投入；多次调整；首末位摇摆；优劣方向冲突,追问后续主要在比较哪些做法、为什么调整；追问最理想或最不理想做法的判断为什么发生变化；追问是否曾把某做法从合适改判为不合适，或相反,0.61419,0.566896,主要IIV信号：过程冲突、选项焦点变化、修正信号；可追问选项比较：教师A：抓住教育契机，向幼儿耐心解释真实的火灾会造成物品损失和人员伤亡。；教师D：请阳阳讲讲娃娃家着火后发生了什么、为什么开心，借此理解幼儿的游戏体验。
教师16,sim_openid_016_686881,总体中等,2.2,22,Q10,10,引水难题未解,中班上学期，幼儿在“引水游戏”中遇到了难题——水无法被引到竹片管道上。他们不断调整竹片拼接的方式，却始终没能成功，即竹片一头高于出水管道，阻碍了引流。渐渐地幼儿的探索兴趣也减弱了，有的开始玩水，有的甚至离开了水池。,示范正确的引水方法，请幼儿注意观察并说说引水的要领，再自己试一试。,加入幼儿的探索，引导他们观察水流受阻的位置，一起尝试调整竹片的摆放方式。,组织幼儿就游戏困难进行讨论，寻找解决问题的方案，引导幼儿再次尝试。,投放更多辅助引水的材料，重新激起幼儿的探索兴趣，继续观察游戏进展。,C 观察诊断与介入时机,D 探究支架,DCAB,1,3,3,0,0.25,0.2,0.8,0.8,2,0.75,0.0,0.75,0.75,0.75,1.0,63.372481,0.633725,10.011,15.575,25.586,-0.808077,-0.036592,0.0,0.0,4,4,2,2,1,5,0,0,0,10.011,0.0,0,D,A/B,教师D：投放更多辅助引水的材料，重新激起幼儿的探索兴趣，继续观察游戏进展。,教师A：示范正确的引水方法，请幼儿注意观察并说说引水的要领，再自己试一试。；教师B：加入幼儿的探索，引导他们观察水流受阻的位置，一起尝试调整竹片的摆放方式。,过程复杂,多次调整；首末位摇摆；优劣方向冲突,追问最理想或最不理想做法的判断为什么发生变化；追问是否曾把某做法从合适改判为不合适，或相反,0.5,0.461686,主要IIV信号：选项焦点变化、过程冲突、修正信号；可追问选项比较：教师A：示范正确的引水方法，请幼儿注意观察并说说引水的要领，再自己试一试。；教师B：加入幼儿的探索，引导他们观察水流受阻的位置，一起尝试调整竹片的摆放方式。
教师16,sim_openid_016_686881,总体中等,2.2,22,Q3,3,材料选择无层次,大班上学期，张老师在建构区投放了按图搭建的游戏材料，并提供了不同星级难度的任务卡供幼儿选择，但有的幼儿一上来就选择高难度的三星级任务卡，结果不能顺利完成任务；而有的幼儿始终选择低难度的一星级任务卡。这天，浩浩又连续选择了几张一星级任务卡，很快就完成了任务。,调整任务卡提供方式，在游戏开始前根据幼儿的能力水平有针对性地发放任务卡。,暂不介入，尊重幼儿的自主选择和游戏体验，只要完成任务就是一种经验积累。,调整任务卡呈现方式，如增加“我想挑战”等提示，鼓励幼儿选择不同星级的挑战。,和浩浩回顾已完成的任务，比较不同星级的难度，邀请他选择稍有挑战的任务。,D 支架策略与游戏推进,C 观察诊断,DABC,0,3,3,0,0.25,0.2,0.8,0.8,3,0.75,0.0,0.75,0.75,0.75,0.5,42.644444,0.426444,19.542,24.528,44.07,0.695409,0.91839,0.91839,0.459195,4,4,1,1,0,5,0,0,0,19.542,0.0,0,D,B/C,教师D：和浩浩回顾已完成的任务，比较不同星级的难度，邀请他选择稍有挑战的任务。,教师B：暂不介入，尊重幼儿的自主选择和游戏体验，只要完成任务就是一种经验积累。；教师C：调整任务卡呈现方式，如增加“我想挑战”等提示，鼓励幼儿选择不同星级的挑战。,过程中等,多次调整；首末位摇摆,追问最理想或最不理想做法的判断为什么发生变化,0.495919,0.447242,主要IIV信号：过程冲突、修正信号、选项焦点变化；可追问选项比较：教师B：暂不介入，尊重幼儿的自主选择和游戏体验，只要完成任务就是一种经验积累。；教师C：调整任务卡呈现方式，如增加“我想挑战”等提示，鼓励幼儿选择不同星级的挑战。
教师16,sim_openid_016_686881,总体中等,2.2,22,Q9,9,艾莎公主不运动,小班的一次户外运动，有几个女孩子从一开始就没有选择任何体育活动项目，而是聚在一起坐在地上玩“艾莎公主”的游戏，比一比谁的鞋子最漂亮，谁的魔法最厉害。,询问幼儿没有参与运动的原因，提供丰富的活动材料吸引幼儿参与运动活动。,提醒幼儿现在是运动时间，请他们等自由游戏时间再一起玩“艾莎公主”的游戏。,利用艾莎公主的鞋子设计走、跑、跳等活动，并以参与者的身份邀请幼儿一起参与运动。,肯定幼儿自主游戏的行为，言语引导幼儿穿着“漂亮的鞋子”参与运动。,D 支架策略与游戏推进,A 儿童视角/B 目标平衡,BDAC,0,2,2,0,0.5,0.05,-0.2,0.2,2,0.5,0.0,0.5,0.5,0.666667,0.75,59.256061,0.592561,9.577,15.341,24.918,-0.907698,-0.068424,0.0,0.0,3,3,1,2,0,4,0,0,0,9.577,0.0,0,A,A/C,教师A：询问幼儿没有参与运动的原因，提供丰富的活动材料吸引幼儿参与运动活动。,教师A：询问幼儿没有参与运动的原因，提供丰富的活动材料吸引幼儿参与运动活动。；教师C：利用艾莎公主的鞋子设计走、跑、跳等活动，并以参与者的身份邀请幼儿一起参与运动。,过程中等,首反应异常；多次调整；首末位摇摆,请教师回忆读到情境后最先注意到什么、是否很快形成判断或感到难判断；追问最理想或最不理想做法的判断为什么发生变化,0.508333,0.437128,主要IIV信号：选项焦点变化、过程冲突、同题过程信息量；可追问选项比较：教师A：询问幼儿没有参与运动的原因，提供丰富的活动材料吸引幼儿参与运动活动。；教师C：利用艾莎公主的鞋子设计走、跑、跳等活动，并以参与者的身份邀请幼儿一起参与运动。
教师16,sim_openid_016_686881,总体中等,2.2,22,Q6,6,区域停留短,小班幼儿瑶瑶在区域活动时，一会儿在娃娃家切切菜，一会儿到美工区搓搓橡皮泥，一会儿又开心地跑到其它区域游戏，在任何一个区域停留时间都不超过三分钟。,提议瑶瑶完成某项游戏任务，如在娃娃家做菜，请他活动小结时分享。,游戏前提醒区域活动规则，活动结束后表扬区域游戏规则遵守得好的小朋友。,仔细观察瑶瑶在不同区域的游戏情况，分析他发生迅速转移的原因。,以同伴的身份陪伴瑶瑶在某一区域游戏，待他专注游戏后再离开。,C 观察诊断与介入时机,A 儿童视角,ACBD,2,1,2,1,0.75,0.3,-1.2,1.2,-1,0.25,0.25,0.0,0.25,0.666667,0.0,31.355426,0.313554,11.785,15.182,26.967,-0.44137,-0.090332,0.0,0.0,3,3,0,0,0,2,2,2,2,11.785,0.0,0,B,B/C,教师B：游戏前提醒区域活动规则，活动结束后表扬区域游戏规则遵守得好的小朋友。,教师B：游戏前提醒区域活动规则，活动结束后表扬区域游戏规则遵守得好的小朋友。；教师C：仔细观察瑶瑶在不同区域的游戏情况，分析他发生迅速转移的原因。,过程简单,多次调整；路径振荡,追问当时是否在几个判断标准之间反复权衡,0.483333,0.423178,主要IIV信号：结果风险、过程冲突、同题过程信息量；可追问选项比较：教师B：游戏前提醒区域活动规则，活动结束后表扬区域游戏规则遵守得好的小朋友。；教师C：仔细观察瑶瑶在不同区域的游戏情况，分析他发生迅速转移的原因。
教师16,sim_openid_016_686881,总体中等,2.2,22,Q7,7,飞行棋各走各的,大班区域游戏中，轩轩和小宇一起玩飞行棋，他们将棋子摆好后，各自拿了一个骰子开始投，小宇说：“该我走。”轩轩说：“明明该我走！”相持不下，于是两人各拿一个骰子，自顾自地走自己的棋。,耐心讲解共同游戏的规则，再以“棋手”身份加入游戏进行示范引导。,暂不介入，继续观察游戏进展，待区域小结时请幼儿分享游戏中的体验和问题。,拿走一个骰子，请幼儿商量只有一个骰子的共同游戏规则，达成一致后再开始游戏。,待幼儿体验一轮各走各的游戏后，询问幼儿的游戏体验，提示共同游戏规则的作用。,E 共同游戏组织与规则共建,B 规则平衡,ABDC,0,3,3,0,0.25,0.2,0.8,0.8,3,0.75,0.0,0.75,0.75,0.75,0.25,22.930233,0.229302,21.188,6.801,27.989,0.877183,-1.778964,0.877183,0.438592,1,1,0,1,0,2,0,0,0,21.188,0.0,0,C,C/D,教师C：拿走一个骰子，请幼儿商量只有一个骰子的共同游戏规则，达成一致后再开始游戏。,教师C：拿走一个骰子，请幼儿商量只有一个骰子的共同游戏规则，达成一致后再开始游戏。；教师D：待幼儿体验一轮各走各的游戏后，询问幼儿的游戏体验，提示共同游戏规则的作用。,过程简单,过程相对平稳,追问教师当时主要依据什么形成排序,0.468859,0.410324,主要IIV信号：过程冲突、修正信号、相对时间信号；可追问选项比较：教师C：拿走一个骰子，请幼儿商量只有一个骰子的共同游戏规则，达成一致后再开始游戏。；教师D：待幼儿体验一轮各走各的游戏后，询问幼儿的游戏体验，提示共同游戏规则的作用。
教师16,sim_openid_016_686881,总体中等,2.2,22,Q4,4,频繁求助,中班区域活动时，小明选择了建构区。玩了一会儿，他跑到老师面前说“老师，我不会搭……帮帮我吧”，教师问他需要什么帮助时，他一边说我不会搭，一边却很快地将房子从一层积木加高到了两层。看小明专注搭建后，老师就离开建构区了。可是没一会，小明又找了老师好几次，说“老师，帮帮我吧，我不会搭”。,鼓励小明独立搭建，引导他思考接下来如何搭建，及时表扬他的努力。,先示范搭建关键部分，请小明观察方法，再鼓励他照着继续搭建。,在旁观察小明的搭建过程，并适时反馈，帮助他理清搭建步骤。,帮小明回顾已搭建完成的部分，指导他设定小目标，尝试自己实现。,C 观察诊断与介入时机,D 支架策略,ACBD,2,3,3,2,0.25,0.2,0.8,0.8,1,0.25,0.0,0.25,0.25,0.666667,0.5,54.016667,0.540167,6.75,12.13,18.88,-1.694014,-0.56226,0.0,0.0,3,3,0,2,0,3,1,1,1,6.75,0.0,0,B,B/C,教师B：先示范搭建关键部分，请小明观察方法，再鼓励他照着继续搭建。,教师B：先示范搭建关键部分，请小明观察方法，再鼓励他照着继续搭建。；教师C：在旁观察小明的搭建过程，并适时反馈，帮助他理清搭建步骤。,过程中等,首反应异常；多次调整；首末位摇摆；路径振荡,请教师回忆读到情境后最先注意到什么、是否很快形成判断或感到难判断；追问最理想或最不理想做法的判断为什么发生变化；追问当时是否在几个判断标准之间反复权衡,0.333333,0.319508,主要IIV信号：过程冲突、同题过程信息量、选项焦点变化；可追问选项比较：教师B：先示范搭建关键部分，请小明观察方法，再鼓励他照着继续搭建。；教师C：在旁观察小明的搭建过程，并适时反馈，帮助他理清搭建步骤。
教师16,sim_openid_016_686881,总体中等,2.2,22,Q8,8,跳绳秩序混乱,周三下午，大五班的幼儿正自发进行跳绳游戏。李老师观察后发现，挤在一起跳绳的幼儿人数较多，整个场面十分混乱，幼儿很容易出现碰撞现象。此外，由于当“柱子”的幼儿很久才能轮上跳绳，因此也显得很不耐烦。,请幼儿暂停游戏，将幼儿分成多个小组并引导他们以小组为单位分区域开展游戏。,请幼儿说一说跳绳活动中存在的问题，并邀请幼儿一起设置跳绳的规则。,提供更多数量和不同种类的跳绳，并言语引导幼儿分组分区同时进行跳绳游戏。,暂不介入，活动分享时通过照片或视频回放引导幼儿发现问题并商议解决办法。,E 共同游戏组织与规则共建,B 安全秩序,BADC,2,3,3,2,0.25,0.2,0.8,0.8,1,0.25,0.0,0.25,0.25,0.5,0.5,38.64697,0.38647,11.96,8.696,20.656,-0.408238,-1.26211,0.0,0.0,2,2,1,1,0,3,0,0,0,11.96,0.0,0,A,A/B,教师A：请幼儿暂停游戏，将幼儿分成多个小组并引导他们以小组为单位分区域开展游戏。,教师A：请幼儿暂停游戏，将幼儿分成多个小组并引导他们以小组为单位分区域开展游戏。；教师B：请幼儿说一说跳绳活动中存在的问题，并邀请幼儿一起设置跳绳的规则。,过程简单,首末位摇摆,追问最理想或最不理想做法的判断为什么发生变化,0.3,0.286823,主要IIV信号：过程冲突、选项焦点变化、同题过程信息量；可追问选项比较：教师A：请幼儿暂停游戏，将幼儿分成多个小组并引导他们以小组为单位分区域开展游戏。；教师B：请幼儿说一说跳绳活动中存在的问题，并邀请幼儿一起设置跳绳的规则。
教师17,sim_openid_017_558366,总体中等,2.1,21,Q2,2,未参与小组建构,大班建构活动中，睿睿和其他幼儿计划一起搭积木大桥，他们讨论了搭建方法，并进入区域开始搭建。就在其他幼儿在认真搭建时，睿睿发现了一块长条木板，他一会儿在地上推着走，一会儿当枪使，没有再参与小组的搭建。,继续观察，后续分享中支持睿睿思考如何把长条木板融入小组的建构中。,肯定睿睿的创造性玩法，询问他长条板能否当桥面，引导他参与到搭桥任务中。,引导睿睿回顾计划，建议他先完成共同任务，长条木板可以等自由游戏时再玩。,看到睿睿玩得开心，暂不介入，等下一次活动时再提醒他根据计划开展游戏。,D 支架策略与游戏推进,E 共同游戏组织,ABCD,0,0,2,0,1.0,0.525,-2.1,2.1,0,0.5,0.5,0.0,0.5,0.833333,1.0,63.377778,0.633778,12.066,38.827,50.893,-1.608309,0.807561,0.807561,0.40378,6,6,5,0,0,4,3,3,2,12.066,0.0,0,,B/C,,教师B：肯定睿睿的创造性玩法，询问他长条板能否当桥面，引导他参与到搭桥任务中。；教师C：引导睿睿回顾计划，建议他先完成共同任务，长条木板可以等自由游戏时再玩。,过程简单,高修正投入；多次调整；首末位摇摆；路径振荡,追问后续主要在比较哪些做法、为什么调整；追问最理想或最不理想做法的判断为什么发生变化；追问当时是否在几个判断标准之间反复权衡,0.807045,0.750817,主要IIV信号：结果风险、选项焦点变化、过程冲突；可追问选项比较：教师B：肯定睿睿的创造性玩法，询问他长条板能否当桥面，引导他参与到搭桥任务中。；教师C：引导睿睿回顾计划，建议他先完成共同任务，长条木板可以等自由游戏时再玩。
教师17,sim_openid_017_558366,总体中等,2.1,21,Q7,7,飞行棋各走各的,大班区域游戏中，轩轩和小宇一起玩飞行棋，他们将棋子摆好后，各自拿了一个骰子开始投，小宇说：“该我走。”轩轩说：“明明该我走！”相持不下，于是两人各拿一个骰子，自顾自地走自己的棋。,耐心讲解共同游戏的规则，再以“棋手”身份加入游戏进行示范引导。,暂不介入，继续观察游戏进展，待区域小结时请幼儿分享游戏中的体验和问题。,拿走一个骰子，请幼儿商量只有一个骰子的共同游戏规则，达成一致后再开始游戏。,待幼儿体验一轮各走各的游戏后，询问幼儿的游戏体验，提示共同游戏规则的作用。,E 共同游戏组织与规则共建,B 规则平衡,BCDA,0,0,3,0,1.0,0.525,-2.1,2.1,0,0.75,0.75,0.0,0.75,0.75,1.0,65.070543,0.650705,12.947,21.569,34.516,-1.435557,-0.783206,0.0,0.0,4,4,2,3,1,5,0,0,0,12.947,0.0,0,A,C/D,教师A：耐心讲解共同游戏的规则，再以“棋手”身份加入游戏进行示范引导。,教师C：拿走一个骰子，请幼儿商量只有一个骰子的共同游戏规则，达成一致后再开始游戏。；教师D：待幼儿体验一轮各走各的游戏后，询问幼儿的游戏体验，提示共同游戏规则的作用。,过程中等,多次调整；首末位摇摆；优劣方向冲突,追问最理想或最不理想做法的判断为什么发生变化；追问是否曾把某做法从合适改判为不合适，或相反,0.8,0.736285,主要IIV信号：结果风险、选项焦点变化、过程冲突；可追问选项比较：教师C：拿走一个骰子，请幼儿商量只有一个骰子的共同游戏规则，达成一致后再开始游戏。；教师D：待幼儿体验一轮各走各的游戏后，询问幼儿的游戏体验，提示共同游戏规则的作用。
教师17,sim_openid_017_558366,总体中等,2.1,21,Q10,10,引水难题未解,中班上学期，幼儿在“引水游戏”中遇到了难题——水无法被引到竹片管道上。他们不断调整竹片拼接的方式，却始终没能成功，即竹片一头高于出水管道，阻碍了引流。渐渐地幼儿的探索兴趣也减弱了，有的开始玩水，有的甚至离开了水池。,示范正确的引水方法，请幼儿注意观察并说说引水的要领，再自己试一试。,加入幼儿的探索，引导他们观察水流受阻的位置，一起尝试调整竹片的摆放方式。,组织幼儿就游戏困难进行讨论，寻找解决问题的方案，引导幼儿再次尝试。,投放更多辅助引水的材料，重新激起幼儿的探索兴趣，继续观察游戏进展。,C 观察诊断与介入时机,D 探究支架,ACBD,1,2,3,1,0.5,0.025,-0.1,0.1,1,0.5,0.25,0.25,0.25,0.875,1.0,89.863953,0.89864,23.203,43.436,66.639,-0.0054,1.111104,1.111104,0.555552,8,8,2,4,0,7,2,2,0,23.203,0.0,0,B,B/D,教师B：加入幼儿的探索，引导他们观察水流受阻的位置，一起尝试调整竹片的摆放方式。,教师B：加入幼儿的探索，引导他们观察水流受阻的位置，一起尝试调整竹片的摆放方式。；教师D：投放更多辅助引水的材料，重新激起幼儿的探索兴趣，继续观察游戏进展。,过程复杂,首反应异常；高修正投入；多次调整；首末位摇摆；路径振荡,请教师回忆读到情境后最先注意到什么、是否很快形成判断或感到难判断；追问后续主要在比较哪些做法、为什么调整；追问最理想或最不理想做法的判断为什么发生变化；追问当时是否在几个判断标准之间反复权衡,0.580555,0.522987,主要IIV信号：选项焦点变化、同题过程信息量、过程冲突；可追问选项比较：教师B：加入幼儿的探索，引导他们观察水流受阻的位置，一起尝试调整竹片的摆放方式。；教师D：投放更多辅助引水的材料，重新激起幼儿的探索兴趣，继续观察游戏进展。
教师17,sim_openid_017_558366,总体中等,2.1,21,Q5,5,消防员救火开心,近几天，中班的幼儿十分热衷于在区域游戏时间玩“消防员救火”的游戏。游戏结束后的交流活动中，老师问幼儿最想分享什么时，阳阳说“娃娃家着火了，好开心啊！”。,抓住教育契机，向幼儿耐心解释真实的火灾会造成物品损失和人员伤亡。,询问幼儿开心的是“着火”本身，还是消防员成功救火、娃娃家的人得救？,引导幼儿思考“娃娃家着火”值不值得开心，帮助他们认识真实火灾是危险的。,请阳阳讲讲娃娃家着火后发生了什么、为什么开心，借此理解幼儿的游戏体验。,A 游戏意义理解与儿童视角,B 价值平衡,BADC,2,3,3,1,0.25,0.225,0.9,0.9,1,0.5,0.0,0.5,0.5,0.857143,1.0,83.186047,0.83186,27.109,43.586,70.695,0.375991,1.120433,1.120433,0.560216,7,7,5,2,0,8,0,0,0,27.109,0.0,0,A,A/B,教师A：抓住教育契机，向幼儿耐心解释真实的火灾会造成物品损失和人员伤亡。,教师A：抓住教育契机，向幼儿耐心解释真实的火灾会造成物品损失和人员伤亡。；教师B：询问幼儿开心的是“着火”本身，还是消防员成功救火、娃娃家的人得救？,过程复杂,首反应异常；高修正投入；多次调整；首末位摇摆,请教师回忆读到情境后最先注意到什么、是否很快形成判断或感到难判断；追问后续主要在比较哪些做法、为什么调整；追问最理想或最不理想做法的判断为什么发生变化,0.52745,0.509936,主要IIV信号：选项焦点变化、过程冲突、同题过程信息量；可追问选项比较：教师A：抓住教育契机，向幼儿耐心解释真实的火灾会造成物品损失和人员伤亡。；教师B：询问幼儿开心的是“着火”本身，还是消防员成功救火、娃娃家的人得救？
教师17,sim_openid_017_558366,总体中等,2.1,21,Q1,1,篮球架玩水,操场上新安装了一些篮球架，幼儿经常在这里投篮。某天户外活动时，几名幼儿带着画笔和水桶来到这里，他们先是快乐地粉刷篮球架，之后开始往篮框里灌水，有的从上面灌，有的在下面接，忙的不亦乐乎，俨然这里成为了玩水的场地。,看到幼儿玩得很开心，不干预他们的玩水行为，待兴趣减弱后再讨论玩水的适宜性。,表扬幼儿的新发现，并询问在篮球架旁玩水是否合适，提议幼儿可以换个地方玩水。,参与到幼儿的“粉刷”游戏中，逐步引导幼儿到适宜玩水的地方继续开展游戏。,提醒幼儿篮球架是用于开展运动的，与其他幼儿一起召唤他们打篮球，转移他们的关注点。,B 自主游戏与规则/安全/价值平衡,A 游戏意义理解,BACD,4,2,4,1,0.5,0.025,-0.1,0.1,-2,0.75,0.5,0.25,0.5,0.8,0.75,81.165041,0.81165,31.846,28.8,60.646,0.77077,-0.000842,0.77077,0.385385,5,5,1,2,0,4,2,2,2,31.846,0.0,0,A,A/C,教师A：看到幼儿玩得很开心，不干预他们的玩水行为，待兴趣减弱后再讨论玩水的适宜性。,教师A：看到幼儿玩得很开心，不干预他们的玩水行为，待兴趣减弱后再讨论玩水的适宜性。；教师C：参与到幼儿的“粉刷”游戏中，逐步引导幼儿到适宜玩水的地方继续开展游戏。,过程复杂,首反应异常；高修正投入；多次调整；首末位摇摆；路径振荡,请教师回忆读到情境后最先注意到什么、是否很快形成判断或感到难判断；追问后续主要在比较哪些做法、为什么调整；追问最理想或最不理想做法的判断为什么发生变化；追问当时是否在几个判断标准之间反复权衡,0.573538,0.502871,主要IIV信号：同题过程信息量、过程冲突、选项焦点变化；可追问选项比较：教师A：看到幼儿玩得很开心，不干预他们的玩水行为，待兴趣减弱后再讨论玩水的适宜性。；教师C：参与到幼儿的“粉刷”游戏中，逐步引导幼儿到适宜玩水的地方继续开展游戏。
教师17,sim_openid_017_558366,总体中等,2.1,21,Q3,3,材料选择无层次,大班上学期，张老师在建构区投放了按图搭建的游戏材料，并提供了不同星级难度的任务卡供幼儿选择，但有的幼儿一上来就选择高难度的三星级任务卡，结果不能顺利完成任务；而有的幼儿始终选择低难度的一星级任务卡。这天，浩浩又连续选择了几张一星级任务卡，很快就完成了任务。,调整任务卡提供方式，在游戏开始前根据幼儿的能力水平有针对性地发放任务卡。,暂不介入，尊重幼儿的自主选择和游戏体验，只要完成任务就是一种经验积累。,调整任务卡呈现方式，如增加“我想挑战”等提示，鼓励幼儿选择不同星级的挑战。,和浩浩回顾已完成的任务，比较不同星级的难度，邀请他选择稍有挑战的任务。,D 支架策略与游戏推进,C 观察诊断,BCDA,0,3,3,0,0.25,0.225,0.9,0.9,3,0.75,0.0,0.75,0.75,0.857143,1.0,82.277778,0.822778,24.662,29.992,54.654,0.144088,0.108902,0.144088,0.072044,7,7,3,5,1,6,2,2,2,24.662,0.0,0,A,C/D,教师A：调整任务卡提供方式，在游戏开始前根据幼儿的能力水平有针对性地发放任务卡。,教师C：调整任务卡呈现方式，如增加“我想挑战”等提示，鼓励幼儿选择不同星级的挑战。；教师D：和浩浩回顾已完成的任务，比较不同星级的难度，邀请他选择稍有挑战的任务。,过程复杂,高修正投入；多次调整；首末位摇摆；优劣方向冲突；路径振荡,追问后续主要在比较哪些做法、为什么调整；追问最理想或最不理想做法的判断为什么发生变化；追问是否曾把某做法从合适改判为不合适，或相反；追问当时是否在几个判断标准之间反复权衡,0.528633,0.498165,主要IIV信号：选项焦点变化、过程冲突、同题过程信息量；可追问选项比较：教师C：调整任务卡呈现方式，如增加“我想挑战”等提示，鼓励幼儿选择不同星级的挑战。；教师D：和浩浩回顾已完成的任务，比较不同星级的难度，邀请他选择稍有挑战的任务。
教师17,sim_openid_017_558366,总体中等,2.1,21,Q9,9,艾莎公主不运动,小班的一次户外运动，有几个女孩子从一开始就没有选择任何体育活动项目，而是聚在一起坐在地上玩“艾莎公主”的游戏，比一比谁的鞋子最漂亮，谁的魔法最厉害。,询问幼儿没有参与运动的原因，提供丰富的活动材料吸引幼儿参与运动活动。,提醒幼儿现在是运动时间，请他们等自由游戏时间再一起玩“艾莎公主”的游戏。,利用艾莎公主的鞋子设计走、跑、跳等活动，并以参与者的身份邀请幼儿一起参与运动。,肯定幼儿自主游戏的行为，言语引导幼儿穿着“漂亮的鞋子”参与运动。,D 支架策略与游戏推进,A 儿童视角/B 目标平衡,CBDA,0,2,2,0,0.5,0.025,-0.1,0.1,2,0.5,0.0,0.5,0.5,0.666667,0.75,64.165152,0.641652,35.51,22.13,57.64,1.037727,-0.713723,1.037727,0.518864,3,3,2,1,0,4,0,0,0,35.51,0.0,0,A,A/B,教师A：询问幼儿没有参与运动的原因，提供丰富的活动材料吸引幼儿参与运动活动。,教师A：询问幼儿没有参与运动的原因，提供丰富的活动材料吸引幼儿参与运动活动。；教师B：提醒幼儿现在是运动时间，请他们等自由游戏时间再一起玩“艾莎公主”的游戏。,过程中等,首反应异常；多次调整；首末位摇摆,请教师回忆读到情境后最先注意到什么、是否很快形成判断或感到难判断；追问最理想或最不理想做法的判断为什么发生变化,0.56022,0.487719,主要IIV信号：选项焦点变化、过程冲突、同题过程信息量；可追问选项比较：教师A：询问幼儿没有参与运动的原因，提供丰富的活动材料吸引幼儿参与运动活动。；教师B：提醒幼儿现在是运动时间，请他们等自由游戏时间再一起玩“艾莎公主”的游戏。
教师17,sim_openid_017_558366,总体中等,2.1,21,Q8,8,跳绳秩序混乱,周三下午，大五班的幼儿正自发进行跳绳游戏。李老师观察后发现，挤在一起跳绳的幼儿人数较多，整个场面十分混乱，幼儿很容易出现碰撞现象。此外，由于当“柱子”的幼儿很久才能轮上跳绳，因此也显得很不耐烦。,请幼儿暂停游戏，将幼儿分成多个小组并引导他们以小组为单位分区域开展游戏。,请幼儿说一说跳绳活动中存在的问题，并邀请幼儿一起设置跳绳的规则。,提供更多数量和不同种类的跳绳，并言语引导幼儿分组分区同时进行跳绳游戏。,暂不介入，活动分享时通过照片或视频回放引导幼儿发现问题并商议解决办法。,E 共同游戏组织与规则共建,B 安全秩序,DBAC,2,3,3,2,0.25,0.225,0.9,0.9,1,0.25,0.0,0.25,0.25,0.5,0.5,63.783333,0.637833,31.202,15.656,46.858,0.72069,-1.650228,0.72069,0.360345,2,2,1,1,1,3,0,0,0,31.202,0.0,0,D,A/B,教师D：暂不介入，活动分享时通过照片或视频回放引导幼儿发现问题并商议解决办法。,教师A：请幼儿暂停游戏，将幼儿分成多个小组并引导他们以小组为单位分区域开展游戏。；教师B：请幼儿说一说跳绳活动中存在的问题，并邀请幼儿一起设置跳绳的规则。,过程中等,首反应异常；首末位摇摆；优劣方向冲突,请教师回忆读到情境后最先注意到什么、是否很快形成判断或感到难判断；追问最理想或最不理想做法的判断为什么发生变化；追问是否曾把某做法从合适改判为不合适，或相反,0.336034,0.339176,主要IIV信号：同题过程信息量、过程冲突、选项焦点变化；可追问选项比较：教师A：请幼儿暂停游戏，将幼儿分成多个小组并引导他们以小组为单位分区域开展游戏。；教师B：请幼儿说一说跳绳活动中存在的问题，并邀请幼儿一起设置跳绳的规则。
教师17,sim_openid_017_558366,总体中等,2.1,21,Q6,6,区域停留短,小班幼儿瑶瑶在区域活动时，一会儿在娃娃家切切菜，一会儿到美工区搓搓橡皮泥，一会儿又开心地跑到其它区域游戏，在任何一个区域停留时间都不超过三分钟。,提议瑶瑶完成某项游戏任务，如在娃娃家做菜，请他活动小结时分享。,游戏前提醒区域活动规则，活动结束后表扬区域游戏规则遵守得好的小朋友。,仔细观察瑶瑶在不同区域的游戏情况，分析他发生迅速转移的原因。,以同伴的身份陪伴瑶瑶在某一区域游戏，待他专注游戏后再离开。,C 观察诊断与介入时机,A 儿童视角,ABCD,2,2,2,2,0.5,0.025,-0.1,0.1,0,0.0,0.0,0.0,0.0,0.0,0.0,9.533333,0.095333,,,42.151,0.0,0.0,0.0,0.0,0,0,0,0,0,1,0,0,0,42.151,0.0,0,,,,,过程简单,过程相对平稳,追问教师当时主要依据什么形成排序,0.2,0.158517,主要IIV信号：结果风险、同题过程信息量、个人内相对偏离
教师17,sim_openid_017_558366,总体中等,2.1,21,Q4,4,频繁求助,中班区域活动时，小明选择了建构区。玩了一会儿，他跑到老师面前说“老师，我不会搭……帮帮我吧”，教师问他需要什么帮助时，他一边说我不会搭，一边却很快地将房子从一层积木加高到了两层。看小明专注搭建后，老师就离开建构区了。可是没一会，小明又找了老师好几次，说“老师，帮帮我吧，我不会搭”。,鼓励小明独立搭建，引导他思考接下来如何搭建，及时表扬他的努力。,先示范搭建关键部分，请小明观察方法，再鼓励他照着继续搭建。,在旁观察小明的搭建过程，并适时反馈，帮助他理清搭建步骤。,帮小明回顾已搭建完成的部分，指导他设定小目标，尝试自己实现。,C 观察诊断与介入时机,D 支架策略,ACDB,4,4,4,4,0.0,0.475,1.9,1.9,0,0.0,0.0,0.0,0.0,0.0,0.0,10.15,0.1015,,,25.447,0.0,0.0,0.0,0.0,0,0,0,0,0,1,0,0,0,25.447,0.0,0,,,,,过程简单,过程相对平稳,追问教师当时主要依据什么形成排序,0.0,0.076325,主要IIV信号：个人内相对偏离、同题过程信息量
教师18,sim_openid_018_547359,总体中等,2.6,26,Q7,7,飞行棋各走各的,大班区域游戏中，轩轩和小宇一起玩飞行棋，他们将棋子摆好后，各自拿了一个骰子开始投，小宇说：“该我走。”轩轩说：“明明该我走！”相持不下，于是两人各拿一个骰子，自顾自地走自己的棋。,耐心讲解共同游戏的规则，再以“棋手”身份加入游戏进行示范引导。,暂不介入，继续观察游戏进展，待区域小结时请幼儿分享游戏中的体验和问题。,拿走一个骰子，请幼儿商量只有一个骰子的共同游戏规则，达成一致后再开始游戏。,待幼儿体验一轮各走各的游戏后，询问幼儿的游戏体验，提示共同游戏规则的作用。,E 共同游戏组织与规则共建,B 规则平衡,CADB,0,1,3,0,0.75,0.4,-1.6,1.6,1,0.75,0.5,0.25,0.5,0.857143,1.0,79.158527,0.791585,13.218,46.19,59.408,-1.093797,0.760634,0.760634,0.380317,7,7,5,3,1,6,2,2,0,13.218,0.0,0,B,A/C,教师B：暂不介入，继续观察游戏进展，待区域小结时请幼儿分享游戏中的体验和问题。,教师A：耐心讲解共同游戏的规则，再以“棋手”身份加入游戏进行示范引导。；教师C：拿走一个骰子，请幼儿商量只有一个骰子的共同游戏规则，达成一致后再开始游戏。,过程复杂,高修正投入；多次调整；首末位摇摆；优劣方向冲突；路径振荡,追问后续主要在比较哪些做法、为什么调整；追问最理想或最不理想做法的判断为什么发生变化；追问是否曾把某做法从合适改判为不合适，或相反；追问当时是否在几个判断标准之间反复权衡,0.70946,0.666182,主要IIV信号：选项焦点变化、过程冲突、同题过程信息量；可追问选项比较：教师A：耐心讲解共同游戏的规则，再以“棋手”身份加入游戏进行示范引导。；教师C：拿走一个骰子，请幼儿商量只有一个骰子的共同游戏规则，达成一致后再开始游戏。
教师18,sim_openid_018_547359,总体中等,2.6,26,Q2,2,未参与小组建构,大班建构活动中，睿睿和其他幼儿计划一起搭积木大桥，他们讨论了搭建方法，并进入区域开始搭建。就在其他幼儿在认真搭建时，睿睿发现了一块长条木板，他一会儿在地上推着走，一会儿当枪使，没有再参与小组的搭建。,继续观察，后续分享中支持睿睿思考如何把长条木板融入小组的建构中。,肯定睿睿的创造性玩法，询问他长条板能否当桥面，引导他参与到搭桥任务中。,引导睿睿回顾计划，建议他先完成共同任务，长条木板可以等自由游戏时再玩。,看到睿睿玩得开心，暂不介入，等下一次活动时再提醒他根据计划开展游戏。,D 支架策略与游戏推进,E 共同游戏组织,BACD,0,1,3,0,0.75,0.4,-1.6,1.6,1,0.75,0.5,0.25,0.5,0.857143,1.0,83.922222,0.839222,36.272,39.663,75.935,0.699491,0.209127,0.699491,0.349746,7,7,1,4,0,4,4,4,1,36.272,0.0,0,A,A/C,教师A：继续观察，后续分享中支持睿睿思考如何把长条木板融入小组的建构中。,教师A：继续观察，后续分享中支持睿睿思考如何把长条木板融入小组的建构中。；教师C：引导睿睿回顾计划，建议他先完成共同任务，长条木板可以等自由游戏时再玩。,过程复杂,首反应异常；高修正投入；多次调整；首末位摇摆；路径振荡,请教师回忆读到情境后最先注意到什么、是否很快形成判断或感到难判断；追问后续主要在比较哪些做法、为什么调整；追问最理想或最不理想做法的判断为什么发生变化；追问当时是否在几个判断标准之间反复权衡,0.706403,0.665507,主要IIV信号：选项焦点变化、过程冲突、同题过程信息量；可追问选项比较：教师A：继续观察，后续分享中支持睿睿思考如何把长条木板融入小组的建构中。；教师C：引导睿睿回顾计划，建议他先完成共同任务，长条木板可以等自由游戏时再玩。
教师18,sim_openid_018_547359,总体中等,2.6,26,Q5,5,消防员救火开心,近几天，中班的幼儿十分热衷于在区域游戏时间玩“消防员救火”的游戏。游戏结束后的交流活动中，老师问幼儿最想分享什么时，阳阳说“娃娃家着火了，好开心啊！”。,抓住教育契机，向幼儿耐心解释真实的火灾会造成物品损失和人员伤亡。,询问幼儿开心的是“着火”本身，还是消防员成功救火、娃娃家的人得救？,引导幼儿思考“娃娃家着火”值不值得开心，帮助他们认识真实火灾是危险的。,请阳阳讲讲娃娃家着火后发生了什么、为什么开心，借此理解幼儿的游戏体验。,A 游戏意义理解与儿童视角,B 价值平衡,DBCA,2,1,3,1,0.75,0.4,-1.6,1.6,-1,0.5,0.5,0.0,0.5,0.8,0.75,72.270155,0.722702,12.468,25.24,37.708,-1.197568,-1.427131,0.0,0.0,5,5,1,2,0,5,1,1,1,12.468,0.0,0,A,A/B,教师A：抓住教育契机，向幼儿耐心解释真实的火灾会造成物品损失和人员伤亡。,教师A：抓住教育契机，向幼儿耐心解释真实的火灾会造成物品损失和人员伤亡。；教师B：询问幼儿开心的是“着火”本身，还是消防员成功救火、娃娃家的人得救？,过程复杂,高修正投入；多次调整；首末位摇摆；路径振荡,追问后续主要在比较哪些做法、为什么调整；追问最理想或最不理想做法的判断为什么发生变化；追问当时是否在几个判断标准之间反复权衡,0.635,0.591135,主要IIV信号：过程冲突、结果风险、选项焦点变化；可追问选项比较：教师A：抓住教育契机，向幼儿耐心解释真实的火灾会造成物品损失和人员伤亡。；教师B：询问幼儿开心的是“着火”本身，还是消防员成功救火、娃娃家的人得救？
教师18,sim_openid_018_547359,总体中等,2.6,26,Q3,3,材料选择无层次,大班上学期，张老师在建构区投放了按图搭建的游戏材料，并提供了不同星级难度的任务卡供幼儿选择，但有的幼儿一上来就选择高难度的三星级任务卡，结果不能顺利完成任务；而有的幼儿始终选择低难度的一星级任务卡。这天，浩浩又连续选择了几张一星级任务卡，很快就完成了任务。,调整任务卡提供方式，在游戏开始前根据幼儿的能力水平有针对性地发放任务卡。,暂不介入，尊重幼儿的自主选择和游戏体验，只要完成任务就是一种经验积累。,调整任务卡呈现方式，如增加“我想挑战”等提示，鼓励幼儿选择不同星级的挑战。,和浩浩回顾已完成的任务，比较不同星级的难度，邀请他选择稍有挑战的任务。,D 支架策略与游戏推进,C 观察诊断,DBCA,0,4,4,0,0.0,0.35,1.4,1.4,4,1.0,0.0,1.0,1.0,1.0,1.0,91.205556,0.912056,44.477,37.806,82.283,1.06176,0.035538,1.06176,0.53088,7,7,3,3,1,7,1,1,0,44.477,0.0,0,A,B/C,教师A：调整任务卡提供方式，在游戏开始前根据幼儿的能力水平有针对性地发放任务卡。,教师B：暂不介入，尊重幼儿的自主选择和游戏体验，只要完成任务就是一种经验积累。；教师C：调整任务卡呈现方式，如增加“我想挑战”等提示，鼓励幼儿选择不同星级的挑战。,过程复杂,首反应异常；高修正投入；多次调整；首末位摇摆；优劣方向冲突；路径振荡,请教师回忆读到情境后最先注意到什么、是否很快形成判断或感到难判断；追问后续主要在比较哪些做法、为什么调整；追问最理想或最不理想做法的判断为什么发生变化；追问是否曾把某做法从合适改判为不合适，或相反；追问当时是否在几个判断标准之间反复权衡,0.553088,0.551191,主要IIV信号：过程冲突、修正信号、选项焦点变化；可追问选项比较：教师B：暂不介入，尊重幼儿的自主选择和游戏体验，只要完成任务就是一种经验积累。；教师C：调整任务卡呈现方式，如增加“我想挑战”等提示，鼓励幼儿选择不同星级的挑战。
教师18,sim_openid_018_547359,总体中等,2.6,26,Q9,9,艾莎公主不运动,小班的一次户外运动，有几个女孩子从一开始就没有选择任何体育活动项目，而是聚在一起坐在地上玩“艾莎公主”的游戏，比一比谁的鞋子最漂亮，谁的魔法最厉害。,询问幼儿没有参与运动的原因，提供丰富的活动材料吸引幼儿参与运动活动。,提醒幼儿现在是运动时间，请他们等自由游戏时间再一起玩“艾莎公主”的游戏。,利用艾莎公主的鞋子设计走、跑、跳等活动，并以参与者的身份邀请幼儿一起参与运动。,肯定幼儿自主游戏的行为，言语引导幼儿穿着“漂亮的鞋子”参与运动。,D 支架策略与游戏推进,A 儿童视角/B 目标平衡,CADB,0,4,4,0,0.0,0.35,1.4,1.4,4,1.0,0.0,1.0,1.0,1.0,1.0,85.595455,0.855955,38.341,36.848,75.189,0.798039,-0.057378,0.798039,0.399019,6,6,4,2,1,7,0,0,0,38.341,0.0,0,B,A/D,教师B：提醒幼儿现在是运动时间，请他们等自由游戏时间再一起玩“艾莎公主”的游戏。,教师A：询问幼儿没有参与运动的原因，提供丰富的活动材料吸引幼儿参与运动活动。；教师D：肯定幼儿自主游戏的行为，言语引导幼儿穿着“漂亮的鞋子”参与运动。,过程复杂,首反应异常；高修正投入；多次调整；首末位摇摆；优劣方向冲突,请教师回忆读到情境后最先注意到什么、是否很快形成判断或感到难判断；追问后续主要在比较哪些做法、为什么调整；追问最理想或最不理想做法的判断为什么发生变化；追问是否曾把某做法从合适改判为不合适，或相反,0.539902,0.5352,主要IIV信号：过程冲突、修正信号、选项焦点变化；可追问选项比较：教师A：询问幼儿没有参与运动的原因，提供丰富的活动材料吸引幼儿参与运动活动。；教师D：肯定幼儿自主游戏的行为，言语引导幼儿穿着“漂亮的鞋子”参与运动。
教师18,sim_openid_018_547359,总体中等,2.6,26,Q8,8,跳绳秩序混乱,周三下午，大五班的幼儿正自发进行跳绳游戏。李老师观察后发现，挤在一起跳绳的幼儿人数较多，整个场面十分混乱，幼儿很容易出现碰撞现象。此外，由于当“柱子”的幼儿很久才能轮上跳绳，因此也显得很不耐烦。,请幼儿暂停游戏，将幼儿分成多个小组并引导他们以小组为单位分区域开展游戏。,请幼儿说一说跳绳活动中存在的问题，并邀请幼儿一起设置跳绳的规则。,提供更多数量和不同种类的跳绳，并言语引导幼儿分组分区同时进行跳绳游戏。,暂不介入，活动分享时通过照片或视频回放引导幼儿发现问题并商议解决办法。,E 共同游戏组织与规则共建,B 安全秩序,BDCA,2,3,3,1,0.25,0.1,0.4,0.4,1,0.5,0.0,0.5,0.5,0.888889,1.0,81.531818,0.815318,12.549,57.104,69.653,-1.186065,1.528502,1.528502,0.764251,9,9,4,5,1,9,1,1,0,12.549,0.0,0,A,B/C,教师A：请幼儿暂停游戏，将幼儿分成多个小组并引导他们以小组为单位分区域开展游戏。,教师B：请幼儿说一说跳绳活动中存在的问题，并邀请幼儿一起设置跳绳的规则。；教师C：提供更多数量和不同种类的跳绳，并言语引导幼儿分组分区同时进行跳绳游戏。,过程复杂,高修正投入；多次调整；首末位摇摆；优劣方向冲突；路径振荡,追问后续主要在比较哪些做法、为什么调整；追问最理想或最不理想做法的判断为什么发生变化；追问是否曾把某做法从合适改判为不合适，或相反；追问当时是否在几个判断标准之间反复权衡,0.554203,0.515524,主要IIV信号：选项焦点变化、过程冲突、同题过程信息量；可追问选项比较：教师B：请幼儿说一说跳绳活动中存在的问题，并邀请幼儿一起设置跳绳的规则。；教师C：提供更多数量和不同种类的跳绳，并言语引导幼儿分组分区同时进行跳绳游戏。
教师18,sim_openid_018_547359,总体中等,2.6,26,Q6,6,区域停留短,小班幼儿瑶瑶在区域活动时，一会儿在娃娃家切切菜，一会儿到美工区搓搓橡皮泥，一会儿又开心地跑到其它区域游戏，在任何一个区域停留时间都不超过三分钟。,提议瑶瑶完成某项游戏任务，如在娃娃家做菜，请他活动小结时分享。,游戏前提醒区域活动规则，活动结束后表扬区域游戏规则遵守得好的小朋友。,仔细观察瑶瑶在不同区域的游戏情况，分析他发生迅速转移的原因。,以同伴的身份陪伴瑶瑶在某一区域游戏，待他专注游戏后再离开。,C 观察诊断与介入时机,A 儿童视角,BACD,2,2,4,2,0.5,0.15,-0.6,0.6,0,0.5,0.5,0.0,0.5,0.75,0.75,63.606977,0.63607,36.067,24.24,60.307,0.689423,-1.573478,0.689423,0.344711,4,4,3,0,0,3,2,2,1,36.067,0.0,0,A,A/B,教师A：提议瑶瑶完成某项游戏任务，如在娃娃家做菜，请他活动小结时分享。,教师A：提议瑶瑶完成某项游戏任务，如在娃娃家做菜，请他活动小结时分享。；教师B：游戏前提醒区域活动规则，活动结束后表扬区域游戏规则遵守得好的小朋友。,过程简单,首反应异常；多次调整；首末位摇摆；路径振荡,请教师回忆读到情境后最先注意到什么、是否很快形成判断或感到难判断；追问最理想或最不理想做法的判断为什么发生变化；追问当时是否在几个判断标准之间反复权衡,0.559471,0.501275,主要IIV信号：过程冲突、选项焦点变化、同题过程信息量；可追问选项比较：教师A：提议瑶瑶完成某项游戏任务，如在娃娃家做菜，请他活动小结时分享。；教师B：游戏前提醒区域活动规则，活动结束后表扬区域游戏规则遵守得好的小朋友。
教师18,sim_openid_018_547359,总体中等,2.6,26,Q4,4,频繁求助,中班区域活动时，小明选择了建构区。玩了一会儿，他跑到老师面前说“老师，我不会搭……帮帮我吧”，教师问他需要什么帮助时，他一边说我不会搭，一边却很快地将房子从一层积木加高到了两层。看小明专注搭建后，老师就离开建构区了。可是没一会，小明又找了老师好几次，说“老师，帮帮我吧，我不会搭”。,鼓励小明独立搭建，引导他思考接下来如何搭建，及时表扬他的努力。,先示范搭建关键部分，请小明观察方法，再鼓励他照着继续搭建。,在旁观察小明的搭建过程，并适时反馈，帮助他理清搭建步骤。,帮小明回顾已搭建完成的部分，指导他设定小目标，尝试自己实现。,C 观察诊断与介入时机,D 支架策略,ACDB,2,4,4,2,0.0,0.35,1.4,1.4,2,0.5,0.0,0.5,0.5,0.833333,1.0,94.133333,0.941333,40.411,45.447,85.858,0.89145,0.701928,0.89145,0.445725,6,6,2,5,2,5,2,2,1,40.411,0.0,0,B,B/C,教师B：先示范搭建关键部分，请小明观察方法，再鼓励他照着继续搭建。,教师B：先示范搭建关键部分，请小明观察方法，再鼓励他照着继续搭建。；教师C：在旁观察小明的搭建过程，并适时反馈，帮助他理清搭建步骤。,过程复杂,首反应异常；高修正投入；多次调整；首末位摇摆；优劣方向冲突；路径振荡,请教师回忆读到情境后最先注意到什么、是否很快形成判断或感到难判断；追问后续主要在比较哪些做法、为什么调整；追问最理想或最不理想做法的判断为什么发生变化；追问是否曾把某做法从合适改判为不合适，或相反；追问当时是否在几个判断标准之间反复权衡,0.411239,0.444139,主要IIV信号：选项焦点变化、同题过程信息量、过程冲突；可追问选项比较：教师B：先示范搭建关键部分，请小明观察方法，再鼓励他照着继续搭建。；教师C：在旁观察小明的搭建过程，并适时反馈，帮助他理清搭建步骤。
教师18,sim_openid_018_547359,总体中等,2.6,26,Q1,1,篮球架玩水,操场上新安装了一些篮球架，幼儿经常在这里投篮。某天户外活动时，几名幼儿带着画笔和水桶来到这里，他们先是快乐地粉刷篮球架，之后开始往篮框里灌水，有的从上面灌，有的在下面接，忙的不亦乐乎，俨然这里成为了玩水的场地。,看到幼儿玩得很开心，不干预他们的玩水行为，待兴趣减弱后再讨论玩水的适宜性。,表扬幼儿的新发现，并询问在篮球架旁玩水是否合适，提议幼儿可以换个地方玩水。,参与到幼儿的“粉刷”游戏中，逐步引导幼儿到适宜玩水的地方继续开展游戏。,提醒幼儿篮球架是用于开展运动的，与其他幼儿一起召唤他们打篮球，转移他们的关注点。,B 自主游戏与规则/安全/价值平衡,A 游戏意义理解,ABDC,4,3,4,3,0.25,0.1,0.4,0.4,-1,0.25,0.25,0.0,0.25,0.8,1.0,56.435366,0.564354,16.848,35.643,52.491,-0.662732,-0.177742,0.0,0.0,5,5,0,5,0,2,4,4,4,16.848,0.0,0,C,C/D,教师C：参与到幼儿的“粉刷”游戏中，逐步引导幼儿到适宜玩水的地方继续开展游戏。,教师C：参与到幼儿的“粉刷”游戏中，逐步引导幼儿到适宜玩水的地方继续开展游戏。；教师D：提醒幼儿篮球架是用于开展运动的，与其他幼儿一起召唤他们打篮球，转移他们的关注点。,过程简单,高修正投入；多次调整；首末位摇摆；路径振荡,追问后续主要在比较哪些做法、为什么调整；追问最理想或最不理想做法的判断为什么发生变化；追问当时是否在几个判断标准之间反复权衡,0.41,0.375718,主要IIV信号：选项焦点变化、过程冲突、同题过程信息量；可追问选项比较：教师C：参与到幼儿的“粉刷”游戏中，逐步引导幼儿到适宜玩水的地方继续开展游戏。；教师D：提醒幼儿篮球架是用于开展运动的，与其他幼儿一起召唤他们打篮球，转移他们的关注点。
教师18,sim_openid_018_547359,总体中等,2.6,26,Q10,10,引水难题未解,中班上学期，幼儿在“引水游戏”中遇到了难题——水无法被引到竹片管道上。他们不断调整竹片拼接的方式，却始终没能成功，即竹片一头高于出水管道，阻碍了引流。渐渐地幼儿的探索兴趣也减弱了，有的开始玩水，有的甚至离开了水池。,示范正确的引水方法，请幼儿注意观察并说说引水的要领，再自己试一试。,加入幼儿的探索，引导他们观察水流受阻的位置，一起尝试调整竹片的摆放方式。,组织幼儿就游戏困难进行讨论，寻找解决问题的方案，引导幼儿再次尝试。,投放更多辅助引水的材料，重新激起幼儿的探索兴趣，继续观察游戏进展。,C 观察诊断与介入时机,D 探究支架,DABC,3,3,3,3,0.25,0.1,0.4,0.4,0,0.0,0.0,0.0,0.0,0.0,0.0,10.383333,0.103833,,,37.653,0.0,0.0,0.0,0.0,0,0,0,0,0,1,0,0,0,37.653,0.0,0,,,,,过程简单,过程相对平稳,追问教师当时主要依据什么形成排序,0.1,0.095192,主要IIV信号：结果风险、同题过程信息量、个人内相对偏离
教师19,sim_openid_019_623976,总体中等,2.1,21,Q5,5,消防员救火开心,近几天，中班的幼儿十分热衷于在区域游戏时间玩“消防员救火”的游戏。游戏结束后的交流活动中，老师问幼儿最想分享什么时，阳阳说“娃娃家着火了，好开心啊！”。,抓住教育契机，向幼儿耐心解释真实的火灾会造成物品损失和人员伤亡。,询问幼儿开心的是“着火”本身，还是消防员成功救火、娃娃家的人得救？,引导幼儿思考“娃娃家着火”值不值得开心，帮助他们认识真实火灾是危险的。,请阳阳讲讲娃娃家着火后发生了什么、为什么开心，借此理解幼儿的游戏体验。,A 游戏意义理解与儿童视角,B 价值平衡,DBCA,2,1,3,1,0.75,0.275,-1.1,1.1,-1,0.5,0.5,0.0,0.5,0.875,1.0,79.931783,0.799318,16.333,37.337,53.67,0.205433,0.870463,0.870463,0.435232,8,8,6,1,1,7,2,2,2,16.333,0.0,0,A,B/C,教师A：抓住教育契机，向幼儿耐心解释真实的火灾会造成物品损失和人员伤亡。,教师B：询问幼儿开心的是“着火”本身，还是消防员成功救火、娃娃家的人得救？；教师C：引导幼儿思考“娃娃家着火”值不值得开心，帮助他们认识真实火灾是危险的。,过程复杂,高修正投入；多次调整；首末位摇摆；优劣方向冲突；路径振荡,追问后续主要在比较哪些做法、为什么调整；追问最理想或最不理想做法的判断为什么发生变化；追问是否曾把某做法从合适改判为不合适，或相反；追问当时是否在几个判断标准之间反复权衡,0.718523,0.655989,主要IIV信号：选项焦点变化、过程冲突、同题过程信息量；可追问选项比较：教师B：询问幼儿开心的是“着火”本身，还是消防员成功救火、娃娃家的人得救？；教师C：引导幼儿思考“娃娃家着火”值不值得开心，帮助他们认识真实火灾是危险的。
教师19,sim_openid_019_623976,总体中等,2.1,21,Q9,9,艾莎公主不运动,小班的一次户外运动，有几个女孩子从一开始就没有选择任何体育活动项目，而是聚在一起坐在地上玩“艾莎公主”的游戏，比一比谁的鞋子最漂亮，谁的魔法最厉害。,询问幼儿没有参与运动的原因，提供丰富的活动材料吸引幼儿参与运动活动。,提醒幼儿现在是运动时间，请他们等自由游戏时间再一起玩“艾莎公主”的游戏。,利用艾莎公主的鞋子设计走、跑、跳等活动，并以参与者的身份邀请幼儿一起参与运动。,肯定幼儿自主游戏的行为，言语引导幼儿穿着“漂亮的鞋子”参与运动。,D 支架策略与游戏推进,A 儿童视角/B 目标平衡,ADCB,0,3,3,0,0.25,0.225,0.9,0.9,3,0.75,0.0,0.75,0.75,0.875,1.0,88.295455,0.882955,29.481,30.102,59.583,1.391412,0.206041,1.391412,0.695706,8,8,3,5,2,7,2,2,0,29.481,0.0,0,B,B/D,教师B：提醒幼儿现在是运动时间，请他们等自由游戏时间再一起玩“艾莎公主”的游戏。,教师B：提醒幼儿现在是运动时间，请他们等自由游戏时间再一起玩“艾莎公主”的游戏。；教师D：肯定幼儿自主游戏的行为，言语引导幼儿穿着“漂亮的鞋子”参与运动。,过程复杂,首反应异常；高修正投入；多次调整；首末位摇摆；优劣方向冲突；路径振荡,请教师回忆读到情境后最先注意到什么、是否很快形成判断或感到难判断；追问后续主要在比较哪些做法、为什么调整；追问最理想或最不理想做法的判断为什么发生变化；追问是否曾把某做法从合适改判为不合适，或相反；追问当时是否在几个判断标准之间反复权衡,0.594571,0.566218,主要IIV信号：选项焦点变化、同题过程信息量、过程冲突；可追问选项比较：教师B：提醒幼儿现在是运动时间，请他们等自由游戏时间再一起玩“艾莎公主”的游戏。；教师D：肯定幼儿自主游戏的行为，言语引导幼儿穿着“漂亮的鞋子”参与运动。
教师19,sim_openid_019_623976,总体中等,2.1,21,Q3,3,材料选择无层次,大班上学期，张老师在建构区投放了按图搭建的游戏材料，并提供了不同星级难度的任务卡供幼儿选择，但有的幼儿一上来就选择高难度的三星级任务卡，结果不能顺利完成任务；而有的幼儿始终选择低难度的一星级任务卡。这天，浩浩又连续选择了几张一星级任务卡，很快就完成了任务。,调整任务卡提供方式，在游戏开始前根据幼儿的能力水平有针对性地发放任务卡。,暂不介入，尊重幼儿的自主选择和游戏体验，只要完成任务就是一种经验积累。,调整任务卡呈现方式，如增加“我想挑战”等提示，鼓励幼儿选择不同星级的挑战。,和浩浩回顾已完成的任务，比较不同星级的难度，邀请他选择稍有挑战的任务。,D 支架策略与游戏推进,C 观察诊断,DBAC,0,3,4,0,0.25,0.225,0.9,0.9,3,1.0,0.25,0.75,0.75,1.0,1.0,74.383333,0.743833,13.921,37.707,51.628,-0.115461,0.900881,0.900881,0.450441,6,6,4,2,1,6,1,1,0,13.921,0.0,0,D,A/B,教师D：和浩浩回顾已完成的任务，比较不同星级的难度，邀请他选择稍有挑战的任务。,教师A：调整任务卡提供方式，在游戏开始前根据幼儿的能力水平有针对性地发放任务卡。；教师B：暂不介入，尊重幼儿的自主选择和游戏体验，只要完成任务就是一种经验积累。,过程复杂,高修正投入；多次调整；首末位摇摆；优劣方向冲突；路径振荡,追问后续主要在比较哪些做法、为什么调整；追问最理想或最不理想做法的判断为什么发生变化；追问是否曾把某做法从合适改判为不合适，或相反；追问当时是否在几个判断标准之间反复权衡,0.595044,0.553486,主要IIV信号：过程冲突、选项焦点变化、修正信号；可追问选项比较：教师A：调整任务卡提供方式，在游戏开始前根据幼儿的能力水平有针对性地发放任务卡。；教师B：暂不介入，尊重幼儿的自主选择和游戏体验，只要完成任务就是一种经验积累。
教师19,sim_openid_019_623976,总体中等,2.1,21,Q2,2,未参与小组建构,大班建构活动中，睿睿和其他幼儿计划一起搭积木大桥，他们讨论了搭建方法，并进入区域开始搭建。就在其他幼儿在认真搭建时，睿睿发现了一块长条木板，他一会儿在地上推着走，一会儿当枪使，没有再参与小组的搭建。,继续观察，后续分享中支持睿睿思考如何把长条木板融入小组的建构中。,肯定睿睿的创造性玩法，询问他长条板能否当桥面，引导他参与到搭桥任务中。,引导睿睿回顾计划，建议他先完成共同任务，长条木板可以等自由游戏时再玩。,看到睿睿玩得开心，暂不介入，等下一次活动时再提醒他根据计划开展游戏。,D 支架策略与游戏推进,E 共同游戏组织,ADCB,0,2,4,0,0.5,0.025,-0.1,0.1,2,1.0,0.5,0.5,0.5,1.0,1.0,71.811111,0.718111,14.223,32.981,47.204,-0.07236,0.487797,0.487797,0.243899,6,6,2,4,1,5,2,2,0,14.223,0.0,0,B,B/C,教师B：肯定睿睿的创造性玩法，询问他长条板能否当桥面，引导他参与到搭桥任务中。,教师B：肯定睿睿的创造性玩法，询问他长条板能否当桥面，引导他参与到搭桥任务中。；教师C：引导睿睿回顾计划，建议他先完成共同任务，长条木板可以等自由游戏时再玩。,过程复杂,高修正投入；多次调整；首末位摇摆；优劣方向冲突；路径振荡,追问后续主要在比较哪些做法、为什么调整；追问最理想或最不理想做法的判断为什么发生变化；追问是否曾把某做法从合适改判为不合适，或相反；追问当时是否在几个判断标准之间反复权衡,0.62439,0.539045,主要IIV信号：过程冲突、选项焦点变化、同题过程信息量；可追问选项比较：教师B：肯定睿睿的创造性玩法，询问他长条板能否当桥面，引导他参与到搭桥任务中。；教师C：引导睿睿回顾计划，建议他先完成共同任务，长条木板可以等自由游戏时再玩。
教师19,sim_openid_019_623976,总体中等,2.1,21,Q1,1,篮球架玩水,操场上新安装了一些篮球架，幼儿经常在这里投篮。某天户外活动时，几名幼儿带着画笔和水桶来到这里，他们先是快乐地粉刷篮球架，之后开始往篮框里灌水，有的从上面灌，有的在下面接，忙的不亦乐乎，俨然这里成为了玩水的场地。,看到幼儿玩得很开心，不干预他们的玩水行为，待兴趣减弱后再讨论玩水的适宜性。,表扬幼儿的新发现，并询问在篮球架旁玩水是否合适，提议幼儿可以换个地方玩水。,参与到幼儿的“粉刷”游戏中，逐步引导幼儿到适宜玩水的地方继续开展游戏。,提醒幼儿篮球架是用于开展运动的，与其他幼儿一起召唤他们打篮球，转移他们的关注点。,B 自主游戏与规则/安全/价值平衡,A 游戏意义理解,BACD,4,2,4,1,0.5,0.025,-0.1,0.1,-2,0.75,0.5,0.25,0.5,0.857143,1.0,79.784146,0.797841,8.875,36.075,44.95,-1.019487,0.764397,0.764397,0.382198,7,7,1,4,0,4,4,4,0,8.875,0.0,0,A,A/C,教师A：看到幼儿玩得很开心，不干预他们的玩水行为，待兴趣减弱后再讨论玩水的适宜性。,教师A：看到幼儿玩得很开心，不干预他们的玩水行为，待兴趣减弱后再讨论玩水的适宜性。；教师C：参与到幼儿的“粉刷”游戏中，逐步引导幼儿到适宜玩水的地方继续开展游戏。,过程复杂,首反应异常；高修正投入；多次调整；首末位摇摆；路径振荡,请教师回忆读到情境后最先注意到什么、是否很快形成判断或感到难判断；追问后续主要在比较哪些做法、为什么调整；追问最理想或最不理想做法的判断为什么发生变化；追问当时是否在几个判断标准之间反复权衡,0.609648,0.535433,主要IIV信号：选项焦点变化、过程冲突、同题过程信息量；可追问选项比较：教师A：看到幼儿玩得很开心，不干预他们的玩水行为，待兴趣减弱后再讨论玩水的适宜性。；教师C：参与到幼儿的“粉刷”游戏中，逐步引导幼儿到适宜玩水的地方继续开展游戏。
教师19,sim_openid_019_623976,总体中等,2.1,21,Q8,8,跳绳秩序混乱,周三下午，大五班的幼儿正自发进行跳绳游戏。李老师观察后发现，挤在一起跳绳的幼儿人数较多，整个场面十分混乱，幼儿很容易出现碰撞现象。此外，由于当“柱子”的幼儿很久才能轮上跳绳，因此也显得很不耐烦。,请幼儿暂停游戏，将幼儿分成多个小组并引导他们以小组为单位分区域开展游戏。,请幼儿说一说跳绳活动中存在的问题，并邀请幼儿一起设置跳绳的规则。,提供更多数量和不同种类的跳绳，并言语引导幼儿分组分区同时进行跳绳游戏。,暂不介入，活动分享时通过照片或视频回放引导幼儿发现问题并商议解决办法。,E 共同游戏组织与规则共建,B 安全秩序,ABCD,2,2,3,1,0.5,0.025,-0.1,0.1,0,0.5,0.25,0.25,0.25,0.857143,1.0,88.713636,0.887136,27.544,36.142,63.686,1.25493,0.770121,1.25493,0.627465,7,7,2,5,1,7,1,1,0,27.544,0.0,0,,B/D,,教师B：请幼儿说一说跳绳活动中存在的问题，并邀请幼儿一起设置跳绳的规则。；教师D：暂不介入，活动分享时通过照片或视频回放引导幼儿发现问题并商议解决办法。,过程复杂,首反应异常；高修正投入；多次调整；首末位摇摆；优劣方向冲突；路径振荡,请教师回忆读到情境后最先注意到什么、是否很快形成判断或感到难判断；追问后续主要在比较哪些做法、为什么调整；追问最理想或最不理想做法的判断为什么发生变化；追问是否曾把某做法从合适改判为不合适，或相反；追问当时是否在几个判断标准之间反复权衡,0.584175,0.526925,主要IIV信号：选项焦点变化、同题过程信息量、过程冲突；可追问选项比较：教师B：请幼儿说一说跳绳活动中存在的问题，并邀请幼儿一起设置跳绳的规则。；教师D：暂不介入，活动分享时通过照片或视频回放引导幼儿发现问题并商议解决办法。
教师19,sim_openid_019_623976,总体中等,2.1,21,Q10,10,引水难题未解,中班上学期，幼儿在“引水游戏”中遇到了难题——水无法被引到竹片管道上。他们不断调整竹片拼接的方式，却始终没能成功，即竹片一头高于出水管道，阻碍了引流。渐渐地幼儿的探索兴趣也减弱了，有的开始玩水，有的甚至离开了水池。,示范正确的引水方法，请幼儿注意观察并说说引水的要领，再自己试一试。,加入幼儿的探索，引导他们观察水流受阻的位置，一起尝试调整竹片的摆放方式。,组织幼儿就游戏困难进行讨论，寻找解决问题的方案，引导幼儿再次尝试。,投放更多辅助引水的材料，重新激起幼儿的探索兴趣，继续观察游戏进展。,C 观察诊断与介入时机,D 探究支架,CBDA,1,1,1,1,0.75,0.275,-1.1,1.1,0,0.0,0.0,0.0,0.0,0.8,1.0,69.956202,0.699562,10.775,26.385,37.16,-0.629909,-0.200508,0.0,0.0,5,5,3,2,1,6,0,0,0,10.775,0.0,0,A,A/B,教师A：示范正确的引水方法，请幼儿注意观察并说说引水的要领，再自己试一试。,教师A：示范正确的引水方法，请幼儿注意观察并说说引水的要领，再自己试一试。；教师B：加入幼儿的探索，引导他们观察水流受阻的位置，一起尝试调整竹片的摆放方式。,过程简单,高修正投入；多次调整；首末位摇摆；优劣方向冲突,追问后续主要在比较哪些做法、为什么调整；追问最理想或最不理想做法的判断为什么发生变化；追问是否曾把某做法从合适改判为不合适，或相反,0.56,0.521228,主要IIV信号：选项焦点变化、过程冲突、结果风险；可追问选项比较：教师A：示范正确的引水方法，请幼儿注意观察并说说引水的要领，再自己试一试。；教师B：加入幼儿的探索，引导他们观察水流受阻的位置，一起尝试调整竹片的摆放方式。
教师19,sim_openid_019_623976,总体中等,2.1,21,Q4,4,频繁求助,中班区域活动时，小明选择了建构区。玩了一会儿，他跑到老师面前说“老师，我不会搭……帮帮我吧”，教师问他需要什么帮助时，他一边说我不会搭，一边却很快地将房子从一层积木加高到了两层。看小明专注搭建后，老师就离开建构区了。可是没一会，小明又找了老师好几次，说“老师，帮帮我吧，我不会搭”。,鼓励小明独立搭建，引导他思考接下来如何搭建，及时表扬他的努力。,先示范搭建关键部分，请小明观察方法，再鼓励他照着继续搭建。,在旁观察小明的搭建过程，并适时反馈，帮助他理清搭建步骤。,帮小明回顾已搭建完成的部分，指导他设定小目标，尝试自己实现。,C 观察诊断与介入时机,D 支架策略,ADCB,2,3,4,2,0.25,0.225,0.9,0.9,1,0.5,0.25,0.25,0.25,0.8,0.75,73.95,0.7395,26.702,24.636,51.338,1.192582,-0.412078,1.192582,0.596291,5,5,2,1,0,4,2,2,0,26.702,0.0,0,B,C/D,教师B：先示范搭建关键部分，请小明观察方法，再鼓励他照着继续搭建。,教师C：在旁观察小明的搭建过程，并适时反馈，帮助他理清搭建步骤。；教师D：帮小明回顾已搭建完成的部分，指导他设定小目标，尝试自己实现。,过程复杂,首反应异常；高修正投入；多次调整；首末位摇摆；路径振荡,请教师回忆读到情境后最先注意到什么、是否很快形成判断或感到难判断；追问后续主要在比较哪些做法、为什么调整；追问最理想或最不理想做法的判断为什么发生变化；追问当时是否在几个判断标准之间反复权衡,0.444629,0.437854,主要IIV信号：过程冲突、选项焦点变化、同题过程信息量；可追问选项比较：教师C：在旁观察小明的搭建过程，并适时反馈，帮助他理清搭建步骤。；教师D：帮小明回顾已搭建完成的部分，指导他设定小目标，尝试自己实现。
教师19,sim_openid_019_623976,总体中等,2.1,21,Q6,6,区域停留短,小班幼儿瑶瑶在区域活动时，一会儿在娃娃家切切菜，一会儿到美工区搓搓橡皮泥，一会儿又开心地跑到其它区域游戏，在任何一个区域停留时间都不超过三分钟。,提议瑶瑶完成某项游戏任务，如在娃娃家做菜，请他活动小结时分享。,游戏前提醒区域活动规则，活动结束后表扬区域游戏规则遵守得好的小朋友。,仔细观察瑶瑶在不同区域的游戏情况，分析他发生迅速转移的原因。,以同伴的身份陪伴瑶瑶在某一区域游戏，待他专注游戏后再离开。,C 观察诊断与介入时机,A 儿童视角,ABCD,2,2,2,1,0.5,0.025,-0.1,0.1,0,0.25,0.0,0.25,0.25,0.666667,1.0,70.439922,0.704399,7.481,15.664,23.145,-1.362637,-1.808961,0.0,0.0,3,3,2,2,1,3,1,1,0,7.481,0.0,0,,B/C,,教师B：游戏前提醒区域活动规则，活动结束后表扬区域游戏规则遵守得好的小朋友。；教师C：仔细观察瑶瑶在不同区域的游戏情况，分析他发生迅速转移的原因。,过程复杂,首反应异常；多次调整；首末位摇摆；优劣方向冲突,请教师回忆读到情境后最先注意到什么、是否很快形成判断或感到难判断；追问最理想或最不理想做法的判断为什么发生变化；追问是否曾把某做法从合适改判为不合适，或相反,0.483333,0.42647,主要IIV信号：选项焦点变化、同题过程信息量、过程冲突；可追问选项比较：教师B：游戏前提醒区域活动规则，活动结束后表扬区域游戏规则遵守得好的小朋友。；教师C：仔细观察瑶瑶在不同区域的游戏情况，分析他发生迅速转移的原因。
教师19,sim_openid_019_623976,总体中等,2.1,21,Q7,7,飞行棋各走各的,大班区域游戏中，轩轩和小宇一起玩飞行棋，他们将棋子摆好后，各自拿了一个骰子开始投，小宇说：“该我走。”轩轩说：“明明该我走！”相持不下，于是两人各拿一个骰子，自顾自地走自己的棋。,耐心讲解共同游戏的规则，再以“棋手”身份加入游戏进行示范引导。,暂不介入，继续观察游戏进展，待区域小结时请幼儿分享游戏中的体验和问题。,拿走一个骰子，请幼儿商量只有一个骰子的共同游戏规则，达成一致后再开始游戏。,待幼儿体验一轮各走各的游戏后，询问幼儿的游戏体验，提示共同游戏规则的作用。,E 共同游戏组织与规则共建,B 规则平衡,DCAB,0,2,2,0,0.5,0.025,-0.1,0.1,2,0.5,0.0,0.5,0.5,0.75,0.5,53.86124,0.538612,9.683,16.881,26.564,-0.844503,-1.578153,0.0,0.0,4,4,1,1,0,5,0,0,0,9.683,0.0,0,D,A/C,教师D：待幼儿体验一轮各走各的游戏后，询问幼儿的游戏体验，提示共同游戏规则的作用。,教师A：耐心讲解共同游戏的规则，再以“棋手”身份加入游戏进行示范引导。；教师C：拿走一个骰子，请幼儿商量只有一个骰子的共同游戏规则，达成一致后再开始游戏。,过程简单,首反应异常；多次调整；首末位摇摆,请教师回忆读到情境后最先注意到什么、是否很快形成判断或感到难判断；追问最理想或最不理想做法的判断为什么发生变化,0.5,0.418181,主要IIV信号：过程冲突、同题过程信息量、结果风险；可追问选项比较：教师A：耐心讲解共同游戏的规则，再以“棋手”身份加入游戏进行示范引导。；教师C：拿走一个骰子，请幼儿商量只有一个骰子的共同游戏规则，达成一致后再开始游戏。
教师20,sim_openid_020_495370,总体中等,2.6,26,Q7,7,飞行棋各走各的,大班区域游戏中，轩轩和小宇一起玩飞行棋，他们将棋子摆好后，各自拿了一个骰子开始投，小宇说：“该我走。”轩轩说：“明明该我走！”相持不下，于是两人各拿一个骰子，自顾自地走自己的棋。,耐心讲解共同游戏的规则，再以“棋手”身份加入游戏进行示范引导。,暂不介入，继续观察游戏进展，待区域小结时请幼儿分享游戏中的体验和问题。,拿走一个骰子，请幼儿商量只有一个骰子的共同游戏规则，达成一致后再开始游戏。,待幼儿体验一轮各走各的游戏后，询问幼儿的游戏体验，提示共同游戏规则的作用。,E 共同游戏组织与规则共建,B 规则平衡,ABCD,0,0,3,0,1.0,0.65,-2.6,2.6,0,0.75,0.75,0.0,0.75,0.75,0.5,38.967054,0.389671,12.968,12.354,25.322,0.532453,-0.59652,0.532453,0.266227,3,3,0,2,0,3,1,1,0,12.968,0.0,0,,B/D,,教师B：暂不介入，继续观察游戏进展，待区域小结时请幼儿分享游戏中的体验和问题。；教师D：待幼儿体验一轮各走各的游戏后，询问幼儿的游戏体验，提示共同游戏规则的作用。,过程中等,多次调整；首末位摇摆,追问最理想或最不理想做法的判断为什么发生变化,0.776623,0.718606,主要IIV信号：结果风险、过程冲突、修正信号；可追问选项比较：教师B：暂不介入，继续观察游戏进展，待区域小结时请幼儿分享游戏中的体验和问题。；教师D：待幼儿体验一轮各走各的游戏后，询问幼儿的游戏体验，提示共同游戏规则的作用。
教师20,sim_openid_020_495370,总体中等,2.6,26,Q1,1,篮球架玩水,操场上新安装了一些篮球架，幼儿经常在这里投篮。某天户外活动时，几名幼儿带着画笔和水桶来到这里，他们先是快乐地粉刷篮球架，之后开始往篮框里灌水，有的从上面灌，有的在下面接，忙的不亦乐乎，俨然这里成为了玩水的场地。,看到幼儿玩得很开心，不干预他们的玩水行为，待兴趣减弱后再讨论玩水的适宜性。,表扬幼儿的新发现，并询问在篮球架旁玩水是否合适，提议幼儿可以换个地方玩水。,参与到幼儿的“粉刷”游戏中，逐步引导幼儿到适宜玩水的地方继续开展游戏。,提醒幼儿篮球架是用于开展运动的，与其他幼儿一起召唤他们打篮球，转移他们的关注点。,B 自主游戏与规则/安全/价值平衡,A 游戏意义理解,BADC,4,1,4,1,0.75,0.4,-1.6,1.6,-3,0.75,0.75,0.0,0.75,0.75,0.5,35.354065,0.353541,14.852,10.51,25.362,0.951596,-0.963494,0.951596,0.475798,2,2,1,1,0,3,0,0,0,14.852,0.0,0,A,C/D,教师A：看到幼儿玩得很开心，不干预他们的玩水行为，待兴趣减弱后再讨论玩水的适宜性。,教师C：参与到幼儿的“粉刷”游戏中，逐步引导幼儿到适宜玩水的地方继续开展游戏。；教师D：提醒幼儿篮球架是用于开展运动的，与其他幼儿一起召唤他们打篮球，转移他们的关注点。,过程简单,首末位摇摆,追问最理想或最不理想做法的判断为什么发生变化,0.69758,0.625257,主要IIV信号：结果风险、过程冲突、修正信号；可追问选项比较：教师C：参与到幼儿的“粉刷”游戏中，逐步引导幼儿到适宜玩水的地方继续开展游戏。；教师D：提醒幼儿篮球架是用于开展运动的，与其他幼儿一起召唤他们打篮球，转移他们的关注点。
教师20,sim_openid_020_495370,总体中等,2.6,26,Q9,9,艾莎公主不运动,小班的一次户外运动，有几个女孩子从一开始就没有选择任何体育活动项目，而是聚在一起坐在地上玩“艾莎公主”的游戏，比一比谁的鞋子最漂亮，谁的魔法最厉害。,询问幼儿没有参与运动的原因，提供丰富的活动材料吸引幼儿参与运动活动。,提醒幼儿现在是运动时间，请他们等自由游戏时间再一起玩“艾莎公主”的游戏。,利用艾莎公主的鞋子设计走、跑、跳等活动，并以参与者的身份邀请幼儿一起参与运动。,肯定幼儿自主游戏的行为，言语引导幼儿穿着“漂亮的鞋子”参与运动。,D 支架策略与游戏推进,A 儿童视角/B 目标平衡,DACB,0,3,4,0,0.25,0.1,0.4,0.4,3,1.0,0.25,0.75,0.75,1.0,1.0,77.337879,0.773379,8.766,25.123,33.889,-0.677561,1.014834,1.014834,0.507417,5,5,4,1,1,6,0,0,0,8.963,0.0,0,D,A/C,教师D：肯定幼儿自主游戏的行为，言语引导幼儿穿着“漂亮的鞋子”参与运动。,教师A：询问幼儿没有参与运动的原因，提供丰富的活动材料吸引幼儿参与运动活动。；教师C：利用艾莎公主的鞋子设计走、跑、跳等活动，并以参与者的身份邀请幼儿一起参与运动。,过程复杂,首反应异常；高修正投入；多次调整；首末位摇摆；优劣方向冲突,请教师回忆读到情境后最先注意到什么、是否很快形成判断或感到难判断；追问后续主要在比较哪些做法、为什么调整；追问最理想或最不理想做法的判断为什么发生变化；追问是否曾把某做法从合适改判为不合适，或相反,0.600742,0.541911,主要IIV信号：过程冲突、选项焦点变化、同题过程信息量；可追问选项比较：教师A：询问幼儿没有参与运动的原因，提供丰富的活动材料吸引幼儿参与运动活动。；教师C：利用艾莎公主的鞋子设计走、跑、跳等活动，并以参与者的身份邀请幼儿一起参与运动。
教师20,sim_openid_020_495370,总体中等,2.6,26,Q6,6,区域停留短,小班幼儿瑶瑶在区域活动时，一会儿在娃娃家切切菜，一会儿到美工区搓搓橡皮泥，一会儿又开心地跑到其它区域游戏，在任何一个区域停留时间都不超过三分钟。,提议瑶瑶完成某项游戏任务，如在娃娃家做菜，请他活动小结时分享。,游戏前提醒区域活动规则，活动结束后表扬区域游戏规则遵守得好的小朋友。,仔细观察瑶瑶在不同区域的游戏情况，分析他发生迅速转移的原因。,以同伴的身份陪伴瑶瑶在某一区域游戏，待他专注游戏后再离开。,C 观察诊断与介入时机,A 儿童视角,BCAD,2,4,4,2,0.0,0.35,1.4,1.4,2,0.5,0.0,0.5,0.5,0.857143,1.0,87.706977,0.87707,7.718,34.867,42.585,-1.070982,1.758888,1.758888,0.879444,7,7,2,5,0,8,0,0,0,10.845,0.0,0,A,B/C,教师A：提议瑶瑶完成某项游戏任务，如在娃娃家做菜，请他活动小结时分享。,教师B：游戏前提醒区域活动规则，活动结束后表扬区域游戏规则遵守得好的小朋友。；教师C：仔细观察瑶瑶在不同区域的游戏情况，分析他发生迅速转移的原因。,过程复杂,首反应异常；高修正投入；多次调整；首末位摇摆,请教师回忆读到情境后最先注意到什么、是否很快形成判断或感到难判断；追问后续主要在比较哪些做法、为什么调整；追问最理想或最不理想做法的判断为什么发生变化,0.459373,0.487869,主要IIV信号：选项焦点变化、相对时间信号、同题过程信息量；可追问选项比较：教师B：游戏前提醒区域活动规则，活动结束后表扬区域游戏规则遵守得好的小朋友。；教师C：仔细观察瑶瑶在不同区域的游戏情况，分析他发生迅速转移的原因。
教师20,sim_openid_020_495370,总体中等,2.6,26,Q5,5,消防员救火开心,近几天，中班的幼儿十分热衷于在区域游戏时间玩“消防员救火”的游戏。游戏结束后的交流活动中，老师问幼儿最想分享什么时，阳阳说“娃娃家着火了，好开心啊！”。,抓住教育契机，向幼儿耐心解释真实的火灾会造成物品损失和人员伤亡。,询问幼儿开心的是“着火”本身，还是消防员成功救火、娃娃家的人得救？,引导幼儿思考“娃娃家着火”值不值得开心，帮助他们认识真实火灾是危险的。,请阳阳讲讲娃娃家着火后发生了什么、为什么开心，借此理解幼儿的游戏体验。,A 游戏意义理解与儿童视角,B 价值平衡,BADC,2,3,3,2,0.25,0.1,0.4,0.4,1,0.25,0.0,0.25,0.25,0.75,1.0,63.464729,0.634647,21.023,26.089,47.112,2.025279,1.100486,2.025279,1.0,4,4,1,3,0,4,1,1,1,21.023,0.0,0,A,C/D,教师A：抓住教育契机，向幼儿耐心解释真实的火灾会造成物品损失和人员伤亡。,教师C：引导幼儿思考“娃娃家着火”值不值得开心，帮助他们认识真实火灾是危险的。；教师D：请阳阳讲讲娃娃家着火后发生了什么、为什么开心，借此理解幼儿的游戏体验。,过程中等,高修正投入；多次调整；首末位摇摆；路径振荡,追问后续主要在比较哪些做法、为什么调整；追问最理想或最不理想做法的判断为什么发生变化；追问当时是否在几个判断标准之间反复权衡,0.5,0.471732,主要IIV信号：相对时间信号、选项焦点变化、过程冲突；可追问选项比较：教师C：引导幼儿思考“娃娃家着火”值不值得开心，帮助他们认识真实火灾是危险的。；教师D：请阳阳讲讲娃娃家着火后发生了什么、为什么开心，借此理解幼儿的游戏体验。
教师20,sim_openid_020_495370,总体中等,2.6,26,Q3,3,材料选择无层次,大班上学期，张老师在建构区投放了按图搭建的游戏材料，并提供了不同星级难度的任务卡供幼儿选择，但有的幼儿一上来就选择高难度的三星级任务卡，结果不能顺利完成任务；而有的幼儿始终选择低难度的一星级任务卡。这天，浩浩又连续选择了几张一星级任务卡，很快就完成了任务。,调整任务卡提供方式，在游戏开始前根据幼儿的能力水平有针对性地发放任务卡。,暂不介入，尊重幼儿的自主选择和游戏体验，只要完成任务就是一种经验积累。,调整任务卡呈现方式，如增加“我想挑战”等提示，鼓励幼儿选择不同星级的挑战。,和浩浩回顾已完成的任务，比较不同星级的难度，邀请他选择稍有挑战的任务。,D 支架策略与游戏推进,C 观察诊断,DCBA,0,4,4,0,0.0,0.35,1.4,1.4,4,1.0,0.0,1.0,1.0,1.0,0.75,62.0,0.62,9.244,14.929,24.173,-0.513506,-0.166724,0.0,0.0,3,3,2,1,1,4,0,0,0,9.244,0.0,0,A,B/C,教师A：调整任务卡提供方式，在游戏开始前根据幼儿的能力水平有针对性地发放任务卡。,教师B：暂不介入，尊重幼儿的自主选择和游戏体验，只要完成任务就是一种经验积累。；教师C：调整任务卡呈现方式，如增加“我想挑战”等提示，鼓励幼儿选择不同星级的挑战。,过程中等,首反应异常；多次调整；首末位摇摆；优劣方向冲突,请教师回忆读到情境后最先注意到什么、是否很快形成判断或感到难判断；追问最理想或最不理想做法的判断为什么发生变化；追问是否曾把某做法从合适改判为不合适，或相反,0.475,0.4585,主要IIV信号：过程冲突、修正信号、选项焦点变化；可追问选项比较：教师B：暂不介入，尊重幼儿的自主选择和游戏体验，只要完成任务就是一种经验积累。；教师C：调整任务卡呈现方式，如增加“我想挑战”等提示，鼓励幼儿选择不同星级的挑战。
教师20,sim_openid_020_495370,总体中等,2.6,26,Q2,2,未参与小组建构,大班建构活动中，睿睿和其他幼儿计划一起搭积木大桥，他们讨论了搭建方法，并进入区域开始搭建。就在其他幼儿在认真搭建时，睿睿发现了一块长条木板，他一会儿在地上推着走，一会儿当枪使，没有再参与小组的搭建。,继续观察，后续分享中支持睿睿思考如何把长条木板融入小组的建构中。,肯定睿睿的创造性玩法，询问他长条板能否当桥面，引导他参与到搭桥任务中。,引导睿睿回顾计划，建议他先完成共同任务，长条木板可以等自由游戏时再玩。,看到睿睿玩得开心，暂不介入，等下一次活动时再提醒他根据计划开展游戏。,D 支架策略与游戏推进,E 共同游戏组织,CDBA,0,4,4,0,0.0,0.35,1.4,1.4,4,1.0,0.0,1.0,1.0,1.0,0.5,38.761111,0.387611,13.033,13.989,27.022,0.547902,-0.314361,0.547902,0.273951,3,3,1,1,0,4,0,0,0,13.033,0.0,0,A,A/B,教师A：继续观察，后续分享中支持睿睿思考如何把长条木板融入小组的建构中。,教师A：继续观察，后续分享中支持睿睿思考如何把长条木板融入小组的建构中。；教师B：肯定睿睿的创造性玩法，询问他长条板能否当桥面，引导他参与到搭桥任务中。,过程简单,多次调整；首末位摇摆,追问最理想或最不理想做法的判断为什么发生变化,0.477395,0.449276,主要IIV信号：过程冲突、修正信号、选项焦点变化；可追问选项比较：教师A：继续观察，后续分享中支持睿睿思考如何把长条木板融入小组的建构中。；教师B：肯定睿睿的创造性玩法，询问他长条板能否当桥面，引导他参与到搭桥任务中。
教师20,sim_openid_020_495370,总体中等,2.6,26,Q4,4,频繁求助,中班区域活动时，小明选择了建构区。玩了一会儿，他跑到老师面前说“老师，我不会搭……帮帮我吧”，教师问他需要什么帮助时，他一边说我不会搭，一边却很快地将房子从一层积木加高到了两层。看小明专注搭建后，老师就离开建构区了。可是没一会，小明又找了老师好几次，说“老师，帮帮我吧，我不会搭”。,鼓励小明独立搭建，引导他思考接下来如何搭建，及时表扬他的努力。,先示范搭建关键部分，请小明观察方法，再鼓励他照着继续搭建。,在旁观察小明的搭建过程，并适时反馈，帮助他理清搭建步骤。,帮小明回顾已搭建完成的部分，指导他设定小目标，尝试自己实现。,C 观察诊断与介入时机,D 支架策略,ABDC,2,2,2,1,0.5,0.15,-0.6,0.6,0,0.25,0.0,0.25,0.25,0.666667,0.75,64.516667,0.645167,7.696,17.316,25.012,-1.079802,0.169995,0.169995,0.084998,3,3,2,1,0,3,1,1,1,8.296,0.0,0,C,A/B,教师C：在旁观察小明的搭建过程，并适时反馈，帮助他理清搭建步骤。,教师A：鼓励小明独立搭建，引导他思考接下来如何搭建，及时表扬他的努力。；教师B：先示范搭建关键部分，请小明观察方法，再鼓励他照着继续搭建。,过程复杂,首反应异常；多次调整；首末位摇摆；路径振荡,请教师回忆读到情境后最先注意到什么、是否很快形成判断或感到难判断；追问最理想或最不理想做法的判断为什么发生变化；追问当时是否在几个判断标准之间反复权衡,0.466833,0.425758,主要IIV信号：选项焦点变化、过程冲突、同题过程信息量；可追问选项比较：教师A：鼓励小明独立搭建，引导他思考接下来如何搭建，及时表扬他的努力。；教师B：先示范搭建关键部分，请小明观察方法，再鼓励他照着继续搭建。
教师20,sim_openid_020_495370,总体中等,2.6,26,Q10,10,引水难题未解,中班上学期，幼儿在“引水游戏”中遇到了难题——水无法被引到竹片管道上。他们不断调整竹片拼接的方式，却始终没能成功，即竹片一头高于出水管道，阻碍了引流。渐渐地幼儿的探索兴趣也减弱了，有的开始玩水，有的甚至离开了水池。,示范正确的引水方法，请幼儿注意观察并说说引水的要领，再自己试一试。,加入幼儿的探索，引导他们观察水流受阻的位置，一起尝试调整竹片的摆放方式。,组织幼儿就游戏困难进行讨论，寻找解决问题的方案，引导幼儿再次尝试。,投放更多辅助引水的材料，重新激起幼儿的探索兴趣，继续观察游戏进展。,C 观察诊断与介入时机,D 探究支架,ADCB,1,3,4,1,0.25,0.1,0.4,0.4,2,0.75,0.25,0.5,0.5,0.75,1.0,60.20969,0.602097,10.515,11.959,22.474,-0.115441,-0.670289,0.0,0.0,4,4,2,2,0,5,0,0,0,10.515,0.0,0,B,B/C,教师B：加入幼儿的探索，引导他们观察水流受阻的位置，一起尝试调整竹片的摆放方式。,教师B：加入幼儿的探索，引导他们观察水流受阻的位置，一起尝试调整竹片的摆放方式。；教师C：组织幼儿就游戏困难进行讨论，寻找解决问题的方案，引导幼儿再次尝试。,过程中等,多次调整；首末位摇摆,追问最理想或最不理想做法的判断为什么发生变化,0.45,0.407605,主要IIV信号：选项焦点变化、过程冲突、同题过程信息量；可追问选项比较：教师B：加入幼儿的探索，引导他们观察水流受阻的位置，一起尝试调整竹片的摆放方式。；教师C：组织幼儿就游戏困难进行讨论，寻找解决问题的方案，引导幼儿再次尝试。
教师20,sim_openid_020_495370,总体中等,2.6,26,Q8,8,跳绳秩序混乱,周三下午，大五班的幼儿正自发进行跳绳游戏。李老师观察后发现，挤在一起跳绳的幼儿人数较多，整个场面十分混乱，幼儿很容易出现碰撞现象。此外，由于当“柱子”的幼儿很久才能轮上跳绳，因此也显得很不耐烦。,请幼儿暂停游戏，将幼儿分成多个小组并引导他们以小组为单位分区域开展游戏。,请幼儿说一说跳绳活动中存在的问题，并邀请幼儿一起设置跳绳的规则。,提供更多数量和不同种类的跳绳，并言语引导幼儿分组分区同时进行跳绳游戏。,暂不介入，活动分享时通过照片或视频回放引导幼儿发现问题并商议解决办法。,E 共同游戏组织与规则共建,B 安全秩序,ABDC,2,2,2,2,0.5,0.15,-0.6,0.6,0,0.0,0.0,0.0,0.0,0.0,0.25,30.774242,0.307742,8.989,8.932,17.921,-0.59994,-1.332815,0.0,0.0,1,1,0,1,0,2,0,0,0,8.989,0.0,0,C,C/D,教师C：提供更多数量和不同种类的跳绳，并言语引导幼儿分组分区同时进行跳绳游戏。,教师C：提供更多数量和不同种类的跳绳，并言语引导幼儿分组分区同时进行跳绳游戏。；教师D：暂不介入，活动分享时通过照片或视频回放引导幼儿发现问题并商议解决办法。,过程简单,首反应异常,请教师回忆读到情境后最先注意到什么、是否很快形成判断或感到难判断,0.225,0.212887,主要IIV信号：结果风险、同题过程信息量、选项焦点变化；可追问选项比较：教师C：提供更多数量和不同种类的跳绳，并言语引导幼儿分组分区同时进行跳绳游戏。；教师D：暂不介入，活动分享时通过照片或视频回放引导幼儿发现问题并商议解决办法。
教师21,sim_openid_021_366613,总体中等,2.1,21,Q5,5,消防员救火开心,近几天，中班的幼儿十分热衷于在区域游戏时间玩“消防员救火”的游戏。游戏结束后的交流活动中，老师问幼儿最想分享什么时，阳阳说“娃娃家着火了，好开心啊！”。,抓住教育契机，向幼儿耐心解释真实的火灾会造成物品损失和人员伤亡。,询问幼儿开心的是“着火”本身，还是消防员成功救火、娃娃家的人得救？,引导幼儿思考“娃娃家着火”值不值得开心，帮助他们认识真实火灾是危险的。,请阳阳讲讲娃娃家着火后发生了什么、为什么开心，借此理解幼儿的游戏体验。,A 游戏意义理解与儿童视角,B 价值平衡,ABDC,2,2,4,1,0.5,0.025,-0.1,0.1,0,0.75,0.5,0.25,0.5,0.9,1.0,92.293411,0.922934,11.045,40.72,51.765,-0.993403,1.437886,1.437886,0.718943,10,10,8,5,4,8,3,3,2,11.045,0.0,0,C,C/D,教师C：引导幼儿思考“娃娃家着火”值不值得开心，帮助他们认识真实火灾是危险的。,教师C：引导幼儿思考“娃娃家着火”值不值得开心，帮助他们认识真实火灾是危险的。；教师D：请阳阳讲讲娃娃家着火后发生了什么、为什么开心，借此理解幼儿的游戏体验。,过程复杂,首反应异常；高修正投入；多次调整；首末位摇摆；优劣方向冲突；路径振荡,请教师回忆读到情境后最先注意到什么、是否很快形成判断或感到难判断；追问后续主要在比较哪些做法、为什么调整；追问最理想或最不理想做法的判断为什么发生变化；追问是否曾把某做法从合适改判为不合适，或相反；追问当时是否在几个判断标准之间反复权衡,0.651894,0.581791,主要IIV信号：选项焦点变化、同题过程信息量、过程冲突；可追问选项比较：教师C：引导幼儿思考“娃娃家着火”值不值得开心，帮助他们认识真实火灾是危险的。；教师D：请阳阳讲讲娃娃家着火后发生了什么、为什么开心，借此理解幼儿的游戏体验。
教师21,sim_openid_021_366613,总体中等,2.1,21,Q8,8,跳绳秩序混乱,周三下午，大五班的幼儿正自发进行跳绳游戏。李老师观察后发现，挤在一起跳绳的幼儿人数较多，整个场面十分混乱，幼儿很容易出现碰撞现象。此外，由于当“柱子”的幼儿很久才能轮上跳绳，因此也显得很不耐烦。,请幼儿暂停游戏，将幼儿分成多个小组并引导他们以小组为单位分区域开展游戏。,请幼儿说一说跳绳活动中存在的问题，并邀请幼儿一起设置跳绳的规则。,提供更多数量和不同种类的跳绳，并言语引导幼儿分组分区同时进行跳绳游戏。,暂不介入，活动分享时通过照片或视频回放引导幼儿发现问题并商议解决办法。,E 共同游戏组织与规则共建,B 安全秩序,CABD,2,1,2,0,0.75,0.275,-1.1,1.1,-1,0.5,0.25,0.25,0.25,0.75,0.75,74.143939,0.741439,29.126,23.169,52.295,0.983694,-0.232055,0.983694,0.491847,4,4,1,2,0,4,1,1,1,29.126,0.0,0,C,B/D,教师C：提供更多数量和不同种类的跳绳，并言语引导幼儿分组分区同时进行跳绳游戏。,教师B：请幼儿说一说跳绳活动中存在的问题，并邀请幼儿一起设置跳绳的规则。；教师D：暂不介入，活动分享时通过照片或视频回放引导幼儿发现问题并商议解决办法。,过程复杂,首反应异常；多次调整；首末位摇摆；路径振荡,请教师回忆读到情境后最先注意到什么、是否很快形成判断或感到难判断；追问最理想或最不理想做法的判断为什么发生变化；追问当时是否在几个判断标准之间反复权衡,0.624185,0.577507,主要IIV信号：结果风险、过程冲突、选项焦点变化；可追问选项比较：教师B：请幼儿说一说跳绳活动中存在的问题，并邀请幼儿一起设置跳绳的规则。；教师D：暂不介入，活动分享时通过照片或视频回放引导幼儿发现问题并商议解决办法。
教师21,sim_openid_021_366613,总体中等,2.1,21,Q2,2,未参与小组建构,大班建构活动中，睿睿和其他幼儿计划一起搭积木大桥，他们讨论了搭建方法，并进入区域开始搭建。就在其他幼儿在认真搭建时，睿睿发现了一块长条木板，他一会儿在地上推着走，一会儿当枪使，没有再参与小组的搭建。,继续观察，后续分享中支持睿睿思考如何把长条木板融入小组的建构中。,肯定睿睿的创造性玩法，询问他长条板能否当桥面，引导他参与到搭桥任务中。,引导睿睿回顾计划，建议他先完成共同任务，长条木板可以等自由游戏时再玩。,看到睿睿玩得开心，暂不介入，等下一次活动时再提醒他根据计划开展游戏。,D 支架策略与游戏推进,E 共同游戏组织,BCDA,0,3,4,0,0.25,0.225,0.9,0.9,3,1.0,0.25,0.75,0.75,1.0,1.0,77.65,0.7765,29.321,24.696,54.017,0.9973,-0.043041,0.9973,0.49865,6,6,1,6,1,7,0,0,0,29.321,0.0,0,A,C/D,教师A：继续观察，后续分享中支持睿睿思考如何把长条木板融入小组的建构中。,教师C：引导睿睿回顾计划，建议他先完成共同任务，长条木板可以等自由游戏时再玩。；教师D：看到睿睿玩得开心，暂不介入，等下一次活动时再提醒他根据计划开展游戏。,过程复杂,首反应异常；高修正投入；多次调整；首末位摇摆；优劣方向冲突,请教师回忆读到情境后最先注意到什么、是否很快形成判断或感到难判断；追问后续主要在比较哪些做法、为什么调整；追问最理想或最不理想做法的判断为什么发生变化；追问是否曾把某做法从合适改判为不合适，或相反,0.599865,0.55994,主要IIV信号：过程冲突、选项焦点变化、同题过程信息量；可追问选项比较：教师C：引导睿睿回顾计划，建议他先完成共同任务，长条木板可以等自由游戏时再玩。；教师D：看到睿睿玩得开心，暂不介入，等下一次活动时再提醒他根据计划开展游戏。
教师21,sim_openid_021_366613,总体中等,2.1,21,Q10,10,引水难题未解,中班上学期，幼儿在“引水游戏”中遇到了难题——水无法被引到竹片管道上。他们不断调整竹片拼接的方式，却始终没能成功，即竹片一头高于出水管道，阻碍了引流。渐渐地幼儿的探索兴趣也减弱了，有的开始玩水，有的甚至离开了水池。,示范正确的引水方法，请幼儿注意观察并说说引水的要领，再自己试一试。,加入幼儿的探索，引导他们观察水流受阻的位置，一起尝试调整竹片的摆放方式。,组织幼儿就游戏困难进行讨论，寻找解决问题的方案，引导幼儿再次尝试。,投放更多辅助引水的材料，重新激起幼儿的探索兴趣，继续观察游戏进展。,C 观察诊断与介入时机,D 探究支架,DCBA,1,2,4,1,0.5,0.025,-0.1,0.1,1,0.75,0.5,0.25,0.5,0.8,1.0,85.775969,0.85776,28.895,30.2,59.095,0.967458,0.552793,0.967458,0.483729,5,5,1,5,1,5,1,1,1,28.895,0.0,0,A,B/C,教师A：示范正确的引水方法，请幼儿注意观察并说说引水的要领，再自己试一试。,教师B：加入幼儿的探索，引导他们观察水流受阻的位置，一起尝试调整竹片的摆放方式。；教师C：组织幼儿就游戏困难进行讨论，寻找解决问题的方案，引导幼儿再次尝试。,过程复杂,首反应异常；高修正投入；多次调整；首末位摇摆；优劣方向冲突；路径振荡,请教师回忆读到情境后最先注意到什么、是否很快形成判断或感到难判断；追问后续主要在比较哪些做法、为什么调整；追问最理想或最不理想做法的判断为什么发生变化；追问是否曾把某做法从合适改判为不合适，或相反；追问当时是否在几个判断标准之间反复权衡,0.608373,0.540011,主要IIV信号：选项焦点变化、同题过程信息量、过程冲突；可追问选项比较：教师B：加入幼儿的探索，引导他们观察水流受阻的位置，一起尝试调整竹片的摆放方式。；教师C：组织幼儿就游戏困难进行讨论，寻找解决问题的方案，引导幼儿再次尝试。
教师21,sim_openid_021_366613,总体中等,2.1,21,Q7,7,飞行棋各走各的,大班区域游戏中，轩轩和小宇一起玩飞行棋，他们将棋子摆好后，各自拿了一个骰子开始投，小宇说：“该我走。”轩轩说：“明明该我走！”相持不下，于是两人各拿一个骰子，自顾自地走自己的棋。,耐心讲解共同游戏的规则，再以“棋手”身份加入游戏进行示范引导。,暂不介入，继续观察游戏进展，待区域小结时请幼儿分享游戏中的体验和问题。,拿走一个骰子，请幼儿商量只有一个骰子的共同游戏规则，达成一致后再开始游戏。,待幼儿体验一轮各走各的游戏后，询问幼儿的游戏体验，提示共同游戏规则的作用。,E 共同游戏组织与规则共建,B 规则平衡,BDCA,0,1,2,0,0.75,0.275,-1.1,1.1,1,0.5,0.25,0.25,0.25,0.8,0.5,71.384884,0.713849,7.48,26.174,33.654,-1.788083,0.129091,0.129091,0.064546,5,5,1,1,0,4,2,2,2,7.627,0.0,0,A,C/D,教师A：耐心讲解共同游戏的规则，再以“棋手”身份加入游戏进行示范引导。,教师C：拿走一个骰子，请幼儿商量只有一个骰子的共同游戏规则，达成一致后再开始游戏。；教师D：待幼儿体验一轮各走各的游戏后，询问幼儿的游戏体验，提示共同游戏规则的作用。,过程复杂,首反应异常；高修正投入；多次调整；首末位摇摆；路径振荡,请教师回忆读到情境后最先注意到什么、是否很快形成判断或感到难判断；追问后续主要在比较哪些做法、为什么调整；追问最理想或最不理想做法的判断为什么发生变化；追问当时是否在几个判断标准之间反复权衡,0.566455,0.515897,主要IIV信号：过程冲突、结果风险、同题过程信息量；可追问选项比较：教师C：拿走一个骰子，请幼儿商量只有一个骰子的共同游戏规则，达成一致后再开始游戏。；教师D：待幼儿体验一轮各走各的游戏后，询问幼儿的游戏体验，提示共同游戏规则的作用。
教师21,sim_openid_021_366613,总体中等,2.1,21,Q3,3,材料选择无层次,大班上学期，张老师在建构区投放了按图搭建的游戏材料，并提供了不同星级难度的任务卡供幼儿选择，但有的幼儿一上来就选择高难度的三星级任务卡，结果不能顺利完成任务；而有的幼儿始终选择低难度的一星级任务卡。这天，浩浩又连续选择了几张一星级任务卡，很快就完成了任务。,调整任务卡提供方式，在游戏开始前根据幼儿的能力水平有针对性地发放任务卡。,暂不介入，尊重幼儿的自主选择和游戏体验，只要完成任务就是一种经验积累。,调整任务卡呈现方式，如增加“我想挑战”等提示，鼓励幼儿选择不同星级的挑战。,和浩浩回顾已完成的任务，比较不同星级的难度，邀请他选择稍有挑战的任务。,D 支架策略与游戏推进,C 观察诊断,DACB,0,2,2,0,0.5,0.025,-0.1,0.1,2,0.5,0.0,0.5,0.5,0.857143,1.0,74.277778,0.742778,11.532,28.932,40.464,-0.905426,0.425768,0.425768,0.212884,7,7,3,1,0,4,4,4,2,11.532,0.0,0,D,C/D,教师D：和浩浩回顾已完成的任务，比较不同星级的难度，邀请他选择稍有挑战的任务。,教师C：调整任务卡呈现方式，如增加“我想挑战”等提示，鼓励幼儿选择不同星级的挑战。；教师D：和浩浩回顾已完成的任务，比较不同星级的难度，邀请他选择稍有挑战的任务。,过程复杂,高修正投入；多次调整；首末位摇摆；路径振荡,追问后续主要在比较哪些做法、为什么调整；追问最理想或最不理想做法的判断为什么发生变化；追问当时是否在几个判断标准之间反复权衡,0.592717,0.515749,主要IIV信号：选项焦点变化、过程冲突、同题过程信息量；可追问选项比较：教师C：调整任务卡呈现方式，如增加“我想挑战”等提示，鼓励幼儿选择不同星级的挑战。；教师D：和浩浩回顾已完成的任务，比较不同星级的难度，邀请他选择稍有挑战的任务。
教师21,sim_openid_021_366613,总体中等,2.1,21,Q4,4,频繁求助,中班区域活动时，小明选择了建构区。玩了一会儿，他跑到老师面前说“老师，我不会搭……帮帮我吧”，教师问他需要什么帮助时，他一边说我不会搭，一边却很快地将房子从一层积木加高到了两层。看小明专注搭建后，老师就离开建构区了。可是没一会，小明又找了老师好几次，说“老师，帮帮我吧，我不会搭”。,鼓励小明独立搭建，引导他思考接下来如何搭建，及时表扬他的努力。,先示范搭建关键部分，请小明观察方法，再鼓励他照着继续搭建。,在旁观察小明的搭建过程，并适时反馈，帮助他理清搭建步骤。,帮小明回顾已搭建完成的部分，指导他设定小目标，尝试自己实现。,C 观察诊断与介入时机,D 支架策略,ABCD,2,2,3,1,0.5,0.025,-0.1,0.1,0,0.5,0.25,0.25,0.25,0.8,1.0,80.9,0.809,26.593,21.713,48.306,0.798182,-0.424261,0.798182,0.399091,5,5,4,2,2,4,2,2,1,26.593,0.0,0,,B/C,,教师B：先示范搭建关键部分，请小明观察方法，再鼓励他照着继续搭建。；教师C：在旁观察小明的搭建过程，并适时反馈，帮助他理清搭建步骤。,过程复杂,首反应异常；高修正投入；多次调整；首末位摇摆；优劣方向冲突；路径振荡,请教师回忆读到情境后最先注意到什么、是否很快形成判断或感到难判断；追问后续主要在比较哪些做法、为什么调整；追问最理想或最不理想做法的判断为什么发生变化；追问是否曾把某做法从合适改判为不合适，或相反；追问当时是否在几个判断标准之间反复权衡,0.549909,0.491609,主要IIV信号：选项焦点变化、同题过程信息量、过程冲突；可追问选项比较：教师B：先示范搭建关键部分，请小明观察方法，再鼓励他照着继续搭建。；教师C：在旁观察小明的搭建过程，并适时反馈，帮助他理清搭建步骤。
教师21,sim_openid_021_366613,总体中等,2.1,21,Q6,6,区域停留短,小班幼儿瑶瑶在区域活动时，一会儿在娃娃家切切菜，一会儿到美工区搓搓橡皮泥，一会儿又开心地跑到其它区域游戏，在任何一个区域停留时间都不超过三分钟。,提议瑶瑶完成某项游戏任务，如在娃娃家做菜，请他活动小结时分享。,游戏前提醒区域活动规则，活动结束后表扬区域游戏规则遵守得好的小朋友。,仔细观察瑶瑶在不同区域的游戏情况，分析他发生迅速转移的原因。,以同伴的身份陪伴瑶瑶在某一区域游戏，待他专注游戏后再离开。,C 观察诊断与介入时机,A 儿童视角,DABC,2,3,4,1,0.25,0.225,0.9,0.9,1,0.75,0.25,0.5,0.5,0.833333,1.0,70.888372,0.708884,14.818,27.502,42.32,-0.394221,0.275657,0.275657,0.137828,6,6,3,4,1,7,0,0,0,14.818,0.0,0,D,B/C,教师D：以同伴的身份陪伴瑶瑶在某一区域游戏，待他专注游戏后再离开。,教师B：游戏前提醒区域活动规则，活动结束后表扬区域游戏规则遵守得好的小朋友。；教师C：仔细观察瑶瑶在不同区域的游戏情况，分析他发生迅速转移的原因。,过程复杂,高修正投入；多次调整；首末位摇摆；优劣方向冲突,追问后续主要在比较哪些做法、为什么调整；追问最理想或最不理想做法的判断为什么发生变化；追问是否曾把某做法从合适改判为不合适，或相反,0.48045,0.457977,主要IIV信号：选项焦点变化、过程冲突、同题过程信息量；可追问选项比较：教师B：游戏前提醒区域活动规则，活动结束后表扬区域游戏规则遵守得好的小朋友。；教师C：仔细观察瑶瑶在不同区域的游戏情况，分析他发生迅速转移的原因。
教师21,sim_openid_021_366613,总体中等,2.1,21,Q1,1,篮球架玩水,操场上新安装了一些篮球架，幼儿经常在这里投篮。某天户外活动时，几名幼儿带着画笔和水桶来到这里，他们先是快乐地粉刷篮球架，之后开始往篮框里灌水，有的从上面灌，有的在下面接，忙的不亦乐乎，俨然这里成为了玩水的场地。,看到幼儿玩得很开心，不干预他们的玩水行为，待兴趣减弱后再讨论玩水的适宜性。,表扬幼儿的新发现，并询问在篮球架旁玩水是否合适，提议幼儿可以换个地方玩水。,参与到幼儿的“粉刷”游戏中，逐步引导幼儿到适宜玩水的地方继续开展游戏。,提醒幼儿篮球架是用于开展运动的，与其他幼儿一起召唤他们打篮球，转移他们的关注点。,B 自主游戏与规则/安全/价值平衡,A 游戏意义理解,ABDC,4,3,4,1,0.25,0.225,0.9,0.9,-1,0.75,0.25,0.5,0.5,0.8,0.75,56.84065,0.568407,23.206,28.006,51.212,0.520398,0.329436,0.520398,0.260199,5,5,0,3,0,3,3,3,0,23.206,0.0,0,C,B/D,教师C：参与到幼儿的“粉刷”游戏中，逐步引导幼儿到适宜玩水的地方继续开展游戏。,教师B：表扬幼儿的新发现，并询问在篮球架旁玩水是否合适，提议幼儿可以换个地方玩水。；教师D：提醒幼儿篮球架是用于开展运动的，与其他幼儿一起召唤他们打篮球，转移他们的关注点。,过程简单,高修正投入；多次调整；首末位摇摆；路径振荡,追问后续主要在比较哪些做法、为什么调整；追问最理想或最不理想做法的判断为什么发生变化；追问当时是否在几个判断标准之间反复权衡,0.46102,0.43319,主要IIV信号：过程冲突、选项焦点变化、同题过程信息量；可追问选项比较：教师B：表扬幼儿的新发现，并询问在篮球架旁玩水是否合适，提议幼儿可以换个地方玩水。；教师D：提醒幼儿篮球架是用于开展运动的，与其他幼儿一起召唤他们打篮球，转移他们的关注点。
教师21,sim_openid_021_366613,总体中等,2.1,21,Q9,9,艾莎公主不运动,小班的一次户外运动，有几个女孩子从一开始就没有选择任何体育活动项目，而是聚在一起坐在地上玩“艾莎公主”的游戏，比一比谁的鞋子最漂亮，谁的魔法最厉害。,询问幼儿没有参与运动的原因，提供丰富的活动材料吸引幼儿参与运动活动。,提醒幼儿现在是运动时间，请他们等自由游戏时间再一起玩“艾莎公主”的游戏。,利用艾莎公主的鞋子设计走、跑、跳等活动，并以参与者的身份邀请幼儿一起参与运动。,肯定幼儿自主游戏的行为，言语引导幼儿穿着“漂亮的鞋子”参与运动。,D 支架策略与游戏推进,A 儿童视角/B 目标平衡,CABD,0,2,2,0,0.5,0.025,-0.1,0.1,2,0.5,0.0,0.5,0.5,0.5,0.25,20.643939,0.206439,16.412,10.951,27.363,-0.185899,-2.451275,0.0,0.0,2,2,1,0,0,3,0,0,0,16.412,0.0,0,C,B/C,教师C：利用艾莎公主的鞋子设计走、跑、跳等活动，并以参与者的身份邀请幼儿一起参与运动。,教师B：提醒幼儿现在是运动时间，请他们等自由游戏时间再一起玩“艾莎公主”的游戏。；教师C：利用艾莎公主的鞋子设计走、跑、跳等活动，并以参与者的身份邀请幼儿一起参与运动。,过程简单,过程相对平稳,追问教师当时主要依据什么形成排序,0.425,0.339072,主要IIV信号：结果风险、过程冲突、修正信号；可追问选项比较：教师B：提醒幼儿现在是运动时间，请他们等自由游戏时间再一起玩“艾莎公主”的游戏。；教师C：利用艾莎公主的鞋子设计走、跑、跳等活动，并以参与者的身份邀请幼儿一起参与运动。
教师22,sim_openid_022_632137,总体中等,2.5,25,Q3,3,材料选择无层次,大班上学期，张老师在建构区投放了按图搭建的游戏材料，并提供了不同星级难度的任务卡供幼儿选择，但有的幼儿一上来就选择高难度的三星级任务卡，结果不能顺利完成任务；而有的幼儿始终选择低难度的一星级任务卡。这天，浩浩又连续选择了几张一星级任务卡，很快就完成了任务。,调整任务卡提供方式，在游戏开始前根据幼儿的能力水平有针对性地发放任务卡。,暂不介入，尊重幼儿的自主选择和游戏体验，只要完成任务就是一种经验积累。,调整任务卡呈现方式，如增加“我想挑战”等提示，鼓励幼儿选择不同星级的挑战。,和浩浩回顾已完成的任务，比较不同星级的难度，邀请他选择稍有挑战的任务。,D 支架策略与游戏推进,C 观察诊断,ABDC,0,0,3,0,1.0,0.625,-2.5,2.5,0,0.75,0.75,0.0,0.75,0.8,0.75,69.033333,0.690333,26.161,15.537,41.698,1.108787,-0.146291,1.108787,0.554394,5,5,2,1,0,4,2,2,2,26.161,0.0,0,C,B/D,教师C：调整任务卡呈现方式，如增加“我想挑战”等提示，鼓励幼儿选择不同星级的挑战。,教师B：暂不介入，尊重幼儿的自主选择和游戏体验，只要完成任务就是一种经验积累。；教师D：和浩浩回顾已完成的任务，比较不同星级的难度，邀请他选择稍有挑战的任务。,过程复杂,首反应异常；多次调整；首末位摇摆；路径振荡,请教师回忆读到情境后最先注意到什么、是否很快形成判断或感到难判断；追问最理想或最不理想做法的判断为什么发生变化；追问当时是否在几个判断标准之间反复权衡,0.840439,0.791206,主要IIV信号：结果风险、过程冲突、修正信号；可追问选项比较：教师B：暂不介入，尊重幼儿的自主选择和游戏体验，只要完成任务就是一种经验积累。；教师D：和浩浩回顾已完成的任务，比较不同星级的难度，邀请他选择稍有挑战的任务。
教师22,sim_openid_022_632137,总体中等,2.5,25,Q10,10,引水难题未解,中班上学期，幼儿在“引水游戏”中遇到了难题——水无法被引到竹片管道上。他们不断调整竹片拼接的方式，却始终没能成功，即竹片一头高于出水管道，阻碍了引流。渐渐地幼儿的探索兴趣也减弱了，有的开始玩水，有的甚至离开了水池。,示范正确的引水方法，请幼儿注意观察并说说引水的要领，再自己试一试。,加入幼儿的探索，引导他们观察水流受阻的位置，一起尝试调整竹片的摆放方式。,组织幼儿就游戏困难进行讨论，寻找解决问题的方案，引导幼儿再次尝试。,投放更多辅助引水的材料，重新激起幼儿的探索兴趣，继续观察游戏进展。,C 观察诊断与介入时机,D 探究支架,CBAD,1,1,1,0,0.75,0.375,-1.5,1.5,0,0.25,0.0,0.25,0.25,0.833333,1.0,75.767442,0.757674,13.437,26.988,40.425,-0.117865,1.186543,1.186543,0.593271,6,6,4,2,0,4,3,3,3,13.437,0.0,0,A,B/C,教师A：示范正确的引水方法，请幼儿注意观察并说说引水的要领，再自己试一试。,教师B：加入幼儿的探索，引导他们观察水流受阻的位置，一起尝试调整竹片的摆放方式。；教师C：组织幼儿就游戏困难进行讨论，寻找解决问题的方案，引导幼儿再次尝试。,过程复杂,高修正投入；多次调整；首末位摇摆；路径振荡,追问后续主要在比较哪些做法、为什么调整；追问最理想或最不理想做法的判断为什么发生变化；追问当时是否在几个判断标准之间反复权衡,0.675994,0.640961,主要IIV信号：选项焦点变化、过程冲突、同题过程信息量；可追问选项比较：教师B：加入幼儿的探索，引导他们观察水流受阻的位置，一起尝试调整竹片的摆放方式。；教师C：组织幼儿就游戏困难进行讨论，寻找解决问题的方案，引导幼儿再次尝试。
教师22,sim_openid_022_632137,总体中等,2.5,25,Q9,9,艾莎公主不运动,小班的一次户外运动，有几个女孩子从一开始就没有选择任何体育活动项目，而是聚在一起坐在地上玩“艾莎公主”的游戏，比一比谁的鞋子最漂亮，谁的魔法最厉害。,询问幼儿没有参与运动的原因，提供丰富的活动材料吸引幼儿参与运动活动。,提醒幼儿现在是运动时间，请他们等自由游戏时间再一起玩“艾莎公主”的游戏。,利用艾莎公主的鞋子设计走、跑、跳等活动，并以参与者的身份邀请幼儿一起参与运动。,肯定幼儿自主游戏的行为，言语引导幼儿穿着“漂亮的鞋子”参与运动。,D 支架策略与游戏推进,A 儿童视角/B 目标平衡,CABD,0,2,4,0,0.5,0.125,-0.5,0.5,2,1.0,0.5,0.5,0.5,1.0,1.0,87.127273,0.871273,10.226,37.634,47.86,-0.620632,1.989175,1.989175,0.994588,8,9,3,6,1,9,1,1,0,10.226,0.0,0,C,A/B,教师C：利用艾莎公主的鞋子设计走、跑、跳等活动，并以参与者的身份邀请幼儿一起参与运动。,教师A：询问幼儿没有参与运动的原因，提供丰富的活动材料吸引幼儿参与运动活动。；教师B：提醒幼儿现在是运动时间，请他们等自由游戏时间再一起玩“艾莎公主”的游戏。,过程复杂,首反应异常；高修正投入；多次调整；首末位摇摆；优劣方向冲突；路径振荡,请教师回忆读到情境后最先注意到什么、是否很快形成判断或感到难判断；追问后续主要在比较哪些做法、为什么调整；追问最理想或最不理想做法的判断为什么发生变化；追问是否曾把某做法从合适改判为不合适，或相反；追问当时是否在几个判断标准之间反复权衡,0.699459,0.636772,主要IIV信号：过程冲突、选项焦点变化、相对时间信号；可追问选项比较：教师A：询问幼儿没有参与运动的原因，提供丰富的活动材料吸引幼儿参与运动活动。；教师B：提醒幼儿现在是运动时间，请他们等自由游戏时间再一起玩“艾莎公主”的游戏。
教师22,sim_openid_022_632137,总体中等,2.5,25,Q1,1,篮球架玩水,操场上新安装了一些篮球架，幼儿经常在这里投篮。某天户外活动时，几名幼儿带着画笔和水桶来到这里，他们先是快乐地粉刷篮球架，之后开始往篮框里灌水，有的从上面灌，有的在下面接，忙的不亦乐乎，俨然这里成为了玩水的场地。,看到幼儿玩得很开心，不干预他们的玩水行为，待兴趣减弱后再讨论玩水的适宜性。,表扬幼儿的新发现，并询问在篮球架旁玩水是否合适，提议幼儿可以换个地方玩水。,参与到幼儿的“粉刷”游戏中，逐步引导幼儿到适宜玩水的地方继续开展游戏。,提醒幼儿篮球架是用于开展运动的，与其他幼儿一起召唤他们打篮球，转移他们的关注点。,B 自主游戏与规则/安全/价值平衡,A 游戏意义理解,CDAB,4,2,4,2,0.5,0.125,-0.5,0.5,-2,0.5,0.5,0.0,0.5,0.75,0.75,53.037805,0.530378,22.645,16.617,39.262,0.843059,0.015922,0.843059,0.421529,4,4,2,1,0,5,0,0,0,22.645,0.0,0,A,A/B,教师A：看到幼儿玩得很开心，不干预他们的玩水行为，待兴趣减弱后再讨论玩水的适宜性。,教师A：看到幼儿玩得很开心，不干预他们的玩水行为，待兴趣减弱后再讨论玩水的适宜性。；教师B：表扬幼儿的新发现，并询问在篮球架旁玩水是否合适，提议幼儿可以换个地方玩水。,过程中等,多次调整；首末位摇摆,追问最理想或最不理想做法的判断为什么发生变化,0.567153,0.499922,主要IIV信号：过程冲突、选项焦点变化、同题过程信息量；可追问选项比较：教师A：看到幼儿玩得很开心，不干预他们的玩水行为，待兴趣减弱后再讨论玩水的适宜性。；教师B：表扬幼儿的新发现，并询问在篮球架旁玩水是否合适，提议幼儿可以换个地方玩水。
教师22,sim_openid_022_632137,总体中等,2.5,25,Q2,2,未参与小组建构,大班建构活动中，睿睿和其他幼儿计划一起搭积木大桥，他们讨论了搭建方法，并进入区域开始搭建。就在其他幼儿在认真搭建时，睿睿发现了一块长条木板，他一会儿在地上推着走，一会儿当枪使，没有再参与小组的搭建。,继续观察，后续分享中支持睿睿思考如何把长条木板融入小组的建构中。,肯定睿睿的创造性玩法，询问他长条板能否当桥面，引导他参与到搭桥任务中。,引导睿睿回顾计划，建议他先完成共同任务，长条木板可以等自由游戏时再玩。,看到睿睿玩得开心，暂不介入，等下一次活动时再提醒他根据计划开展游戏。,D 支架策略与游戏推进,E 共同游戏组织,DBAC,0,3,4,0,0.25,0.125,0.5,0.5,3,1.0,0.25,0.75,0.75,1.0,0.75,61.516667,0.615167,6.097,13.715,19.812,-1.572736,-0.447377,0.0,0.0,4,4,2,1,0,5,0,0,0,6.097,0.0,0,D,A/C,教师D：看到睿睿玩得开心，暂不介入，等下一次活动时再提醒他根据计划开展游戏。,教师A：继续观察，后续分享中支持睿睿思考如何把长条木板融入小组的建构中。；教师C：引导睿睿回顾计划，建议他先完成共同任务，长条木板可以等自由游戏时再玩。,过程中等,首反应异常；多次调整；首末位摇摆,请教师回忆读到情境后最先注意到什么、是否很快形成判断或感到难判断；追问最理想或最不理想做法的判断为什么发生变化,0.525,0.462008,主要IIV信号：过程冲突、修正信号、选项焦点变化；可追问选项比较：教师A：继续观察，后续分享中支持睿睿思考如何把长条木板融入小组的建构中。；教师C：引导睿睿回顾计划，建议他先完成共同任务，长条木板可以等自由游戏时再玩。
教师22,sim_openid_022_632137,总体中等,2.5,25,Q7,7,飞行棋各走各的,大班区域游戏中，轩轩和小宇一起玩飞行棋，他们将棋子摆好后，各自拿了一个骰子开始投，小宇说：“该我走。”轩轩说：“明明该我走！”相持不下，于是两人各拿一个骰子，自顾自地走自己的棋。,耐心讲解共同游戏的规则，再以“棋手”身份加入游戏进行示范引导。,暂不介入，继续观察游戏进展，待区域小结时请幼儿分享游戏中的体验和问题。,拿走一个骰子，请幼儿商量只有一个骰子的共同游戏规则，达成一致后再开始游戏。,待幼儿体验一轮各走各的游戏后，询问幼儿的游戏体验，提示共同游戏规则的作用。,E 共同游戏组织与规则共建,B 规则平衡,ABDC,0,3,3,0,0.25,0.125,0.5,0.5,3,0.75,0.0,0.75,0.75,0.75,0.75,42.691473,0.426915,23.239,10.165,33.404,0.89073,-1.170411,0.89073,0.445365,3,3,0,3,0,3,1,1,1,23.239,0.0,0,C,C/D,教师C：拿走一个骰子，请幼儿商量只有一个骰子的共同游戏规则，达成一致后再开始游戏。,教师C：拿走一个骰子，请幼儿商量只有一个骰子的共同游戏规则，达成一致后再开始游戏。；教师D：待幼儿体验一轮各走各的游戏后，询问幼儿的游戏体验，提示共同游戏规则的作用。,过程简单,多次调整；首末位摇摆；路径振荡,追问最理想或最不理想做法的判断为什么发生变化；追问当时是否在几个判断标准之间反复权衡,0.519537,0.459632,主要IIV信号：过程冲突、修正信号、选项焦点变化；可追问选项比较：教师C：拿走一个骰子，请幼儿商量只有一个骰子的共同游戏规则，达成一致后再开始游戏。；教师D：待幼儿体验一轮各走各的游戏后，询问幼儿的游戏体验，提示共同游戏规则的作用。
教师22,sim_openid_022_632137,总体中等,2.5,25,Q4,4,频繁求助,中班区域活动时，小明选择了建构区。玩了一会儿，他跑到老师面前说“老师，我不会搭……帮帮我吧”，教师问他需要什么帮助时，他一边说我不会搭，一边却很快地将房子从一层积木加高到了两层。看小明专注搭建后，老师就离开建构区了。可是没一会，小明又找了老师好几次，说“老师，帮帮我吧，我不会搭”。,鼓励小明独立搭建，引导他思考接下来如何搭建，及时表扬他的努力。,先示范搭建关键部分，请小明观察方法，再鼓励他照着继续搭建。,在旁观察小明的搭建过程，并适时反馈，帮助他理清搭建步骤。,帮小明回顾已搭建完成的部分，指导他设定小目标，尝试自己实现。,C 观察诊断与介入时机,D 支架策略,ACDB,2,4,4,2,0.0,0.375,1.5,1.5,2,0.5,0.0,0.5,0.5,0.666667,0.75,52.216667,0.522167,21.341,16.373,37.714,0.733865,-0.019784,0.733865,0.366932,3,3,2,1,0,3,1,1,1,21.341,0.0,0,B,A/C,教师B：先示范搭建关键部分，请小明观察方法，再鼓励他照着继续搭建。,教师A：鼓励小明独立搭建，引导他思考接下来如何搭建，及时表扬他的努力。；教师C：在旁观察小明的搭建过程，并适时反馈，帮助他理清搭建步骤。,过程中等,多次调整；首末位摇摆；路径振荡,追问最理想或最不理想做法的判断为什么发生变化；追问当时是否在几个判断标准之间反复权衡,0.345027,0.369052,主要IIV信号：选项焦点变化、过程冲突、同题过程信息量；可追问选项比较：教师A：鼓励小明独立搭建，引导他思考接下来如何搭建，及时表扬他的努力。；教师C：在旁观察小明的搭建过程，并适时反馈，帮助他理清搭建步骤。
教师22,sim_openid_022_632137,总体中等,2.5,25,Q6,6,区域停留短,小班幼儿瑶瑶在区域活动时，一会儿在娃娃家切切菜，一会儿到美工区搓搓橡皮泥，一会儿又开心地跑到其它区域游戏，在任何一个区域停留时间都不超过三分钟。,提议瑶瑶完成某项游戏任务，如在娃娃家做菜，请他活动小结时分享。,游戏前提醒区域活动规则，活动结束后表扬区域游戏规则遵守得好的小朋友。,仔细观察瑶瑶在不同区域的游戏情况，分析他发生迅速转移的原因。,以同伴的身份陪伴瑶瑶在某一区域游戏，待他专注游戏后再离开。,C 观察诊断与介入时机,A 儿童视角,BCAD,2,4,4,1,0.0,0.375,1.5,1.5,2,0.75,0.0,0.75,0.75,0.75,0.5,34.377519,0.343775,15.073,13.187,28.26,0.093665,-0.54214,0.093665,0.046833,3,3,2,0,0,4,0,0,0,15.073,0.0,0,A,B/C,教师A：提议瑶瑶完成某项游戏任务，如在娃娃家做菜，请他活动小结时分享。,教师B：游戏前提醒区域活动规则，活动结束后表扬区域游戏规则遵守得好的小朋友。；教师C：仔细观察瑶瑶在不同区域的游戏情况，分析他发生迅速转移的原因。,过程简单,多次调整；首末位摇摆,追问最理想或最不理想做法的判断为什么发生变化,0.354683,0.353122,主要IIV信号：过程冲突、修正信号、选项焦点变化；可追问选项比较：教师B：游戏前提醒区域活动规则，活动结束后表扬区域游戏规则遵守得好的小朋友。；教师C：仔细观察瑶瑶在不同区域的游戏情况，分析他发生迅速转移的原因。
教师22,sim_openid_022_632137,总体中等,2.5,25,Q8,8,跳绳秩序混乱,周三下午，大五班的幼儿正自发进行跳绳游戏。李老师观察后发现，挤在一起跳绳的幼儿人数较多，整个场面十分混乱，幼儿很容易出现碰撞现象。此外，由于当“柱子”的幼儿很久才能轮上跳绳，因此也显得很不耐烦。,请幼儿暂停游戏，将幼儿分成多个小组并引导他们以小组为单位分区域开展游戏。,请幼儿说一说跳绳活动中存在的问题，并邀请幼儿一起设置跳绳的规则。,提供更多数量和不同种类的跳绳，并言语引导幼儿分组分区同时进行跳绳游戏。,暂不介入，活动分享时通过照片或视频回放引导幼儿发现问题并商议解决办法。,E 共同游戏组织与规则共建,B 安全秩序,BDAC,2,4,4,2,0.0,0.375,1.5,1.5,2,0.5,0.0,0.5,0.5,0.666667,0.5,54.440909,0.544409,6.848,11.533,18.381,-1.358873,-0.865637,0.0,0.0,3,3,1,1,0,4,0,0,0,6.848,0.0,0,A,B/D,教师A：请幼儿暂停游戏，将幼儿分成多个小组并引导他们以小组为单位分区域开展游戏。,教师B：请幼儿说一说跳绳活动中存在的问题，并邀请幼儿一起设置跳绳的规则。；教师D：暂不介入，活动分享时通过照片或视频回放引导幼儿发现问题并商议解决办法。,过程中等,首反应异常；多次调整；首末位摇摆,请教师回忆读到情境后最先注意到什么、是否很快形成判断或感到难判断；追问最理想或最不理想做法的判断为什么发生变化,0.283333,0.30847,主要IIV信号：过程冲突、同题过程信息量、修正信号；可追问选项比较：教师B：请幼儿说一说跳绳活动中存在的问题，并邀请幼儿一起设置跳绳的规则。；教师D：暂不介入，活动分享时通过照片或视频回放引导幼儿发现问题并商议解决办法。
教师22,sim_openid_022_632137,总体中等,2.5,25,Q5,5,消防员救火开心,近几天，中班的幼儿十分热衷于在区域游戏时间玩“消防员救火”的游戏。游戏结束后的交流活动中，老师问幼儿最想分享什么时，阳阳说“娃娃家着火了，好开心啊！”。,抓住教育契机，向幼儿耐心解释真实的火灾会造成物品损失和人员伤亡。,询问幼儿开心的是“着火”本身，还是消防员成功救火、娃娃家的人得救？,引导幼儿思考“娃娃家着火”值不值得开心，帮助他们认识真实火灾是危险的。,请阳阳讲讲娃娃家着火后发生了什么、为什么开心，借此理解幼儿的游戏体验。,A 游戏意义理解与儿童视角,B 价值平衡,DABC,2,2,2,2,0.5,0.125,-0.5,0.5,0,0.0,0.0,0.0,0.0,0.0,0.0,9.933333,0.099333,,,9.645,0.0,0.0,0.0,0.0,0,0,0,0,0,1,0,0,0,9.645,0.0,0,,,,,过程简单,过程相对平稳,追问教师当时主要依据什么形成排序,0.2,0.173717,主要IIV信号：结果风险、个人内相对偏离、同题过程信息量
教师23,sim_openid_023_844087,总体中等,2.1,21,Q1,1,篮球架玩水,操场上新安装了一些篮球架，幼儿经常在这里投篮。某天户外活动时，几名幼儿带着画笔和水桶来到这里，他们先是快乐地粉刷篮球架，之后开始往篮框里灌水，有的从上面灌，有的在下面接，忙的不亦乐乎，俨然这里成为了玩水的场地。,看到幼儿玩得很开心，不干预他们的玩水行为，待兴趣减弱后再讨论玩水的适宜性。,表扬幼儿的新发现，并询问在篮球架旁玩水是否合适，提议幼儿可以换个地方玩水。,参与到幼儿的“粉刷”游戏中，逐步引导幼儿到适宜玩水的地方继续开展游戏。,提醒幼儿篮球架是用于开展运动的，与其他幼儿一起召唤他们打篮球，转移他们的关注点。,B 自主游戏与规则/安全/价值平衡,A 游戏意义理解,CDBA,4,1,4,0,0.75,0.275,-1.1,1.1,-3,1.0,0.75,0.25,0.75,1.0,1.0,57.59878,0.575988,22.392,14.207,36.599,0.399348,-0.173037,0.399348,0.199674,4,4,3,2,1,5,0,0,0,22.392,0.0,0,A,C/D,教师A：看到幼儿玩得很开心，不干预他们的玩水行为，待兴趣减弱后再讨论玩水的适宜性。,教师C：参与到幼儿的“粉刷”游戏中，逐步引导幼儿到适宜玩水的地方继续开展游戏。；教师D：提醒幼儿篮球架是用于开展运动的，与其他幼儿一起召唤他们打篮球，转移他们的关注点。,过程中等,多次调整；首末位摇摆；优劣方向冲突,追问最理想或最不理想做法的判断为什么发生变化；追问是否曾把某做法从合适改判为不合适，或相反,0.769967,0.677517,主要IIV信号：过程冲突、选项焦点变化、结果风险；可追问选项比较：教师C：参与到幼儿的“粉刷”游戏中，逐步引导幼儿到适宜玩水的地方继续开展游戏。；教师D：提醒幼儿篮球架是用于开展运动的，与其他幼儿一起召唤他们打篮球，转移他们的关注点。
教师23,sim_openid_023_844087,总体中等,2.1,21,Q8,8,跳绳秩序混乱,周三下午，大五班的幼儿正自发进行跳绳游戏。李老师观察后发现，挤在一起跳绳的幼儿人数较多，整个场面十分混乱，幼儿很容易出现碰撞现象。此外，由于当“柱子”的幼儿很久才能轮上跳绳，因此也显得很不耐烦。,请幼儿暂停游戏，将幼儿分成多个小组并引导他们以小组为单位分区域开展游戏。,请幼儿说一说跳绳活动中存在的问题，并邀请幼儿一起设置跳绳的规则。,提供更多数量和不同种类的跳绳，并言语引导幼儿分组分区同时进行跳绳游戏。,暂不介入，活动分享时通过照片或视频回放引导幼儿发现问题并商议解决办法。,E 共同游戏组织与规则共建,B 安全秩序,DCAB,2,1,2,1,0.75,0.275,-1.1,1.1,-1,0.25,0.25,0.0,0.25,0.833333,1.0,77.656061,0.776561,9.443,28.593,38.036,-2.196292,1.037194,1.037194,0.518597,6,6,5,2,2,7,0,0,0,9.443,0.0,0,D,C/D,教师D：暂不介入，活动分享时通过照片或视频回放引导幼儿发现问题并商议解决办法。,教师C：提供更多数量和不同种类的跳绳，并言语引导幼儿分组分区同时进行跳绳游戏。；教师D：暂不介入，活动分享时通过照片或视频回放引导幼儿发现问题并商议解决办法。,过程复杂,首反应异常；高修正投入；多次调整；首末位摇摆；优劣方向冲突,请教师回忆读到情境后最先注意到什么、是否很快形成判断或感到难判断；追问后续主要在比较哪些做法、为什么调整；追问最理想或最不理想做法的判断为什么发生变化；追问是否曾把某做法从合适改判为不合适，或相反,0.668526,0.619438,主要IIV信号：选项焦点变化、过程冲突、同题过程信息量；可追问选项比较：教师C：提供更多数量和不同种类的跳绳，并言语引导幼儿分组分区同时进行跳绳游戏。；教师D：暂不介入，活动分享时通过照片或视频回放引导幼儿发现问题并商议解决办法。
教师23,sim_openid_023_844087,总体中等,2.1,21,Q9,9,艾莎公主不运动,小班的一次户外运动，有几个女孩子从一开始就没有选择任何体育活动项目，而是聚在一起坐在地上玩“艾莎公主”的游戏，比一比谁的鞋子最漂亮，谁的魔法最厉害。,询问幼儿没有参与运动的原因，提供丰富的活动材料吸引幼儿参与运动活动。,提醒幼儿现在是运动时间，请他们等自由游戏时间再一起玩“艾莎公主”的游戏。,利用艾莎公主的鞋子设计走、跑、跳等活动，并以参与者的身份邀请幼儿一起参与运动。,肯定幼儿自主游戏的行为，言语引导幼儿穿着“漂亮的鞋子”参与运动。,D 支架策略与游戏推进,A 儿童视角/B 目标平衡,DCBA,0,1,2,0,0.75,0.275,-1.1,1.1,1,0.5,0.25,0.25,0.25,0.8,1.0,71.519697,0.715197,25.704,26.423,52.127,0.814032,0.900625,0.900625,0.450313,5,5,4,1,1,6,0,0,0,25.704,0.0,0,A,B/C,教师A：询问幼儿没有参与运动的原因，提供丰富的活动材料吸引幼儿参与运动活动。,教师B：提醒幼儿现在是运动时间，请他们等自由游戏时间再一起玩“艾莎公主”的游戏。；教师C：利用艾莎公主的鞋子设计走、跑、跳等活动，并以参与者的身份邀请幼儿一起参与运动。,过程复杂,高修正投入；多次调整；首末位摇摆；优劣方向冲突,追问后续主要在比较哪些做法、为什么调整；追问最理想或最不理想做法的判断为什么发生变化；追问是否曾把某做法从合适改判为不合适，或相反,0.655031,0.604541,主要IIV信号：选项焦点变化、过程冲突、结果风险；可追问选项比较：教师B：提醒幼儿现在是运动时间，请他们等自由游戏时间再一起玩“艾莎公主”的游戏。；教师C：利用艾莎公主的鞋子设计走、跑、跳等活动，并以参与者的身份邀请幼儿一起参与运动。
教师23,sim_openid_023_844087,总体中等,2.1,21,Q3,3,材料选择无层次,大班上学期，张老师在建构区投放了按图搭建的游戏材料，并提供了不同星级难度的任务卡供幼儿选择，但有的幼儿一上来就选择高难度的三星级任务卡，结果不能顺利完成任务；而有的幼儿始终选择低难度的一星级任务卡。这天，浩浩又连续选择了几张一星级任务卡，很快就完成了任务。,调整任务卡提供方式，在游戏开始前根据幼儿的能力水平有针对性地发放任务卡。,暂不介入，尊重幼儿的自主选择和游戏体验，只要完成任务就是一种经验积累。,调整任务卡呈现方式，如增加“我想挑战”等提示，鼓励幼儿选择不同星级的挑战。,和浩浩回顾已完成的任务，比较不同星级的难度，邀请他选择稍有挑战的任务。,D 支架策略与游戏推进,C 观察诊断,DCBA,0,4,4,0,0.0,0.475,1.9,1.9,4,1.0,0.0,1.0,1.0,1.0,1.0,75.672222,0.756722,23.505,32.737,56.242,0.545177,1.271383,1.271383,0.635691,6,6,4,3,2,6,1,1,1,23.505,0.0,0,A,B/C,教师A：调整任务卡提供方式，在游戏开始前根据幼儿的能力水平有针对性地发放任务卡。,教师B：暂不介入，尊重幼儿的自主选择和游戏体验，只要完成任务就是一种经验积累。；教师C：调整任务卡呈现方式，如增加“我想挑战”等提示，鼓励幼儿选择不同星级的挑战。,过程复杂,高修正投入；多次调整；首末位摇摆；优劣方向冲突；路径振荡,追问后续主要在比较哪些做法、为什么调整；追问最理想或最不理想做法的判断为什么发生变化；追问是否曾把某做法从合适改判为不合适，或相反；追问当时是否在几个判断标准之间反复权衡,0.563569,0.572655,主要IIV信号：过程冲突、修正信号、选项焦点变化；可追问选项比较：教师B：暂不介入，尊重幼儿的自主选择和游戏体验，只要完成任务就是一种经验积累。；教师C：调整任务卡呈现方式，如增加“我想挑战”等提示，鼓励幼儿选择不同星级的挑战。
教师23,sim_openid_023_844087,总体中等,2.1,21,Q6,6,区域停留短,小班幼儿瑶瑶在区域活动时，一会儿在娃娃家切切菜，一会儿到美工区搓搓橡皮泥，一会儿又开心地跑到其它区域游戏，在任何一个区域停留时间都不超过三分钟。,提议瑶瑶完成某项游戏任务，如在娃娃家做菜，请他活动小结时分享。,游戏前提醒区域活动规则，活动结束后表扬区域游戏规则遵守得好的小朋友。,仔细观察瑶瑶在不同区域的游戏情况，分析他发生迅速转移的原因。,以同伴的身份陪伴瑶瑶在某一区域游戏，待他专注游戏后再离开。,C 观察诊断与介入时机,A 儿童视角,DBAC,2,3,3,0,0.25,0.225,0.9,0.9,1,0.75,0.0,0.75,0.75,0.833333,1.0,70.163178,0.701632,18.442,27.735,46.177,-0.184074,0.984477,0.984477,0.492239,6,6,1,4,1,6,1,1,0,18.442,0.0,0,D,A/C,教师D：以同伴的身份陪伴瑶瑶在某一区域游戏，待他专注游戏后再离开。,教师A：提议瑶瑶完成某项游戏任务，如在娃娃家做菜，请他活动小结时分享。；教师C：仔细观察瑶瑶在不同区域的游戏情况，分析他发生迅速转移的原因。,过程复杂,高修正投入；多次调整；首末位摇摆；优劣方向冲突,追问后续主要在比较哪些做法、为什么调整；追问最理想或最不理想做法的判断为什么发生变化；追问是否曾把某做法从合适改判为不合适，或相反,0.565891,0.530555,主要IIV信号：选项焦点变化、过程冲突、修正信号；可追问选项比较：教师A：提议瑶瑶完成某项游戏任务，如在娃娃家做菜，请他活动小结时分享。；教师C：仔细观察瑶瑶在不同区域的游戏情况，分析他发生迅速转移的原因。
教师23,sim_openid_023_844087,总体中等,2.1,21,Q2,2,未参与小组建构,大班建构活动中，睿睿和其他幼儿计划一起搭积木大桥，他们讨论了搭建方法，并进入区域开始搭建。就在其他幼儿在认真搭建时，睿睿发现了一块长条木板，他一会儿在地上推着走，一会儿当枪使，没有再参与小组的搭建。,继续观察，后续分享中支持睿睿思考如何把长条木板融入小组的建构中。,肯定睿睿的创造性玩法，询问他长条板能否当桥面，引导他参与到搭桥任务中。,引导睿睿回顾计划，建议他先完成共同任务，长条木板可以等自由游戏时再玩。,看到睿睿玩得开心，暂不介入，等下一次活动时再提醒他根据计划开展游戏。,D 支架策略与游戏推进,E 共同游戏组织,CADB,0,1,1,0,0.75,0.275,-1.1,1.1,1,0.25,0.0,0.25,0.25,0.5,0.5,33.827778,0.338278,24.649,9.242,33.891,0.688041,-0.917033,0.688041,0.34402,2,2,1,1,0,3,0,0,0,24.649,0.0,0,B,B/C,教师B：肯定睿睿的创造性玩法，询问他长条板能否当桥面，引导他参与到搭桥任务中。,教师B：肯定睿睿的创造性玩法，询问他长条板能否当桥面，引导他参与到搭桥任务中。；教师C：引导睿睿回顾计划，建议他先完成共同任务，长条木板可以等自由游戏时再玩。,过程中等,首末位摇摆,追问最理想或最不理想做法的判断为什么发生变化,0.534402,0.480066,主要IIV信号：结果风险、过程冲突、选项焦点变化；可追问选项比较：教师B：肯定睿睿的创造性玩法，询问他长条板能否当桥面，引导他参与到搭桥任务中。；教师C：引导睿睿回顾计划，建议他先完成共同任务，长条木板可以等自由游戏时再玩。
教师23,sim_openid_023_844087,总体中等,2.1,21,Q7,7,飞行棋各走各的,大班区域游戏中，轩轩和小宇一起玩飞行棋，他们将棋子摆好后，各自拿了一个骰子开始投，小宇说：“该我走。”轩轩说：“明明该我走！”相持不下，于是两人各拿一个骰子，自顾自地走自己的棋。,耐心讲解共同游戏的规则，再以“棋手”身份加入游戏进行示范引导。,暂不介入，继续观察游戏进展，待区域小结时请幼儿分享游戏中的体验和问题。,拿走一个骰子，请幼儿商量只有一个骰子的共同游戏规则，达成一致后再开始游戏。,待幼儿体验一轮各走各的游戏后，询问幼儿的游戏体验，提示共同游戏规则的作用。,E 共同游戏组织与规则共建,B 规则平衡,ABDC,0,3,3,0,0.25,0.225,0.9,0.9,3,0.75,0.0,0.75,0.75,0.75,0.25,31.023256,0.310233,27.351,6.384,33.735,1.000736,-1.557187,1.000736,0.500368,1,1,0,1,0,2,0,0,0,27.351,0.0,0,C,C/D,教师C：拿走一个骰子，请幼儿商量只有一个骰子的共同游戏规则，达成一致后再开始游戏。,教师C：拿走一个骰子，请幼儿商量只有一个骰子的共同游戏规则，达成一致后再开始游戏。；教师D：待幼儿体验一轮各走各的游戏后，询问幼儿的游戏体验，提示共同游戏规则的作用。,过程简单,首反应异常,请教师回忆读到情境后最先注意到什么、是否很快形成判断或感到难判断,0.475037,0.424298,主要IIV信号：过程冲突、修正信号、相对时间信号；可追问选项比较：教师C：拿走一个骰子，请幼儿商量只有一个骰子的共同游戏规则，达成一致后再开始游戏。；教师D：待幼儿体验一轮各走各的游戏后，询问幼儿的游戏体验，提示共同游戏规则的作用。
教师23,sim_openid_023_844087,总体中等,2.1,21,Q10,10,引水难题未解,中班上学期，幼儿在“引水游戏”中遇到了难题——水无法被引到竹片管道上。他们不断调整竹片拼接的方式，却始终没能成功，即竹片一头高于出水管道，阻碍了引流。渐渐地幼儿的探索兴趣也减弱了，有的开始玩水，有的甚至离开了水池。,示范正确的引水方法，请幼儿注意观察并说说引水的要领，再自己试一试。,加入幼儿的探索，引导他们观察水流受阻的位置，一起尝试调整竹片的摆放方式。,组织幼儿就游戏困难进行讨论，寻找解决问题的方案，引导幼儿再次尝试。,投放更多辅助引水的材料，重新激起幼儿的探索兴趣，继续观察游戏进展。,C 观察诊断与介入时机,D 探究支架,CBAD,1,1,1,1,0.75,0.275,-1.1,1.1,0,0.0,0.0,0.0,0.0,0.5,0.25,30.075581,0.300756,21.405,10.877,32.282,0.263831,-0.635178,0.263831,0.131916,2,2,1,0,0,3,0,0,0,21.405,0.0,0,A,A/B,教师A：示范正确的引水方法，请幼儿注意观察并说说引水的要领，再自己试一试。,教师A：示范正确的引水方法，请幼儿注意观察并说说引水的要领，再自己试一试。；教师B：加入幼儿的探索，引导他们观察水流受阻的位置，一起尝试调整竹片的摆放方式。,过程简单,过程相对平稳,追问教师当时主要依据什么形成排序,0.438192,0.394479,主要IIV信号：结果风险、过程冲突、同题过程信息量；可追问选项比较：教师A：示范正确的引水方法，请幼儿注意观察并说说引水的要领，再自己试一试。；教师B：加入幼儿的探索，引导他们观察水流受阻的位置，一起尝试调整竹片的摆放方式。
教师23,sim_openid_023_844087,总体中等,2.1,21,Q4,4,频繁求助,中班区域活动时，小明选择了建构区。玩了一会儿，他跑到老师面前说“老师，我不会搭……帮帮我吧”，教师问他需要什么帮助时，他一边说我不会搭，一边却很快地将房子从一层积木加高到了两层。看小明专注搭建后，老师就离开建构区了。可是没一会，小明又找了老师好几次，说“老师，帮帮我吧，我不会搭”。,鼓励小明独立搭建，引导他思考接下来如何搭建，及时表扬他的努力。,先示范搭建关键部分，请小明观察方法，再鼓励他照着继续搭建。,在旁观察小明的搭建过程，并适时反馈，帮助他理清搭建步骤。,帮小明回顾已搭建完成的部分，指导他设定小目标，尝试自己实现。,C 观察诊断与介入时机,D 支架策略,ACDB,2,4,4,2,0.0,0.475,1.9,1.9,2,0.5,0.0,0.5,0.5,0.8,1.0,45.066667,0.450667,18.834,15.691,34.525,-0.120844,-0.001125,0.0,0.0,5,5,0,4,0,5,1,1,0,18.834,0.0,0,B,B/D,教师B：先示范搭建关键部分，请小明观察方法，再鼓励他照着继续搭建。,教师B：先示范搭建关键部分，请小明观察方法，再鼓励他照着继续搭建。；教师D：帮小明回顾已搭建完成的部分，指导他设定小目标，尝试自己实现。,过程中等,多次调整；首末位摇摆,追问最理想或最不理想做法的判断为什么发生变化,0.36,0.388783,主要IIV信号：选项焦点变化、过程冲突、修正信号；可追问选项比较：教师B：先示范搭建关键部分，请小明观察方法，再鼓励他照着继续搭建。；教师D：帮小明回顾已搭建完成的部分，指导他设定小目标，尝试自己实现。
教师23,sim_openid_023_844087,总体中等,2.1,21,Q5,5,消防员救火开心,近几天，中班的幼儿十分热衷于在区域游戏时间玩“消防员救火”的游戏。游戏结束后的交流活动中，老师问幼儿最想分享什么时，阳阳说“娃娃家着火了，好开心啊！”。,抓住教育契机，向幼儿耐心解释真实的火灾会造成物品损失和人员伤亡。,询问幼儿开心的是“着火”本身，还是消防员成功救火、娃娃家的人得救？,引导幼儿思考“娃娃家着火”值不值得开心，帮助他们认识真实火灾是危险的。,请阳阳讲讲娃娃家着火后发生了什么、为什么开心，借此理解幼儿的游戏体验。,A 游戏意义理解与儿童视角,B 价值平衡,ABDC,2,2,2,1,0.5,0.025,-0.1,0.1,0,0.25,0.0,0.25,0.25,0.5,0.25,28.491473,0.284915,13.11,9.279,22.389,-1.209955,-0.910119,0.0,0.0,2,2,0,1,0,3,0,0,0,13.11,0.0,0,C,B/D,教师C：引导幼儿思考“娃娃家着火”值不值得开心，帮助他们认识真实火灾是危险的。,教师B：询问幼儿开心的是“着火”本身，还是消防员成功救火、娃娃家的人得救？；教师D：请阳阳讲讲娃娃家着火后发生了什么、为什么开心，借此理解幼儿的游戏体验。,过程简单,过程相对平稳,追问教师当时主要依据什么形成排序,0.375,0.305496,主要IIV信号：结果风险、过程冲突、同题过程信息量；可追问选项比较：教师B：询问幼儿开心的是“着火”本身，还是消防员成功救火、娃娃家的人得救？；教师D：请阳阳讲讲娃娃家着火后发生了什么、为什么开心，借此理解幼儿的游戏体验。
教师24,sim_openid_024_664191,总体中等,2.9,29,Q3,3,材料选择无层次,大班上学期，张老师在建构区投放了按图搭建的游戏材料，并提供了不同星级难度的任务卡供幼儿选择，但有的幼儿一上来就选择高难度的三星级任务卡，结果不能顺利完成任务；而有的幼儿始终选择低难度的一星级任务卡。这天，浩浩又连续选择了几张一星级任务卡，很快就完成了任务。,调整任务卡提供方式，在游戏开始前根据幼儿的能力水平有针对性地发放任务卡。,暂不介入，尊重幼儿的自主选择和游戏体验，只要完成任务就是一种经验积累。,调整任务卡呈现方式，如增加“我想挑战”等提示，鼓励幼儿选择不同星级的挑战。,和浩浩回顾已完成的任务，比较不同星级的难度，邀请他选择稍有挑战的任务。,D 支架策略与游戏推进,C 观察诊断,BADC,0,0,4,0,1.0,0.725,-2.9,2.9,0,1.0,1.0,0.0,1.0,1.0,1.0,92.527778,0.925278,6.175,46.959,53.134,-1.584045,1.74775,1.74775,0.873875,9,9,4,5,1,9,1,1,0,6.179,0.0,0,A,A/B,教师A：调整任务卡提供方式，在游戏开始前根据幼儿的能力水平有针对性地发放任务卡。,教师A：调整任务卡提供方式，在游戏开始前根据幼儿的能力水平有针对性地发放任务卡。；教师B：暂不介入，尊重幼儿的自主选择和游戏体验，只要完成任务就是一种经验积累。,过程复杂,首反应异常；高修正投入；多次调整；首末位摇摆；优劣方向冲突；路径振荡,请教师回忆读到情境后最先注意到什么、是否很快形成判断或感到难判断；追问后续主要在比较哪些做法、为什么调整；追问最理想或最不理想做法的判断为什么发生变化；追问是否曾把某做法从合适改判为不合适，或相反；追问当时是否在几个判断标准之间反复权衡,0.987388,0.942401,主要IIV信号：结果风险、过程冲突、修正信号；可追问选项比较：教师A：调整任务卡提供方式，在游戏开始前根据幼儿的能力水平有针对性地发放任务卡。；教师B：暂不介入，尊重幼儿的自主选择和游戏体验，只要完成任务就是一种经验积累。
教师24,sim_openid_024_664191,总体中等,2.9,29,Q7,7,飞行棋各走各的,大班区域游戏中，轩轩和小宇一起玩飞行棋，他们将棋子摆好后，各自拿了一个骰子开始投，小宇说：“该我走。”轩轩说：“明明该我走！”相持不下，于是两人各拿一个骰子，自顾自地走自己的棋。,耐心讲解共同游戏的规则，再以“棋手”身份加入游戏进行示范引导。,暂不介入，继续观察游戏进展，待区域小结时请幼儿分享游戏中的体验和问题。,拿走一个骰子，请幼儿商量只有一个骰子的共同游戏规则，达成一致后再开始游戏。,待幼儿体验一轮各走各的游戏后，询问幼儿的游戏体验，提示共同游戏规则的作用。,E 共同游戏组织与规则共建,B 规则平衡,DCBA,0,4,4,0,0.0,0.275,1.1,1.1,4,1.0,0.0,1.0,1.0,1.0,1.0,73.774419,0.737744,11.733,23.785,35.518,-0.418995,0.592452,0.592452,0.296226,5,5,3,1,1,6,0,0,0,11.733,0.0,0,A,B/C,教师A：耐心讲解共同游戏的规则，再以“棋手”身份加入游戏进行示范引导。,教师B：暂不介入，继续观察游戏进展，待区域小结时请幼儿分享游戏中的体验和问题。；教师C：拿走一个骰子，请幼儿商量只有一个骰子的共同游戏规则，达成一致后再开始游戏。,过程复杂,高修正投入；多次调整；首末位摇摆；优劣方向冲突,追问后续主要在比较哪些做法、为什么调整；追问最理想或最不理想做法的判断为什么发生变化；追问是否曾把某做法从合适改判为不合适，或相反,0.529623,0.50776,主要IIV信号：过程冲突、修正信号、选项焦点变化；可追问选项比较：教师B：暂不介入，继续观察游戏进展，待区域小结时请幼儿分享游戏中的体验和问题。；教师C：拿走一个骰子，请幼儿商量只有一个骰子的共同游戏规则，达成一致后再开始游戏。
教师24,sim_openid_024_664191,总体中等,2.9,29,Q4,4,频繁求助,中班区域活动时，小明选择了建构区。玩了一会儿，他跑到老师面前说“老师，我不会搭……帮帮我吧”，教师问他需要什么帮助时，他一边说我不会搭，一边却很快地将房子从一层积木加高到了两层。看小明专注搭建后，老师就离开建构区了。可是没一会，小明又找了老师好几次，说“老师，帮帮我吧，我不会搭”。,鼓励小明独立搭建，引导他思考接下来如何搭建，及时表扬他的努力。,先示范搭建关键部分，请小明观察方法，再鼓励他照着继续搭建。,在旁观察小明的搭建过程，并适时反馈，帮助他理清搭建步骤。,帮小明回顾已搭建完成的部分，指导他设定小目标，尝试自己实现。,C 观察诊断与介入时机,D 支架策略,ACDB,2,4,4,1,0.0,0.275,1.1,1.1,2,0.75,0.0,0.75,0.75,0.875,1.0,76.5,0.765,14.595,33.431,48.026,-0.022826,1.170642,1.170642,0.585321,8,8,2,5,1,6,3,3,0,14.595,0.0,0,B,B/C,教师B：先示范搭建关键部分，请小明观察方法，再鼓励他照着继续搭建。,教师B：先示范搭建关键部分，请小明观察方法，再鼓励他照着继续搭建。；教师C：在旁观察小明的搭建过程，并适时反馈，帮助他理清搭建步骤。,过程复杂,高修正投入；多次调整；首末位摇摆；优劣方向冲突；路径振荡,追问后续主要在比较哪些做法、为什么调整；追问最理想或最不理想做法的判断为什么发生变化；追问是否曾把某做法从合适改判为不合适，或相反；追问当时是否在几个判断标准之间反复权衡,0.483532,0.481782,主要IIV信号：选项焦点变化、过程冲突、同题过程信息量；可追问选项比较：教师B：先示范搭建关键部分，请小明观察方法，再鼓励他照着继续搭建。；教师C：在旁观察小明的搭建过程，并适时反馈，帮助他理清搭建步骤。
教师24,sim_openid_024_664191,总体中等,2.9,29,Q9,9,艾莎公主不运动,小班的一次户外运动，有几个女孩子从一开始就没有选择任何体育活动项目，而是聚在一起坐在地上玩“艾莎公主”的游戏，比一比谁的鞋子最漂亮，谁的魔法最厉害。,询问幼儿没有参与运动的原因，提供丰富的活动材料吸引幼儿参与运动活动。,提醒幼儿现在是运动时间，请他们等自由游戏时间再一起玩“艾莎公主”的游戏。,利用艾莎公主的鞋子设计走、跑、跳等活动，并以参与者的身份邀请幼儿一起参与运动。,肯定幼儿自主游戏的行为，言语引导幼儿穿着“漂亮的鞋子”参与运动。,D 支架策略与游戏推进,A 儿童视角/B 目标平衡,DACB,0,3,3,0,0.25,0.025,0.1,0.1,3,0.75,0.0,0.75,0.75,0.75,1.0,61.419697,0.614197,24.3,12.956,37.256,0.902462,-0.43933,0.902462,0.451231,4,4,2,2,1,5,0,0,0,24.3,0.0,0,D,A/B,教师D：肯定幼儿自主游戏的行为，言语引导幼儿穿着“漂亮的鞋子”参与运动。,教师A：询问幼儿没有参与运动的原因，提供丰富的活动材料吸引幼儿参与运动活动。；教师B：提醒幼儿现在是运动时间，请他们等自由游戏时间再一起玩“艾莎公主”的游戏。,过程中等,多次调整；首末位摇摆；优劣方向冲突,追问最理想或最不理想做法的判断为什么发生变化；追问是否曾把某做法从合适改判为不合适，或相反,0.545123,0.479583,主要IIV信号：选项焦点变化、过程冲突、修正信号；可追问选项比较：教师A：询问幼儿没有参与运动的原因，提供丰富的活动材料吸引幼儿参与运动活动。；教师B：提醒幼儿现在是运动时间，请他们等自由游戏时间再一起玩“艾莎公主”的游戏。
教师24,sim_openid_024_664191,总体中等,2.9,29,Q8,8,跳绳秩序混乱,周三下午，大五班的幼儿正自发进行跳绳游戏。李老师观察后发现，挤在一起跳绳的幼儿人数较多，整个场面十分混乱，幼儿很容易出现碰撞现象。此外，由于当“柱子”的幼儿很久才能轮上跳绳，因此也显得很不耐烦。,请幼儿暂停游戏，将幼儿分成多个小组并引导他们以小组为单位分区域开展游戏。,请幼儿说一说跳绳活动中存在的问题，并邀请幼儿一起设置跳绳的规则。,提供更多数量和不同种类的跳绳，并言语引导幼儿分组分区同时进行跳绳游戏。,暂不介入，活动分享时通过照片或视频回放引导幼儿发现问题并商议解决办法。,E 共同游戏组织与规则共建,B 安全秩序,ABDC,2,2,4,2,0.5,0.225,-0.9,0.9,0,0.5,0.5,0.0,0.5,0.666667,0.75,61.022727,0.610227,10.821,15.208,26.029,-0.56586,-0.167137,0.0,0.0,3,3,2,1,0,3,1,1,1,10.821,0.0,0,C,A/B,教师C：提供更多数量和不同种类的跳绳，并言语引导幼儿分组分区同时进行跳绳游戏。,教师A：请幼儿暂停游戏，将幼儿分成多个小组并引导他们以小组为单位分区域开展游戏。；教师B：请幼儿说一说跳绳活动中存在的问题，并邀请幼儿一起设置跳绳的规则。,过程中等,多次调整；首末位摇摆；路径振荡,追问最理想或最不理想做法的判断为什么发生变化；追问当时是否在几个判断标准之间反复权衡,0.508333,0.464261,主要IIV信号：选项焦点变化、过程冲突、同题过程信息量；可追问选项比较：教师A：请幼儿暂停游戏，将幼儿分成多个小组并引导他们以小组为单位分区域开展游戏。；教师B：请幼儿说一说跳绳活动中存在的问题，并邀请幼儿一起设置跳绳的规则。
教师24,sim_openid_024_664191,总体中等,2.9,29,Q2,2,未参与小组建构,大班建构活动中，睿睿和其他幼儿计划一起搭积木大桥，他们讨论了搭建方法，并进入区域开始搭建。就在其他幼儿在认真搭建时，睿睿发现了一块长条木板，他一会儿在地上推着走，一会儿当枪使，没有再参与小组的搭建。,继续观察，后续分享中支持睿睿思考如何把长条木板融入小组的建构中。,肯定睿睿的创造性玩法，询问他长条板能否当桥面，引导他参与到搭桥任务中。,引导睿睿回顾计划，建议他先完成共同任务，长条木板可以等自由游戏时再玩。,看到睿睿玩得开心，暂不介入，等下一次活动时再提醒他根据计划开展游戏。,D 支架策略与游戏推进,E 共同游戏组织,BDAC,0,4,4,0,0.0,0.275,1.1,1.1,4,1.0,0.0,1.0,1.0,1.0,0.5,37.516667,0.375167,24.893,8.775,33.668,0.946223,-1.101123,0.946223,0.473111,3,3,1,1,0,4,0,0,0,24.893,0.0,0,A,B/D,教师A：继续观察，后续分享中支持睿睿思考如何把长条木板融入小组的建构中。,教师B：肯定睿睿的创造性玩法，询问他长条板能否当桥面，引导他参与到搭桥任务中。；教师D：看到睿睿玩得开心，暂不介入，等下一次活动时再提醒他根据计划开展游戏。,过程简单,多次调整；首末位摇摆,追问最理想或最不理想做法的判断为什么发生变化,0.497311,0.457319,主要IIV信号：过程冲突、修正信号、选项焦点变化；可追问选项比较：教师B：肯定睿睿的创造性玩法，询问他长条板能否当桥面，引导他参与到搭桥任务中。；教师D：看到睿睿玩得开心，暂不介入，等下一次活动时再提醒他根据计划开展游戏。
教师24,sim_openid_024_664191,总体中等,2.9,29,Q5,5,消防员救火开心,近几天，中班的幼儿十分热衷于在区域游戏时间玩“消防员救火”的游戏。游戏结束后的交流活动中，老师问幼儿最想分享什么时，阳阳说“娃娃家着火了，好开心啊！”。,抓住教育契机，向幼儿耐心解释真实的火灾会造成物品损失和人员伤亡。,询问幼儿开心的是“着火”本身，还是消防员成功救火、娃娃家的人得救？,引导幼儿思考“娃娃家着火”值不值得开心，帮助他们认识真实火灾是危险的。,请阳阳讲讲娃娃家着火后发生了什么、为什么开心，借此理解幼儿的游戏体验。,A 游戏意义理解与儿童视角,B 价值平衡,ABCD,2,2,2,1,0.5,0.225,-0.9,0.9,0,0.25,0.0,0.25,0.25,0.666667,0.5,54.109302,0.541093,6.321,16.719,23.04,-1.541631,-0.006256,0.0,0.0,3,3,0,2,0,3,1,1,0,6.321,0.0,0,,B/D,,教师B：询问幼儿开心的是“着火”本身，还是消防员成功救火、娃娃家的人得救？；教师D：请阳阳讲讲娃娃家着火后发生了什么、为什么开心，借此理解幼儿的游戏体验。,过程中等,首反应异常；多次调整；首末位摇摆,请教师回忆读到情境后最先注意到什么、是否很快形成判断或感到难判断；追问最理想或最不理想做法的判断为什么发生变化,0.433333,0.398305,主要IIV信号：过程冲突、同题过程信息量、结果风险；可追问选项比较：教师B：询问幼儿开心的是“着火”本身，还是消防员成功救火、娃娃家的人得救？；教师D：请阳阳讲讲娃娃家着火后发生了什么、为什么开心，借此理解幼儿的游戏体验。
教师24,sim_openid_024_664191,总体中等,2.9,29,Q1,1,篮球架玩水,操场上新安装了一些篮球架，幼儿经常在这里投篮。某天户外活动时，几名幼儿带着画笔和水桶来到这里，他们先是快乐地粉刷篮球架，之后开始往篮框里灌水，有的从上面灌，有的在下面接，忙的不亦乐乎，俨然这里成为了玩水的场地。,看到幼儿玩得很开心，不干预他们的玩水行为，待兴趣减弱后再讨论玩水的适宜性。,表扬幼儿的新发现，并询问在篮球架旁玩水是否合适，提议幼儿可以换个地方玩水。,参与到幼儿的“粉刷”游戏中，逐步引导幼儿到适宜玩水的地方继续开展游戏。,提醒幼儿篮球架是用于开展运动的，与其他幼儿一起召唤他们打篮球，转移他们的关注点。,B 自主游戏与规则/安全/价值平衡,A 游戏意义理解,CABD,4,4,4,2,0.0,0.275,1.1,1.1,0,0.5,0.0,0.5,0.5,0.75,0.75,55.700813,0.557008,20.057,18.898,38.955,0.554165,0.201818,0.554165,0.277082,4,4,1,2,0,4,1,1,1,20.057,0.0,0,C,B/D,教师C：参与到幼儿的“粉刷”游戏中，逐步引导幼儿到适宜玩水的地方继续开展游戏。,教师B：表扬幼儿的新发现，并询问在篮球架旁玩水是否合适，提议幼儿可以换个地方玩水。；教师D：提醒幼儿篮球架是用于开展运动的，与其他幼儿一起召唤他们打篮球，转移他们的关注点。,过程中等,多次调整；首末位摇摆；路径振荡,追问最理想或最不理想做法的判断为什么发生变化；追问当时是否在几个判断标准之间反复权衡,0.352708,0.359309,主要IIV信号：过程冲突、选项焦点变化、同题过程信息量；可追问选项比较：教师B：表扬幼儿的新发现，并询问在篮球架旁玩水是否合适，提议幼儿可以换个地方玩水。；教师D：提醒幼儿篮球架是用于开展运动的，与其他幼儿一起召唤他们打篮球，转移他们的关注点。
教师24,sim_openid_024_664191,总体中等,2.9,29,Q6,6,区域停留短,小班幼儿瑶瑶在区域活动时，一会儿在娃娃家切切菜，一会儿到美工区搓搓橡皮泥，一会儿又开心地跑到其它区域游戏，在任何一个区域停留时间都不超过三分钟。,提议瑶瑶完成某项游戏任务，如在娃娃家做菜，请他活动小结时分享。,游戏前提醒区域活动规则，活动结束后表扬区域游戏规则遵守得好的小朋友。,仔细观察瑶瑶在不同区域的游戏情况，分析他发生迅速转移的原因。,以同伴的身份陪伴瑶瑶在某一区域游戏，待他专注游戏后再离开。,C 观察诊断与介入时机,A 儿童视角,CBAD,2,3,4,2,0.25,0.025,0.1,0.1,1,0.5,0.25,0.25,0.25,0.5,0.5,39.758915,0.397589,26.989,13.368,40.357,1.092953,-0.386161,1.092953,0.546477,2,2,2,0,0,3,0,0,0,26.989,0.0,0,A,B/C,教师A：提议瑶瑶完成某项游戏任务，如在娃娃家做菜，请他活动小结时分享。,教师B：游戏前提醒区域活动规则，活动结束后表扬区域游戏规则遵守得好的小朋友。；教师C：仔细观察瑶瑶在不同区域的游戏情况，分析他发生迅速转移的原因。,过程简单,首反应异常；首末位摇摆,请教师回忆读到情境后最先注意到什么、是否很快形成判断或感到难判断；追问最理想或最不理想做法的判断为什么发生变化,0.354648,0.315777,主要IIV信号：相对时间信号、过程冲突、选项焦点变化；可追问选项比较：教师B：游戏前提醒区域活动规则，活动结束后表扬区域游戏规则遵守得好的小朋友。；教师C：仔细观察瑶瑶在不同区域的游戏情况，分析他发生迅速转移的原因。
教师24,sim_openid_024_664191,总体中等,2.9,29,Q10,10,引水难题未解,中班上学期，幼儿在“引水游戏”中遇到了难题——水无法被引到竹片管道上。他们不断调整竹片拼接的方式，却始终没能成功，即竹片一头高于出水管道，阻碍了引流。渐渐地幼儿的探索兴趣也减弱了，有的开始玩水，有的甚至离开了水池。,示范正确的引水方法，请幼儿注意观察并说说引水的要领，再自己试一试。,加入幼儿的探索，引导他们观察水流受阻的位置，一起尝试调整竹片的摆放方式。,组织幼儿就游戏困难进行讨论，寻找解决问题的方案，引导幼儿再次尝试。,投放更多辅助引水的材料，重新激起幼儿的探索兴趣，继续观察游戏进展。,C 观察诊断与介入时机,D 探究支架,ADCB,1,3,3,1,0.25,0.025,0.1,0.1,2,0.5,0.0,0.5,0.5,0.5,0.25,27.47093,0.274709,21.0,6.493,27.493,0.637554,-1.612656,0.637554,0.318777,2,2,0,1,0,3,0,0,0,21.0,0.0,0,B,C/D,教师B：加入幼儿的探索，引导他们观察水流受阻的位置，一起尝试调整竹片的摆放方式。,教师C：组织幼儿就游戏困难进行讨论，寻找解决问题的方案，引导幼儿再次尝试。；教师D：投放更多辅助引水的材料，重新激起幼儿的探索兴趣，继续观察游戏进展。,过程简单,过程相对平稳,追问教师当时主要依据什么形成排序,0.356878,0.299363,主要IIV信号：过程冲突、修正信号、相对时间信号；可追问选项比较：教师C：组织幼儿就游戏困难进行讨论，寻找解决问题的方案，引导幼儿再次尝试。；教师D：投放更多辅助引水的材料，重新激起幼儿的探索兴趣，继续观察游戏进展。
教师25,sim_openid_025_365395,总体偏低,1.8,18,Q4,4,频繁求助,中班区域活动时，小明选择了建构区。玩了一会儿，他跑到老师面前说“老师，我不会搭……帮帮我吧”，教师问他需要什么帮助时，他一边说我不会搭，一边却很快地将房子从一层积木加高到了两层。看小明专注搭建后，老师就离开建构区了。可是没一会，小明又找了老师好几次，说“老师，帮帮我吧，我不会搭”。,鼓励小明独立搭建，引导他思考接下来如何搭建，及时表扬他的努力。,先示范搭建关键部分，请小明观察方法，再鼓励他照着继续搭建。,在旁观察小明的搭建过程，并适时反馈，帮助他理清搭建步骤。,帮小明回顾已搭建完成的部分，指导他设定小目标，尝试自己实现。,C 观察诊断与介入时机,D 支架策略,BDCA,2,0,2,0,1.0,0.45,-1.8,1.8,-2,0.5,0.5,0.0,0.5,0.666667,0.5,42.766667,0.427667,23.666,9.262,32.928,1.203965,-1.688638,1.203965,0.601983,3,3,1,1,0,4,0,0,0,23.666,0.0,0,A,C/D,教师A：鼓励小明独立搭建，引导他思考接下来如何搭建，及时表扬他的努力。,教师C：在旁观察小明的搭建过程，并适时反馈，帮助他理清搭建步骤。；教师D：帮小明回顾已搭建完成的部分，指导他设定小目标，尝试自己实现。,过程简单,多次调整；首末位摇摆,追问最理想或最不理想做法的判断为什么发生变化,0.743532,0.674082,主要IIV信号：结果风险、过程冲突、相对时间信号；可追问选项比较：教师C：在旁观察小明的搭建过程，并适时反馈，帮助他理清搭建步骤。；教师D：帮小明回顾已搭建完成的部分，指导他设定小目标，尝试自己实现。
教师25,sim_openid_025_365395,总体偏低,1.8,18,Q1,1,篮球架玩水,操场上新安装了一些篮球架，幼儿经常在这里投篮。某天户外活动时，几名幼儿带着画笔和水桶来到这里，他们先是快乐地粉刷篮球架，之后开始往篮框里灌水，有的从上面灌，有的在下面接，忙的不亦乐乎，俨然这里成为了玩水的场地。,看到幼儿玩得很开心，不干预他们的玩水行为，待兴趣减弱后再讨论玩水的适宜性。,表扬幼儿的新发现，并询问在篮球架旁玩水是否合适，提议幼儿可以换个地方玩水。,参与到幼儿的“粉刷”游戏中，逐步引导幼儿到适宜玩水的地方继续开展游戏。,提醒幼儿篮球架是用于开展运动的，与其他幼儿一起召唤他们打篮球，转移他们的关注点。,B 自主游戏与规则/安全/价值平衡,A 游戏意义理解,BDAC,4,1,4,0,0.75,0.2,-0.8,0.8,-3,1.0,0.75,0.25,0.75,1.0,0.75,41.063821,0.410638,19.021,15.78,34.801,0.671271,-0.002568,0.671271,0.335635,3,3,2,1,0,4,0,0,0,19.021,0.0,0,A,B/D,教师A：看到幼儿玩得很开心，不干预他们的玩水行为，待兴趣减弱后再讨论玩水的适宜性。,教师B：表扬幼儿的新发现，并询问在篮球架旁玩水是否合适，提议幼儿可以换个地方玩水。；教师D：提醒幼儿篮球架是用于开展运动的，与其他幼儿一起召唤他们打篮球，转移他们的关注点。,过程简单,多次调整；首末位摇摆,追问最理想或最不理想做法的判断为什么发生变化,0.758564,0.646595,主要IIV信号：过程冲突、结果风险、修正信号；可追问选项比较：教师B：表扬幼儿的新发现，并询问在篮球架旁玩水是否合适，提议幼儿可以换个地方玩水。；教师D：提醒幼儿篮球架是用于开展运动的，与其他幼儿一起召唤他们打篮球，转移他们的关注点。
教师25,sim_openid_025_365395,总体偏低,1.8,18,Q9,9,艾莎公主不运动,小班的一次户外运动，有几个女孩子从一开始就没有选择任何体育活动项目，而是聚在一起坐在地上玩“艾莎公主”的游戏，比一比谁的鞋子最漂亮，谁的魔法最厉害。,询问幼儿没有参与运动的原因，提供丰富的活动材料吸引幼儿参与运动活动。,提醒幼儿现在是运动时间，请他们等自由游戏时间再一起玩“艾莎公主”的游戏。,利用艾莎公主的鞋子设计走、跑、跳等活动，并以参与者的身份邀请幼儿一起参与运动。,肯定幼儿自主游戏的行为，言语引导幼儿穿着“漂亮的鞋子”参与运动。,D 支架策略与游戏推进,A 儿童视角/B 目标平衡,DBAC,0,2,2,0,0.5,0.05,0.2,0.2,2,0.5,0.0,0.5,0.5,0.833333,1.0,73.322727,0.733227,11.123,21.716,32.839,-0.63679,1.007846,1.007846,0.503923,6,6,2,3,1,7,0,0,0,11.123,0.0,0,D,A/B,教师D：肯定幼儿自主游戏的行为，言语引导幼儿穿着“漂亮的鞋子”参与运动。,教师A：询问幼儿没有参与运动的原因，提供丰富的活动材料吸引幼儿参与运动活动。；教师B：提醒幼儿现在是运动时间，请他们等自由游戏时间再一起玩“艾莎公主”的游戏。,过程复杂,高修正投入；多次调整；首末位摇摆；优劣方向冲突,追问后续主要在比较哪些做法、为什么调整；追问最理想或最不理想做法的判断为什么发生变化；追问是否曾把某做法从合适改判为不合适，或相反,0.617059,0.544554,主要IIV信号：选项焦点变化、过程冲突、同题过程信息量；可追问选项比较：教师A：询问幼儿没有参与运动的原因，提供丰富的活动材料吸引幼儿参与运动活动。；教师B：提醒幼儿现在是运动时间，请他们等自由游戏时间再一起玩“艾莎公主”的游戏。
教师25,sim_openid_025_365395,总体偏低,1.8,18,Q10,10,引水难题未解,中班上学期，幼儿在“引水游戏”中遇到了难题——水无法被引到竹片管道上。他们不断调整竹片拼接的方式，却始终没能成功，即竹片一头高于出水管道，阻碍了引流。渐渐地幼儿的探索兴趣也减弱了，有的开始玩水，有的甚至离开了水池。,示范正确的引水方法，请幼儿注意观察并说说引水的要领，再自己试一试。,加入幼儿的探索，引导他们观察水流受阻的位置，一起尝试调整竹片的摆放方式。,组织幼儿就游戏困难进行讨论，寻找解决问题的方案，引导幼儿再次尝试。,投放更多辅助引水的材料，重新激起幼儿的探索兴趣，继续观察游戏进展。,C 观察诊断与介入时机,D 探究支架,CADB,1,2,2,1,0.5,0.05,0.2,0.2,1,0.25,0.0,0.25,0.25,0.8,1.0,74.148062,0.741481,19.459,25.588,45.047,0.726775,1.527044,1.527044,0.763522,5,5,3,3,1,5,1,1,1,19.459,0.0,0,B,B/D,教师B：加入幼儿的探索，引导他们观察水流受阻的位置，一起尝试调整竹片的摆放方式。,教师B：加入幼儿的探索，引导他们观察水流受阻的位置，一起尝试调整竹片的摆放方式。；教师D：投放更多辅助引水的材料，重新激起幼儿的探索兴趣，继续观察游戏进展。,过程复杂,高修正投入；多次调整；首末位摇摆；优劣方向冲突；路径振荡,追问后续主要在比较哪些做法、为什么调整；追问最理想或最不理想做法的判断为什么发生变化；追问是否曾把某做法从合适改判为不合适，或相反；追问当时是否在几个判断标准之间反复权衡,0.586352,0.528426,主要IIV信号：选项焦点变化、过程冲突、相对时间信号；可追问选项比较：教师B：加入幼儿的探索，引导他们观察水流受阻的位置，一起尝试调整竹片的摆放方式。；教师D：投放更多辅助引水的材料，重新激起幼儿的探索兴趣，继续观察游戏进展。
教师25,sim_openid_025_365395,总体偏低,1.8,18,Q6,6,区域停留短,小班幼儿瑶瑶在区域活动时，一会儿在娃娃家切切菜，一会儿到美工区搓搓橡皮泥，一会儿又开心地跑到其它区域游戏，在任何一个区域停留时间都不超过三分钟。,提议瑶瑶完成某项游戏任务，如在娃娃家做菜，请他活动小结时分享。,游戏前提醒区域活动规则，活动结束后表扬区域游戏规则遵守得好的小朋友。,仔细观察瑶瑶在不同区域的游戏情况，分析他发生迅速转移的原因。,以同伴的身份陪伴瑶瑶在某一区域游戏，待他专注游戏后再离开。,C 观察诊断与介入时机,A 儿童视角,CBAD,2,3,4,1,0.25,0.3,1.2,1.2,1,0.75,0.25,0.5,0.5,0.75,1.0,65.034109,0.650341,26.593,18.363,44.956,1.488258,0.477139,1.488258,0.744129,4,4,2,3,1,5,0,0,0,26.593,0.0,0,A,A/D,教师A：提议瑶瑶完成某项游戏任务，如在娃娃家做菜，请他活动小结时分享。,教师A：提议瑶瑶完成某项游戏任务，如在娃娃家做菜，请他活动小结时分享。；教师D：以同伴的身份陪伴瑶瑶在某一区域游戏，待他专注游戏后再离开。,过程中等,多次调整；首末位摇摆；优劣方向冲突,追问最理想或最不理想做法的判断为什么发生变化；追问是否曾把某做法从合适改判为不合适，或相反,0.524413,0.51443,主要IIV信号：选项焦点变化、过程冲突、相对时间信号；可追问选项比较：教师A：提议瑶瑶完成某项游戏任务，如在娃娃家做菜，请他活动小结时分享。；教师D：以同伴的身份陪伴瑶瑶在某一区域游戏，待他专注游戏后再离开。
教师25,sim_openid_025_365395,总体偏低,1.8,18,Q2,2,未参与小组建构,大班建构活动中，睿睿和其他幼儿计划一起搭积木大桥，他们讨论了搭建方法，并进入区域开始搭建。就在其他幼儿在认真搭建时，睿睿发现了一块长条木板，他一会儿在地上推着走，一会儿当枪使，没有再参与小组的搭建。,继续观察，后续分享中支持睿睿思考如何把长条木板融入小组的建构中。,肯定睿睿的创造性玩法，询问他长条板能否当桥面，引导他参与到搭桥任务中。,引导睿睿回顾计划，建议他先完成共同任务，长条木板可以等自由游戏时再玩。,看到睿睿玩得开心，暂不介入，等下一次活动时再提醒他根据计划开展游戏。,D 支架策略与游戏推进,E 共同游戏组织,BCAD,0,2,2,0,0.5,0.05,0.2,0.2,2,0.5,0.0,0.5,0.5,0.75,1.0,59.438889,0.594389,14.582,17.209,31.791,0.023356,0.271752,0.271752,0.135876,4,4,3,2,2,4,1,1,1,14.582,0.0,0,A,A/B,教师A：继续观察，后续分享中支持睿睿思考如何把长条木板融入小组的建构中。,教师A：继续观察，后续分享中支持睿睿思考如何把长条木板融入小组的建构中。；教师B：肯定睿睿的创造性玩法，询问他长条板能否当桥面，引导他参与到搭桥任务中。,过程中等,多次调整；首末位摇摆；优劣方向冲突；路径振荡,追问最理想或最不理想做法的判断为什么发生变化；追问是否曾把某做法从合适改判为不合适，或相反；追问当时是否在几个判断标准之间反复权衡,0.563588,0.488307,主要IIV信号：选项焦点变化、过程冲突、同题过程信息量；可追问选项比较：教师A：继续观察，后续分享中支持睿睿思考如何把长条木板融入小组的建构中。；教师B：肯定睿睿的创造性玩法，询问他长条板能否当桥面，引导他参与到搭桥任务中。
教师25,sim_openid_025_365395,总体偏低,1.8,18,Q5,5,消防员救火开心,近几天，中班的幼儿十分热衷于在区域游戏时间玩“消防员救火”的游戏。游戏结束后的交流活动中，老师问幼儿最想分享什么时，阳阳说“娃娃家着火了，好开心啊！”。,抓住教育契机，向幼儿耐心解释真实的火灾会造成物品损失和人员伤亡。,询问幼儿开心的是“着火”本身，还是消防员成功救火、娃娃家的人得救？,引导幼儿思考“娃娃家着火”值不值得开心，帮助他们认识真实火灾是危险的。,请阳阳讲讲娃娃家着火后发生了什么、为什么开心，借此理解幼儿的游戏体验。,A 游戏意义理解与儿童视角,B 价值平衡,DCBA,2,2,2,0,0.5,0.05,0.2,0.2,0,0.5,0.0,0.5,0.5,0.75,0.75,71.555814,0.715558,8.983,17.342,26.325,-1.157746,0.296114,0.296114,0.148057,4,4,1,2,1,5,0,0,0,8.983,0.0,0,A,B/C,教师A：抓住教育契机，向幼儿耐心解释真实的火灾会造成物品损失和人员伤亡。,教师B：询问幼儿开心的是“着火”本身，还是消防员成功救火、娃娃家的人得救？；教师C：引导幼儿思考“娃娃家着火”值不值得开心，帮助他们认识真实火灾是危险的。,过程复杂,首反应异常；多次调整；首末位摇摆；优劣方向冲突,请教师回忆读到情境后最先注意到什么、是否很快形成判断或感到难判断；追问最理想或最不理想做法的判断为什么发生变化；追问是否曾把某做法从合适改判为不合适，或相反,0.539806,0.470584,主要IIV信号：过程冲突、选项焦点变化、同题过程信息量；可追问选项比较：教师B：询问幼儿开心的是“着火”本身，还是消防员成功救火、娃娃家的人得救？；教师C：引导幼儿思考“娃娃家着火”值不值得开心，帮助他们认识真实火灾是危险的。
教师25,sim_openid_025_365395,总体偏低,1.8,18,Q7,7,飞行棋各走各的,大班区域游戏中，轩轩和小宇一起玩飞行棋，他们将棋子摆好后，各自拿了一个骰子开始投，小宇说：“该我走。”轩轩说：“明明该我走！”相持不下，于是两人各拿一个骰子，自顾自地走自己的棋。,耐心讲解共同游戏的规则，再以“棋手”身份加入游戏进行示范引导。,暂不介入，继续观察游戏进展，待区域小结时请幼儿分享游戏中的体验和问题。,拿走一个骰子，请幼儿商量只有一个骰子的共同游戏规则，达成一致后再开始游戏。,待幼儿体验一轮各走各的游戏后，询问幼儿的游戏体验，提示共同游戏规则的作用。,E 共同游戏组织与规则共建,B 规则平衡,CDAB,0,2,2,0,0.5,0.05,0.2,0.2,2,0.5,0.0,0.5,0.5,0.666667,0.75,53.937984,0.53938,13.913,17.1,31.013,-0.091143,0.251645,0.251645,0.125823,3,3,2,1,1,4,0,0,0,13.913,0.0,0,A,A/B,教师A：耐心讲解共同游戏的规则，再以“棋手”身份加入游戏进行示范引导。,教师A：耐心讲解共同游戏的规则，再以“棋手”身份加入游戏进行示范引导。；教师B：暂不介入，继续观察游戏进展，待区域小结时请幼儿分享游戏中的体验和问题。,过程中等,多次调整；首末位摇摆；优劣方向冲突,追问最理想或最不理想做法的判断为什么发生变化；追问是否曾把某做法从合适改判为不合适，或相反,0.520916,0.447051,主要IIV信号：选项焦点变化、过程冲突、同题过程信息量；可追问选项比较：教师A：耐心讲解共同游戏的规则，再以“棋手”身份加入游戏进行示范引导。；教师B：暂不介入，继续观察游戏进展，待区域小结时请幼儿分享游戏中的体验和问题。
教师25,sim_openid_025_365395,总体偏低,1.8,18,Q3,3,材料选择无层次,大班上学期，张老师在建构区投放了按图搭建的游戏材料，并提供了不同星级难度的任务卡供幼儿选择，但有的幼儿一上来就选择高难度的三星级任务卡，结果不能顺利完成任务；而有的幼儿始终选择低难度的一星级任务卡。这天，浩浩又连续选择了几张一星级任务卡，很快就完成了任务。,调整任务卡提供方式，在游戏开始前根据幼儿的能力水平有针对性地发放任务卡。,暂不介入，尊重幼儿的自主选择和游戏体验，只要完成任务就是一种经验积累。,调整任务卡呈现方式，如增加“我想挑战”等提示，鼓励幼儿选择不同星级的挑战。,和浩浩回顾已完成的任务，比较不同星级的难度，邀请他选择稍有挑战的任务。,D 支架策略与游戏推进,C 观察诊断,BDAC,0,2,2,0,0.5,0.05,0.2,0.2,2,0.5,0.0,0.5,0.5,0.666667,0.5,44.977778,0.449778,10.113,11.883,21.996,-0.868872,-0.900103,0.0,0.0,3,3,1,1,0,4,0,0,0,10.113,0.0,0,A,C/D,教师A：调整任务卡提供方式，在游戏开始前根据幼儿的能力水平有针对性地发放任务卡。,教师C：调整任务卡呈现方式，如增加“我想挑战”等提示，鼓励幼儿选择不同星级的挑战。；教师D：和浩浩回顾已完成的任务，比较不同星级的难度，邀请他选择稍有挑战的任务。,过程简单,首反应异常；多次调整；首末位摇摆,请教师回忆读到情境后最先注意到什么、是否很快形成判断或感到难判断；追问最理想或最不理想做法的判断为什么发生变化,0.483333,0.404989,主要IIV信号：过程冲突、结果风险、修正信号；可追问选项比较：教师C：调整任务卡呈现方式，如增加“我想挑战”等提示，鼓励幼儿选择不同星级的挑战。；教师D：和浩浩回顾已完成的任务，比较不同星级的难度，邀请他选择稍有挑战的任务。
教师25,sim_openid_025_365395,总体偏低,1.8,18,Q8,8,跳绳秩序混乱,周三下午，大五班的幼儿正自发进行跳绳游戏。李老师观察后发现，挤在一起跳绳的幼儿人数较多，整个场面十分混乱，幼儿很容易出现碰撞现象。此外，由于当“柱子”的幼儿很久才能轮上跳绳，因此也显得很不耐烦。,请幼儿暂停游戏，将幼儿分成多个小组并引导他们以小组为单位分区域开展游戏。,请幼儿说一说跳绳活动中存在的问题，并邀请幼儿一起设置跳绳的规则。,提供更多数量和不同种类的跳绳，并言语引导幼儿分组分区同时进行跳绳游戏。,暂不介入，活动分享时通过照片或视频回放引导幼儿发现问题并商议解决办法。,E 共同游戏组织与规则共建,B 安全秩序,ABCD,2,2,2,2,0.5,0.05,0.2,0.2,0,0.0,0.0,0.0,0.0,0.5,0.5,48.913636,0.489136,8.271,10.672,18.943,-1.359073,-1.240231,0.0,0.0,2,2,2,0,0,2,1,1,1,8.271,0.0,0,,A/B,,教师A：请幼儿暂停游戏，将幼儿分成多个小组并引导他们以小组为单位分区域开展游戏。；教师B：请幼儿说一说跳绳活动中存在的问题，并邀请幼儿一起设置跳绳的规则。,过程中等,首反应异常；首末位摇摆；路径振荡,请教师回忆读到情境后最先注意到什么、是否很快形成判断或感到难判断；追问最理想或最不理想做法的判断为什么发生变化；追问当时是否在几个判断标准之间反复权衡,0.35,0.306957,主要IIV信号：结果风险、过程冲突、选项焦点变化；可追问选项比较：教师A：请幼儿暂停游戏，将幼儿分成多个小组并引导他们以小组为单位分区域开展游戏。；教师B：请幼儿说一说跳绳活动中存在的问题，并邀请幼儿一起设置跳绳的规则。
教师26,sim_openid_026_708122,总体偏高,3.4,34,Q2,2,未参与小组建构,大班建构活动中，睿睿和其他幼儿计划一起搭积木大桥，他们讨论了搭建方法，并进入区域开始搭建。就在其他幼儿在认真搭建时，睿睿发现了一块长条木板，他一会儿在地上推着走，一会儿当枪使，没有再参与小组的搭建。,继续观察，后续分享中支持睿睿思考如何把长条木板融入小组的建构中。,肯定睿睿的创造性玩法，询问他长条板能否当桥面，引导他参与到搭桥任务中。,引导睿睿回顾计划，建议他先完成共同任务，长条木板可以等自由游戏时再玩。,看到睿睿玩得开心，暂不介入，等下一次活动时再提醒他根据计划开展游戏。,D 支架策略与游戏推进,E 共同游戏组织,BDAC,0,4,4,0,0.0,0.15,0.6,0.6,4,1.0,0.0,1.0,1.0,1.0,1.0,55.361111,0.553611,18.154,21.001,39.155,-0.482114,1.255315,1.255315,0.627658,6,6,4,1,0,7,0,0,0,18.154,0.0,0,A,B/D,教师A：继续观察，后续分享中支持睿睿思考如何把长条木板融入小组的建构中。,教师B：肯定睿睿的创造性玩法，询问他长条板能否当桥面，引导他参与到搭桥任务中。；教师D：看到睿睿玩得开心，暂不介入，等下一次活动时再提醒他根据计划开展游戏。,过程复杂,高修正投入；多次调整；首末位摇摆,追问后续主要在比较哪些做法、为什么调整；追问最理想或最不理想做法的判断为什么发生变化,0.562766,0.512946,主要IIV信号：过程冲突、修正信号、选项焦点变化；可追问选项比较：教师B：肯定睿睿的创造性玩法，询问他长条板能否当桥面，引导他参与到搭桥任务中。；教师D：看到睿睿玩得开心，暂不介入，等下一次活动时再提醒他根据计划开展游戏。
教师26,sim_openid_026_708122,总体偏高,3.4,34,Q9,9,艾莎公主不运动,小班的一次户外运动，有几个女孩子从一开始就没有选择任何体育活动项目，而是聚在一起坐在地上玩“艾莎公主”的游戏，比一比谁的鞋子最漂亮，谁的魔法最厉害。,询问幼儿没有参与运动的原因，提供丰富的活动材料吸引幼儿参与运动活动。,提醒幼儿现在是运动时间，请他们等自由游戏时间再一起玩“艾莎公主”的游戏。,利用艾莎公主的鞋子设计走、跑、跳等活动，并以参与者的身份邀请幼儿一起参与运动。,肯定幼儿自主游戏的行为，言语引导幼儿穿着“漂亮的鞋子”参与运动。,D 支架策略与游戏推进,A 儿童视角/B 目标平衡,ACDB,0,1,1,0,0.75,0.6,-2.4,2.4,1,0.25,0.0,0.25,0.25,0.25,0.25,27.589394,0.275894,26.698,5.772,32.47,0.802094,-1.952979,0.802094,0.401047,1,1,0,1,0,2,0,0,0,26.698,0.0,0,B,B/C,教师B：提醒幼儿现在是运动时间，请他们等自由游戏时间再一起玩“艾莎公主”的游戏。,教师B：提醒幼儿现在是运动时间，请他们等自由游戏时间再一起玩“艾莎公主”的游戏。；教师C：利用艾莎公主的鞋子设计走、跑、跳等活动，并以参与者的身份邀请幼儿一起参与运动。,过程简单,过程相对平稳,追问教师当时主要依据什么形成排序,0.465105,0.468899,主要IIV信号：结果风险、个人内相对偏离、相对时间信号；可追问选项比较：教师B：提醒幼儿现在是运动时间，请他们等自由游戏时间再一起玩“艾莎公主”的游戏。；教师C：利用艾莎公主的鞋子设计走、跑、跳等活动，并以参与者的身份邀请幼儿一起参与运动。
教师26,sim_openid_026_708122,总体偏高,3.4,34,Q1,1,篮球架玩水,操场上新安装了一些篮球架，幼儿经常在这里投篮。某天户外活动时，几名幼儿带着画笔和水桶来到这里，他们先是快乐地粉刷篮球架，之后开始往篮框里灌水，有的从上面灌，有的在下面接，忙的不亦乐乎，俨然这里成为了玩水的场地。,看到幼儿玩得很开心，不干预他们的玩水行为，待兴趣减弱后再讨论玩水的适宜性。,表扬幼儿的新发现，并询问在篮球架旁玩水是否合适，提议幼儿可以换个地方玩水。,参与到幼儿的“粉刷”游戏中，逐步引导幼儿到适宜玩水的地方继续开展游戏。,提醒幼儿篮球架是用于开展运动的，与其他幼儿一起召唤他们打篮球，转移他们的关注点。,B 自主游戏与规则/安全/价值平衡,A 游戏意义理解,ABCD,4,4,4,1,0.0,0.15,0.6,0.6,0,0.75,0.0,0.75,0.75,0.75,1.0,68.991057,0.689911,23.27,21.368,44.638,0.344532,1.29835,1.29835,0.649175,4,4,2,2,1,4,1,1,0,23.27,0.0,0,,A/B,,教师A：看到幼儿玩得很开心，不干预他们的玩水行为，待兴趣减弱后再讨论玩水的适宜性。；教师B：表扬幼儿的新发现，并询问在篮球架旁玩水是否合适，提议幼儿可以换个地方玩水。,过程复杂,多次调整；首末位摇摆；优劣方向冲突,追问最理想或最不理想做法的判断为什么发生变化；追问是否曾把某做法从合适改判为不合适，或相反,0.464918,0.446913,主要IIV信号：选项焦点变化、过程冲突、修正信号；可追问选项比较：教师A：看到幼儿玩得很开心，不干预他们的玩水行为，待兴趣减弱后再讨论玩水的适宜性。；教师B：表扬幼儿的新发现，并询问在篮球架旁玩水是否合适，提议幼儿可以换个地方玩水。
教师26,sim_openid_026_708122,总体偏高,3.4,34,Q7,7,飞行棋各走各的,大班区域游戏中，轩轩和小宇一起玩飞行棋，他们将棋子摆好后，各自拿了一个骰子开始投，小宇说：“该我走。”轩轩说：“明明该我走！”相持不下，于是两人各拿一个骰子，自顾自地走自己的棋。,耐心讲解共同游戏的规则，再以“棋手”身份加入游戏进行示范引导。,暂不介入，继续观察游戏进展，待区域小结时请幼儿分享游戏中的体验和问题。,拿走一个骰子，请幼儿商量只有一个骰子的共同游戏规则，达成一致后再开始游戏。,待幼儿体验一轮各走各的游戏后，询问幼儿的游戏体验，提示共同游戏规则的作用。,E 共同游戏组织与规则共建,B 规则平衡,DCBA,0,4,4,0,0.0,0.15,0.6,0.6,4,1.0,0.0,1.0,1.0,1.0,0.75,55.279845,0.552798,23.382,10.894,34.276,0.360519,-0.375119,0.360519,0.18026,4,4,2,1,0,5,0,0,0,23.382,0.0,0,A,B/C,教师A：耐心讲解共同游戏的规则，再以“棋手”身份加入游戏进行示范引导。,教师B：暂不介入，继续观察游戏进展，待区域小结时请幼儿分享游戏中的体验和问题。；教师C：拿走一个骰子，请幼儿商量只有一个骰子的共同游戏规则，达成一致后再开始游戏。,过程中等,多次调整；首末位摇摆,追问最理想或最不理想做法的判断为什么发生变化,0.493026,0.443166,主要IIV信号：过程冲突、修正信号、选项焦点变化；可追问选项比较：教师B：暂不介入，继续观察游戏进展，待区域小结时请幼儿分享游戏中的体验和问题。；教师C：拿走一个骰子，请幼儿商量只有一个骰子的共同游戏规则，达成一致后再开始游戏。
教师26,sim_openid_026_708122,总体偏高,3.4,34,Q5,5,消防员救火开心,近几天，中班的幼儿十分热衷于在区域游戏时间玩“消防员救火”的游戏。游戏结束后的交流活动中，老师问幼儿最想分享什么时，阳阳说“娃娃家着火了，好开心啊！”。,抓住教育契机，向幼儿耐心解释真实的火灾会造成物品损失和人员伤亡。,询问幼儿开心的是“着火”本身，还是消防员成功救火、娃娃家的人得救？,引导幼儿思考“娃娃家着火”值不值得开心，帮助他们认识真实火灾是危险的。,请阳阳讲讲娃娃家着火后发生了什么、为什么开心，借此理解幼儿的游戏体验。,A 游戏意义理解与儿童视角,B 价值平衡,ABCD,2,2,3,2,0.5,0.35,-1.4,1.4,0,0.25,0.25,0.0,0.25,0.5,0.5,45.603488,0.456035,26.278,12.848,39.126,0.749299,0.034692,0.749299,0.374649,2,2,2,0,0,2,1,1,1,26.278,0.0,0,,A/B,,教师A：抓住教育契机，向幼儿耐心解释真实的火灾会造成物品损失和人员伤亡。；教师B：询问幼儿开心的是“着火”本身，还是消防员成功救火、娃娃家的人得救？,过程简单,首反应异常；首末位摇摆,请教师回忆读到情境后最先注意到什么、是否很快形成判断或感到难判断；追问最理想或最不理想做法的判断为什么发生变化,0.437465,0.425267,主要IIV信号：结果风险、过程冲突、选项焦点变化；可追问选项比较：教师A：抓住教育契机，向幼儿耐心解释真实的火灾会造成物品损失和人员伤亡。；教师B：询问幼儿开心的是“着火”本身，还是消防员成功救火、娃娃家的人得救？
教师26,sim_openid_026_708122,总体偏高,3.4,34,Q3,3,材料选择无层次,大班上学期，张老师在建构区投放了按图搭建的游戏材料，并提供了不同星级难度的任务卡供幼儿选择，但有的幼儿一上来就选择高难度的三星级任务卡，结果不能顺利完成任务；而有的幼儿始终选择低难度的一星级任务卡。这天，浩浩又连续选择了几张一星级任务卡，很快就完成了任务。,调整任务卡提供方式，在游戏开始前根据幼儿的能力水平有针对性地发放任务卡。,暂不介入，尊重幼儿的自主选择和游戏体验，只要完成任务就是一种经验积累。,调整任务卡呈现方式，如增加“我想挑战”等提示，鼓励幼儿选择不同星级的挑战。,和浩浩回顾已完成的任务，比较不同星级的难度，邀请他选择稍有挑战的任务。,D 支架策略与游戏推进,C 观察诊断,CBDA,0,4,4,0,0.0,0.15,0.6,0.6,4,1.0,0.0,1.0,1.0,1.0,0.75,52.633333,0.526333,10.466,8.861,19.327,-2.315906,-0.888208,0.0,0.0,2,2,2,1,1,3,0,0,0,10.466,0.0,0,A,B/C,教师A：调整任务卡提供方式，在游戏开始前根据幼儿的能力水平有针对性地发放任务卡。,教师B：暂不介入，尊重幼儿的自主选择和游戏体验，只要完成任务就是一种经验积累。；教师C：调整任务卡呈现方式，如增加“我想挑战”等提示，鼓励幼儿选择不同星级的挑战。,过程中等,首末位摇摆；优劣方向冲突,追问最理想或最不理想做法的判断为什么发生变化；追问是否曾把某做法从合适改判为不合适，或相反,0.475,0.423817,主要IIV信号：过程冲突、修正信号、选项焦点变化；可追问选项比较：教师B：暂不介入，尊重幼儿的自主选择和游戏体验，只要完成任务就是一种经验积累。；教师C：调整任务卡呈现方式，如增加“我想挑战”等提示，鼓励幼儿选择不同星级的挑战。
教师26,sim_openid_026_708122,总体偏高,3.4,34,Q10,10,引水难题未解,中班上学期，幼儿在“引水游戏”中遇到了难题——水无法被引到竹片管道上。他们不断调整竹片拼接的方式，却始终没能成功，即竹片一头高于出水管道，阻碍了引流。渐渐地幼儿的探索兴趣也减弱了，有的开始玩水，有的甚至离开了水池。,示范正确的引水方法，请幼儿注意观察并说说引水的要领，再自己试一试。,加入幼儿的探索，引导他们观察水流受阻的位置，一起尝试调整竹片的摆放方式。,组织幼儿就游戏困难进行讨论，寻找解决问题的方案，引导幼儿再次尝试。,投放更多辅助引水的材料，重新激起幼儿的探索兴趣，继续观察游戏进展。,C 观察诊断与介入时机,D 探究支架,DACB,1,4,4,1,0.0,0.15,0.6,0.6,3,0.75,0.0,0.75,0.75,0.75,1.0,49.674806,0.496748,15.793,13.249,29.042,-0.946004,0.111037,0.111037,0.055518,4,4,3,1,0,5,0,0,0,15.793,0.0,0,D,C/D,教师D：投放更多辅助引水的材料，重新激起幼儿的探索兴趣，继续观察游戏进展。,教师C：组织幼儿就游戏困难进行讨论，寻找解决问题的方案，引导幼儿再次尝试。；教师D：投放更多辅助引水的材料，重新激起幼儿的探索兴趣，继续观察游戏进展。,过程中等,多次调整；首末位摇摆,追问最理想或最不理想做法的判断为什么发生变化,0.405552,0.377889,主要IIV信号：选项焦点变化、过程冲突、修正信号；可追问选项比较：教师C：组织幼儿就游戏困难进行讨论，寻找解决问题的方案，引导幼儿再次尝试。；教师D：投放更多辅助引水的材料，重新激起幼儿的探索兴趣，继续观察游戏进展。
教师26,sim_openid_026_708122,总体偏高,3.4,34,Q4,4,频繁求助,中班区域活动时，小明选择了建构区。玩了一会儿，他跑到老师面前说“老师，我不会搭……帮帮我吧”，教师问他需要什么帮助时，他一边说我不会搭，一边却很快地将房子从一层积木加高到了两层。看小明专注搭建后，老师就离开建构区了。可是没一会，小明又找了老师好几次，说“老师，帮帮我吧，我不会搭”。,鼓励小明独立搭建，引导他思考接下来如何搭建，及时表扬他的努力。,先示范搭建关键部分，请小明观察方法，再鼓励他照着继续搭建。,在旁观察小明的搭建过程，并适时反馈，帮助他理清搭建步骤。,帮小明回顾已搭建完成的部分，指导他设定小目标，尝试自己实现。,C 观察诊断与介入时机,D 支架策略,ACDB,2,4,4,2,0.0,0.15,0.6,0.6,2,0.5,0.0,0.5,0.5,0.75,0.75,65.083333,0.650833,27.74,11.722,39.462,0.929573,-0.193148,0.929573,0.464786,4,4,2,1,0,4,1,1,1,27.74,0.0,0,B,A/C,教师B：先示范搭建关键部分，请小明观察方法，再鼓励他照着继续搭建。,教师A：鼓励小明独立搭建，引导他思考接下来如何搭建，及时表扬他的努力。；教师C：在旁观察小明的搭建过程，并适时反馈，帮助他理清搭建步骤。,过程复杂,首反应异常；多次调整；首末位摇摆；路径振荡,请教师回忆读到情境后最先注意到什么、是否很快形成判断或感到难判断；追问最理想或最不理想做法的判断为什么发生变化；追问当时是否在几个判断标准之间反复权衡,0.371479,0.36402,主要IIV信号：过程冲突、选项焦点变化、同题过程信息量；可追问选项比较：教师A：鼓励小明独立搭建，引导他思考接下来如何搭建，及时表扬他的努力。；教师C：在旁观察小明的搭建过程，并适时反馈，帮助他理清搭建步骤。
教师26,sim_openid_026_708122,总体偏高,3.4,34,Q6,6,区域停留短,小班幼儿瑶瑶在区域活动时，一会儿在娃娃家切切菜，一会儿到美工区搓搓橡皮泥，一会儿又开心地跑到其它区域游戏，在任何一个区域停留时间都不超过三分钟。,提议瑶瑶完成某项游戏任务，如在娃娃家做菜，请他活动小结时分享。,游戏前提醒区域活动规则，活动结束后表扬区域游戏规则遵守得好的小朋友。,仔细观察瑶瑶在不同区域的游戏情况，分析他发生迅速转移的原因。,以同伴的身份陪伴瑶瑶在某一区域游戏，待他专注游戏后再离开。,C 观察诊断与介入时机,A 儿童视角,ADBC,2,4,4,2,0.0,0.15,0.6,0.6,2,0.5,0.0,0.5,0.5,0.666667,0.75,53.260853,0.532609,21.916,18.521,40.437,0.144931,0.943156,0.943156,0.471578,3,3,2,1,0,3,1,1,1,21.916,0.0,0,D,B/C,教师D：以同伴的身份陪伴瑶瑶在某一区域游戏，待他专注游戏后再离开。,教师B：游戏前提醒区域活动规则，活动结束后表扬区域游戏规则遵守得好的小朋友。；教师C：仔细观察瑶瑶在不同区域的游戏情况，分析他发生迅速转移的原因。,过程中等,多次调整；首末位摇摆,追问最理想或最不理想做法的判断为什么发生变化,0.355491,0.346288,主要IIV信号：选项焦点变化、过程冲突、同题过程信息量；可追问选项比较：教师B：游戏前提醒区域活动规则，活动结束后表扬区域游戏规则遵守得好的小朋友。；教师C：仔细观察瑶瑶在不同区域的游戏情况，分析他发生迅速转移的原因。
教师26,sim_openid_026_708122,总体偏高,3.4,34,Q8,8,跳绳秩序混乱,周三下午，大五班的幼儿正自发进行跳绳游戏。李老师观察后发现，挤在一起跳绳的幼儿人数较多，整个场面十分混乱，幼儿很容易出现碰撞现象。此外，由于当“柱子”的幼儿很久才能轮上跳绳，因此也显得很不耐烦。,请幼儿暂停游戏，将幼儿分成多个小组并引导他们以小组为单位分区域开展游戏。,请幼儿说一说跳绳活动中存在的问题，并邀请幼儿一起设置跳绳的规则。,提供更多数量和不同种类的跳绳，并言语引导幼儿分组分区同时进行跳绳游戏。,暂不介入，活动分享时通过照片或视频回放引导幼儿发现问题并商议解决办法。,E 共同游戏组织与规则共建,B 安全秩序,BADC,2,3,3,2,0.25,0.1,-0.4,0.4,1,0.25,0.0,0.25,0.25,0.5,0.5,42.374242,0.423742,23.754,11.535,35.289,0.413075,-0.233096,0.413075,0.206537,2,2,1,1,0,3,0,0,0,23.754,0.0,0,A,A/B,教师A：请幼儿暂停游戏，将幼儿分成多个小组并引导他们以小组为单位分区域开展游戏。,教师A：请幼儿暂停游戏，将幼儿分成多个小组并引导他们以小组为单位分区域开展游戏。；教师B：请幼儿说一说跳绳活动中存在的问题，并邀请幼儿一起设置跳绳的规则。,过程简单,首末位摇摆,追问最理想或最不理想做法的判断为什么发生变化,0.320654,0.294341,主要IIV信号：过程冲突、选项焦点变化、同题过程信息量；可追问选项比较：教师A：请幼儿暂停游戏，将幼儿分成多个小组并引导他们以小组为单位分区域开展游戏。；教师B：请幼儿说一说跳绳活动中存在的问题，并邀请幼儿一起设置跳绳的规则。
教师27,sim_openid_027_120869,总体偏高,3.3,33,Q7,7,飞行棋各走各的,大班区域游戏中，轩轩和小宇一起玩飞行棋，他们将棋子摆好后，各自拿了一个骰子开始投，小宇说：“该我走。”轩轩说：“明明该我走！”相持不下，于是两人各拿一个骰子，自顾自地走自己的棋。,耐心讲解共同游戏的规则，再以“棋手”身份加入游戏进行示范引导。,暂不介入，继续观察游戏进展，待区域小结时请幼儿分享游戏中的体验和问题。,拿走一个骰子，请幼儿商量只有一个骰子的共同游戏规则，达成一致后再开始游戏。,待幼儿体验一轮各走各的游戏后，询问幼儿的游戏体验，提示共同游戏规则的作用。,E 共同游戏组织与规则共建,B 规则平衡,DCAB,0,2,2,0,0.5,0.325,-1.3,1.3,2,0.5,0.0,0.5,0.5,0.833333,0.75,70.906977,0.70907,9.366,23.112,32.478,-0.827341,1.253226,1.253226,0.626613,6,6,2,1,0,7,0,0,0,9.366,0.0,0,D,B/C,教师D：待幼儿体验一轮各走各的游戏后，询问幼儿的游戏体验，提示共同游戏规则的作用。,教师B：暂不介入，继续观察游戏进展，待区域小结时请幼儿分享游戏中的体验和问题。；教师C：拿走一个骰子，请幼儿商量只有一个骰子的共同游戏规则，达成一致后再开始游戏。,过程复杂,首反应异常；高修正投入；多次调整；首末位摇摆,请教师回忆读到情境后最先注意到什么、是否很快形成判断或感到难判断；追问后续主要在比较哪些做法、为什么调整；追问最理想或最不理想做法的判断为什么发生变化,0.604328,0.571865,主要IIV信号：过程冲突、选项焦点变化、同题过程信息量；可追问选项比较：教师B：暂不介入，继续观察游戏进展，待区域小结时请幼儿分享游戏中的体验和问题。；教师C：拿走一个骰子，请幼儿商量只有一个骰子的共同游戏规则，达成一致后再开始游戏。
教师27,sim_openid_027_120869,总体偏高,3.3,33,Q3,3,材料选择无层次,大班上学期，张老师在建构区投放了按图搭建的游戏材料，并提供了不同星级难度的任务卡供幼儿选择，但有的幼儿一上来就选择高难度的三星级任务卡，结果不能顺利完成任务；而有的幼儿始终选择低难度的一星级任务卡。这天，浩浩又连续选择了几张一星级任务卡，很快就完成了任务。,调整任务卡提供方式，在游戏开始前根据幼儿的能力水平有针对性地发放任务卡。,暂不介入，尊重幼儿的自主选择和游戏体验，只要完成任务就是一种经验积累。,调整任务卡呈现方式，如增加“我想挑战”等提示，鼓励幼儿选择不同星级的挑战。,和浩浩回顾已完成的任务，比较不同星级的难度，邀请他选择稍有挑战的任务。,D 支架策略与游戏推进,C 观察诊断,DCBA,0,4,4,0,0.0,0.175,0.7,0.7,4,1.0,0.0,1.0,1.0,1.0,1.0,72.25,0.7225,12.793,25.49,38.283,-0.236298,1.515477,1.515477,0.757739,5,5,3,3,1,5,1,1,1,12.793,0.0,0,A,A/B,教师A：调整任务卡提供方式，在游戏开始前根据幼儿的能力水平有针对性地发放任务卡。,教师A：调整任务卡提供方式，在游戏开始前根据幼儿的能力水平有针对性地发放任务卡。；教师B：暂不介入，尊重幼儿的自主选择和游戏体验，只要完成任务就是一种经验积累。,过程复杂,高修正投入；多次调整；首末位摇摆；优劣方向冲突；路径振荡,追问后续主要在比较哪些做法、为什么调整；追问最理想或最不理想做法的判断为什么发生变化；追问是否曾把某做法从合适改判为不合适，或相反；追问当时是否在几个判断标准之间反复权衡,0.575774,0.538149,主要IIV信号：过程冲突、修正信号、选项焦点变化；可追问选项比较：教师A：调整任务卡提供方式，在游戏开始前根据幼儿的能力水平有针对性地发放任务卡。；教师B：暂不介入，尊重幼儿的自主选择和游戏体验，只要完成任务就是一种经验积累。
教师27,sim_openid_027_120869,总体偏高,3.3,33,Q8,8,跳绳秩序混乱,周三下午，大五班的幼儿正自发进行跳绳游戏。李老师观察后发现，挤在一起跳绳的幼儿人数较多，整个场面十分混乱，幼儿很容易出现碰撞现象。此外，由于当“柱子”的幼儿很久才能轮上跳绳，因此也显得很不耐烦。,请幼儿暂停游戏，将幼儿分成多个小组并引导他们以小组为单位分区域开展游戏。,请幼儿说一说跳绳活动中存在的问题，并邀请幼儿一起设置跳绳的规则。,提供更多数量和不同种类的跳绳，并言语引导幼儿分组分区同时进行跳绳游戏。,暂不介入，活动分享时通过照片或视频回放引导幼儿发现问题并商议解决办法。,E 共同游戏组织与规则共建,B 安全秩序,ABCD,2,2,2,1,0.5,0.325,-1.3,1.3,0,0.25,0.0,0.25,0.25,0.75,0.75,46.816667,0.468167,22.831,12.013,34.844,0.86162,-0.499045,0.86162,0.43081,4,4,0,3,0,4,1,1,0,22.831,0.0,0,,B/C,,教师B：请幼儿说一说跳绳活动中存在的问题，并邀请幼儿一起设置跳绳的规则。；教师C：提供更多数量和不同种类的跳绳，并言语引导幼儿分组分区同时进行跳绳游戏。,过程简单,多次调整；首末位摇摆,追问最理想或最不理想做法的判断为什么发生变化,0.518081,0.490239,主要IIV信号：过程冲突、选项焦点变化、结果风险；可追问选项比较：教师B：请幼儿说一说跳绳活动中存在的问题，并邀请幼儿一起设置跳绳的规则。；教师C：提供更多数量和不同种类的跳绳，并言语引导幼儿分组分区同时进行跳绳游戏。
教师27,sim_openid_027_120869,总体偏高,3.3,33,Q9,9,艾莎公主不运动,小班的一次户外运动，有几个女孩子从一开始就没有选择任何体育活动项目，而是聚在一起坐在地上玩“艾莎公主”的游戏，比一比谁的鞋子最漂亮，谁的魔法最厉害。,询问幼儿没有参与运动的原因，提供丰富的活动材料吸引幼儿参与运动活动。,提醒幼儿现在是运动时间，请他们等自由游戏时间再一起玩“艾莎公主”的游戏。,利用艾莎公主的鞋子设计走、跑、跳等活动，并以参与者的身份邀请幼儿一起参与运动。,肯定幼儿自主游戏的行为，言语引导幼儿穿着“漂亮的鞋子”参与运动。,D 支架策略与游戏推进,A 儿童视角/B 目标平衡,CADB,0,4,4,0,0.0,0.175,0.7,0.7,4,1.0,0.0,1.0,1.0,1.0,0.75,56.619697,0.566197,26.88,14.745,41.625,1.171087,0.049681,1.171087,0.585543,3,3,1,2,0,4,0,0,0,26.88,0.0,0,B,C/D,教师B：提醒幼儿现在是运动时间，请他们等自由游戏时间再一起玩“艾莎公主”的游戏。,教师C：利用艾莎公主的鞋子设计走、跑、跳等活动，并以参与者的身份邀请幼儿一起参与运动。；教师D：肯定幼儿自主游戏的行为，言语引导幼儿穿着“漂亮的鞋子”参与运动。,过程复杂,首反应异常；多次调整；首末位摇摆,请教师回忆读到情境后最先注意到什么、是否很快形成判断或感到难判断；追问最理想或最不理想做法的判断为什么发生变化,0.533554,0.488114,主要IIV信号：过程冲突、修正信号、选项焦点变化；可追问选项比较：教师C：利用艾莎公主的鞋子设计走、跑、跳等活动，并以参与者的身份邀请幼儿一起参与运动。；教师D：肯定幼儿自主游戏的行为，言语引导幼儿穿着“漂亮的鞋子”参与运动。
教师27,sim_openid_027_120869,总体偏高,3.3,33,Q2,2,未参与小组建构,大班建构活动中，睿睿和其他幼儿计划一起搭积木大桥，他们讨论了搭建方法，并进入区域开始搭建。就在其他幼儿在认真搭建时，睿睿发现了一块长条木板，他一会儿在地上推着走，一会儿当枪使，没有再参与小组的搭建。,继续观察，后续分享中支持睿睿思考如何把长条木板融入小组的建构中。,肯定睿睿的创造性玩法，询问他长条板能否当桥面，引导他参与到搭桥任务中。,引导睿睿回顾计划，建议他先完成共同任务，长条木板可以等自由游戏时再玩。,看到睿睿玩得开心，暂不介入，等下一次活动时再提醒他根据计划开展游戏。,D 支架策略与游戏推进,E 共同游戏组织,DBAC,0,3,3,0,0.25,0.075,-0.3,0.3,3,0.75,0.0,0.75,0.75,0.75,0.5,48.238889,0.482389,11.747,6.618,18.365,-0.397986,-2.095557,0.0,0.0,2,2,1,1,1,3,0,0,0,11.747,0.0,0,D,A/B,教师D：看到睿睿玩得开心，暂不介入，等下一次活动时再提醒他根据计划开展游戏。,教师A：继续观察，后续分享中支持睿睿思考如何把长条木板融入小组的建构中。；教师B：肯定睿睿的创造性玩法，询问他长条板能否当桥面，引导他参与到搭桥任务中。,过程中等,首末位摇摆；优劣方向冲突,追问最理想或最不理想做法的判断为什么发生变化；追问是否曾把某做法从合适改判为不合适，或相反,0.45,0.385369,主要IIV信号：过程冲突、修正信号、选项焦点变化；可追问选项比较：教师A：继续观察，后续分享中支持睿睿思考如何把长条木板融入小组的建构中。；教师B：肯定睿睿的创造性玩法，询问他长条板能否当桥面，引导他参与到搭桥任务中。
教师27,sim_openid_027_120869,总体偏高,3.3,33,Q10,10,引水难题未解,中班上学期，幼儿在“引水游戏”中遇到了难题——水无法被引到竹片管道上。他们不断调整竹片拼接的方式，却始终没能成功，即竹片一头高于出水管道，阻碍了引流。渐渐地幼儿的探索兴趣也减弱了，有的开始玩水，有的甚至离开了水池。,示范正确的引水方法，请幼儿注意观察并说说引水的要领，再自己试一试。,加入幼儿的探索，引导他们观察水流受阻的位置，一起尝试调整竹片的摆放方式。,组织幼儿就游戏困难进行讨论，寻找解决问题的方案，引导幼儿再次尝试。,投放更多辅助引水的材料，重新激起幼儿的探索兴趣，继续观察游戏进展。,C 观察诊断与介入时机,D 探究支架,DACB,1,4,4,1,0.0,0.175,0.7,0.7,3,0.75,0.0,0.75,0.75,0.8,0.5,54.38062,0.543806,12.902,15.669,28.571,-0.220217,0.21244,0.21244,0.10622,5,5,1,1,0,5,1,1,1,12.902,0.0,0,D,C/D,教师D：投放更多辅助引水的材料，重新激起幼儿的探索兴趣，继续观察游戏进展。,教师C：组织幼儿就游戏困难进行讨论，寻找解决问题的方案，引导幼儿再次尝试。；教师D：投放更多辅助引水的材料，重新激起幼儿的探索兴趣，继续观察游戏进展。,过程中等,多次调整；首末位摇摆；路径振荡,追问最理想或最不理想做法的判断为什么发生变化；追问当时是否在几个判断标准之间反复权衡,0.370622,0.346562,主要IIV信号：过程冲突、修正信号、同题过程信息量；可追问选项比较：教师C：组织幼儿就游戏困难进行讨论，寻找解决问题的方案，引导幼儿再次尝试。；教师D：投放更多辅助引水的材料，重新激起幼儿的探索兴趣，继续观察游戏进展。
教师27,sim_openid_027_120869,总体偏高,3.3,33,Q5,5,消防员救火开心,近几天，中班的幼儿十分热衷于在区域游戏时间玩“消防员救火”的游戏。游戏结束后的交流活动中，老师问幼儿最想分享什么时，阳阳说“娃娃家着火了，好开心啊！”。,抓住教育契机，向幼儿耐心解释真实的火灾会造成物品损失和人员伤亡。,询问幼儿开心的是“着火”本身，还是消防员成功救火、娃娃家的人得救？,引导幼儿思考“娃娃家着火”值不值得开心，帮助他们认识真实火灾是危险的。,请阳阳讲讲娃娃家着火后发生了什么、为什么开心，借此理解幼儿的游戏体验。,A 游戏意义理解与儿童视角,B 价值平衡,BADC,2,3,3,2,0.25,0.075,-0.3,0.3,1,0.25,0.0,0.25,0.25,0.5,0.5,47.735659,0.477357,27.387,13.624,41.011,1.206506,-0.162058,1.206506,0.603253,2,2,1,1,0,3,0,0,0,27.387,0.0,0,A,C/D,教师A：抓住教育契机，向幼儿耐心解释真实的火灾会造成物品损失和人员伤亡。,教师C：引导幼儿思考“娃娃家着火”值不值得开心，帮助他们认识真实火灾是危险的。；教师D：请阳阳讲讲娃娃家着火后发生了什么、为什么开心，借此理解幼儿的游戏体验。,过程简单,首反应异常；首末位摇摆,请教师回忆读到情境后最先注意到什么、是否很快形成判断或感到难判断；追问最理想或最不理想做法的判断为什么发生变化,0.360325,0.332943,主要IIV信号：相对时间信号、过程冲突、选项焦点变化；可追问选项比较：教师C：引导幼儿思考“娃娃家着火”值不值得开心，帮助他们认识真实火灾是危险的。；教师D：请阳阳讲讲娃娃家着火后发生了什么、为什么开心，借此理解幼儿的游戏体验。
教师27,sim_openid_027_120869,总体偏高,3.3,33,Q6,6,区域停留短,小班幼儿瑶瑶在区域活动时，一会儿在娃娃家切切菜，一会儿到美工区搓搓橡皮泥，一会儿又开心地跑到其它区域游戏，在任何一个区域停留时间都不超过三分钟。,提议瑶瑶完成某项游戏任务，如在娃娃家做菜，请他活动小结时分享。,游戏前提醒区域活动规则，活动结束后表扬区域游戏规则遵守得好的小朋友。,仔细观察瑶瑶在不同区域的游戏情况，分析他发生迅速转移的原因。,以同伴的身份陪伴瑶瑶在某一区域游戏，待他专注游戏后再离开。,C 观察诊断与介入时机,A 儿童视角,BDAC,2,4,4,2,0.0,0.175,0.7,0.7,2,0.5,0.0,0.5,0.5,0.666667,0.5,43.365891,0.433659,25.044,14.182,39.226,1.036983,-0.054568,1.036983,0.518492,3,3,1,1,0,4,0,0,0,25.044,0.0,0,A,C/D,教师A：提议瑶瑶完成某项游戏任务，如在娃娃家做菜，请他活动小结时分享。,教师C：仔细观察瑶瑶在不同区域的游戏情况，分析他发生迅速转移的原因。；教师D：以同伴的身份陪伴瑶瑶在某一区域游戏，待他专注游戏后再离开。,过程简单,多次调整；首末位摇摆,追问最理想或最不理想做法的判断为什么发生变化,0.335182,0.324782,主要IIV信号：过程冲突、相对时间信号、修正信号；可追问选项比较：教师C：仔细观察瑶瑶在不同区域的游戏情况，分析他发生迅速转移的原因。；教师D：以同伴的身份陪伴瑶瑶在某一区域游戏，待他专注游戏后再离开。
教师27,sim_openid_027_120869,总体偏高,3.3,33,Q4,4,频繁求助,中班区域活动时，小明选择了建构区。玩了一会儿，他跑到老师面前说“老师，我不会搭……帮帮我吧”，教师问他需要什么帮助时，他一边说我不会搭，一边却很快地将房子从一层积木加高到了两层。看小明专注搭建后，老师就离开建构区了。可是没一会，小明又找了老师好几次，说“老师，帮帮我吧，我不会搭”。,鼓励小明独立搭建，引导他思考接下来如何搭建，及时表扬他的努力。,先示范搭建关键部分，请小明观察方法，再鼓励他照着继续搭建。,在旁观察小明的搭建过程，并适时反馈，帮助他理清搭建步骤。,帮小明回顾已搭建完成的部分，指导他设定小目标，尝试自己实现。,C 观察诊断与介入时机,D 支架策略,CADB,2,3,3,2,0.25,0.075,-0.3,0.3,1,0.25,0.0,0.25,0.25,0.5,0.5,48.1,0.481,6.768,11.777,18.545,-1.443154,-0.552176,0.0,0.0,2,2,1,1,0,3,0,0,0,6.977,0.0,0,B,A/B,教师B：先示范搭建关键部分，请小明观察方法，再鼓励他照着继续搭建。,教师A：鼓励小明独立搭建，引导他思考接下来如何搭建，及时表扬他的努力。；教师B：先示范搭建关键部分，请小明观察方法，再鼓励他照着继续搭建。,过程中等,首反应异常；首末位摇摆,请教师回忆读到情境后最先注意到什么、是否很快形成判断或感到难判断；追问最理想或最不理想做法的判断为什么发生变化,0.3,0.2728,主要IIV信号：过程冲突、选项焦点变化、同题过程信息量；可追问选项比较：教师A：鼓励小明独立搭建，引导他思考接下来如何搭建，及时表扬他的努力。；教师B：先示范搭建关键部分，请小明观察方法，再鼓励他照着继续搭建。
教师27,sim_openid_027_120869,总体偏高,3.3,33,Q1,1,篮球架玩水,操场上新安装了一些篮球架，幼儿经常在这里投篮。某天户外活动时，几名幼儿带着画笔和水桶来到这里，他们先是快乐地粉刷篮球架，之后开始往篮框里灌水，有的从上面灌，有的在下面接，忙的不亦乐乎，俨然这里成为了玩水的场地。,看到幼儿玩得很开心，不干预他们的玩水行为，待兴趣减弱后再讨论玩水的适宜性。,表扬幼儿的新发现，并询问在篮球架旁玩水是否合适，提议幼儿可以换个地方玩水。,参与到幼儿的“粉刷”游戏中，逐步引导幼儿到适宜玩水的地方继续开展游戏。,提醒幼儿篮球架是用于开展运动的，与其他幼儿一起召唤他们打篮球，转移他们的关注点。,B 自主游戏与规则/安全/价值平衡,A 游戏意义理解,ACBD,4,4,4,3,0.0,0.175,0.7,0.7,0,0.25,0.0,0.25,0.25,0.666667,0.5,50.266667,0.502667,7.895,16.388,24.283,-1.151201,0.332581,0.332581,0.166291,3,3,0,2,0,3,1,1,1,7.895,0.0,0,B,B/C,教师B：表扬幼儿的新发现，并询问在篮球架旁玩水是否合适，提议幼儿可以换个地方玩水。,教师B：表扬幼儿的新发现，并询问在篮球架旁玩水是否合适，提议幼儿可以换个地方玩水。；教师C：参与到幼儿的“粉刷”游戏中，逐步引导幼儿到适宜玩水的地方继续开展游戏。,过程中等,首反应异常；多次调整；首末位摇摆；路径振荡,请教师回忆读到情境后最先注意到什么、是否很快形成判断或感到难判断；追问最理想或最不理想做法的判断为什么发生变化；追问当时是否在几个判断标准之间反复权衡,0.249962,0.255512,主要IIV信号：过程冲突、同题过程信息量、选项焦点变化；可追问选项比较：教师B：表扬幼儿的新发现，并询问在篮球架旁玩水是否合适，提议幼儿可以换个地方玩水。；教师C：参与到幼儿的“粉刷”游戏中，逐步引导幼儿到适宜玩水的地方继续开展游戏。
教师28,sim_openid_028_602925,总体中等,2.7,27,Q1,1,篮球架玩水,操场上新安装了一些篮球架，幼儿经常在这里投篮。某天户外活动时，几名幼儿带着画笔和水桶来到这里，他们先是快乐地粉刷篮球架，之后开始往篮框里灌水，有的从上面灌，有的在下面接，忙的不亦乐乎，俨然这里成为了玩水的场地。,看到幼儿玩得很开心，不干预他们的玩水行为，待兴趣减弱后再讨论玩水的适宜性。,表扬幼儿的新发现，并询问在篮球架旁玩水是否合适，提议幼儿可以换个地方玩水。,参与到幼儿的“粉刷”游戏中，逐步引导幼儿到适宜玩水的地方继续开展游戏。,提醒幼儿篮球架是用于开展运动的，与其他幼儿一起召唤他们打篮球，转移他们的关注点。,B 自主游戏与规则/安全/价值平衡,A 游戏意义理解,BCDA,4,1,4,0,0.75,0.425,-1.7,1.7,-3,1.0,0.75,0.25,0.75,1.0,0.75,59.478455,0.594785,12.666,14.315,26.981,-0.161573,-0.76336,0.0,0.0,3,3,1,2,1,4,0,0,0,12.666,0.0,0,A,C/D,教师A：看到幼儿玩得很开心，不干预他们的玩水行为，待兴趣减弱后再讨论玩水的适宜性。,教师C：参与到幼儿的“粉刷”游戏中，逐步引导幼儿到适宜玩水的地方继续开展游戏。；教师D：提醒幼儿篮球架是用于开展运动的，与其他幼儿一起召唤他们打篮球，转移他们的关注点。,过程中等,多次调整；首末位摇摆；优劣方向冲突,追问最理想或最不理想做法的判断为什么发生变化；追问是否曾把某做法从合适改判为不合适，或相反,0.725,0.655989,主要IIV信号：过程冲突、结果风险、修正信号；可追问选项比较：教师C：参与到幼儿的“粉刷”游戏中，逐步引导幼儿到适宜玩水的地方继续开展游戏。；教师D：提醒幼儿篮球架是用于开展运动的，与其他幼儿一起召唤他们打篮球，转移他们的关注点。
教师28,sim_openid_028_602925,总体中等,2.7,27,Q5,5,消防员救火开心,近几天，中班的幼儿十分热衷于在区域游戏时间玩“消防员救火”的游戏。游戏结束后的交流活动中，老师问幼儿最想分享什么时，阳阳说“娃娃家着火了，好开心啊！”。,抓住教育契机，向幼儿耐心解释真实的火灾会造成物品损失和人员伤亡。,询问幼儿开心的是“着火”本身，还是消防员成功救火、娃娃家的人得救？,引导幼儿思考“娃娃家着火”值不值得开心，帮助他们认识真实火灾是危险的。,请阳阳讲讲娃娃家着火后发生了什么、为什么开心，借此理解幼儿的游戏体验。,A 游戏意义理解与儿童视角,B 价值平衡,ABCD,2,2,3,0,0.5,0.175,-0.7,0.7,0,0.75,0.25,0.5,0.5,0.8,1.0,82.243411,0.822434,8.209,22.612,30.821,-1.222119,1.79968,1.79968,0.89984,5,5,4,2,1,5,1,1,0,8.209,0.0,0,,A/B,,教师A：抓住教育契机，向幼儿耐心解释真实的火灾会造成物品损失和人员伤亡。；教师B：询问幼儿开心的是“着火”本身，还是消防员成功救火、娃娃家的人得救？,过程复杂,首反应异常；高修正投入；多次调整；首末位摇摆；优劣方向冲突,请教师回忆读到情境后最先注意到什么、是否很快形成判断或感到难判断；追问后续主要在比较哪些做法、为什么调整；追问最理想或最不理想做法的判断为什么发生变化；追问是否曾把某做法从合适改判为不合适，或相反,0.649984,0.602356,主要IIV信号：选项焦点变化、相对时间信号、同题过程信息量；可追问选项比较：教师A：抓住教育契机，向幼儿耐心解释真实的火灾会造成物品损失和人员伤亡。；教师B：询问幼儿开心的是“着火”本身，还是消防员成功救火、娃娃家的人得救？
教师28,sim_openid_028_602925,总体中等,2.7,27,Q4,4,频繁求助,中班区域活动时，小明选择了建构区。玩了一会儿，他跑到老师面前说“老师，我不会搭……帮帮我吧”，教师问他需要什么帮助时，他一边说我不会搭，一边却很快地将房子从一层积木加高到了两层。看小明专注搭建后，老师就离开建构区了。可是没一会，小明又找了老师好几次，说“老师，帮帮我吧，我不会搭”。,鼓励小明独立搭建，引导他思考接下来如何搭建，及时表扬他的努力。,先示范搭建关键部分，请小明观察方法，再鼓励他照着继续搭建。,在旁观察小明的搭建过程，并适时反馈，帮助他理清搭建步骤。,帮小明回顾已搭建完成的部分，指导他设定小目标，尝试自己实现。,C 观察诊断与介入时机,D 支架策略,DCBA,2,1,2,1,0.75,0.425,-1.7,1.7,-1,0.25,0.25,0.0,0.25,0.666667,0.75,51.366667,0.513667,18.395,16.098,34.493,0.750947,-0.105255,0.750947,0.375474,3,3,2,1,1,4,0,0,0,18.395,0.0,0,A,B/C,教师A：鼓励小明独立搭建，引导他思考接下来如何搭建，及时表扬他的努力。,教师B：先示范搭建关键部分，请小明观察方法，再鼓励他照着继续搭建。；教师C：在旁观察小明的搭建过程，并适时反馈，帮助他理清搭建步骤。,过程简单,多次调整；首末位摇摆；优劣方向冲突,追问最理想或最不理想做法的判断为什么发生变化；追问是否曾把某做法从合适改判为不合适，或相反,0.595881,0.564481,主要IIV信号：结果风险、选项焦点变化、过程冲突；可追问选项比较：教师B：先示范搭建关键部分，请小明观察方法，再鼓励他照着继续搭建。；教师C：在旁观察小明的搭建过程，并适时反馈，帮助他理清搭建步骤。
教师28,sim_openid_028_602925,总体中等,2.7,27,Q2,2,未参与小组建构,大班建构活动中，睿睿和其他幼儿计划一起搭积木大桥，他们讨论了搭建方法，并进入区域开始搭建。就在其他幼儿在认真搭建时，睿睿发现了一块长条木板，他一会儿在地上推着走，一会儿当枪使，没有再参与小组的搭建。,继续观察，后续分享中支持睿睿思考如何把长条木板融入小组的建构中。,肯定睿睿的创造性玩法，询问他长条板能否当桥面，引导他参与到搭桥任务中。,引导睿睿回顾计划，建议他先完成共同任务，长条木板可以等自由游戏时再玩。,看到睿睿玩得开心，暂不介入，等下一次活动时再提醒他根据计划开展游戏。,D 支架策略与游戏推进,E 共同游戏组织,CDAB,0,2,2,0,0.5,0.175,-0.7,0.7,2,0.5,0.0,0.5,0.5,0.75,1.0,64.783333,0.647833,11.466,16.974,28.44,-0.404976,0.191809,0.191809,0.095905,4,4,2,2,0,5,0,0,0,11.466,0.0,0,A,C/D,教师A：继续观察，后续分享中支持睿睿思考如何把长条木板融入小组的建构中。,教师C：引导睿睿回顾计划，建议他先完成共同任务，长条木板可以等自由游戏时再玩。；教师D：看到睿睿玩得开心，暂不介入，等下一次活动时再提醒他根据计划开展游戏。,过程复杂,首反应异常；多次调整；首末位摇摆,请教师回忆读到情境后最先注意到什么、是否很快形成判断或感到难判断；追问最理想或最不理想做法的判断为什么发生变化,0.55959,0.505732,主要IIV信号：选项焦点变化、过程冲突、同题过程信息量；可追问选项比较：教师C：引导睿睿回顾计划，建议他先完成共同任务，长条木板可以等自由游戏时再玩。；教师D：看到睿睿玩得开心，暂不介入，等下一次活动时再提醒他根据计划开展游戏。
教师28,sim_openid_028_602925,总体中等,2.7,27,Q9,9,艾莎公主不运动,小班的一次户外运动，有几个女孩子从一开始就没有选择任何体育活动项目，而是聚在一起坐在地上玩“艾莎公主”的游戏，比一比谁的鞋子最漂亮，谁的魔法最厉害。,询问幼儿没有参与运动的原因，提供丰富的活动材料吸引幼儿参与运动活动。,提醒幼儿现在是运动时间，请他们等自由游戏时间再一起玩“艾莎公主”的游戏。,利用艾莎公主的鞋子设计走、跑、跳等活动，并以参与者的身份邀请幼儿一起参与运动。,肯定幼儿自主游戏的行为，言语引导幼儿穿着“漂亮的鞋子”参与运动。,D 支架策略与游戏推进,A 儿童视角/B 目标平衡,CDAB,0,4,4,0,0.0,0.325,1.3,1.3,4,1.0,0.0,1.0,1.0,1.0,1.0,56.692424,0.566924,15.015,16.768,31.783,0.254459,0.123354,0.254459,0.12723,4,4,2,2,0,5,0,0,0,15.015,0.0,0,A,C/D,教师A：询问幼儿没有参与运动的原因，提供丰富的活动材料吸引幼儿参与运动活动。,教师C：利用艾莎公主的鞋子设计走、跑、跳等活动，并以参与者的身份邀请幼儿一起参与运动。；教师D：肯定幼儿自主游戏的行为，言语引导幼儿穿着“漂亮的鞋子”参与运动。,过程中等,多次调整；首末位摇摆,追问最理想或最不理想做法的判断为什么发生变化,0.512723,0.489819,主要IIV信号：过程冲突、修正信号、选项焦点变化；可追问选项比较：教师C：利用艾莎公主的鞋子设计走、跑、跳等活动，并以参与者的身份邀请幼儿一起参与运动。；教师D：肯定幼儿自主游戏的行为，言语引导幼儿穿着“漂亮的鞋子”参与运动。
教师28,sim_openid_028_602925,总体中等,2.7,27,Q3,3,材料选择无层次,大班上学期，张老师在建构区投放了按图搭建的游戏材料，并提供了不同星级难度的任务卡供幼儿选择，但有的幼儿一上来就选择高难度的三星级任务卡，结果不能顺利完成任务；而有的幼儿始终选择低难度的一星级任务卡。这天，浩浩又连续选择了几张一星级任务卡，很快就完成了任务。,调整任务卡提供方式，在游戏开始前根据幼儿的能力水平有针对性地发放任务卡。,暂不介入，尊重幼儿的自主选择和游戏体验，只要完成任务就是一种经验积累。,调整任务卡呈现方式，如增加“我想挑战”等提示，鼓励幼儿选择不同星级的挑战。,和浩浩回顾已完成的任务，比较不同星级的难度，邀请他选择稍有挑战的任务。,D 支架策略与游戏推进,C 观察诊断,DABC,0,3,3,0,0.25,0.075,0.3,0.3,3,0.75,0.0,0.75,0.75,0.75,0.75,52.133333,0.521333,23.018,12.55,35.568,1.2992,-1.501076,1.2992,0.6496,3,3,1,2,1,4,0,0,0,23.018,0.0,0,D,B/C,教师D：和浩浩回顾已完成的任务，比较不同星级的难度，邀请他选择稍有挑战的任务。,教师B：暂不介入，尊重幼儿的自主选择和游戏体验，只要完成任务就是一种经验积累。；教师C：调整任务卡呈现方式，如增加“我想挑战”等提示，鼓励幼儿选择不同星级的挑战。,过程简单,多次调整；首末位摇摆；优劣方向冲突,追问最理想或最不理想做法的判断为什么发生变化；追问是否曾把某做法从合适改判为不合适，或相反,0.53996,0.477277,主要IIV信号：过程冲突、修正信号、选项焦点变化；可追问选项比较：教师B：暂不介入，尊重幼儿的自主选择和游戏体验，只要完成任务就是一种经验积累。；教师C：调整任务卡呈现方式，如增加“我想挑战”等提示，鼓励幼儿选择不同星级的挑战。
教师28,sim_openid_028_602925,总体中等,2.7,27,Q7,7,飞行棋各走各的,大班区域游戏中，轩轩和小宇一起玩飞行棋，他们将棋子摆好后，各自拿了一个骰子开始投，小宇说：“该我走。”轩轩说：“明明该我走！”相持不下，于是两人各拿一个骰子，自顾自地走自己的棋。,耐心讲解共同游戏的规则，再以“棋手”身份加入游戏进行示范引导。,暂不介入，继续观察游戏进展，待区域小结时请幼儿分享游戏中的体验和问题。,拿走一个骰子，请幼儿商量只有一个骰子的共同游戏规则，达成一致后再开始游戏。,待幼儿体验一轮各走各的游戏后，询问幼儿的游戏体验，提示共同游戏规则的作用。,E 共同游戏组织与规则共建,B 规则平衡,DBCA,0,2,2,0,0.5,0.175,-0.7,0.7,2,0.5,0.0,0.5,0.5,0.666667,0.75,63.984496,0.639845,8.789,14.869,23.658,-1.055172,-0.550487,0.0,0.0,3,3,2,1,1,4,0,0,0,8.789,0.0,0,A,B/D,教师A：耐心讲解共同游戏的规则，再以“棋手”身份加入游戏进行示范引导。,教师B：暂不介入，继续观察游戏进展，待区域小结时请幼儿分享游戏中的体验和问题。；教师D：待幼儿体验一轮各走各的游戏后，询问幼儿的游戏体验，提示共同游戏规则的作用。,过程复杂,首反应异常；多次调整；首末位摇摆；优劣方向冲突,请教师回忆读到情境后最先注意到什么、是否很快形成判断或感到难判断；追问最理想或最不理想做法的判断为什么发生变化；追问是否曾把某做法从合适改判为不合适，或相反,0.508333,0.458242,主要IIV信号：选项焦点变化、过程冲突、同题过程信息量；可追问选项比较：教师B：暂不介入，继续观察游戏进展，待区域小结时请幼儿分享游戏中的体验和问题。；教师D：待幼儿体验一轮各走各的游戏后，询问幼儿的游戏体验，提示共同游戏规则的作用。
教师28,sim_openid_028_602925,总体中等,2.7,27,Q10,10,引水难题未解,中班上学期，幼儿在“引水游戏”中遇到了难题——水无法被引到竹片管道上。他们不断调整竹片拼接的方式，却始终没能成功，即竹片一头高于出水管道，阻碍了引流。渐渐地幼儿的探索兴趣也减弱了，有的开始玩水，有的甚至离开了水池。,示范正确的引水方法，请幼儿注意观察并说说引水的要领，再自己试一试。,加入幼儿的探索，引导他们观察水流受阻的位置，一起尝试调整竹片的摆放方式。,组织幼儿就游戏困难进行讨论，寻找解决问题的方案，引导幼儿再次尝试。,投放更多辅助引水的材料，重新激起幼儿的探索兴趣，继续观察游戏进展。,C 观察诊断与介入时机,D 探究支架,DACB,1,4,4,1,0.0,0.325,1.3,1.3,3,0.75,0.0,0.75,0.75,0.75,1.0,63.454651,0.634547,8.039,17.112,25.151,-1.273293,0.237204,0.237204,0.118602,3,3,3,1,1,4,0,0,0,8.191,0.0,0,D,A/B,教师D：投放更多辅助引水的材料，重新激起幼儿的探索兴趣，继续观察游戏进展。,教师A：示范正确的引水方法，请幼儿注意观察并说说引水的要领，再自己试一试。；教师B：加入幼儿的探索，引导他们观察水流受阻的位置，一起尝试调整竹片的摆放方式。,过程中等,多次调整；首末位摇摆；优劣方向冲突,追问最理想或最不理想做法的判断为什么发生变化；追问是否曾把某做法从合适改判为不合适，或相反,0.41186,0.417338,主要IIV信号：选项焦点变化、过程冲突、修正信号；可追问选项比较：教师A：示范正确的引水方法，请幼儿注意观察并说说引水的要领，再自己试一试。；教师B：加入幼儿的探索，引导他们观察水流受阻的位置，一起尝试调整竹片的摆放方式。
教师28,sim_openid_028_602925,总体中等,2.7,27,Q6,6,区域停留短,小班幼儿瑶瑶在区域活动时，一会儿在娃娃家切切菜，一会儿到美工区搓搓橡皮泥，一会儿又开心地跑到其它区域游戏，在任何一个区域停留时间都不超过三分钟。,提议瑶瑶完成某项游戏任务，如在娃娃家做菜，请他活动小结时分享。,游戏前提醒区域活动规则，活动结束后表扬区域游戏规则遵守得好的小朋友。,仔细观察瑶瑶在不同区域的游戏情况，分析他发生迅速转移的原因。,以同伴的身份陪伴瑶瑶在某一区域游戏，待他专注游戏后再离开。,C 观察诊断与介入时机,A 儿童视角,BCAD,2,4,4,2,0.0,0.325,1.3,1.3,2,0.5,0.0,0.5,0.5,0.75,0.75,58.816667,0.588167,24.624,20.929,45.553,1.464131,1.366062,1.464131,0.732065,4,4,1,2,0,4,1,1,0,24.624,0.0,0,A,A/C,教师A：提议瑶瑶完成某项游戏任务，如在娃娃家做菜，请他活动小结时分享。,教师A：提议瑶瑶完成某项游戏任务，如在娃娃家做菜，请他活动小结时分享。；教师C：仔细观察瑶瑶在不同区域的游戏情况，分析他发生迅速转移的原因。,过程中等,多次调整；首末位摇摆,追问最理想或最不理想做法的判断为什么发生变化,0.398207,0.413865,主要IIV信号：过程冲突、选项焦点变化、相对时间信号；可追问选项比较：教师A：提议瑶瑶完成某项游戏任务，如在娃娃家做菜，请他活动小结时分享。；教师C：仔细观察瑶瑶在不同区域的游戏情况，分析他发生迅速转移的原因。
教师28,sim_openid_028_602925,总体中等,2.7,27,Q8,8,跳绳秩序混乱,周三下午，大五班的幼儿正自发进行跳绳游戏。李老师观察后发现，挤在一起跳绳的幼儿人数较多，整个场面十分混乱，幼儿很容易出现碰撞现象。此外，由于当“柱子”的幼儿很久才能轮上跳绳，因此也显得很不耐烦。,请幼儿暂停游戏，将幼儿分成多个小组并引导他们以小组为单位分区域开展游戏。,请幼儿说一说跳绳活动中存在的问题，并邀请幼儿一起设置跳绳的规则。,提供更多数量和不同种类的跳绳，并言语引导幼儿分组分区同时进行跳绳游戏。,暂不介入，活动分享时通过照片或视频回放引导幼儿发现问题并商议解决办法。,E 共同游戏组织与规则共建,B 安全秩序,BDAC,2,4,4,2,0.0,0.325,1.3,1.3,2,0.5,0.0,0.5,0.5,0.666667,0.5,41.804545,0.418045,15.603,14.227,29.83,0.348396,-0.797931,0.348396,0.174198,3,3,1,1,0,4,0,0,0,15.603,0.0,0,A,B/D,教师A：请幼儿暂停游戏，将幼儿分成多个小组并引导他们以小组为单位分区域开展游戏。,教师B：请幼儿说一说跳绳活动中存在的问题，并邀请幼儿一起设置跳绳的规则。；教师D：暂不介入，活动分享时通过照片或视频回放引导幼儿发现问题并商议解决办法。,过程简单,多次调整；首末位摇摆,追问最理想或最不理想做法的判断为什么发生变化,0.300753,0.312072,主要IIV信号：过程冲突、修正信号、选项焦点变化；可追问选项比较：教师B：请幼儿说一说跳绳活动中存在的问题，并邀请幼儿一起设置跳绳的规则。；教师D：暂不介入，活动分享时通过照片或视频回放引导幼儿发现问题并商议解决办法。
教师29,sim_openid_029_918357,总体中等,2.4,24,Q1,1,篮球架玩水,操场上新安装了一些篮球架，幼儿经常在这里投篮。某天户外活动时，几名幼儿带着画笔和水桶来到这里，他们先是快乐地粉刷篮球架，之后开始往篮框里灌水，有的从上面灌，有的在下面接，忙的不亦乐乎，俨然这里成为了玩水的场地。,看到幼儿玩得很开心，不干预他们的玩水行为，待兴趣减弱后再讨论玩水的适宜性。,表扬幼儿的新发现，并询问在篮球架旁玩水是否合适，提议幼儿可以换个地方玩水。,参与到幼儿的“粉刷”游戏中，逐步引导幼儿到适宜玩水的地方继续开展游戏。,提醒幼儿篮球架是用于开展运动的，与其他幼儿一起召唤他们打篮球，转移他们的关注点。,B 自主游戏与规则/安全/价值平衡,A 游戏意义理解,CBDA,4,1,4,1,0.75,0.35,-1.4,1.4,-3,0.75,0.75,0.0,0.75,0.75,0.5,51.722358,0.517224,6.006,13.09,19.096,-1.47482,-0.666972,0.0,0.0,3,3,1,1,0,4,0,0,0,7.927,0.0,0,A,A/B,教师A：看到幼儿玩得很开心，不干预他们的玩水行为，待兴趣减弱后再讨论玩水的适宜性。,教师A：看到幼儿玩得很开心，不干预他们的玩水行为，待兴趣减弱后再讨论玩水的适宜性。；教师B：表扬幼儿的新发现，并询问在篮球架旁玩水是否合适，提议幼儿可以换个地方玩水。,过程中等,首反应异常；多次调整；首末位摇摆,请教师回忆读到情境后最先注意到什么、是否很快形成判断或感到难判断；追问最理想或最不理想做法的判断为什么发生变化,0.65,0.578361,主要IIV信号：结果风险、过程冲突、修正信号；可追问选项比较：教师A：看到幼儿玩得很开心，不干预他们的玩水行为，待兴趣减弱后再讨论玩水的适宜性。；教师B：表扬幼儿的新发现，并询问在篮球架旁玩水是否合适，提议幼儿可以换个地方玩水。
教师29,sim_openid_029_918357,总体中等,2.4,24,Q9,9,艾莎公主不运动,小班的一次户外运动，有几个女孩子从一开始就没有选择任何体育活动项目，而是聚在一起坐在地上玩“艾莎公主”的游戏，比一比谁的鞋子最漂亮，谁的魔法最厉害。,询问幼儿没有参与运动的原因，提供丰富的活动材料吸引幼儿参与运动活动。,提醒幼儿现在是运动时间，请他们等自由游戏时间再一起玩“艾莎公主”的游戏。,利用艾莎公主的鞋子设计走、跑、跳等活动，并以参与者的身份邀请幼儿一起参与运动。,肯定幼儿自主游戏的行为，言语引导幼儿穿着“漂亮的鞋子”参与运动。,D 支架策略与游戏推进,A 儿童视角/B 目标平衡,ABCD,0,0,1,0,1.0,0.6,-2.4,2.4,0,0.25,0.25,0.0,0.25,0.5,0.0,21.137879,0.211379,22.457,11.059,33.516,0.845542,-1.198534,0.845542,0.422771,2,2,0,0,0,2,1,1,1,22.457,0.0,0,,B/C,,教师B：提醒幼儿现在是运动时间，请他们等自由游戏时间再一起玩“艾莎公主”的游戏。；教师C：利用艾莎公主的鞋子设计走、跑、跳等活动，并以参与者的身份邀请幼儿一起参与运动。,过程简单,路径振荡,追问当时是否在几个判断标准之间反复权衡,0.592277,0.555346,主要IIV信号：结果风险、个人内相对偏离、过程冲突；可追问选项比较：教师B：提醒幼儿现在是运动时间，请他们等自由游戏时间再一起玩“艾莎公主”的游戏。；教师C：利用艾莎公主的鞋子设计走、跑、跳等活动，并以参与者的身份邀请幼儿一起参与运动。
教师29,sim_openid_029_918357,总体中等,2.4,24,Q2,2,未参与小组建构,大班建构活动中，睿睿和其他幼儿计划一起搭积木大桥，他们讨论了搭建方法，并进入区域开始搭建。就在其他幼儿在认真搭建时，睿睿发现了一块长条木板，他一会儿在地上推着走，一会儿当枪使，没有再参与小组的搭建。,继续观察，后续分享中支持睿睿思考如何把长条木板融入小组的建构中。,肯定睿睿的创造性玩法，询问他长条板能否当桥面，引导他参与到搭桥任务中。,引导睿睿回顾计划，建议他先完成共同任务，长条木板可以等自由游戏时再玩。,看到睿睿玩得开心，暂不介入，等下一次活动时再提醒他根据计划开展游戏。,D 支架策略与游戏推进,E 共同游戏组织,CDBA,0,4,4,0,0.0,0.4,1.6,1.6,4,1.0,0.0,1.0,1.0,1.0,1.0,70.038889,0.700389,15.145,23.064,38.209,0.152462,1.118809,1.118809,0.559404,7,7,4,2,1,7,1,1,1,15.145,0.0,0,A,B/D,教师A：继续观察，后续分享中支持睿睿思考如何把长条木板融入小组的建构中。,教师B：肯定睿睿的创造性玩法，询问他长条板能否当桥面，引导他参与到搭桥任务中。；教师D：看到睿睿玩得开心，暂不介入，等下一次活动时再提醒他根据计划开展游戏。,过程复杂,高修正投入；多次调整；首末位摇摆；优劣方向冲突；路径振荡,追问后续主要在比较哪些做法、为什么调整；追问最理想或最不理想做法的判断为什么发生变化；追问是否曾把某做法从合适改判为不合适，或相反；追问当时是否在几个判断标准之间反复权衡,0.55594,0.55096,主要IIV信号：过程冲突、修正信号、选项焦点变化；可追问选项比较：教师B：肯定睿睿的创造性玩法，询问他长条板能否当桥面，引导他参与到搭桥任务中。；教师D：看到睿睿玩得开心，暂不介入，等下一次活动时再提醒他根据计划开展游戏。
教师29,sim_openid_029_918357,总体中等,2.4,24,Q7,7,飞行棋各走各的,大班区域游戏中，轩轩和小宇一起玩飞行棋，他们将棋子摆好后，各自拿了一个骰子开始投，小宇说：“该我走。”轩轩说：“明明该我走！”相持不下，于是两人各拿一个骰子，自顾自地走自己的棋。,耐心讲解共同游戏的规则，再以“棋手”身份加入游戏进行示范引导。,暂不介入，继续观察游戏进展，待区域小结时请幼儿分享游戏中的体验和问题。,拿走一个骰子，请幼儿商量只有一个骰子的共同游戏规则，达成一致后再开始游戏。,待幼儿体验一轮各走各的游戏后，询问幼儿的游戏体验，提示共同游戏规则的作用。,E 共同游戏组织与规则共建,B 规则平衡,BDAC,0,2,3,0,0.5,0.1,-0.4,0.4,2,0.75,0.25,0.5,0.5,0.75,0.75,56.675194,0.566752,21.384,18.679,40.063,0.759403,0.453984,0.759403,0.379702,4,4,2,1,0,5,0,0,0,21.384,0.0,0,A,B/D,教师A：耐心讲解共同游戏的规则，再以“棋手”身份加入游戏进行示范引导。,教师B：暂不介入，继续观察游戏进展，待区域小结时请幼儿分享游戏中的体验和问题。；教师D：待幼儿体验一轮各走各的游戏后，询问幼儿的游戏体验，提示共同游戏规则的作用。,过程中等,多次调整；首末位摇摆,追问最理想或最不理想做法的判断为什么发生变化,0.56297,0.493808,主要IIV信号：过程冲突、选项焦点变化、同题过程信息量；可追问选项比较：教师B：暂不介入，继续观察游戏进展，待区域小结时请幼儿分享游戏中的体验和问题。；教师D：待幼儿体验一轮各走各的游戏后，询问幼儿的游戏体验，提示共同游戏规则的作用。
教师29,sim_openid_029_918357,总体中等,2.4,24,Q5,5,消防员救火开心,近几天，中班的幼儿十分热衷于在区域游戏时间玩“消防员救火”的游戏。游戏结束后的交流活动中，老师问幼儿最想分享什么时，阳阳说“娃娃家着火了，好开心啊！”。,抓住教育契机，向幼儿耐心解释真实的火灾会造成物品损失和人员伤亡。,询问幼儿开心的是“着火”本身，还是消防员成功救火、娃娃家的人得救？,引导幼儿思考“娃娃家着火”值不值得开心，帮助他们认识真实火灾是危险的。,请阳阳讲讲娃娃家着火后发生了什么、为什么开心，借此理解幼儿的游戏体验。,A 游戏意义理解与儿童视角,B 价值平衡,ACBD,2,2,2,1,0.5,0.1,-0.4,0.4,0,0.25,0.0,0.25,0.25,0.8,0.75,65.952713,0.659527,7.375,23.024,30.399,-1.113552,1.113336,1.113336,0.556668,5,5,0,3,0,5,1,1,0,7.375,0.0,0,B,B/D,教师B：询问幼儿开心的是“着火”本身，还是消防员成功救火、娃娃家的人得救？,教师B：询问幼儿开心的是“着火”本身，还是消防员成功救火、娃娃家的人得救？；教师D：请阳阳讲讲娃娃家着火后发生了什么、为什么开心，借此理解幼儿的游戏体验。,过程复杂,首反应异常；高修正投入；多次调整；首末位摇摆,请教师回忆读到情境后最先注意到什么、是否很快形成判断或感到难判断；追问后续主要在比较哪些做法、为什么调整；追问最理想或最不理想做法的判断为什么发生变化,0.540667,0.486143,主要IIV信号：过程冲突、选项焦点变化、同题过程信息量；可追问选项比较：教师B：询问幼儿开心的是“着火”本身，还是消防员成功救火、娃娃家的人得救？；教师D：请阳阳讲讲娃娃家着火后发生了什么、为什么开心，借此理解幼儿的游戏体验。
教师29,sim_openid_029_918357,总体中等,2.4,24,Q8,8,跳绳秩序混乱,周三下午，大五班的幼儿正自发进行跳绳游戏。李老师观察后发现，挤在一起跳绳的幼儿人数较多，整个场面十分混乱，幼儿很容易出现碰撞现象。此外，由于当“柱子”的幼儿很久才能轮上跳绳，因此也显得很不耐烦。,请幼儿暂停游戏，将幼儿分成多个小组并引导他们以小组为单位分区域开展游戏。,请幼儿说一说跳绳活动中存在的问题，并邀请幼儿一起设置跳绳的规则。,提供更多数量和不同种类的跳绳，并言语引导幼儿分组分区同时进行跳绳游戏。,暂不介入，活动分享时通过照片或视频回放引导幼儿发现问题并商议解决办法。,E 共同游戏组织与规则共建,B 安全秩序,BDAC,2,4,4,2,0.0,0.4,1.6,1.6,2,0.5,0.0,0.5,0.5,0.8,1.0,58.419697,0.584197,15.474,24.71,40.184,0.190272,1.336142,1.336142,0.668071,5,5,4,1,0,6,0,0,0,15.474,0.0,0,A,A/B,教师A：请幼儿暂停游戏，将幼儿分成多个小组并引导他们以小组为单位分区域开展游戏。,教师A：请幼儿暂停游戏，将幼儿分成多个小组并引导他们以小组为单位分区域开展游戏。；教师B：请幼儿说一说跳绳活动中存在的问题，并邀请幼儿一起设置跳绳的规则。,过程复杂,高修正投入；多次调整；首末位摇摆,追问后续主要在比较哪些做法、为什么调整；追问最理想或最不理想做法的判断为什么发生变化,0.426807,0.451017,主要IIV信号：选项焦点变化、过程冲突、相对时间信号；可追问选项比较：教师A：请幼儿暂停游戏，将幼儿分成多个小组并引导他们以小组为单位分区域开展游戏。；教师B：请幼儿说一说跳绳活动中存在的问题，并邀请幼儿一起设置跳绳的规则。
教师29,sim_openid_029_918357,总体中等,2.4,24,Q3,3,材料选择无层次,大班上学期，张老师在建构区投放了按图搭建的游戏材料，并提供了不同星级难度的任务卡供幼儿选择，但有的幼儿一上来就选择高难度的三星级任务卡，结果不能顺利完成任务；而有的幼儿始终选择低难度的一星级任务卡。这天，浩浩又连续选择了几张一星级任务卡，很快就完成了任务。,调整任务卡提供方式，在游戏开始前根据幼儿的能力水平有针对性地发放任务卡。,暂不介入，尊重幼儿的自主选择和游戏体验，只要完成任务就是一种经验积累。,调整任务卡呈现方式，如增加“我想挑战”等提示，鼓励幼儿选择不同星级的挑战。,和浩浩回顾已完成的任务，比较不同星级的难度，邀请他选择稍有挑战的任务。,D 支架策略与游戏推进,C 观察诊断,DBAC,0,3,3,0,0.25,0.15,0.6,0.6,3,0.75,0.0,0.75,0.75,0.75,0.75,45.022222,0.450222,19.468,13.833,33.301,0.594248,-0.492915,0.594248,0.297124,4,4,2,1,0,5,0,0,0,19.468,0.0,0,D,A/C,教师D：和浩浩回顾已完成的任务，比较不同星级的难度，邀请他选择稍有挑战的任务。,教师A：调整任务卡提供方式，在游戏开始前根据幼儿的能力水平有针对性地发放任务卡。；教师C：调整任务卡呈现方式，如增加“我想挑战”等提示，鼓励幼儿选择不同星级的挑战。,过程简单,多次调整；首末位摇摆,追问最理想或最不理想做法的判断为什么发生变化,0.504712,0.449723,主要IIV信号：过程冲突、修正信号、选项焦点变化；可追问选项比较：教师A：调整任务卡提供方式，在游戏开始前根据幼儿的能力水平有针对性地发放任务卡。；教师C：调整任务卡呈现方式，如增加“我想挑战”等提示，鼓励幼儿选择不同星级的挑战。
教师29,sim_openid_029_918357,总体中等,2.4,24,Q10,10,引水难题未解,中班上学期，幼儿在“引水游戏”中遇到了难题——水无法被引到竹片管道上。他们不断调整竹片拼接的方式，却始终没能成功，即竹片一头高于出水管道，阻碍了引流。渐渐地幼儿的探索兴趣也减弱了，有的开始玩水，有的甚至离开了水池。,示范正确的引水方法，请幼儿注意观察并说说引水的要领，再自己试一试。,加入幼儿的探索，引导他们观察水流受阻的位置，一起尝试调整竹片的摆放方式。,组织幼儿就游戏困难进行讨论，寻找解决问题的方案，引导幼儿再次尝试。,投放更多辅助引水的材料，重新激起幼儿的探索兴趣，继续观察游戏进展。,C 观察诊断与介入时机,D 探究支架,CDBA,1,2,2,1,0.5,0.1,-0.4,0.4,1,0.25,0.0,0.25,0.25,0.666667,0.75,56.733721,0.567337,7.115,12.688,19.803,-1.176698,-0.765311,0.0,0.0,3,3,1,2,0,4,0,0,0,10.241,0.0,0,A,A/B,教师A：示范正确的引水方法，请幼儿注意观察并说说引水的要领，再自己试一试。,教师A：示范正确的引水方法，请幼儿注意观察并说说引水的要领，再自己试一试。；教师B：加入幼儿的探索，引导他们观察水流受阻的位置，一起尝试调整竹片的摆放方式。,过程中等,首反应异常；多次调整；首末位摇摆,请教师回忆读到情境后最先注意到什么、是否很快形成判断或感到难判断；追问最理想或最不理想做法的判断为什么发生变化,0.458333,0.405867,主要IIV信号：选项焦点变化、过程冲突、同题过程信息量；可追问选项比较：教师A：示范正确的引水方法，请幼儿注意观察并说说引水的要领，再自己试一试。；教师B：加入幼儿的探索，引导他们观察水流受阻的位置，一起尝试调整竹片的摆放方式。
教师29,sim_openid_029_918357,总体中等,2.4,24,Q4,4,频繁求助,中班区域活动时，小明选择了建构区。玩了一会儿，他跑到老师面前说“老师，我不会搭……帮帮我吧”，教师问他需要什么帮助时，他一边说我不会搭，一边却很快地将房子从一层积木加高到了两层。看小明专注搭建后，老师就离开建构区了。可是没一会，小明又找了老师好几次，说“老师，帮帮我吧，我不会搭”。,鼓励小明独立搭建，引导他思考接下来如何搭建，及时表扬他的努力。,先示范搭建关键部分，请小明观察方法，再鼓励他照着继续搭建。,在旁观察小明的搭建过程，并适时反馈，帮助他理清搭建步骤。,帮小明回顾已搭建完成的部分，指导他设定小目标，尝试自己实现。,C 观察诊断与介入时机,D 支架策略,CADB,2,3,4,2,0.25,0.15,0.6,0.6,1,0.5,0.25,0.25,0.25,0.5,0.5,47.7,0.477,27.833,12.163,39.996,1.223143,-0.898539,1.223143,0.611571,2,2,1,1,0,3,0,0,0,27.833,0.0,0,B,B/C,教师B：先示范搭建关键部分，请小明观察方法，再鼓励他照着继续搭建。,教师B：先示范搭建关键部分，请小明观察方法，再鼓励他照着继续搭建。；教师C：在旁观察小明的搭建过程，并适时反馈，帮助他理清搭建步骤。,过程中等,首反应异常；首末位摇摆,请教师回忆读到情境后最先注意到什么、是否很快形成判断或感到难判断；追问最理想或最不理想做法的判断为什么发生变化,0.361157,0.345007,主要IIV信号：相对时间信号、过程冲突、选项焦点变化；可追问选项比较：教师B：先示范搭建关键部分，请小明观察方法，再鼓励他照着继续搭建。；教师C：在旁观察小明的搭建过程，并适时反馈，帮助他理清搭建步骤。
教师29,sim_openid_029_918357,总体中等,2.4,24,Q6,6,区域停留短,小班幼儿瑶瑶在区域活动时，一会儿在娃娃家切切菜，一会儿到美工区搓搓橡皮泥，一会儿又开心地跑到其它区域游戏，在任何一个区域停留时间都不超过三分钟。,提议瑶瑶完成某项游戏任务，如在娃娃家做菜，请他活动小结时分享。,游戏前提醒区域活动规则，活动结束后表扬区域游戏规则遵守得好的小朋友。,仔细观察瑶瑶在不同区域的游戏情况，分析他发生迅速转移的原因。,以同伴的身份陪伴瑶瑶在某一区域游戏，待他专注游戏后再离开。,C 观察诊断与介入时机,A 儿童视角,DABC,3,3,3,3,0.25,0.15,0.6,0.6,0,0.0,0.0,0.0,0.0,0.0,0.0,9.533333,0.095333,,,19.521,0.0,0.0,0.0,0.0,0,0,0,0,0,1,0,0,0,19.521,0.0,0,,,,,过程简单,过程相对平稳,追问教师当时主要依据什么形成排序,0.1,0.102267,主要IIV信号：结果风险、个人内相对偏离、同题过程信息量
教师30,sim_openid_030_839976,总体中等,2.8,28,Q10,10,引水难题未解,中班上学期，幼儿在“引水游戏”中遇到了难题——水无法被引到竹片管道上。他们不断调整竹片拼接的方式，却始终没能成功，即竹片一头高于出水管道，阻碍了引流。渐渐地幼儿的探索兴趣也减弱了，有的开始玩水，有的甚至离开了水池。,示范正确的引水方法，请幼儿注意观察并说说引水的要领，再自己试一试。,加入幼儿的探索，引导他们观察水流受阻的位置，一起尝试调整竹片的摆放方式。,组织幼儿就游戏困难进行讨论，寻找解决问题的方案，引导幼儿再次尝试。,投放更多辅助引水的材料，重新激起幼儿的探索兴趣，继续观察游戏进展。,C 观察诊断与介入时机,D 探究支架,BDCA,1,1,3,1,0.75,0.45,-1.8,1.8,0,0.5,0.5,0.0,0.5,0.833333,1.0,76.945349,0.769453,21.8,23.879,45.679,0.753848,1.136448,1.136448,0.568224,6,6,1,6,1,7,0,0,0,21.8,0.0,0,A,C/D,教师A：示范正确的引水方法，请幼儿注意观察并说说引水的要领，再自己试一试。,教师C：组织幼儿就游戏困难进行讨论，寻找解决问题的方案，引导幼儿再次尝试。；教师D：投放更多辅助引水的材料，重新激起幼儿的探索兴趣，继续观察游戏进展。,过程复杂,高修正投入；多次调整；首末位摇摆；优劣方向冲突,追问后续主要在比较哪些做法、为什么调整；追问最理想或最不理想做法的判断为什么发生变化；追问是否曾把某做法从合适改判为不合适，或相反,0.723489,0.687795,主要IIV信号：选项焦点变化、过程冲突、同题过程信息量；可追问选项比较：教师C：组织幼儿就游戏困难进行讨论，寻找解决问题的方案，引导幼儿再次尝试。；教师D：投放更多辅助引水的材料，重新激起幼儿的探索兴趣，继续观察游戏进展。
教师30,sim_openid_030_839976,总体中等,2.8,28,Q3,3,材料选择无层次,大班上学期，张老师在建构区投放了按图搭建的游戏材料，并提供了不同星级难度的任务卡供幼儿选择，但有的幼儿一上来就选择高难度的三星级任务卡，结果不能顺利完成任务；而有的幼儿始终选择低难度的一星级任务卡。这天，浩浩又连续选择了几张一星级任务卡，很快就完成了任务。,调整任务卡提供方式，在游戏开始前根据幼儿的能力水平有针对性地发放任务卡。,暂不介入，尊重幼儿的自主选择和游戏体验，只要完成任务就是一种经验积累。,调整任务卡呈现方式，如增加“我想挑战”等提示，鼓励幼儿选择不同星级的挑战。,和浩浩回顾已完成的任务，比较不同星级的难度，邀请他选择稍有挑战的任务。,D 支架策略与游戏推进,C 观察诊断,DBAC,0,3,4,0,0.25,0.05,0.2,0.2,3,1.0,0.25,0.75,0.75,1.0,1.0,77.316667,0.773167,7.522,15.534,23.056,-1.466163,-0.851675,0.0,0.0,5,5,2,3,0,5,1,1,1,7.522,0.0,0,D,B/D,教师D：和浩浩回顾已完成的任务，比较不同星级的难度，邀请他选择稍有挑战的任务。,教师B：暂不介入，尊重幼儿的自主选择和游戏体验，只要完成任务就是一种经验积累。；教师D：和浩浩回顾已完成的任务，比较不同星级的难度，邀请他选择稍有挑战的任务。,过程复杂,首反应异常；多次调整；首末位摇摆；路径振荡,请教师回忆读到情境后最先注意到什么、是否很快形成判断或感到难判断；追问最理想或最不理想做法的判断为什么发生变化；追问当时是否在几个判断标准之间反复权衡,0.55,0.483658,主要IIV信号：过程冲突、选项焦点变化、同题过程信息量；可追问选项比较：教师B：暂不介入，尊重幼儿的自主选择和游戏体验，只要完成任务就是一种经验积累。；教师D：和浩浩回顾已完成的任务，比较不同星级的难度，邀请他选择稍有挑战的任务。
教师30,sim_openid_030_839976,总体中等,2.8,28,Q9,9,艾莎公主不运动,小班的一次户外运动，有几个女孩子从一开始就没有选择任何体育活动项目，而是聚在一起坐在地上玩“艾莎公主”的游戏，比一比谁的鞋子最漂亮，谁的魔法最厉害。,询问幼儿没有参与运动的原因，提供丰富的活动材料吸引幼儿参与运动活动。,提醒幼儿现在是运动时间，请他们等自由游戏时间再一起玩“艾莎公主”的游戏。,利用艾莎公主的鞋子设计走、跑、跳等活动，并以参与者的身份邀请幼儿一起参与运动。,肯定幼儿自主游戏的行为，言语引导幼儿穿着“漂亮的鞋子”参与运动。,D 支架策略与游戏推进,A 儿童视角/B 目标平衡,BDAC,0,2,2,0,0.5,0.2,-0.8,0.8,2,0.5,0.0,0.5,0.5,0.75,0.5,55.692424,0.556924,9.806,18.933,28.739,-0.912949,0.063277,0.063277,0.031639,4,4,1,1,0,5,0,0,0,9.806,0.0,0,A,A/C,教师A：询问幼儿没有参与运动的原因，提供丰富的活动材料吸引幼儿参与运动活动。,教师A：询问幼儿没有参与运动的原因，提供丰富的活动材料吸引幼儿参与运动活动。；教师C：利用艾莎公主的鞋子设计走、跑、跳等活动，并以参与者的身份邀请幼儿一起参与运动。,过程中等,首反应异常；多次调整；首末位摇摆,请教师回忆读到情境后最先注意到什么、是否很快形成判断或感到难判断；追问最理想或最不理想做法的判断为什么发生变化,0.503164,0.44851,主要IIV信号：过程冲突、同题过程信息量、结果风险；可追问选项比较：教师A：询问幼儿没有参与运动的原因，提供丰富的活动材料吸引幼儿参与运动活动。；教师C：利用艾莎公主的鞋子设计走、跑、跳等活动，并以参与者的身份邀请幼儿一起参与运动。
教师30,sim_openid_030_839976,总体中等,2.8,28,Q6,6,区域停留短,小班幼儿瑶瑶在区域活动时，一会儿在娃娃家切切菜，一会儿到美工区搓搓橡皮泥，一会儿又开心地跑到其它区域游戏，在任何一个区域停留时间都不超过三分钟。,提议瑶瑶完成某项游戏任务，如在娃娃家做菜，请他活动小结时分享。,游戏前提醒区域活动规则，活动结束后表扬区域游戏规则遵守得好的小朋友。,仔细观察瑶瑶在不同区域的游戏情况，分析他发生迅速转移的原因。,以同伴的身份陪伴瑶瑶在某一区域游戏，待他专注游戏后再离开。,C 观察诊断与介入时机,A 儿童视角,DBAC,2,3,4,2,0.25,0.05,0.2,0.2,1,0.5,0.25,0.25,0.25,0.8,1.0,64.014729,0.640147,15.772,25.384,41.156,0.07856,1.419058,1.419058,0.709529,5,5,3,2,1,6,0,0,0,15.772,0.0,0,D,B/C,教师D：以同伴的身份陪伴瑶瑶在某一区域游戏，待他专注游戏后再离开。,教师B：游戏前提醒区域活动规则，活动结束后表扬区域游戏规则遵守得好的小朋友。；教师C：仔细观察瑶瑶在不同区域的游戏情况，分析他发生迅速转移的原因。,过程中等,高修正投入；多次调整；首末位摇摆；优劣方向冲突,追问后续主要在比较哪些做法、为什么调整；追问最理想或最不理想做法的判断为什么发生变化；追问是否曾把某做法从合适改判为不合适，或相反,0.480953,0.44296,主要IIV信号：选项焦点变化、过程冲突、相对时间信号；可追问选项比较：教师B：游戏前提醒区域活动规则，活动结束后表扬区域游戏规则遵守得好的小朋友。；教师C：仔细观察瑶瑶在不同区域的游戏情况，分析他发生迅速转移的原因。
教师30,sim_openid_030_839976,总体中等,2.8,28,Q2,2,未参与小组建构,大班建构活动中，睿睿和其他幼儿计划一起搭积木大桥，他们讨论了搭建方法，并进入区域开始搭建。就在其他幼儿在认真搭建时，睿睿发现了一块长条木板，他一会儿在地上推着走，一会儿当枪使，没有再参与小组的搭建。,继续观察，后续分享中支持睿睿思考如何把长条木板融入小组的建构中。,肯定睿睿的创造性玩法，询问他长条板能否当桥面，引导他参与到搭桥任务中。,引导睿睿回顾计划，建议他先完成共同任务，长条木板可以等自由游戏时再玩。,看到睿睿玩得开心，暂不介入，等下一次活动时再提醒他根据计划开展游戏。,D 支架策略与游戏推进,E 共同游戏组织,BDCA,0,4,4,0,0.0,0.3,1.2,1.2,4,1.0,0.0,1.0,1.0,1.0,0.5,41.805556,0.418056,19.499,17.967,37.466,0.521125,-0.178874,0.521125,0.260563,4,4,1,1,0,5,0,0,0,19.499,0.0,0,A,B/C,教师A：继续观察，后续分享中支持睿睿思考如何把长条木板融入小组的建构中。,教师B：肯定睿睿的创造性玩法，询问他长条板能否当桥面，引导他参与到搭桥任务中。；教师C：引导睿睿回顾计划，建议他先完成共同任务，长条木板可以等自由游戏时再玩。,过程简单,多次调整；首末位摇摆,追问最理想或最不理想做法的判断为什么发生变化,0.476056,0.441959,主要IIV信号：过程冲突、修正信号、选项焦点变化；可追问选项比较：教师B：肯定睿睿的创造性玩法，询问他长条板能否当桥面，引导他参与到搭桥任务中。；教师C：引导睿睿回顾计划，建议他先完成共同任务，长条木板可以等自由游戏时再玩。
教师30,sim_openid_030_839976,总体中等,2.8,28,Q7,7,飞行棋各走各的,大班区域游戏中，轩轩和小宇一起玩飞行棋，他们将棋子摆好后，各自拿了一个骰子开始投，小宇说：“该我走。”轩轩说：“明明该我走！”相持不下，于是两人各拿一个骰子，自顾自地走自己的棋。,耐心讲解共同游戏的规则，再以“棋手”身份加入游戏进行示范引导。,暂不介入，继续观察游戏进展，待区域小结时请幼儿分享游戏中的体验和问题。,拿走一个骰子，请幼儿商量只有一个骰子的共同游戏规则，达成一致后再开始游戏。,待幼儿体验一轮各走各的游戏后，询问幼儿的游戏体验，提示共同游戏规则的作用。,E 共同游戏组织与规则共建,B 规则平衡,ABDC,0,3,3,0,0.25,0.05,0.2,0.2,3,0.75,0.0,0.75,0.75,0.75,0.75,70.147674,0.701477,6.688,17.681,24.369,-1.711342,-0.25307,0.0,0.0,4,4,2,1,0,4,1,1,0,6.697,0.0,0,C,A/B,教师C：拿走一个骰子，请幼儿商量只有一个骰子的共同游戏规则，达成一致后再开始游戏。,教师A：耐心讲解共同游戏的规则，再以“棋手”身份加入游戏进行示范引导。；教师B：暂不介入，继续观察游戏进展，待区域小结时请幼儿分享游戏中的体验和问题。,过程复杂,首反应异常；多次调整；首末位摇摆,请教师回忆读到情境后最先注意到什么、是否很快形成判断或感到难判断；追问最理想或最不理想做法的判断为什么发生变化,0.475,0.417574,主要IIV信号：过程冲突、修正信号、选项焦点变化；可追问选项比较：教师A：耐心讲解共同游戏的规则，再以“棋手”身份加入游戏进行示范引导。；教师B：暂不介入，继续观察游戏进展，待区域小结时请幼儿分享游戏中的体验和问题。
教师30,sim_openid_030_839976,总体中等,2.8,28,Q5,5,消防员救火开心,近几天，中班的幼儿十分热衷于在区域游戏时间玩“消防员救火”的游戏。游戏结束后的交流活动中，老师问幼儿最想分享什么时，阳阳说“娃娃家着火了，好开心啊！”。,抓住教育契机，向幼儿耐心解释真实的火灾会造成物品损失和人员伤亡。,询问幼儿开心的是“着火”本身，还是消防员成功救火、娃娃家的人得救？,引导幼儿思考“娃娃家着火”值不值得开心，帮助他们认识真实火灾是危险的。,请阳阳讲讲娃娃家着火后发生了什么、为什么开心，借此理解幼儿的游戏体验。,A 游戏意义理解与儿童视角,B 价值平衡,BDAC,2,4,4,1,0.0,0.3,1.2,1.2,2,0.75,0.0,0.75,0.75,0.75,0.75,54.788372,0.547884,22.613,16.12,38.733,0.830239,-0.680455,0.830239,0.415119,4,4,2,1,0,5,0,0,0,22.613,0.0,0,A,B/D,教师A：抓住教育契机，向幼儿耐心解释真实的火灾会造成物品损失和人员伤亡。,教师B：询问幼儿开心的是“着火”本身，还是消防员成功救火、娃娃家的人得救？；教师D：请阳阳讲讲娃娃家着火后发生了什么、为什么开心，借此理解幼儿的游戏体验。,过程中等,多次调整；首末位摇摆,追问最理想或最不理想做法的判断为什么发生变化,0.416512,0.413906,主要IIV信号：过程冲突、修正信号、选项焦点变化；可追问选项比较：教师B：询问幼儿开心的是“着火”本身，还是消防员成功救火、娃娃家的人得救？；教师D：请阳阳讲讲娃娃家着火后发生了什么、为什么开心，借此理解幼儿的游戏体验。
教师30,sim_openid_030_839976,总体中等,2.8,28,Q1,1,篮球架玩水,操场上新安装了一些篮球架，幼儿经常在这里投篮。某天户外活动时，几名幼儿带着画笔和水桶来到这里，他们先是快乐地粉刷篮球架，之后开始往篮框里灌水，有的从上面灌，有的在下面接，忙的不亦乐乎，俨然这里成为了玩水的场地。,看到幼儿玩得很开心，不干预他们的玩水行为，待兴趣减弱后再讨论玩水的适宜性。,表扬幼儿的新发现，并询问在篮球架旁玩水是否合适，提议幼儿可以换个地方玩水。,参与到幼儿的“粉刷”游戏中，逐步引导幼儿到适宜玩水的地方继续开展游戏。,提醒幼儿篮球架是用于开展运动的，与其他幼儿一起召唤他们打篮球，转移他们的关注点。,B 自主游戏与规则/安全/价值平衡,A 游戏意义理解,CBAD,4,3,4,2,0.25,0.05,0.2,0.2,-1,0.5,0.25,0.25,0.25,0.75,1.0,48.615447,0.486154,16.39,23.377,39.767,0.158748,1.038206,1.038206,0.519103,4,4,4,0,0,4,1,1,1,16.39,0.0,0,A,A/B,教师A：看到幼儿玩得很开心，不干预他们的玩水行为，待兴趣减弱后再讨论玩水的适宜性。,教师A：看到幼儿玩得很开心，不干预他们的玩水行为，待兴趣减弱后再讨论玩水的适宜性。；教师B：表扬幼儿的新发现，并询问在篮球架旁玩水是否合适，提议幼儿可以换个地方玩水。,过程简单,多次调整；首末位摇摆；路径振荡,追问最理想或最不理想做法的判断为什么发生变化；追问当时是否在几个判断标准之间反复权衡,0.45191,0.408718,主要IIV信号：选项焦点变化、过程冲突、相对时间信号；可追问选项比较：教师A：看到幼儿玩得很开心，不干预他们的玩水行为，待兴趣减弱后再讨论玩水的适宜性。；教师B：表扬幼儿的新发现，并询问在篮球架旁玩水是否合适，提议幼儿可以换个地方玩水。
教师30,sim_openid_030_839976,总体中等,2.8,28,Q8,8,跳绳秩序混乱,周三下午，大五班的幼儿正自发进行跳绳游戏。李老师观察后发现，挤在一起跳绳的幼儿人数较多，整个场面十分混乱，幼儿很容易出现碰撞现象。此外，由于当“柱子”的幼儿很久才能轮上跳绳，因此也显得很不耐烦。,请幼儿暂停游戏，将幼儿分成多个小组并引导他们以小组为单位分区域开展游戏。,请幼儿说一说跳绳活动中存在的问题，并邀请幼儿一起设置跳绳的规则。,提供更多数量和不同种类的跳绳，并言语引导幼儿分组分区同时进行跳绳游戏。,暂不介入，活动分享时通过照片或视频回放引导幼儿发现问题并商议解决办法。,E 共同游戏组织与规则共建,B 安全秩序,DBAC,2,3,4,2,0.25,0.05,0.2,0.2,1,0.5,0.25,0.25,0.25,0.75,0.75,58.831818,0.588318,23.137,19.196,42.333,0.878033,0.127066,0.878033,0.439016,4,4,2,1,0,5,0,0,0,23.137,0.0,0,D,A/C,教师D：暂不介入，活动分享时通过照片或视频回放引导幼儿发现问题并商议解决办法。,教师A：请幼儿暂停游戏，将幼儿分成多个小组并引导他们以小组为单位分区域开展游戏。；教师C：提供更多数量和不同种类的跳绳，并言语引导幼儿分组分区同时进行跳绳游戏。,过程中等,多次调整；首末位摇摆,追问最理想或最不理想做法的判断为什么发生变化,0.418902,0.380818,主要IIV信号：过程冲突、选项焦点变化、同题过程信息量；可追问选项比较：教师A：请幼儿暂停游戏，将幼儿分成多个小组并引导他们以小组为单位分区域开展游戏。；教师C：提供更多数量和不同种类的跳绳，并言语引导幼儿分组分区同时进行跳绳游戏。
教师30,sim_openid_030_839976,总体中等,2.8,28,Q4,4,频繁求助,中班区域活动时，小明选择了建构区。玩了一会儿，他跑到老师面前说“老师，我不会搭……帮帮我吧”，教师问他需要什么帮助时，他一边说我不会搭，一边却很快地将房子从一层积木加高到了两层。看小明专注搭建后，老师就离开建构区了。可是没一会，小明又找了老师好几次，说“老师，帮帮我吧，我不会搭”。,鼓励小明独立搭建，引导他思考接下来如何搭建，及时表扬他的努力。,先示范搭建关键部分，请小明观察方法，再鼓励他照着继续搭建。,在旁观察小明的搭建过程，并适时反馈，帮助他理清搭建步骤。,帮小明回顾已搭建完成的部分，指导他设定小目标，尝试自己实现。,C 观察诊断与介入时机,D 支架策略,ABDC,2,2,2,2,0.5,0.2,-0.8,0.8,0,0.0,0.0,0.0,0.0,0.666667,0.25,37.616667,0.376167,23.047,12.599,35.646,0.869901,-1.81998,0.869901,0.434951,3,3,0,1,0,3,1,1,1,23.047,0.0,0,C,B/D,教师C：在旁观察小明的搭建过程，并适时反馈，帮助他理清搭建步骤。,教师B：先示范搭建关键部分，请小明观察方法，再鼓励他照着继续搭建。；教师D：帮小明回顾已搭建完成的部分，指导他设定小目标，尝试自己实现。,过程简单,多次调整；路径振荡,追问当时是否在几个判断标准之间反复权衡,0.401828,0.367303,主要IIV信号：过程冲突、结果风险、相对时间信号；可追问选项比较：教师B：先示范搭建关键部分，请小明观察方法，再鼓励他照着继续搭建。；教师D：帮小明回顾已搭建完成的部分，指导他设定小目标，尝试自己实现。
教师31,sim_openid_031_118844,总体中等,2.2,22,Q6,6,区域停留短,小班幼儿瑶瑶在区域活动时，一会儿在娃娃家切切菜，一会儿到美工区搓搓橡皮泥，一会儿又开心地跑到其它区域游戏，在任何一个区域停留时间都不超过三分钟。,提议瑶瑶完成某项游戏任务，如在娃娃家做菜，请他活动小结时分享。,游戏前提醒区域活动规则，活动结束后表扬区域游戏规则遵守得好的小朋友。,仔细观察瑶瑶在不同区域的游戏情况，分析他发生迅速转移的原因。,以同伴的身份陪伴瑶瑶在某一区域游戏，待他专注游戏后再离开。,C 观察诊断与介入时机,A 儿童视角,CDAB,2,0,4,0,1.0,0.55,-2.2,2.2,-2,1.0,1.0,0.0,1.0,1.0,1.0,69.296512,0.692965,21.563,22.065,43.628,1.152533,0.432427,1.152533,0.576267,5,5,3,3,2,5,1,1,1,21.563,0.0,0,A,A/B,教师A：提议瑶瑶完成某项游戏任务，如在娃娃家做菜，请他活动小结时分享。,教师A：提议瑶瑶完成某项游戏任务，如在娃娃家做菜，请他活动小结时分享。；教师B：游戏前提醒区域活动规则，活动结束后表扬区域游戏规则遵守得好的小朋友。,过程复杂,高修正投入；多次调整；首末位摇摆；优劣方向冲突；路径振荡,追问后续主要在比较哪些做法、为什么调整；追问最理想或最不理想做法的判断为什么发生变化；追问是否曾把某做法从合适改判为不合适，或相反；追问当时是否在几个判断标准之间反复权衡,0.957627,0.874775,主要IIV信号：结果风险、过程冲突、修正信号；可追问选项比较：教师A：提议瑶瑶完成某项游戏任务，如在娃娃家做菜，请他活动小结时分享。；教师B：游戏前提醒区域活动规则，活动结束后表扬区域游戏规则遵守得好的小朋友。
教师31,sim_openid_031_118844,总体中等,2.2,22,Q5,5,消防员救火开心,近几天，中班的幼儿十分热衷于在区域游戏时间玩“消防员救火”的游戏。游戏结束后的交流活动中，老师问幼儿最想分享什么时，阳阳说“娃娃家着火了，好开心啊！”。,抓住教育契机，向幼儿耐心解释真实的火灾会造成物品损失和人员伤亡。,询问幼儿开心的是“着火”本身，还是消防员成功救火、娃娃家的人得救？,引导幼儿思考“娃娃家着火”值不值得开心，帮助他们认识真实火灾是危险的。,请阳阳讲讲娃娃家着火后发生了什么、为什么开心，借此理解幼儿的游戏体验。,A 游戏意义理解与儿童视角,B 价值平衡,ACDB,2,1,2,0,0.75,0.3,-1.2,1.2,-1,0.5,0.25,0.25,0.25,0.8,1.0,63.522481,0.635225,14.543,22.391,36.934,-0.221213,0.468873,0.468873,0.234436,5,5,3,1,0,5,1,1,0,14.543,0.0,0,B,A/C,教师B：询问幼儿开心的是“着火”本身，还是消防员成功救火、娃娃家的人得救？,教师A：抓住教育契机，向幼儿耐心解释真实的火灾会造成物品损失和人员伤亡。；教师C：引导幼儿思考“娃娃家着火”值不值得开心，帮助他们认识真实火灾是危险的。,过程复杂,高修正投入；多次调整；首末位摇摆,追问后续主要在比较哪些做法、为什么调整；追问最理想或最不理想做法的判断为什么发生变化,0.633444,0.582705,主要IIV信号：选项焦点变化、过程冲突、结果风险；可追问选项比较：教师A：抓住教育契机，向幼儿耐心解释真实的火灾会造成物品损失和人员伤亡。；教师C：引导幼儿思考“娃娃家着火”值不值得开心，帮助他们认识真实火灾是危险的。
教师31,sim_openid_031_118844,总体中等,2.2,22,Q7,7,飞行棋各走各的,大班区域游戏中，轩轩和小宇一起玩飞行棋，他们将棋子摆好后，各自拿了一个骰子开始投，小宇说：“该我走。”轩轩说：“明明该我走！”相持不下，于是两人各拿一个骰子，自顾自地走自己的棋。,耐心讲解共同游戏的规则，再以“棋手”身份加入游戏进行示范引导。,暂不介入，继续观察游戏进展，待区域小结时请幼儿分享游戏中的体验和问题。,拿走一个骰子，请幼儿商量只有一个骰子的共同游戏规则，达成一致后再开始游戏。,待幼儿体验一轮各走各的游戏后，询问幼儿的游戏体验，提示共同游戏规则的作用。,E 共同游戏组织与规则共建,B 规则平衡,BDAC,0,2,2,0,0.5,0.05,-0.2,0.2,2,0.5,0.0,0.5,0.5,0.857143,1.0,74.414341,0.744143,17.257,30.372,47.629,0.375582,1.226443,1.226443,0.613222,7,7,3,3,1,6,2,2,0,17.257,0.0,0,A,B/D,教师A：耐心讲解共同游戏的规则，再以“棋手”身份加入游戏进行示范引导。,教师B：暂不介入，继续观察游戏进展，待区域小结时请幼儿分享游戏中的体验和问题。；教师D：待幼儿体验一轮各走各的游戏后，询问幼儿的游戏体验，提示共同游戏规则的作用。,过程复杂,高修正投入；多次调整；首末位摇摆；优劣方向冲突；路径振荡,追问后续主要在比较哪些做法、为什么调整；追问最理想或最不理想做法的判断为什么发生变化；追问是否曾把某做法从合适改判为不合适，或相反；追问当时是否在几个判断标准之间反复权衡,0.632751,0.559601,主要IIV信号：选项焦点变化、过程冲突、同题过程信息量；可追问选项比较：教师B：暂不介入，继续观察游戏进展，待区域小结时请幼儿分享游戏中的体验和问题。；教师D：待幼儿体验一轮各走各的游戏后，询问幼儿的游戏体验，提示共同游戏规则的作用。
教师31,sim_openid_031_118844,总体中等,2.2,22,Q2,2,未参与小组建构,大班建构活动中，睿睿和其他幼儿计划一起搭积木大桥，他们讨论了搭建方法，并进入区域开始搭建。就在其他幼儿在认真搭建时，睿睿发现了一块长条木板，他一会儿在地上推着走，一会儿当枪使，没有再参与小组的搭建。,继续观察，后续分享中支持睿睿思考如何把长条木板融入小组的建构中。,肯定睿睿的创造性玩法，询问他长条板能否当桥面，引导他参与到搭桥任务中。,引导睿睿回顾计划，建议他先完成共同任务，长条木板可以等自由游戏时再玩。,看到睿睿玩得开心，暂不介入，等下一次活动时再提醒他根据计划开展游戏。,D 支架策略与游戏推进,E 共同游戏组织,BCDA,0,3,3,0,0.25,0.2,0.8,0.8,3,0.75,0.0,0.75,0.75,0.833333,1.0,62.183333,0.621833,16.115,27.341,43.456,0.13678,0.96519,0.96519,0.482595,6,6,1,5,1,7,0,0,0,16.115,0.0,0,A,C/D,教师A：继续观察，后续分享中支持睿睿思考如何把长条木板融入小组的建构中。,教师C：引导睿睿回顾计划，建议他先完成共同任务，长条木板可以等自由游戏时再玩。；教师D：看到睿睿玩得开心，暂不介入，等下一次活动时再提醒他根据计划开展游戏。,过程中等,高修正投入；多次调整；首末位摇摆；优劣方向冲突,追问后续主要在比较哪些做法、为什么调整；追问最理想或最不理想做法的判断为什么发生变化；追问是否曾把某做法从合适改判为不合适，或相反,0.564926,0.521851,主要IIV信号：选项焦点变化、过程冲突、修正信号；可追问选项比较：教师C：引导睿睿回顾计划，建议他先完成共同任务，长条木板可以等自由游戏时再玩。；教师D：看到睿睿玩得开心，暂不介入，等下一次活动时再提醒他根据计划开展游戏。
教师31,sim_openid_031_118844,总体中等,2.2,22,Q1,1,篮球架玩水,操场上新安装了一些篮球架，幼儿经常在这里投篮。某天户外活动时，几名幼儿带着画笔和水桶来到这里，他们先是快乐地粉刷篮球架，之后开始往篮框里灌水，有的从上面灌，有的在下面接，忙的不亦乐乎，俨然这里成为了玩水的场地。,看到幼儿玩得很开心，不干预他们的玩水行为，待兴趣减弱后再讨论玩水的适宜性。,表扬幼儿的新发现，并询问在篮球架旁玩水是否合适，提议幼儿可以换个地方玩水。,参与到幼儿的“粉刷”游戏中，逐步引导幼儿到适宜玩水的地方继续开展游戏。,提醒幼儿篮球架是用于开展运动的，与其他幼儿一起召唤他们打篮球，转移他们的关注点。,B 自主游戏与规则/安全/价值平衡,A 游戏意义理解,ABDC,4,3,4,1,0.25,0.2,0.8,0.8,-1,0.75,0.25,0.5,0.5,0.75,0.75,59.356911,0.593569,22.881,21.555,44.436,1.359458,0.374317,1.359458,0.679729,4,4,2,1,0,4,1,1,0,22.881,0.0,0,C,A/B,教师C：参与到幼儿的“粉刷”游戏中，逐步引导幼儿到适宜玩水的地方继续开展游戏。,教师A：看到幼儿玩得很开心，不干预他们的玩水行为，待兴趣减弱后再讨论玩水的适宜性。；教师B：表扬幼儿的新发现，并询问在篮球架旁玩水是否合适，提议幼儿可以换个地方玩水。,过程中等,多次调整；首末位摇摆,追问最理想或最不理想做法的判断为什么发生变化,0.492973,0.465151,主要IIV信号：过程冲突、选项焦点变化、相对时间信号；可追问选项比较：教师A：看到幼儿玩得很开心，不干预他们的玩水行为，待兴趣减弱后再讨论玩水的适宜性。；教师B：表扬幼儿的新发现，并询问在篮球架旁玩水是否合适，提议幼儿可以换个地方玩水。
教师31,sim_openid_031_118844,总体中等,2.2,22,Q4,4,频繁求助,中班区域活动时，小明选择了建构区。玩了一会儿，他跑到老师面前说“老师，我不会搭……帮帮我吧”，教师问他需要什么帮助时，他一边说我不会搭，一边却很快地将房子从一层积木加高到了两层。看小明专注搭建后，老师就离开建构区了。可是没一会，小明又找了老师好几次，说“老师，帮帮我吧，我不会搭”。,鼓励小明独立搭建，引导他思考接下来如何搭建，及时表扬他的努力。,先示范搭建关键部分，请小明观察方法，再鼓励他照着继续搭建。,在旁观察小明的搭建过程，并适时反馈，帮助他理清搭建步骤。,帮小明回顾已搭建完成的部分，指导他设定小目标，尝试自己实现。,C 观察诊断与介入时机,D 支架策略,ACBD,2,3,3,2,0.25,0.2,0.8,0.8,1,0.25,0.0,0.25,0.25,0.8,1.0,55.65,0.5565,14.325,27.118,41.443,-0.273891,0.944839,0.944839,0.472419,5,5,4,0,0,4,2,2,2,14.325,0.0,0,B,A/C,教师B：先示范搭建关键部分，请小明观察方法，再鼓励他照着继续搭建。,教师A：鼓励小明独立搭建，引导他思考接下来如何搭建，及时表扬他的努力。；教师C：在旁观察小明的搭建过程，并适时反馈，帮助他理清搭建步骤。,过程中等,高修正投入；多次调整；首末位摇摆；路径振荡,追问后续主要在比较哪些做法、为什么调整；追问最理想或最不理想做法的判断为什么发生变化；追问当时是否在几个判断标准之间反复权衡,0.457242,0.437567,主要IIV信号：选项焦点变化、过程冲突、同题过程信息量；可追问选项比较：教师A：鼓励小明独立搭建，引导他思考接下来如何搭建，及时表扬他的努力。；教师C：在旁观察小明的搭建过程，并适时反馈，帮助他理清搭建步骤。
教师31,sim_openid_031_118844,总体中等,2.2,22,Q3,3,材料选择无层次,大班上学期，张老师在建构区投放了按图搭建的游戏材料，并提供了不同星级难度的任务卡供幼儿选择，但有的幼儿一上来就选择高难度的三星级任务卡，结果不能顺利完成任务；而有的幼儿始终选择低难度的一星级任务卡。这天，浩浩又连续选择了几张一星级任务卡，很快就完成了任务。,调整任务卡提供方式，在游戏开始前根据幼儿的能力水平有针对性地发放任务卡。,暂不介入，尊重幼儿的自主选择和游戏体验，只要完成任务就是一种经验积累。,调整任务卡呈现方式，如增加“我想挑战”等提示，鼓励幼儿选择不同星级的挑战。,和浩浩回顾已完成的任务，比较不同星级的难度，邀请他选择稍有挑战的任务。,D 支架策略与游戏推进,C 观察诊断,CBAD,0,2,2,0,0.5,0.05,-0.2,0.2,2,0.5,0.0,0.5,0.5,0.75,0.25,35.722222,0.357222,20.097,12.95,33.047,0.906961,-0.891801,0.906961,0.453481,4,4,1,0,0,3,2,2,2,20.097,0.0,0,A,A/B,教师A：调整任务卡提供方式，在游戏开始前根据幼儿的能力水平有针对性地发放任务卡。,教师A：调整任务卡提供方式，在游戏开始前根据幼儿的能力水平有针对性地发放任务卡。；教师B：暂不介入，尊重幼儿的自主选择和游戏体验，只要完成任务就是一种经验积累。,过程简单,多次调整；路径振荡,追问当时是否在几个判断标准之间反复权衡,0.520348,0.433209,主要IIV信号：过程冲突、结果风险、修正信号；可追问选项比较：教师A：调整任务卡提供方式，在游戏开始前根据幼儿的能力水平有针对性地发放任务卡。；教师B：暂不介入，尊重幼儿的自主选择和游戏体验，只要完成任务就是一种经验积累。
教师31,sim_openid_031_118844,总体中等,2.2,22,Q8,8,跳绳秩序混乱,周三下午，大五班的幼儿正自发进行跳绳游戏。李老师观察后发现，挤在一起跳绳的幼儿人数较多，整个场面十分混乱，幼儿很容易出现碰撞现象。此外，由于当“柱子”的幼儿很久才能轮上跳绳，因此也显得很不耐烦。,请幼儿暂停游戏，将幼儿分成多个小组并引导他们以小组为单位分区域开展游戏。,请幼儿说一说跳绳活动中存在的问题，并邀请幼儿一起设置跳绳的规则。,提供更多数量和不同种类的跳绳，并言语引导幼儿分组分区同时进行跳绳游戏。,暂不介入，活动分享时通过照片或视频回放引导幼儿发现问题并商议解决办法。,E 共同游戏组织与规则共建,B 安全秩序,CABD,2,1,2,1,0.75,0.3,-1.2,1.2,-1,0.25,0.25,0.0,0.25,0.5,0.25,27.237879,0.272379,13.401,12.568,25.969,-0.506448,-0.966205,0.0,0.0,2,2,1,0,0,3,0,0,0,13.401,0.0,0,C,B/C,教师C：提供更多数量和不同种类的跳绳，并言语引导幼儿分组分区同时进行跳绳游戏。,教师B：请幼儿说一说跳绳活动中存在的问题，并邀请幼儿一起设置跳绳的规则。；教师C：提供更多数量和不同种类的跳绳，并言语引导幼儿分组分区同时进行跳绳游戏。,过程简单,过程相对平稳,追问教师当时主要依据什么形成排序,0.475,0.421119,主要IIV信号：结果风险、过程冲突、个人内相对偏离；可追问选项比较：教师B：请幼儿说一说跳绳活动中存在的问题，并邀请幼儿一起设置跳绳的规则。；教师C：提供更多数量和不同种类的跳绳，并言语引导幼儿分组分区同时进行跳绳游戏。
教师31,sim_openid_031_118844,总体中等,2.2,22,Q10,10,引水难题未解,中班上学期，幼儿在“引水游戏”中遇到了难题——水无法被引到竹片管道上。他们不断调整竹片拼接的方式，却始终没能成功，即竹片一头高于出水管道，阻碍了引流。渐渐地幼儿的探索兴趣也减弱了，有的开始玩水，有的甚至离开了水池。,示范正确的引水方法，请幼儿注意观察并说说引水的要领，再自己试一试。,加入幼儿的探索，引导他们观察水流受阻的位置，一起尝试调整竹片的摆放方式。,组织幼儿就游戏困难进行讨论，寻找解决问题的方案，引导幼儿再次尝试。,投放更多辅助引水的材料，重新激起幼儿的探索兴趣，继续观察游戏进展。,C 观察诊断与介入时机,D 探究支架,DACB,1,4,4,1,0.0,0.45,1.8,1.8,3,0.75,0.0,0.75,0.75,0.75,0.75,53.366279,0.533663,9.367,9.993,19.36,-1.755565,-1.53593,0.0,0.0,2,2,1,2,1,3,0,0,0,9.367,0.0,0,D,B/C,教师D：投放更多辅助引水的材料，重新激起幼儿的探索兴趣，继续观察游戏进展。,教师B：加入幼儿的探索，引导他们观察水流受阻的位置，一起尝试调整竹片的摆放方式。；教师C：组织幼儿就游戏困难进行讨论，寻找解决问题的方案，引导幼儿再次尝试。,过程中等,首末位摇摆；优劣方向冲突,追问最理想或最不理想做法的判断为什么发生变化；追问是否曾把某做法从合适改判为不合适，或相反,0.375,0.394183,主要IIV信号：过程冲突、修正信号、选项焦点变化；可追问选项比较：教师B：加入幼儿的探索，引导他们观察水流受阻的位置，一起尝试调整竹片的摆放方式。；教师C：组织幼儿就游戏困难进行讨论，寻找解决问题的方案，引导幼儿再次尝试。
教师31,sim_openid_031_118844,总体中等,2.2,22,Q9,9,艾莎公主不运动,小班的一次户外运动，有几个女孩子从一开始就没有选择任何体育活动项目，而是聚在一起坐在地上玩“艾莎公主”的游戏，比一比谁的鞋子最漂亮，谁的魔法最厉害。,询问幼儿没有参与运动的原因，提供丰富的活动材料吸引幼儿参与运动活动。,提醒幼儿现在是运动时间，请他们等自由游戏时间再一起玩“艾莎公主”的游戏。,利用艾莎公主的鞋子设计走、跑、跳等活动，并以参与者的身份邀请幼儿一起参与运动。,肯定幼儿自主游戏的行为，言语引导幼儿穿着“漂亮的鞋子”参与运动。,D 支架策略与游戏推进,A 儿童视角/B 目标平衡,ADCB,0,3,3,0,0.25,0.2,0.8,0.8,3,0.75,0.0,0.75,0.75,0.75,0.25,33.55303,0.33553,11.066,12.308,23.374,-1.174199,-1.018152,0.0,0.0,2,2,0,1,0,3,0,0,0,11.066,0.0,0,B,C/D,教师B：提醒幼儿现在是运动时间，请他们等自由游戏时间再一起玩“艾莎公主”的游戏。,教师C：利用艾莎公主的鞋子设计走、跑、跳等活动，并以参与者的身份邀请幼儿一起参与运动。；教师D：肯定幼儿自主游戏的行为，言语引导幼儿穿着“漂亮的鞋子”参与运动。,过程简单,首反应异常,请教师回忆读到情境后最先注意到什么、是否很快形成判断或感到难判断,0.425,0.371777,主要IIV信号：过程冲突、修正信号、同题过程信息量；可追问选项比较：教师C：利用艾莎公主的鞋子设计走、跑、跳等活动，并以参与者的身份邀请幼儿一起参与运动。；教师D：肯定幼儿自主游戏的行为，言语引导幼儿穿着“漂亮的鞋子”参与运动。
教师32,sim_openid_032_852002,总体中等,2.0,20,Q4,4,频繁求助,中班区域活动时，小明选择了建构区。玩了一会儿，他跑到老师面前说“老师，我不会搭……帮帮我吧”，教师问他需要什么帮助时，他一边说我不会搭，一边却很快地将房子从一层积木加高到了两层。看小明专注搭建后，老师就离开建构区了。可是没一会，小明又找了老师好几次，说“老师，帮帮我吧，我不会搭”。,鼓励小明独立搭建，引导他思考接下来如何搭建，及时表扬他的努力。,先示范搭建关键部分，请小明观察方法，再鼓励他照着继续搭建。,在旁观察小明的搭建过程，并适时反馈，帮助他理清搭建步骤。,帮小明回顾已搭建完成的部分，指导他设定小目标，尝试自己实现。,C 观察诊断与介入时机,D 支架策略,BADC,2,1,4,1,0.75,0.25,-1.0,1.0,-1,0.75,0.75,0.0,0.75,0.8,1.0,73.516667,0.735167,22.77,26.264,49.034,0.792251,0.259893,0.792251,0.396125,5,5,3,2,0,5,1,1,1,22.77,0.0,0,A,B/D,教师A：鼓励小明独立搭建，引导他思考接下来如何搭建，及时表扬他的努力。,教师B：先示范搭建关键部分，请小明观察方法，再鼓励他照着继续搭建。；教师D：帮小明回顾已搭建完成的部分，指导他设定小目标，尝试自己实现。,过程复杂,高修正投入；多次调整；首末位摇摆；路径振荡,追问后续主要在比较哪些做法、为什么调整；追问最理想或最不理想做法的判断为什么发生变化；追问当时是否在几个判断标准之间反复权衡,0.749613,0.671371,主要IIV信号：选项焦点变化、过程冲突、结果风险；可追问选项比较：教师B：先示范搭建关键部分，请小明观察方法，再鼓励他照着继续搭建。；教师D：帮小明回顾已搭建完成的部分，指导他设定小目标，尝试自己实现。
教师32,sim_openid_032_852002,总体中等,2.0,20,Q2,2,未参与小组建构,大班建构活动中，睿睿和其他幼儿计划一起搭积木大桥，他们讨论了搭建方法，并进入区域开始搭建。就在其他幼儿在认真搭建时，睿睿发现了一块长条木板，他一会儿在地上推着走，一会儿当枪使，没有再参与小组的搭建。,继续观察，后续分享中支持睿睿思考如何把长条木板融入小组的建构中。,肯定睿睿的创造性玩法，询问他长条板能否当桥面，引导他参与到搭桥任务中。,引导睿睿回顾计划，建议他先完成共同任务，长条木板可以等自由游戏时再玩。,看到睿睿玩得开心，暂不介入，等下一次活动时再提醒他根据计划开展游戏。,D 支架策略与游戏推进,E 共同游戏组织,ACBD,0,1,2,0,0.75,0.25,-1.0,1.0,1,0.5,0.25,0.25,0.25,0.857143,1.0,81.933333,0.819333,12.902,35.863,48.765,-0.513653,1.026603,1.026603,0.513302,7,7,5,4,4,6,2,2,1,12.902,0.0,0,B,A/C,教师B：肯定睿睿的创造性玩法，询问他长条板能否当桥面，引导他参与到搭桥任务中。,教师A：继续观察，后续分享中支持睿睿思考如何把长条木板融入小组的建构中。；教师C：引导睿睿回顾计划，建议他先完成共同任务，长条木板可以等自由游戏时再玩。,过程复杂,高修正投入；多次调整；首末位摇摆；优劣方向冲突；路径振荡,追问后续主要在比较哪些做法、为什么调整；追问最理想或最不理想做法的判断为什么发生变化；追问是否曾把某做法从合适改判为不合适，或相反；追问当时是否在几个判断标准之间反复权衡,0.672759,0.620868,主要IIV信号：选项焦点变化、过程冲突、同题过程信息量；可追问选项比较：教师A：继续观察，后续分享中支持睿睿思考如何把长条木板融入小组的建构中。；教师C：引导睿睿回顾计划，建议他先完成共同任务，长条木板可以等自由游戏时再玩。
教师32,sim_openid_032_852002,总体中等,2.0,20,Q9,9,艾莎公主不运动,小班的一次户外运动，有几个女孩子从一开始就没有选择任何体育活动项目，而是聚在一起坐在地上玩“艾莎公主”的游戏，比一比谁的鞋子最漂亮，谁的魔法最厉害。,询问幼儿没有参与运动的原因，提供丰富的活动材料吸引幼儿参与运动活动。,提醒幼儿现在是运动时间，请他们等自由游戏时间再一起玩“艾莎公主”的游戏。,利用艾莎公主的鞋子设计走、跑、跳等活动，并以参与者的身份邀请幼儿一起参与运动。,肯定幼儿自主游戏的行为，言语引导幼儿穿着“漂亮的鞋子”参与运动。,D 支架策略与游戏推进,A 儿童视角/B 目标平衡,BCDA,0,1,1,0,0.75,0.25,-1.0,1.0,1,0.25,0.0,0.25,0.25,0.833333,1.0,82.05,0.8205,8.691,33.601,42.292,-1.421926,0.866249,0.866249,0.433125,6,6,1,5,1,7,0,0,0,8.691,0.0,0,A,C/D,教师A：询问幼儿没有参与运动的原因，提供丰富的活动材料吸引幼儿参与运动活动。,教师C：利用艾莎公主的鞋子设计走、跑、跳等活动，并以参与者的身份邀请幼儿一起参与运动。；教师D：肯定幼儿自主游戏的行为，言语引导幼儿穿着“漂亮的鞋子”参与运动。,过程复杂,首反应异常；高修正投入；多次调整；首末位摇摆；优劣方向冲突,请教师回忆读到情境后最先注意到什么、是否很快形成判断或感到难判断；追问后续主要在比较哪些做法、为什么调整；追问最理想或最不理想做法的判断为什么发生变化；追问是否曾把某做法从合适改判为不合适，或相反,0.659979,0.609337,主要IIV信号：选项焦点变化、过程冲突、同题过程信息量；可追问选项比较：教师C：利用艾莎公主的鞋子设计走、跑、跳等活动，并以参与者的身份邀请幼儿一起参与运动。；教师D：肯定幼儿自主游戏的行为，言语引导幼儿穿着“漂亮的鞋子”参与运动。
教师32,sim_openid_032_852002,总体中等,2.0,20,Q10,10,引水难题未解,中班上学期，幼儿在“引水游戏”中遇到了难题——水无法被引到竹片管道上。他们不断调整竹片拼接的方式，却始终没能成功，即竹片一头高于出水管道，阻碍了引流。渐渐地幼儿的探索兴趣也减弱了，有的开始玩水，有的甚至离开了水池。,示范正确的引水方法，请幼儿注意观察并说说引水的要领，再自己试一试。,加入幼儿的探索，引导他们观察水流受阻的位置，一起尝试调整竹片的摆放方式。,组织幼儿就游戏困难进行讨论，寻找解决问题的方案，引导幼儿再次尝试。,投放更多辅助引水的材料，重新激起幼儿的探索兴趣，继续观察游戏进展。,C 观察诊断与介入时机,D 探究支架,DCAB,1,3,3,1,0.25,0.25,1.0,1.0,2,0.5,0.0,0.5,0.5,0.8,1.0,85.012791,0.850128,28.306,26.089,54.395,1.292555,0.243438,1.292555,0.646278,5,5,2,3,0,4,2,2,2,28.306,0.0,0,D,C/D,教师D：投放更多辅助引水的材料，重新激起幼儿的探索兴趣，继续观察游戏进展。,教师C：组织幼儿就游戏困难进行讨论，寻找解决问题的方案，引导幼儿再次尝试。；教师D：投放更多辅助引水的材料，重新激起幼儿的探索兴趣，继续观察游戏进展。,过程复杂,首反应异常；高修正投入；多次调整；首末位摇摆；路径振荡,请教师回忆读到情境后最先注意到什么、是否很快形成判断或感到难判断；追问后续主要在比较哪些做法、为什么调整；追问最理想或最不理想做法的判断为什么发生变化；追问当时是否在几个判断标准之间反复权衡,0.524628,0.514634,主要IIV信号：选项焦点变化、同题过程信息量、过程冲突；可追问选项比较：教师C：组织幼儿就游戏困难进行讨论，寻找解决问题的方案，引导幼儿再次尝试。；教师D：投放更多辅助引水的材料，重新激起幼儿的探索兴趣，继续观察游戏进展。
教师32,sim_openid_032_852002,总体中等,2.0,20,Q5,5,消防员救火开心,近几天，中班的幼儿十分热衷于在区域游戏时间玩“消防员救火”的游戏。游戏结束后的交流活动中，老师问幼儿最想分享什么时，阳阳说“娃娃家着火了，好开心啊！”。,抓住教育契机，向幼儿耐心解释真实的火灾会造成物品损失和人员伤亡。,询问幼儿开心的是“着火”本身，还是消防员成功救火、娃娃家的人得救？,引导幼儿思考“娃娃家着火”值不值得开心，帮助他们认识真实火灾是危险的。,请阳阳讲讲娃娃家着火后发生了什么、为什么开心，借此理解幼儿的游戏体验。,A 游戏意义理解与儿童视角,B 价值平衡,BADC,2,3,3,1,0.25,0.25,1.0,1.0,1,0.5,0.0,0.5,0.5,0.875,1.0,75.464341,0.754643,16.586,29.633,46.219,0.063771,0.556945,0.556945,0.278472,8,8,3,6,2,7,2,2,0,16.586,0.0,0,A,C/D,教师A：抓住教育契机，向幼儿耐心解释真实的火灾会造成物品损失和人员伤亡。,教师C：引导幼儿思考“娃娃家着火”值不值得开心，帮助他们认识真实火灾是危险的。；教师D：请阳阳讲讲娃娃家着火后发生了什么、为什么开心，借此理解幼儿的游戏体验。,过程复杂,高修正投入；多次调整；首末位摇摆；优劣方向冲突；路径振荡,追问后续主要在比较哪些做法、为什么调整；追问最理想或最不理想做法的判断为什么发生变化；追问是否曾把某做法从合适改判为不合适，或相反；追问当时是否在几个判断标准之间反复权衡,0.502847,0.484329,主要IIV信号：选项焦点变化、过程冲突、同题过程信息量；可追问选项比较：教师C：引导幼儿思考“娃娃家着火”值不值得开心，帮助他们认识真实火灾是危险的。；教师D：请阳阳讲讲娃娃家着火后发生了什么、为什么开心，借此理解幼儿的游戏体验。
教师32,sim_openid_032_852002,总体中等,2.0,20,Q3,3,材料选择无层次,大班上学期，张老师在建构区投放了按图搭建的游戏材料，并提供了不同星级难度的任务卡供幼儿选择，但有的幼儿一上来就选择高难度的三星级任务卡，结果不能顺利完成任务；而有的幼儿始终选择低难度的一星级任务卡。这天，浩浩又连续选择了几张一星级任务卡，很快就完成了任务。,调整任务卡提供方式，在游戏开始前根据幼儿的能力水平有针对性地发放任务卡。,暂不介入，尊重幼儿的自主选择和游戏体验，只要完成任务就是一种经验积累。,调整任务卡呈现方式，如增加“我想挑战”等提示，鼓励幼儿选择不同星级的挑战。,和浩浩回顾已完成的任务，比较不同星级的难度，邀请他选择稍有挑战的任务。,D 支架策略与游戏推进,C 观察诊断,BDCA,0,3,3,0,0.25,0.25,1.0,1.0,3,0.75,0.0,0.75,0.75,0.75,0.5,51.977778,0.519778,25.826,10.408,36.234,1.081767,-2.018342,1.081767,0.540883,2,2,1,1,1,3,0,0,0,25.826,0.0,0,A,C/D,教师A：调整任务卡提供方式，在游戏开始前根据幼儿的能力水平有针对性地发放任务卡。,教师C：调整任务卡呈现方式，如增加“我想挑战”等提示，鼓励幼儿选择不同星级的挑战。；教师D：和浩浩回顾已完成的任务，比较不同星级的难度，邀请他选择稍有挑战的任务。,过程简单,首反应异常；首末位摇摆；优劣方向冲突,请教师回忆读到情境后最先注意到什么、是否很快形成判断或感到难判断；追问最理想或最不理想做法的判断为什么发生变化；追问是否曾把某做法从合适改判为不合适，或相反,0.504088,0.467577,主要IIV信号：过程冲突、修正信号、相对时间信号；可追问选项比较：教师C：调整任务卡呈现方式，如增加“我想挑战”等提示，鼓励幼儿选择不同星级的挑战。；教师D：和浩浩回顾已完成的任务，比较不同星级的难度，邀请他选择稍有挑战的任务。
教师32,sim_openid_032_852002,总体中等,2.0,20,Q8,8,跳绳秩序混乱,周三下午，大五班的幼儿正自发进行跳绳游戏。李老师观察后发现，挤在一起跳绳的幼儿人数较多，整个场面十分混乱，幼儿很容易出现碰撞现象。此外，由于当“柱子”的幼儿很久才能轮上跳绳，因此也显得很不耐烦。,请幼儿暂停游戏，将幼儿分成多个小组并引导他们以小组为单位分区域开展游戏。,请幼儿说一说跳绳活动中存在的问题，并邀请幼儿一起设置跳绳的规则。,提供更多数量和不同种类的跳绳，并言语引导幼儿分组分区同时进行跳绳游戏。,暂不介入，活动分享时通过照片或视频回放引导幼儿发现问题并商议解决办法。,E 共同游戏组织与规则共建,B 安全秩序,DCBA,2,2,2,1,0.5,0.0,0.0,0.0,0,0.25,0.0,0.25,0.25,0.833333,1.0,84.068182,0.840682,8.869,24.912,33.781,-1.375319,0.129814,0.129814,0.064907,6,6,4,1,1,6,1,1,1,8.869,0.0,0,A,A/C,教师A：请幼儿暂停游戏，将幼儿分成多个小组并引导他们以小组为单位分区域开展游戏。,教师A：请幼儿暂停游戏，将幼儿分成多个小组并引导他们以小组为单位分区域开展游戏。；教师C：提供更多数量和不同种类的跳绳，并言语引导幼儿分组分区同时进行跳绳游戏。,过程复杂,首反应异常；高修正投入；多次调整；首末位摇摆；优劣方向冲突；路径振荡,请教师回忆读到情境后最先注意到什么、是否很快形成判断或感到难判断；追问后续主要在比较哪些做法、为什么调整；追问最理想或最不理想做法的判断为什么发生变化；追问是否曾把某做法从合适改判为不合适，或相反；追问当时是否在几个判断标准之间反复权衡,0.523157,0.461025,主要IIV信号：选项焦点变化、同题过程信息量、过程冲突；可追问选项比较：教师A：请幼儿暂停游戏，将幼儿分成多个小组并引导他们以小组为单位分区域开展游戏。；教师C：提供更多数量和不同种类的跳绳，并言语引导幼儿分组分区同时进行跳绳游戏。
教师32,sim_openid_032_852002,总体中等,2.0,20,Q6,6,区域停留短,小班幼儿瑶瑶在区域活动时，一会儿在娃娃家切切菜，一会儿到美工区搓搓橡皮泥，一会儿又开心地跑到其它区域游戏，在任何一个区域停留时间都不超过三分钟。,提议瑶瑶完成某项游戏任务，如在娃娃家做菜，请他活动小结时分享。,游戏前提醒区域活动规则，活动结束后表扬区域游戏规则遵守得好的小朋友。,仔细观察瑶瑶在不同区域的游戏情况，分析他发生迅速转移的原因。,以同伴的身份陪伴瑶瑶在某一区域游戏，待他专注游戏后再离开。,C 观察诊断与介入时机,A 儿童视角,DABC,2,3,4,2,0.25,0.25,1.0,1.0,1,0.5,0.25,0.25,0.25,0.8,1.0,68.560465,0.685605,19.678,25.735,45.413,0.456747,0.209812,0.456747,0.228373,5,5,3,3,1,4,2,2,0,19.678,0.0,0,D,C/D,教师D：以同伴的身份陪伴瑶瑶在某一区域游戏，待他专注游戏后再离开。,教师C：仔细观察瑶瑶在不同区域的游戏情况，分析他发生迅速转移的原因。；教师D：以同伴的身份陪伴瑶瑶在某一区域游戏，待他专注游戏后再离开。,过程中等,高修正投入；多次调整；首末位摇摆；优劣方向冲突；路径振荡,追问后续主要在比较哪些做法、为什么调整；追问最理想或最不理想做法的判断为什么发生变化；追问是否曾把某做法从合适改判为不合适，或相反；追问当时是否在几个判断标准之间反复权衡,0.432837,0.427118,主要IIV信号：选项焦点变化、过程冲突、同题过程信息量；可追问选项比较：教师C：仔细观察瑶瑶在不同区域的游戏情况，分析他发生迅速转移的原因。；教师D：以同伴的身份陪伴瑶瑶在某一区域游戏，待他专注游戏后再离开。
教师32,sim_openid_032_852002,总体中等,2.0,20,Q7,7,飞行棋各走各的,大班区域游戏中，轩轩和小宇一起玩飞行棋，他们将棋子摆好后，各自拿了一个骰子开始投，小宇说：“该我走。”轩轩说：“明明该我走！”相持不下，于是两人各拿一个骰子，自顾自地走自己的棋。,耐心讲解共同游戏的规则，再以“棋手”身份加入游戏进行示范引导。,暂不介入，继续观察游戏进展，待区域小结时请幼儿分享游戏中的体验和问题。,拿走一个骰子，请幼儿商量只有一个骰子的共同游戏规则，达成一致后再开始游戏。,待幼儿体验一轮各走各的游戏后，询问幼儿的游戏体验，提示共同游戏规则的作用。,E 共同游戏组织与规则共建,B 规则平衡,BDAC,0,2,2,0,0.5,0.0,0.0,0.0,2,0.5,0.0,0.5,0.5,0.666667,0.75,53.193798,0.531938,13.697,14.081,27.778,-0.376193,-1.274412,0.0,0.0,3,3,1,2,1,4,0,0,0,13.697,0.0,0,A,A/C,教师A：耐心讲解共同游戏的规则，再以“棋手”身份加入游戏进行示范引导。,教师A：耐心讲解共同游戏的规则，再以“棋手”身份加入游戏进行示范引导。；教师C：拿走一个骰子，请幼儿商量只有一个骰子的共同游戏规则，达成一致后再开始游戏。,过程简单,多次调整；首末位摇摆；优劣方向冲突,追问最理想或最不理想做法的判断为什么发生变化；追问是否曾把某做法从合适改判为不合适，或相反,0.508333,0.426597,主要IIV信号：选项焦点变化、过程冲突、同题过程信息量；可追问选项比较：教师A：耐心讲解共同游戏的规则，再以“棋手”身份加入游戏进行示范引导。；教师C：拿走一个骰子，请幼儿商量只有一个骰子的共同游戏规则，达成一致后再开始游戏。
教师32,sim_openid_032_852002,总体中等,2.0,20,Q1,1,篮球架玩水,操场上新安装了一些篮球架，幼儿经常在这里投篮。某天户外活动时，几名幼儿带着画笔和水桶来到这里，他们先是快乐地粉刷篮球架，之后开始往篮框里灌水，有的从上面灌，有的在下面接，忙的不亦乐乎，俨然这里成为了玩水的场地。,看到幼儿玩得很开心，不干预他们的玩水行为，待兴趣减弱后再讨论玩水的适宜性。,表扬幼儿的新发现，并询问在篮球架旁玩水是否合适，提议幼儿可以换个地方玩水。,参与到幼儿的“粉刷”游戏中，逐步引导幼儿到适宜玩水的地方继续开展游戏。,提醒幼儿篮球架是用于开展运动的，与其他幼儿一起召唤他们打篮球，转移他们的关注点。,B 自主游戏与规则/安全/价值平衡,A 游戏意义理解,BCDA,1,1,1,1,0.75,0.25,-1.0,1.0,0,0.0,0.0,0.0,0.0,0.0,0.0,10.383333,0.103833,,,27.335,0.0,0.0,0.0,0.0,0,0,0,0,0,1,0,0,0,27.335,0.0,0,,,,,过程简单,过程相对平稳,追问教师当时主要依据什么形成排序,0.3,0.267692,主要IIV信号：结果风险、个人内相对偏离、同题过程信息量
教师33,sim_openid_033_569567,总体中等,2.3,23,Q2,2,未参与小组建构,大班建构活动中，睿睿和其他幼儿计划一起搭积木大桥，他们讨论了搭建方法，并进入区域开始搭建。就在其他幼儿在认真搭建时，睿睿发现了一块长条木板，他一会儿在地上推着走，一会儿当枪使，没有再参与小组的搭建。,继续观察，后续分享中支持睿睿思考如何把长条木板融入小组的建构中。,肯定睿睿的创造性玩法，询问他长条板能否当桥面，引导他参与到搭桥任务中。,引导睿睿回顾计划，建议他先完成共同任务，长条木板可以等自由游戏时再玩。,看到睿睿玩得开心，暂不介入，等下一次活动时再提醒他根据计划开展游戏。,D 支架策略与游戏推进,E 共同游戏组织,CABD,0,1,4,0,0.75,0.325,-1.3,1.3,1,1.0,0.75,0.25,0.75,1.0,0.75,64.861111,0.648611,26.212,30.382,56.594,0.435393,-0.092785,0.435393,0.217697,5,5,1,2,0,5,1,1,0,26.212,0.0,0,C,A/B,教师C：引导睿睿回顾计划，建议他先完成共同任务，长条木板可以等自由游戏时再玩。,教师A：继续观察，后续分享中支持睿睿思考如何把长条木板融入小组的建构中。；教师B：肯定睿睿的创造性玩法，询问他长条板能否当桥面，引导他参与到搭桥任务中。,过程中等,高修正投入；多次调整；首末位摇摆,追问后续主要在比较哪些做法、为什么调整；追问最理想或最不理想做法的判断为什么发生变化,0.74677,0.66545,主要IIV信号：过程冲突、结果风险、修正信号；可追问选项比较：教师A：继续观察，后续分享中支持睿睿思考如何把长条木板融入小组的建构中。；教师B：肯定睿睿的创造性玩法，询问他长条板能否当桥面，引导他参与到搭桥任务中。
教师33,sim_openid_033_569567,总体中等,2.3,23,Q5,5,消防员救火开心,近几天，中班的幼儿十分热衷于在区域游戏时间玩“消防员救火”的游戏。游戏结束后的交流活动中，老师问幼儿最想分享什么时，阳阳说“娃娃家着火了，好开心啊！”。,抓住教育契机，向幼儿耐心解释真实的火灾会造成物品损失和人员伤亡。,询问幼儿开心的是“着火”本身，还是消防员成功救火、娃娃家的人得救？,引导幼儿思考“娃娃家着火”值不值得开心，帮助他们认识真实火灾是危险的。,请阳阳讲讲娃娃家着火后发生了什么、为什么开心，借此理解幼儿的游戏体验。,A 游戏意义理解与儿童视角,B 价值平衡,CDBA,2,1,2,1,0.75,0.325,-1.3,1.3,-1,0.25,0.25,0.0,0.25,0.75,0.75,72.183721,0.721837,44.092,29.162,73.254,1.7694,-0.306493,1.7694,0.8847,4,4,1,2,0,5,0,0,0,44.092,0.0,0,A,A/B,教师A：抓住教育契机，向幼儿耐心解释真实的火灾会造成物品损失和人员伤亡。,教师A：抓住教育契机，向幼儿耐心解释真实的火灾会造成物品损失和人员伤亡。；教师B：询问幼儿开心的是“着火”本身，还是消防员成功救火、娃娃家的人得救？,过程复杂,首反应异常；高修正投入；多次调整；首末位摇摆,请教师回忆读到情境后最先注意到什么、是否很快形成判断或感到难判断；追问后续主要在比较哪些做法、为什么调整；追问最理想或最不理想做法的判断为什么发生变化,0.66347,0.623312,主要IIV信号：相对时间信号、结果风险、过程冲突；可追问选项比较：教师A：抓住教育契机，向幼儿耐心解释真实的火灾会造成物品损失和人员伤亡。；教师B：询问幼儿开心的是“着火”本身，还是消防员成功救火、娃娃家的人得救？
教师33,sim_openid_033_569567,总体中等,2.3,23,Q8,8,跳绳秩序混乱,周三下午，大五班的幼儿正自发进行跳绳游戏。李老师观察后发现，挤在一起跳绳的幼儿人数较多，整个场面十分混乱，幼儿很容易出现碰撞现象。此外，由于当“柱子”的幼儿很久才能轮上跳绳，因此也显得很不耐烦。,请幼儿暂停游戏，将幼儿分成多个小组并引导他们以小组为单位分区域开展游戏。,请幼儿说一说跳绳活动中存在的问题，并邀请幼儿一起设置跳绳的规则。,提供更多数量和不同种类的跳绳，并言语引导幼儿分组分区同时进行跳绳游戏。,暂不介入，活动分享时通过照片或视频回放引导幼儿发现问题并商议解决办法。,E 共同游戏组织与规则共建,B 安全秩序,ABDC,2,2,3,1,0.5,0.075,-0.3,0.3,0,0.5,0.25,0.25,0.25,0.857143,1.0,86.639394,0.866394,25.539,45.095,70.634,0.368673,1.966512,1.966512,0.983256,7,7,3,6,2,6,2,2,0,25.539,0.0,0,C,C/D,教师C：提供更多数量和不同种类的跳绳，并言语引导幼儿分组分区同时进行跳绳游戏。,教师C：提供更多数量和不同种类的跳绳，并言语引导幼儿分组分区同时进行跳绳游戏。；教师D：暂不介入，活动分享时通过照片或视频回放引导幼儿发现问题并商议解决办法。,过程复杂,首反应异常；高修正投入；多次调整；首末位摇摆；优劣方向冲突；路径振荡,请教师回忆读到情境后最先注意到什么、是否很快形成判断或感到难判断；追问后续主要在比较哪些做法、为什么调整；追问最理想或最不理想做法的判断为什么发生变化；追问是否曾把某做法从合适改判为不合适，或相反；追问当时是否在几个判断标准之间反复权衡,0.619754,0.568967,主要IIV信号：选项焦点变化、相对时间信号、同题过程信息量；可追问选项比较：教师C：提供更多数量和不同种类的跳绳，并言语引导幼儿分组分区同时进行跳绳游戏。；教师D：暂不介入，活动分享时通过照片或视频回放引导幼儿发现问题并商议解决办法。
教师33,sim_openid_033_569567,总体中等,2.3,23,Q3,3,材料选择无层次,大班上学期，张老师在建构区投放了按图搭建的游戏材料，并提供了不同星级难度的任务卡供幼儿选择，但有的幼儿一上来就选择高难度的三星级任务卡，结果不能顺利完成任务；而有的幼儿始终选择低难度的一星级任务卡。这天，浩浩又连续选择了几张一星级任务卡，很快就完成了任务。,调整任务卡提供方式，在游戏开始前根据幼儿的能力水平有针对性地发放任务卡。,暂不介入，尊重幼儿的自主选择和游戏体验，只要完成任务就是一种经验积累。,调整任务卡呈现方式，如增加“我想挑战”等提示，鼓励幼儿选择不同星级的挑战。,和浩浩回顾已完成的任务，比较不同星级的难度，邀请他选择稍有挑战的任务。,D 支架策略与游戏推进,C 观察诊断,DACB,0,2,4,0,0.5,0.075,-0.3,0.3,2,1.0,0.5,0.5,0.5,1.0,1.0,73.05,0.7305,24.196,31.906,56.102,0.230109,0.16243,0.230109,0.115054,5,5,2,3,1,5,1,1,1,24.196,0.0,0,D,A/C,教师D：和浩浩回顾已完成的任务，比较不同星级的难度，邀请他选择稍有挑战的任务。,教师A：调整任务卡提供方式，在游戏开始前根据幼儿的能力水平有针对性地发放任务卡。；教师C：调整任务卡呈现方式，如增加“我想挑战”等提示，鼓励幼儿选择不同星级的挑战。,过程复杂,高修正投入；多次调整；首末位摇摆；优劣方向冲突；路径振荡,追问后续主要在比较哪些做法、为什么调整；追问最理想或最不理想做法的判断为什么发生变化；追问是否曾把某做法从合适改判为不合适，或相反；追问当时是否在几个判断标准之间反复权衡,0.611505,0.53428,主要IIV信号：过程冲突、选项焦点变化、同题过程信息量；可追问选项比较：教师A：调整任务卡提供方式，在游戏开始前根据幼儿的能力水平有针对性地发放任务卡。；教师C：调整任务卡呈现方式，如增加“我想挑战”等提示，鼓励幼儿选择不同星级的挑战。
教师33,sim_openid_033_569567,总体中等,2.3,23,Q7,7,飞行棋各走各的,大班区域游戏中，轩轩和小宇一起玩飞行棋，他们将棋子摆好后，各自拿了一个骰子开始投，小宇说：“该我走。”轩轩说：“明明该我走！”相持不下，于是两人各拿一个骰子，自顾自地走自己的棋。,耐心讲解共同游戏的规则，再以“棋手”身份加入游戏进行示范引导。,暂不介入，继续观察游戏进展，待区域小结时请幼儿分享游戏中的体验和问题。,拿走一个骰子，请幼儿商量只有一个骰子的共同游戏规则，达成一致后再开始游戏。,待幼儿体验一轮各走各的游戏后，询问幼儿的游戏体验，提示共同游戏规则的作用。,E 共同游戏组织与规则共建,B 规则平衡,ABDC,0,3,3,0,0.25,0.175,0.7,0.7,3,0.75,0.0,0.75,0.75,0.857143,1.0,88.935271,0.889353,31.788,35.935,67.723,0.930127,0.782521,0.930127,0.465064,7,7,3,3,0,7,1,1,0,31.788,0.0,0,C,A/B,教师C：拿走一个骰子，请幼儿商量只有一个骰子的共同游戏规则，达成一致后再开始游戏。,教师A：耐心讲解共同游戏的规则，再以“棋手”身份加入游戏进行示范引导。；教师B：暂不介入，继续观察游戏进展，待区域小结时请幼儿分享游戏中的体验和问题。,过程复杂,首反应异常；高修正投入；多次调整；首末位摇摆；路径振荡,请教师回忆读到情境后最先注意到什么、是否很快形成判断或感到难判断；追问后续主要在比较哪些做法、为什么调整；追问最理想或最不理想做法的判断为什么发生变化；追问当时是否在几个判断标准之间反复权衡,0.567935,0.533295,主要IIV信号：选项焦点变化、同题过程信息量、过程冲突；可追问选项比较：教师A：耐心讲解共同游戏的规则，再以“棋手”身份加入游戏进行示范引导。；教师B：暂不介入，继续观察游戏进展，待区域小结时请幼儿分享游戏中的体验和问题。
教师33,sim_openid_033_569567,总体中等,2.3,23,Q6,6,区域停留短,小班幼儿瑶瑶在区域活动时，一会儿在娃娃家切切菜，一会儿到美工区搓搓橡皮泥，一会儿又开心地跑到其它区域游戏，在任何一个区域停留时间都不超过三分钟。,提议瑶瑶完成某项游戏任务，如在娃娃家做菜，请他活动小结时分享。,游戏前提醒区域活动规则，活动结束后表扬区域游戏规则遵守得好的小朋友。,仔细观察瑶瑶在不同区域的游戏情况，分析他发生迅速转移的原因。,以同伴的身份陪伴瑶瑶在某一区域游戏，待他专注游戏后再离开。,C 观察诊断与介入时机,A 儿童视角,ABCD,2,2,4,2,0.5,0.075,-0.3,0.3,0,0.5,0.5,0.0,0.5,0.833333,1.0,80.39845,0.803984,13.931,34.0,47.931,-1.186006,0.493894,0.493894,0.246947,6,6,4,2,1,5,2,2,1,13.931,0.0,0,,A/B,,教师A：提议瑶瑶完成某项游戏任务，如在娃娃家做菜，请他活动小结时分享。；教师B：游戏前提醒区域活动规则，活动结束后表扬区域游戏规则遵守得好的小朋友。,过程复杂,高修正投入；多次调整；首末位摇摆；优劣方向冲突；路径振荡,追问后续主要在比较哪些做法、为什么调整；追问最理想或最不理想做法的判断为什么发生变化；追问是否曾把某做法从合适改判为不合适，或相反；追问当时是否在几个判断标准之间反复权衡,0.591361,0.526144,主要IIV信号：选项焦点变化、过程冲突、同题过程信息量；可追问选项比较：教师A：提议瑶瑶完成某项游戏任务，如在娃娃家做菜，请他活动小结时分享。；教师B：游戏前提醒区域活动规则，活动结束后表扬区域游戏规则遵守得好的小朋友。
教师33,sim_openid_033_569567,总体中等,2.3,23,Q4,4,频繁求助,中班区域活动时，小明选择了建构区。玩了一会儿，他跑到老师面前说“老师，我不会搭……帮帮我吧”，教师问他需要什么帮助时，他一边说我不会搭，一边却很快地将房子从一层积木加高到了两层。看小明专注搭建后，老师就离开建构区了。可是没一会，小明又找了老师好几次，说“老师，帮帮我吧，我不会搭”。,鼓励小明独立搭建，引导他思考接下来如何搭建，及时表扬他的努力。,先示范搭建关键部分，请小明观察方法，再鼓励他照着继续搭建。,在旁观察小明的搭建过程，并适时反馈，帮助他理清搭建步骤。,帮小明回顾已搭建完成的部分，指导他设定小目标，尝试自己实现。,C 观察诊断与介入时机,D 支架策略,CDAB,2,2,4,1,0.5,0.075,-0.3,0.3,0,0.75,0.5,0.25,0.5,0.833333,1.0,69.7,0.697,15.635,26.833,42.468,-0.890005,-0.740513,0.0,0.0,6,6,3,4,2,6,1,1,0,15.635,0.0,0,A,A/D,教师A：鼓励小明独立搭建，引导他思考接下来如何搭建，及时表扬他的努力。,教师A：鼓励小明独立搭建，引导他思考接下来如何搭建，及时表扬他的努力。；教师D：帮小明回顾已搭建完成的部分，指导他设定小目标，尝试自己实现。,过程中等,高修正投入；多次调整；首末位摇摆；优劣方向冲突,追问后续主要在比较哪些做法、为什么调整；追问最理想或最不理想做法的判断为什么发生变化；追问是否曾把某做法从合适改判为不合适，或相反,0.566667,0.4961,主要IIV信号：选项焦点变化、过程冲突、同题过程信息量；可追问选项比较：教师A：鼓励小明独立搭建，引导他思考接下来如何搭建，及时表扬他的努力。；教师D：帮小明回顾已搭建完成的部分，指导他设定小目标，尝试自己实现。
教师33,sim_openid_033_569567,总体中等,2.3,23,Q10,10,引水难题未解,中班上学期，幼儿在“引水游戏”中遇到了难题——水无法被引到竹片管道上。他们不断调整竹片拼接的方式，却始终没能成功，即竹片一头高于出水管道，阻碍了引流。渐渐地幼儿的探索兴趣也减弱了，有的开始玩水，有的甚至离开了水池。,示范正确的引水方法，请幼儿注意观察并说说引水的要领，再自己试一试。,加入幼儿的探索，引导他们观察水流受阻的位置，一起尝试调整竹片的摆放方式。,组织幼儿就游戏困难进行讨论，寻找解决问题的方案，引导幼儿再次尝试。,投放更多辅助引水的材料，重新激起幼儿的探索兴趣，继续观察游戏进展。,C 观察诊断与介入时机,D 探究支架,DACB,1,4,4,0,0.0,0.425,1.7,1.7,3,1.0,0.0,1.0,1.0,1.0,1.0,64.18876,0.641888,15.028,24.284,39.312,-0.991575,-1.260992,0.0,0.0,5,5,2,3,1,6,0,0,0,15.028,0.0,0,D,A/B,教师D：投放更多辅助引水的材料，重新激起幼儿的探索兴趣，继续观察游戏进展。,教师A：示范正确的引水方法，请幼儿注意观察并说说引水的要领，再自己试一试。；教师B：加入幼儿的探索，引导他们观察水流受阻的位置，一起尝试调整竹片的摆放方式。,过程简单,高修正投入；多次调整；首末位摇摆；优劣方向冲突,追问后续主要在比较哪些做法、为什么调整；追问最理想或最不理想做法的判断为什么发生变化；追问是否曾把某做法从合适改判为不合适，或相反,0.5,0.495844,主要IIV信号：过程冲突、修正信号、选项焦点变化；可追问选项比较：教师A：示范正确的引水方法，请幼儿注意观察并说说引水的要领，再自己试一试。；教师B：加入幼儿的探索，引导他们观察水流受阻的位置，一起尝试调整竹片的摆放方式。
教师33,sim_openid_033_569567,总体中等,2.3,23,Q9,9,艾莎公主不运动,小班的一次户外运动，有几个女孩子从一开始就没有选择任何体育活动项目，而是聚在一起坐在地上玩“艾莎公主”的游戏，比一比谁的鞋子最漂亮，谁的魔法最厉害。,询问幼儿没有参与运动的原因，提供丰富的活动材料吸引幼儿参与运动活动。,提醒幼儿现在是运动时间，请他们等自由游戏时间再一起玩“艾莎公主”的游戏。,利用艾莎公主的鞋子设计走、跑、跳等活动，并以参与者的身份邀请幼儿一起参与运动。,肯定幼儿自主游戏的行为，言语引导幼儿穿着“漂亮的鞋子”参与运动。,D 支架策略与游戏推进,A 儿童视角/B 目标平衡,DACB,0,3,4,0,0.25,0.175,0.7,0.7,3,1.0,0.25,0.75,0.75,1.0,1.0,53.874242,0.538742,17.061,25.508,42.569,-0.666116,-1.004574,0.0,0.0,4,4,3,1,0,5,0,0,0,17.061,0.0,0,D,C/D,教师D：肯定幼儿自主游戏的行为，言语引导幼儿穿着“漂亮的鞋子”参与运动。,教师C：利用艾莎公主的鞋子设计走、跑、跳等活动，并以参与者的身份邀请幼儿一起参与运动。；教师D：肯定幼儿自主游戏的行为，言语引导幼儿穿着“漂亮的鞋子”参与运动。,过程简单,多次调整；首末位摇摆,追问最理想或最不理想做法的判断为什么发生变化,0.55,0.490687,主要IIV信号：过程冲突、选项焦点变化、修正信号；可追问选项比较：教师C：利用艾莎公主的鞋子设计走、跑、跳等活动，并以参与者的身份邀请幼儿一起参与运动。；教师D：肯定幼儿自主游戏的行为，言语引导幼儿穿着“漂亮的鞋子”参与运动。
教师33,sim_openid_033_569567,总体中等,2.3,23,Q1,1,篮球架玩水,操场上新安装了一些篮球架，幼儿经常在这里投篮。某天户外活动时，几名幼儿带着画笔和水桶来到这里，他们先是快乐地粉刷篮球架，之后开始往篮框里灌水，有的从上面灌，有的在下面接，忙的不亦乐乎，俨然这里成为了玩水的场地。,看到幼儿玩得很开心，不干预他们的玩水行为，待兴趣减弱后再讨论玩水的适宜性。,表扬幼儿的新发现，并询问在篮球架旁玩水是否合适，提议幼儿可以换个地方玩水。,参与到幼儿的“粉刷”游戏中，逐步引导幼儿到适宜玩水的地方继续开展游戏。,提醒幼儿篮球架是用于开展运动的，与其他幼儿一起召唤他们打篮球，转移他们的关注点。,B 自主游戏与规则/安全/价值平衡,A 游戏意义理解,CBAD,3,3,3,3,0.25,0.175,0.7,0.7,0,0.0,0.0,0.0,0.0,0.0,0.0,10.383333,0.103833,,,26.655,0.0,0.0,0.0,0.0,0,0,0,0,0,1,0,0,0,26.655,0.0,0,,,,,过程简单,过程相对平稳,追问教师当时主要依据什么形成排序,0.1,0.106442,主要IIV信号：结果风险、个人内相对偏离、同题过程信息量
教师34,sim_openid_034_769373,总体中等,2.2,22,Q1,1,篮球架玩水,操场上新安装了一些篮球架，幼儿经常在这里投篮。某天户外活动时，几名幼儿带着画笔和水桶来到这里，他们先是快乐地粉刷篮球架，之后开始往篮框里灌水，有的从上面灌，有的在下面接，忙的不亦乐乎，俨然这里成为了玩水的场地。,看到幼儿玩得很开心，不干预他们的玩水行为，待兴趣减弱后再讨论玩水的适宜性。,表扬幼儿的新发现，并询问在篮球架旁玩水是否合适，提议幼儿可以换个地方玩水。,参与到幼儿的“粉刷”游戏中，逐步引导幼儿到适宜玩水的地方继续开展游戏。,提醒幼儿篮球架是用于开展运动的，与其他幼儿一起召唤他们打篮球，转移他们的关注点。,B 自主游戏与规则/安全/价值平衡,A 游戏意义理解,BDCA,4,0,4,0,1.0,0.55,-2.2,2.2,-4,1.0,1.0,0.0,1.0,1.0,1.0,56.623171,0.566232,20.0,18.511,38.511,0.926643,0.1895,0.926643,0.463322,4,4,2,2,0,5,0,0,0,20.0,0.0,0,A,B/D,教师A：看到幼儿玩得很开心，不干预他们的玩水行为，待兴趣减弱后再讨论玩水的适宜性。,教师B：表扬幼儿的新发现，并询问在篮球架旁玩水是否合适，提议幼儿可以换个地方玩水。；教师D：提醒幼儿篮球架是用于开展运动的，与其他幼儿一起召唤他们打篮球，转移他们的关注点。,过程中等,多次调整；首末位摇摆,追问最理想或最不理想做法的判断为什么发生变化,0.946332,0.857144,主要IIV信号：结果风险、过程冲突、修正信号；可追问选项比较：教师B：表扬幼儿的新发现，并询问在篮球架旁玩水是否合适，提议幼儿可以换个地方玩水。；教师D：提醒幼儿篮球架是用于开展运动的，与其他幼儿一起召唤他们打篮球，转移他们的关注点。
教师34,sim_openid_034_769373,总体中等,2.2,22,Q6,6,区域停留短,小班幼儿瑶瑶在区域活动时，一会儿在娃娃家切切菜，一会儿到美工区搓搓橡皮泥，一会儿又开心地跑到其它区域游戏，在任何一个区域停留时间都不超过三分钟。,提议瑶瑶完成某项游戏任务，如在娃娃家做菜，请他活动小结时分享。,游戏前提醒区域活动规则，活动结束后表扬区域游戏规则遵守得好的小朋友。,仔细观察瑶瑶在不同区域的游戏情况，分析他发生迅速转移的原因。,以同伴的身份陪伴瑶瑶在某一区域游戏，待他专注游戏后再离开。,C 观察诊断与介入时机,A 儿童视角,CDBA,2,0,4,0,1.0,0.55,-2.2,2.2,-2,1.0,1.0,0.0,1.0,1.0,1.0,82.590698,0.825907,8.178,21.948,30.126,-0.814508,0.621436,0.621436,0.310718,7,7,3,2,0,8,0,0,0,8.178,0.0,0,A,A/B,教师A：提议瑶瑶完成某项游戏任务，如在娃娃家做菜，请他活动小结时分享。,教师A：提议瑶瑶完成某项游戏任务，如在娃娃家做菜，请他活动小结时分享。；教师B：游戏前提醒区域活动规则，活动结束后表扬区域游戏规则遵守得好的小朋友。,过程复杂,首反应异常；高修正投入；多次调整；首末位摇摆,请教师回忆读到情境后最先注意到什么、是否很快形成判断或感到难判断；追问后续主要在比较哪些做法、为什么调整；追问最理想或最不理想做法的判断为什么发生变化,0.931072,0.854867,主要IIV信号：结果风险、过程冲突、修正信号；可追问选项比较：教师A：提议瑶瑶完成某项游戏任务，如在娃娃家做菜，请他活动小结时分享。；教师B：游戏前提醒区域活动规则，活动结束后表扬区域游戏规则遵守得好的小朋友。
教师34,sim_openid_034_769373,总体中等,2.2,22,Q9,9,艾莎公主不运动,小班的一次户外运动，有几个女孩子从一开始就没有选择任何体育活动项目，而是聚在一起坐在地上玩“艾莎公主”的游戏，比一比谁的鞋子最漂亮，谁的魔法最厉害。,询问幼儿没有参与运动的原因，提供丰富的活动材料吸引幼儿参与运动活动。,提醒幼儿现在是运动时间，请他们等自由游戏时间再一起玩“艾莎公主”的游戏。,利用艾莎公主的鞋子设计走、跑、跳等活动，并以参与者的身份邀请幼儿一起参与运动。,肯定幼儿自主游戏的行为，言语引导幼儿穿着“漂亮的鞋子”参与运动。,D 支架策略与游戏推进,A 儿童视角/B 目标平衡,CADB,0,4,4,0,0.0,0.45,1.8,1.8,4,1.0,0.0,1.0,1.0,1.0,1.0,77.784848,0.777848,13.052,39.402,52.454,0.095691,2.105448,2.105448,1.0,8,8,1,4,0,6,3,3,1,13.052,0.0,0,B,B/D,教师B：提醒幼儿现在是运动时间，请他们等自由游戏时间再一起玩“艾莎公主”的游戏。,教师B：提醒幼儿现在是运动时间，请他们等自由游戏时间再一起玩“艾莎公主”的游戏。；教师D：肯定幼儿自主游戏的行为，言语引导幼儿穿着“漂亮的鞋子”参与运动。,过程复杂,高修正投入；多次调整；首末位摇摆；路径振荡,追问后续主要在比较哪些做法、为什么调整；追问最理想或最不理想做法的判断为什么发生变化；追问当时是否在几个判断标准之间反复权衡,0.6,0.606392,主要IIV信号：过程冲突、修正信号、相对时间信号；可追问选项比较：教师B：提醒幼儿现在是运动时间，请他们等自由游戏时间再一起玩“艾莎公主”的游戏。；教师D：肯定幼儿自主游戏的行为，言语引导幼儿穿着“漂亮的鞋子”参与运动。
教师34,sim_openid_034_769373,总体中等,2.2,22,Q5,5,消防员救火开心,近几天，中班的幼儿十分热衷于在区域游戏时间玩“消防员救火”的游戏。游戏结束后的交流活动中，老师问幼儿最想分享什么时，阳阳说“娃娃家着火了，好开心啊！”。,抓住教育契机，向幼儿耐心解释真实的火灾会造成物品损失和人员伤亡。,询问幼儿开心的是“着火”本身，还是消防员成功救火、娃娃家的人得救？,引导幼儿思考“娃娃家着火”值不值得开心，帮助他们认识真实火灾是危险的。,请阳阳讲讲娃娃家着火后发生了什么、为什么开心，借此理解幼儿的游戏体验。,A 游戏意义理解与儿童视角,B 价值平衡,ABCD,2,2,3,0,0.5,0.05,-0.2,0.2,0,0.75,0.25,0.5,0.5,0.75,1.0,52.96124,0.529612,24.052,21.934,45.986,1.285833,0.619818,1.285833,0.642916,4,4,4,0,0,4,1,1,0,24.052,0.0,0,,A/B,,教师A：抓住教育契机，向幼儿耐心解释真实的火灾会造成物品损失和人员伤亡。；教师B：询问幼儿开心的是“着火”本身，还是消防员成功救火、娃娃家的人得救？,过程中等,多次调整；首末位摇摆,追问最理想或最不理想做法的判断为什么发生变化,0.614292,0.535772,主要IIV信号：选项焦点变化、过程冲突、相对时间信号；可追问选项比较：教师A：抓住教育契机，向幼儿耐心解释真实的火灾会造成物品损失和人员伤亡。；教师B：询问幼儿开心的是“着火”本身，还是消防员成功救火、娃娃家的人得救？
教师34,sim_openid_034_769373,总体中等,2.2,22,Q3,3,材料选择无层次,大班上学期，张老师在建构区投放了按图搭建的游戏材料，并提供了不同星级难度的任务卡供幼儿选择，但有的幼儿一上来就选择高难度的三星级任务卡，结果不能顺利完成任务；而有的幼儿始终选择低难度的一星级任务卡。这天，浩浩又连续选择了几张一星级任务卡，很快就完成了任务。,调整任务卡提供方式，在游戏开始前根据幼儿的能力水平有针对性地发放任务卡。,暂不介入，尊重幼儿的自主选择和游戏体验，只要完成任务就是一种经验积累。,调整任务卡呈现方式，如增加“我想挑战”等提示，鼓励幼儿选择不同星级的挑战。,和浩浩回顾已完成的任务，比较不同星级的难度，邀请他选择稍有挑战的任务。,D 支架策略与游戏推进,C 观察诊断,DCBA,0,4,4,0,0.0,0.45,1.8,1.8,4,1.0,0.0,1.0,1.0,1.0,1.0,61.316667,0.613167,14.296,11.866,26.162,0.272941,-0.938302,0.272941,0.136471,5,5,3,3,1,5,1,1,1,14.296,0.0,0,A,B/C,教师A：调整任务卡提供方式，在游戏开始前根据幼儿的能力水平有针对性地发放任务卡。,教师B：暂不介入，尊重幼儿的自主选择和游戏体验，只要完成任务就是一种经验积累。；教师C：调整任务卡呈现方式，如增加“我想挑战”等提示，鼓励幼儿选择不同星级的挑战。,过程中等,多次调整；首末位摇摆；优劣方向冲突；路径振荡,追问最理想或最不理想做法的判断为什么发生变化；追问是否曾把某做法从合适改判为不合适，或相反；追问当时是否在几个判断标准之间反复权衡,0.513647,0.511805,主要IIV信号：过程冲突、修正信号、选项焦点变化；可追问选项比较：教师B：暂不介入，尊重幼儿的自主选择和游戏体验，只要完成任务就是一种经验积累。；教师C：调整任务卡呈现方式，如增加“我想挑战”等提示，鼓励幼儿选择不同星级的挑战。
教师34,sim_openid_034_769373,总体中等,2.2,22,Q2,2,未参与小组建构,大班建构活动中，睿睿和其他幼儿计划一起搭积木大桥，他们讨论了搭建方法，并进入区域开始搭建。就在其他幼儿在认真搭建时，睿睿发现了一块长条木板，他一会儿在地上推着走，一会儿当枪使，没有再参与小组的搭建。,继续观察，后续分享中支持睿睿思考如何把长条木板融入小组的建构中。,肯定睿睿的创造性玩法，询问他长条板能否当桥面，引导他参与到搭桥任务中。,引导睿睿回顾计划，建议他先完成共同任务，长条木板可以等自由游戏时再玩。,看到睿睿玩得开心，暂不介入，等下一次活动时再提醒他根据计划开展游戏。,D 支架策略与游戏推进,E 共同游戏组织,CBDA,0,1,2,0,0.75,0.3,-1.2,1.2,1,0.5,0.25,0.25,0.25,0.666667,0.75,57.672222,0.576722,6.092,13.335,19.427,-1.387836,-0.642293,0.0,0.0,3,3,2,1,0,4,0,0,0,7.35,0.0,0,A,A/B,教师A：继续观察，后续分享中支持睿睿思考如何把长条木板融入小组的建构中。,教师A：继续观察，后续分享中支持睿睿思考如何把长条木板融入小组的建构中。；教师B：肯定睿睿的创造性玩法，询问他长条板能否当桥面，引导他参与到搭桥任务中。,过程中等,首反应异常；多次调整；首末位摇摆,请教师回忆读到情境后最先注意到什么、是否很快形成判断或感到难判断；追问最理想或最不理想做法的判断为什么发生变化,0.558333,0.511336,主要IIV信号：结果风险、选项焦点变化、过程冲突；可追问选项比较：教师A：继续观察，后续分享中支持睿睿思考如何把长条木板融入小组的建构中。；教师B：肯定睿睿的创造性玩法，询问他长条板能否当桥面，引导他参与到搭桥任务中。
教师34,sim_openid_034_769373,总体中等,2.2,22,Q10,10,引水难题未解,中班上学期，幼儿在“引水游戏”中遇到了难题——水无法被引到竹片管道上。他们不断调整竹片拼接的方式，却始终没能成功，即竹片一头高于出水管道，阻碍了引流。渐渐地幼儿的探索兴趣也减弱了，有的开始玩水，有的甚至离开了水池。,示范正确的引水方法，请幼儿注意观察并说说引水的要领，再自己试一试。,加入幼儿的探索，引导他们观察水流受阻的位置，一起尝试调整竹片的摆放方式。,组织幼儿就游戏困难进行讨论，寻找解决问题的方案，引导幼儿再次尝试。,投放更多辅助引水的材料，重新激起幼儿的探索兴趣，继续观察游戏进展。,C 观察诊断与介入时机,D 探究支架,CABD,1,1,2,1,0.75,0.3,-1.2,1.2,0,0.25,0.25,0.0,0.25,0.666667,0.75,46.977907,0.469779,7.578,14.856,22.434,-0.962864,-0.368358,0.0,0.0,3,3,3,0,0,4,0,0,0,9.601,0.0,0,C,A/B,教师C：组织幼儿就游戏困难进行讨论，寻找解决问题的方案，引导幼儿再次尝试。,教师A：示范正确的引水方法，请幼儿注意观察并说说引水的要领，再自己试一试。；教师B：加入幼儿的探索，引导他们观察水流受阻的位置，一起尝试调整竹片的摆放方式。,过程简单,首反应异常；多次调整；首末位摇摆,请教师回忆读到情境后最先注意到什么、是否很快形成判断或感到难判断；追问最理想或最不理想做法的判断为什么发生变化,0.558333,0.505989,主要IIV信号：结果风险、选项焦点变化、过程冲突；可追问选项比较：教师A：示范正确的引水方法，请幼儿注意观察并说说引水的要领，再自己试一试。；教师B：加入幼儿的探索，引导他们观察水流受阻的位置，一起尝试调整竹片的摆放方式。
教师34,sim_openid_034_769373,总体中等,2.2,22,Q4,4,频繁求助,中班区域活动时，小明选择了建构区。玩了一会儿，他跑到老师面前说“老师，我不会搭……帮帮我吧”，教师问他需要什么帮助时，他一边说我不会搭，一边却很快地将房子从一层积木加高到了两层。看小明专注搭建后，老师就离开建构区了。可是没一会，小明又找了老师好几次，说“老师，帮帮我吧，我不会搭”。,鼓励小明独立搭建，引导他思考接下来如何搭建，及时表扬他的努力。,先示范搭建关键部分，请小明观察方法，再鼓励他照着继续搭建。,在旁观察小明的搭建过程，并适时反馈，帮助他理清搭建步骤。,帮小明回顾已搭建完成的部分，指导他设定小目标，尝试自己实现。,C 观察诊断与介入时机,D 支架策略,DABC,2,2,2,1,0.5,0.05,-0.2,0.2,0,0.25,0.0,0.25,0.25,0.666667,0.75,62.166667,0.621667,8.97,13.542,22.512,-0.634533,-0.603227,0.0,0.0,3,3,2,1,1,4,0,0,0,8.97,0.0,0,D,A/B,教师D：帮小明回顾已搭建完成的部分，指导他设定小目标，尝试自己实现。,教师A：鼓励小明独立搭建，引导他思考接下来如何搭建，及时表扬他的努力。；教师B：先示范搭建关键部分，请小明观察方法，再鼓励他照着继续搭建。,过程复杂,首反应异常；多次调整；首末位摇摆；优劣方向冲突,请教师回忆读到情境后最先注意到什么、是否很快形成判断或感到难判断；追问最理想或最不理想做法的判断为什么发生变化；追问是否曾把某做法从合适改判为不合适，或相反,0.458333,0.401083,主要IIV信号：选项焦点变化、过程冲突、同题过程信息量；可追问选项比较：教师A：鼓励小明独立搭建，引导他思考接下来如何搭建，及时表扬他的努力。；教师B：先示范搭建关键部分，请小明观察方法，再鼓励他照着继续搭建。
教师34,sim_openid_034_769373,总体中等,2.2,22,Q8,8,跳绳秩序混乱,周三下午，大五班的幼儿正自发进行跳绳游戏。李老师观察后发现，挤在一起跳绳的幼儿人数较多，整个场面十分混乱，幼儿很容易出现碰撞现象。此外，由于当“柱子”的幼儿很久才能轮上跳绳，因此也显得很不耐烦。,请幼儿暂停游戏，将幼儿分成多个小组并引导他们以小组为单位分区域开展游戏。,请幼儿说一说跳绳活动中存在的问题，并邀请幼儿一起设置跳绳的规则。,提供更多数量和不同种类的跳绳，并言语引导幼儿分组分区同时进行跳绳游戏。,暂不介入，活动分享时通过照片或视频回放引导幼儿发现问题并商议解决办法。,E 共同游戏组织与规则共建,B 安全秩序,BDAC,2,4,4,2,0.0,0.45,1.8,1.8,2,0.5,0.0,0.5,0.5,0.5,0.5,40.828788,0.408288,23.236,11.654,34.89,1.218632,-0.984023,1.218632,0.609316,2,2,1,1,0,3,0,0,0,23.236,0.0,0,A,A/B,教师A：请幼儿暂停游戏，将幼儿分成多个小组并引导他们以小组为单位分区域开展游戏。,教师A：请幼儿暂停游戏，将幼儿分成多个小组并引导他们以小组为单位分区域开展游戏。；教师B：请幼儿说一说跳绳活动中存在的问题，并邀请幼儿一起设置跳绳的规则。,过程简单,首末位摇摆,追问最理想或最不理想做法的判断为什么发生变化,0.310932,0.348846,主要IIV信号：相对时间信号、过程冲突、修正信号；可追问选项比较：教师A：请幼儿暂停游戏，将幼儿分成多个小组并引导他们以小组为单位分区域开展游戏。；教师B：请幼儿说一说跳绳活动中存在的问题，并邀请幼儿一起设置跳绳的规则。
教师34,sim_openid_034_769373,总体中等,2.2,22,Q7,7,飞行棋各走各的,大班区域游戏中，轩轩和小宇一起玩飞行棋，他们将棋子摆好后，各自拿了一个骰子开始投，小宇说：“该我走。”轩轩说：“明明该我走！”相持不下，于是两人各拿一个骰子，自顾自地走自己的棋。,耐心讲解共同游戏的规则，再以“棋手”身份加入游戏进行示范引导。,暂不介入，继续观察游戏进展，待区域小结时请幼儿分享游戏中的体验和问题。,拿走一个骰子，请幼儿商量只有一个骰子的共同游戏规则，达成一致后再开始游戏。,待幼儿体验一轮各走各的游戏后，询问幼儿的游戏体验，提示共同游戏规则的作用。,E 共同游戏组织与规则共建,B 规则平衡,DCBA,4,4,4,4,0.0,0.45,1.8,1.8,0,0.0,0.0,0.0,0.0,0.0,0.0,10.3,0.103,,,25.229,0.0,0.0,0.0,0.0,0,0,0,0,0,1,0,0,0,25.229,0.0,0,,,,,过程简单,过程相对平稳,追问教师当时主要依据什么形成排序,0.0,0.07265,主要IIV信号：个人内相对偏离、同题过程信息量
教师35,sim_openid_035_385846,总体中等,2.1,21,Q2,2,未参与小组建构,大班建构活动中，睿睿和其他幼儿计划一起搭积木大桥，他们讨论了搭建方法，并进入区域开始搭建。就在其他幼儿在认真搭建时，睿睿发现了一块长条木板，他一会儿在地上推着走，一会儿当枪使，没有再参与小组的搭建。,继续观察，后续分享中支持睿睿思考如何把长条木板融入小组的建构中。,肯定睿睿的创造性玩法，询问他长条板能否当桥面，引导他参与到搭桥任务中。,引导睿睿回顾计划，建议他先完成共同任务，长条木板可以等自由游戏时再玩。,看到睿睿玩得开心，暂不介入，等下一次活动时再提醒他根据计划开展游戏。,D 支架策略与游戏推进,E 共同游戏组织,ABCD,0,0,4,0,1.0,0.525,-2.1,2.1,0,1.0,1.0,0.0,1.0,1.0,1.0,79.772222,0.797722,41.611,23.537,65.148,0.887739,-0.370561,0.887739,0.44387,5,5,4,3,2,5,1,1,0,41.611,0.0,0,,C/D,,教师C：引导睿睿回顾计划，建议他先完成共同任务，长条木板可以等自由游戏时再玩。；教师D：看到睿睿玩得开心，暂不介入，等下一次活动时再提醒他根据计划开展游戏。,过程复杂,首反应异常；多次调整；首末位摇摆；优劣方向冲突,请教师回忆读到情境后最先注意到什么、是否很快形成判断或感到难判断；追问最理想或最不理想做法的判断为什么发生变化；追问是否曾把某做法从合适改判为不合适，或相反,0.944387,0.863023,主要IIV信号：结果风险、过程冲突、修正信号；可追问选项比较：教师C：引导睿睿回顾计划，建议他先完成共同任务，长条木板可以等自由游戏时再玩。；教师D：看到睿睿玩得开心，暂不介入，等下一次活动时再提醒他根据计划开展游戏。
教师35,sim_openid_035_385846,总体中等,2.1,21,Q1,1,篮球架玩水,操场上新安装了一些篮球架，幼儿经常在这里投篮。某天户外活动时，几名幼儿带着画笔和水桶来到这里，他们先是快乐地粉刷篮球架，之后开始往篮框里灌水，有的从上面灌，有的在下面接，忙的不亦乐乎，俨然这里成为了玩水的场地。,看到幼儿玩得很开心，不干预他们的玩水行为，待兴趣减弱后再讨论玩水的适宜性。,表扬幼儿的新发现，并询问在篮球架旁玩水是否合适，提议幼儿可以换个地方玩水。,参与到幼儿的“粉刷”游戏中，逐步引导幼儿到适宜玩水的地方继续开展游戏。,提醒幼儿篮球架是用于开展运动的，与其他幼儿一起召唤他们打篮球，转移他们的关注点。,B 自主游戏与规则/安全/价值平衡,A 游戏意义理解,DBCA,4,0,4,0,1.0,0.525,-2.1,2.1,-4,1.0,1.0,0.0,1.0,1.0,1.0,76.254065,0.762541,20.985,36.295,57.28,-1.070255,0.695708,0.695708,0.347854,6,6,4,3,1,6,1,1,1,20.985,0.0,0,A,C/D,教师A：看到幼儿玩得很开心，不干预他们的玩水行为，待兴趣减弱后再讨论玩水的适宜性。,教师C：参与到幼儿的“粉刷”游戏中，逐步引导幼儿到适宜玩水的地方继续开展游戏。；教师D：提醒幼儿篮球架是用于开展运动的，与其他幼儿一起召唤他们打篮球，转移他们的关注点。,过程复杂,高修正投入；多次调整；首末位摇摆；优劣方向冲突；路径振荡,追问后续主要在比较哪些做法、为什么调整；追问最理想或最不理想做法的判断为什么发生变化；追问是否曾把某做法从合适改判为不合适，或相反；追问当时是否在几个判断标准之间反复权衡,0.934785,0.851662,主要IIV信号：结果风险、过程冲突、修正信号；可追问选项比较：教师C：参与到幼儿的“粉刷”游戏中，逐步引导幼儿到适宜玩水的地方继续开展游戏。；教师D：提醒幼儿篮球架是用于开展运动的，与其他幼儿一起召唤他们打篮球，转移他们的关注点。
教师35,sim_openid_035_385846,总体中等,2.1,21,Q5,5,消防员救火开心,近几天，中班的幼儿十分热衷于在区域游戏时间玩“消防员救火”的游戏。游戏结束后的交流活动中，老师问幼儿最想分享什么时，阳阳说“娃娃家着火了，好开心啊！”。,抓住教育契机，向幼儿耐心解释真实的火灾会造成物品损失和人员伤亡。,询问幼儿开心的是“着火”本身，还是消防员成功救火、娃娃家的人得救？,引导幼儿思考“娃娃家着火”值不值得开心，帮助他们认识真实火灾是危险的。,请阳阳讲讲娃娃家着火后发生了什么、为什么开心，借此理解幼儿的游戏体验。,A 游戏意义理解与儿童视角,B 价值平衡,DCAB,2,0,2,0,1.0,0.525,-2.1,2.1,-2,0.5,0.5,0.0,0.5,0.875,1.0,93.142248,0.931422,29.337,47.656,76.993,-0.111957,1.366156,1.366156,0.683078,8,8,6,3,1,7,2,2,1,29.337,0.0,0,D,C/D,教师D：请阳阳讲讲娃娃家着火后发生了什么、为什么开心，借此理解幼儿的游戏体验。,教师C：引导幼儿思考“娃娃家着火”值不值得开心，帮助他们认识真实火灾是危险的。；教师D：请阳阳讲讲娃娃家着火后发生了什么、为什么开心，借此理解幼儿的游戏体验。,过程复杂,首反应异常；高修正投入；多次调整；首末位摇摆；优劣方向冲突；路径振荡,请教师回忆读到情境后最先注意到什么、是否很快形成判断或感到难判断；追问后续主要在比较哪些做法、为什么调整；追问最理想或最不理想做法的判断为什么发生变化；追问是否曾把某做法从合适改判为不合适，或相反；追问当时是否在几个判断标准之间反复权衡,0.843308,0.799879,主要IIV信号：结果风险、选项焦点变化、同题过程信息量；可追问选项比较：教师C：引导幼儿思考“娃娃家着火”值不值得开心，帮助他们认识真实火灾是危险的。；教师D：请阳阳讲讲娃娃家着火后发生了什么、为什么开心，借此理解幼儿的游戏体验。
教师35,sim_openid_035_385846,总体中等,2.1,21,Q3,3,材料选择无层次,大班上学期，张老师在建构区投放了按图搭建的游戏材料，并提供了不同星级难度的任务卡供幼儿选择，但有的幼儿一上来就选择高难度的三星级任务卡，结果不能顺利完成任务；而有的幼儿始终选择低难度的一星级任务卡。这天，浩浩又连续选择了几张一星级任务卡，很快就完成了任务。,调整任务卡提供方式，在游戏开始前根据幼儿的能力水平有针对性地发放任务卡。,暂不介入，尊重幼儿的自主选择和游戏体验，只要完成任务就是一种经验积累。,调整任务卡呈现方式，如增加“我想挑战”等提示，鼓励幼儿选择不同星级的挑战。,和浩浩回顾已完成的任务，比较不同星级的难度，邀请他选择稍有挑战的任务。,D 支架策略与游戏推进,C 观察诊断,ADCB,0,1,3,0,0.75,0.275,-1.1,1.1,1,0.75,0.5,0.25,0.5,0.8,1.0,80.961111,0.809611,30.984,20.536,51.52,0.044273,-0.706351,0.044273,0.022137,5,5,2,4,1,5,1,1,1,30.984,0.0,0,B,B/C,教师B：暂不介入，尊重幼儿的自主选择和游戏体验，只要完成任务就是一种经验积累。,教师B：暂不介入，尊重幼儿的自主选择和游戏体验，只要完成任务就是一种经验积累。；教师C：调整任务卡呈现方式，如增加“我想挑战”等提示，鼓励幼儿选择不同星级的挑战。,过程复杂,首反应异常；多次调整；首末位摇摆；优劣方向冲突；路径振荡,请教师回忆读到情境后最先注意到什么、是否很快形成判断或感到难判断；追问最理想或最不理想做法的判断为什么发生变化；追问是否曾把某做法从合适改判为不合适，或相反；追问当时是否在几个判断标准之间反复权衡,0.662214,0.603944,主要IIV信号：选项焦点变化、同题过程信息量、过程冲突；可追问选项比较：教师B：暂不介入，尊重幼儿的自主选择和游戏体验，只要完成任务就是一种经验积累。；教师C：调整任务卡呈现方式，如增加“我想挑战”等提示，鼓励幼儿选择不同星级的挑战。
教师35,sim_openid_035_385846,总体中等,2.1,21,Q6,6,区域停留短,小班幼儿瑶瑶在区域活动时，一会儿在娃娃家切切菜，一会儿到美工区搓搓橡皮泥，一会儿又开心地跑到其它区域游戏，在任何一个区域停留时间都不超过三分钟。,提议瑶瑶完成某项游戏任务，如在娃娃家做菜，请他活动小结时分享。,游戏前提醒区域活动规则，活动结束后表扬区域游戏规则遵守得好的小朋友。,仔细观察瑶瑶在不同区域的游戏情况，分析他发生迅速转移的原因。,以同伴的身份陪伴瑶瑶在某一区域游戏，待他专注游戏后再离开。,C 观察诊断与介入时机,A 儿童视角,BDAC,2,4,4,0,0.0,0.475,1.9,1.9,2,1.0,0.0,1.0,1.0,1.0,1.0,82.712403,0.827124,44.347,29.984,74.331,1.069881,0.225443,1.069881,0.53494,5,5,2,3,1,6,0,0,0,44.347,0.0,0,A,B/C,教师A：提议瑶瑶完成某项游戏任务，如在娃娃家做菜，请他活动小结时分享。,教师B：游戏前提醒区域活动规则，活动结束后表扬区域游戏规则遵守得好的小朋友。；教师C：仔细观察瑶瑶在不同区域的游戏情况，分析他发生迅速转移的原因。,过程复杂,首反应异常；高修正投入；多次调整；首末位摇摆；优劣方向冲突,请教师回忆读到情境后最先注意到什么、是否很快形成判断或感到难判断；追问后续主要在比较哪些做法、为什么调整；追问最理想或最不理想做法的判断为什么发生变化；追问是否曾把某做法从合适改判为不合适，或相反,0.553494,0.5661,主要IIV信号：过程冲突、修正信号、选项焦点变化；可追问选项比较：教师B：游戏前提醒区域活动规则，活动结束后表扬区域游戏规则遵守得好的小朋友。；教师C：仔细观察瑶瑶在不同区域的游戏情况，分析他发生迅速转移的原因。
教师35,sim_openid_035_385846,总体中等,2.1,21,Q10,10,引水难题未解,中班上学期，幼儿在“引水游戏”中遇到了难题——水无法被引到竹片管道上。他们不断调整竹片拼接的方式，却始终没能成功，即竹片一头高于出水管道，阻碍了引流。渐渐地幼儿的探索兴趣也减弱了，有的开始玩水，有的甚至离开了水池。,示范正确的引水方法，请幼儿注意观察并说说引水的要领，再自己试一试。,加入幼儿的探索，引导他们观察水流受阻的位置，一起尝试调整竹片的摆放方式。,组织幼儿就游戏困难进行讨论，寻找解决问题的方案，引导幼儿再次尝试。,投放更多辅助引水的材料，重新激起幼儿的探索兴趣，继续观察游戏进展。,C 观察诊断与介入时机,D 探究支架,DCAB,1,3,4,0,0.25,0.225,0.9,0.9,2,1.0,0.25,0.75,0.75,1.0,1.0,84.653876,0.846539,42.051,36.273,78.324,0.917825,0.694215,0.917825,0.458913,5,5,4,1,1,6,0,0,0,42.051,0.0,0,D,A/C,教师D：投放更多辅助引水的材料，重新激起幼儿的探索兴趣，继续观察游戏进展。,教师A：示范正确的引水方法，请幼儿注意观察并说说引水的要领，再自己试一试。；教师C：组织幼儿就游戏困难进行讨论，寻找解决问题的方案，引导幼儿再次尝试。,过程复杂,首反应异常；高修正投入；多次调整；首末位摇摆；优劣方向冲突,请教师回忆读到情境后最先注意到什么、是否很快形成判断或感到难判断；追问后续主要在比较哪些做法、为什么调整；追问最理想或最不理想做法的判断为什么发生变化；追问是否曾把某做法从合适改判为不合适，或相反,0.595891,0.559468,主要IIV信号：过程冲突、选项焦点变化、同题过程信息量；可追问选项比较：教师A：示范正确的引水方法，请幼儿注意观察并说说引水的要领，再自己试一试。；教师C：组织幼儿就游戏困难进行讨论，寻找解决问题的方案，引导幼儿再次尝试。
教师35,sim_openid_035_385846,总体中等,2.1,21,Q9,9,艾莎公主不运动,小班的一次户外运动，有几个女孩子从一开始就没有选择任何体育活动项目，而是聚在一起坐在地上玩“艾莎公主”的游戏，比一比谁的鞋子最漂亮，谁的魔法最厉害。,询问幼儿没有参与运动的原因，提供丰富的活动材料吸引幼儿参与运动活动。,提醒幼儿现在是运动时间，请他们等自由游戏时间再一起玩“艾莎公主”的游戏。,利用艾莎公主的鞋子设计走、跑、跳等活动，并以参与者的身份邀请幼儿一起参与运动。,肯定幼儿自主游戏的行为，言语引导幼儿穿着“漂亮的鞋子”参与运动。,D 支架策略与游戏推进,A 儿童视角/B 目标平衡,ADCB,0,3,3,0,0.25,0.225,0.9,0.9,3,0.75,0.0,0.75,0.75,0.833333,1.0,88.009091,0.880091,36.439,36.874,73.313,0.508114,0.734672,0.734672,0.367336,6,6,2,5,2,6,1,1,0,36.439,0.0,0,B,C/D,教师B：提醒幼儿现在是运动时间，请他们等自由游戏时间再一起玩“艾莎公主”的游戏。,教师C：利用艾莎公主的鞋子设计走、跑、跳等活动，并以参与者的身份邀请幼儿一起参与运动。；教师D：肯定幼儿自主游戏的行为，言语引导幼儿穿着“漂亮的鞋子”参与运动。,过程复杂,首反应异常；高修正投入；多次调整；首末位摇摆；优劣方向冲突；路径振荡,请教师回忆读到情境后最先注意到什么、是否很快形成判断或感到难判断；追问后续主要在比较哪些做法、为什么调整；追问最理想或最不理想做法的判断为什么发生变化；追问是否曾把某做法从合适改判为不合适，或相反；追问当时是否在几个判断标准之间反复权衡,0.5534,0.526988,主要IIV信号：选项焦点变化、同题过程信息量、过程冲突；可追问选项比较：教师C：利用艾莎公主的鞋子设计走、跑、跳等活动，并以参与者的身份邀请幼儿一起参与运动。；教师D：肯定幼儿自主游戏的行为，言语引导幼儿穿着“漂亮的鞋子”参与运动。
教师35,sim_openid_035_385846,总体中等,2.1,21,Q7,7,飞行棋各走各的,大班区域游戏中，轩轩和小宇一起玩飞行棋，他们将棋子摆好后，各自拿了一个骰子开始投，小宇说：“该我走。”轩轩说：“明明该我走！”相持不下，于是两人各拿一个骰子，自顾自地走自己的棋。,耐心讲解共同游戏的规则，再以“棋手”身份加入游戏进行示范引导。,暂不介入，继续观察游戏进展，待区域小结时请幼儿分享游戏中的体验和问题。,拿走一个骰子，请幼儿商量只有一个骰子的共同游戏规则，达成一致后再开始游戏。,待幼儿体验一轮各走各的游戏后，询问幼儿的游戏体验，提示共同游戏规则的作用。,E 共同游戏组织与规则共建,B 规则平衡,DCBA,0,4,4,0,0.0,0.475,1.9,1.9,4,1.0,0.0,1.0,1.0,1.0,1.0,49.193798,0.491938,15.567,13.18,28.747,-1.924479,-1.798156,0.0,0.0,3,3,1,3,1,4,0,0,0,15.567,0.0,0,A,A/B,教师A：耐心讲解共同游戏的规则，再以“棋手”身份加入游戏进行示范引导。,教师A：耐心讲解共同游戏的规则，再以“棋手”身份加入游戏进行示范引导。；教师B：暂不介入，继续观察游戏进展，待区域小结时请幼儿分享游戏中的体验和问题。,过程简单,多次调整；首末位摇摆；优劣方向冲突,追问最理想或最不理想做法的判断为什么发生变化；追问是否曾把某做法从合适改判为不合适，或相反,0.5,0.495847,主要IIV信号：过程冲突、修正信号、选项焦点变化；可追问选项比较：教师A：耐心讲解共同游戏的规则，再以“棋手”身份加入游戏进行示范引导。；教师B：暂不介入，继续观察游戏进展，待区域小结时请幼儿分享游戏中的体验和问题。
教师35,sim_openid_035_385846,总体中等,2.1,21,Q8,8,跳绳秩序混乱,周三下午，大五班的幼儿正自发进行跳绳游戏。李老师观察后发现，挤在一起跳绳的幼儿人数较多，整个场面十分混乱，幼儿很容易出现碰撞现象。此外，由于当“柱子”的幼儿很久才能轮上跳绳，因此也显得很不耐烦。,请幼儿暂停游戏，将幼儿分成多个小组并引导他们以小组为单位分区域开展游戏。,请幼儿说一说跳绳活动中存在的问题，并邀请幼儿一起设置跳绳的规则。,提供更多数量和不同种类的跳绳，并言语引导幼儿分组分区同时进行跳绳游戏。,暂不介入，活动分享时通过照片或视频回放引导幼儿发现问题并商议解决办法。,E 共同游戏组织与规则共建,B 安全秩序,BADC,2,3,3,2,0.25,0.225,0.9,0.9,1,0.25,0.0,0.25,0.25,0.75,1.0,71.334848,0.713348,27.268,19.442,46.71,-0.321142,-0.841125,0.0,0.0,4,4,1,3,0,3,2,2,2,27.268,0.0,0,A,C/D,教师A：请幼儿暂停游戏，将幼儿分成多个小组并引导他们以小组为单位分区域开展游戏。,教师C：提供更多数量和不同种类的跳绳，并言语引导幼儿分组分区同时进行跳绳游戏。；教师D：暂不介入，活动分享时通过照片或视频回放引导幼儿发现问题并商议解决办法。,过程复杂,首反应异常；多次调整；首末位摇摆；路径振荡,请教师回忆读到情境后最先注意到什么、是否很快形成判断或感到难判断；追问最理想或最不理想做法的判断为什么发生变化；追问当时是否在几个判断标准之间反复权衡,0.4,0.394417,主要IIV信号：选项焦点变化、过程冲突、同题过程信息量；可追问选项比较：教师C：提供更多数量和不同种类的跳绳，并言语引导幼儿分组分区同时进行跳绳游戏。；教师D：暂不介入，活动分享时通过照片或视频回放引导幼儿发现问题并商议解决办法。
教师35,sim_openid_035_385846,总体中等,2.1,21,Q4,4,频繁求助,中班区域活动时，小明选择了建构区。玩了一会儿，他跑到老师面前说“老师，我不会搭……帮帮我吧”，教师问他需要什么帮助时，他一边说我不会搭，一边却很快地将房子从一层积木加高到了两层。看小明专注搭建后，老师就离开建构区了。可是没一会，小明又找了老师好几次，说“老师，帮帮我吧，我不会搭”。,鼓励小明独立搭建，引导他思考接下来如何搭建，及时表扬他的努力。,先示范搭建关键部分，请小明观察方法，再鼓励他照着继续搭建。,在旁观察小明的搭建过程，并适时反馈，帮助他理清搭建步骤。,帮小明回顾已搭建完成的部分，指导他设定小目标，尝试自己实现。,C 观察诊断与介入时机,D 支架策略,ACBD,3,3,3,3,0.25,0.225,0.9,0.9,0,0.0,0.0,0.0,0.0,0.0,0.0,10.15,0.1015,,,23.905,0.0,0.0,0.0,0.0,0,0,0,0,0,1,0,0,0,23.905,0.0,0,,,,,过程简单,过程相对平稳,追问教师当时主要依据什么形成排序,0.1,0.113825,主要IIV信号：结果风险、个人内相对偏离、同题过程信息量
教师36,sim_openid_036_874418,总体偏低,1.8,18,Q9,9,艾莎公主不运动,小班的一次户外运动，有几个女孩子从一开始就没有选择任何体育活动项目，而是聚在一起坐在地上玩“艾莎公主”的游戏，比一比谁的鞋子最漂亮，谁的魔法最厉害。,询问幼儿没有参与运动的原因，提供丰富的活动材料吸引幼儿参与运动活动。,提醒幼儿现在是运动时间，请他们等自由游戏时间再一起玩“艾莎公主”的游戏。,利用艾莎公主的鞋子设计走、跑、跳等活动，并以参与者的身份邀请幼儿一起参与运动。,肯定幼儿自主游戏的行为，言语引导幼儿穿着“漂亮的鞋子”参与运动。,D 支架策略与游戏推进,A 儿童视角/B 目标平衡,BACD,0,0,2,0,1.0,0.45,-1.8,1.8,0,0.5,0.5,0.0,0.5,0.833333,1.0,86.077273,0.860773,29.474,36.637,66.111,1.249278,0.623771,1.249278,0.624639,6,6,2,5,2,6,1,1,1,29.474,0.0,0,A,A/C,教师A：询问幼儿没有参与运动的原因，提供丰富的活动材料吸引幼儿参与运动活动。,教师A：询问幼儿没有参与运动的原因，提供丰富的活动材料吸引幼儿参与运动活动。；教师C：利用艾莎公主的鞋子设计走、跑、跳等活动，并以参与者的身份邀请幼儿一起参与运动。,过程复杂,首反应异常；高修正投入；多次调整；首末位摇摆；优劣方向冲突；路径振荡,请教师回忆读到情境后最先注意到什么、是否很快形成判断或感到难判断；追问后续主要在比较哪些做法、为什么调整；追问最理想或最不理想做法的判断为什么发生变化；追问是否曾把某做法从合适改判为不合适，或相反；追问当时是否在几个判断标准之间反复权衡,0.829131,0.773003,主要IIV信号：结果风险、选项焦点变化、同题过程信息量；可追问选项比较：教师A：询问幼儿没有参与运动的原因，提供丰富的活动材料吸引幼儿参与运动活动。；教师C：利用艾莎公主的鞋子设计走、跑、跳等活动，并以参与者的身份邀请幼儿一起参与运动。
教师36,sim_openid_036_874418,总体偏低,1.8,18,Q2,2,未参与小组建构,大班建构活动中，睿睿和其他幼儿计划一起搭积木大桥，他们讨论了搭建方法，并进入区域开始搭建。就在其他幼儿在认真搭建时，睿睿发现了一块长条木板，他一会儿在地上推着走，一会儿当枪使，没有再参与小组的搭建。,继续观察，后续分享中支持睿睿思考如何把长条木板融入小组的建构中。,肯定睿睿的创造性玩法，询问他长条板能否当桥面，引导他参与到搭桥任务中。,引导睿睿回顾计划，建议他先完成共同任务，长条木板可以等自由游戏时再玩。,看到睿睿玩得开心，暂不介入，等下一次活动时再提醒他根据计划开展游戏。,D 支架策略与游戏推进,E 共同游戏组织,DACB,0,1,2,0,0.75,0.2,-0.8,0.8,1,0.5,0.25,0.25,0.25,0.833333,1.0,77.855556,0.778556,25.102,40.043,65.145,0.793283,0.884341,0.884341,0.442171,6,6,3,4,1,5,2,2,0,25.102,0.0,0,D,B/C,教师D：看到睿睿玩得开心，暂不介入，等下一次活动时再提醒他根据计划开展游戏。,教师B：肯定睿睿的创造性玩法，询问他长条板能否当桥面，引导他参与到搭桥任务中。；教师C：引导睿睿回顾计划，建议他先完成共同任务，长条木板可以等自由游戏时再玩。,过程复杂,高修正投入；多次调整；首末位摇摆；优劣方向冲突；路径振荡,追问后续主要在比较哪些做法、为什么调整；追问最理想或最不理想做法的判断为什么发生变化；追问是否曾把某做法从合适改判为不合适，或相反；追问当时是否在几个判断标准之间反复权衡,0.660884,0.600645,主要IIV信号：选项焦点变化、过程冲突、同题过程信息量；可追问选项比较：教师B：肯定睿睿的创造性玩法，询问他长条板能否当桥面，引导他参与到搭桥任务中。；教师C：引导睿睿回顾计划，建议他先完成共同任务，长条木板可以等自由游戏时再玩。
教师36,sim_openid_036_874418,总体偏低,1.8,18,Q6,6,区域停留短,小班幼儿瑶瑶在区域活动时，一会儿在娃娃家切切菜，一会儿到美工区搓搓橡皮泥，一会儿又开心地跑到其它区域游戏，在任何一个区域停留时间都不超过三分钟。,提议瑶瑶完成某项游戏任务，如在娃娃家做菜，请他活动小结时分享。,游戏前提醒区域活动规则，活动结束后表扬区域游戏规则遵守得好的小朋友。,仔细观察瑶瑶在不同区域的游戏情况，分析他发生迅速转移的原因。,以同伴的身份陪伴瑶瑶在某一区域游戏，待他专注游戏后再离开。,C 观察诊断与介入时机,A 儿童视角,CADB,2,1,3,1,0.75,0.2,-0.8,0.8,-1,0.5,0.5,0.0,0.5,0.833333,1.0,72.449225,0.724492,13.987,19.429,33.416,-0.867611,-1.235468,0.0,0.0,6,6,5,2,1,6,1,1,1,13.987,0.0,0,B,A/C,教师B：游戏前提醒区域活动规则，活动结束后表扬区域游戏规则遵守得好的小朋友。,教师A：提议瑶瑶完成某项游戏任务，如在娃娃家做菜，请他活动小结时分享。；教师C：仔细观察瑶瑶在不同区域的游戏情况，分析他发生迅速转移的原因。,过程复杂,高修正投入；多次调整；首末位摇摆；优劣方向冲突；路径振荡,追问后续主要在比较哪些做法、为什么调整；追问最理想或最不理想做法的判断为什么发生变化；追问是否曾把某做法从合适改判为不合适，或相反；追问当时是否在几个判断标准之间反复权衡,0.666667,0.591225,主要IIV信号：选项焦点变化、过程冲突、结果风险；可追问选项比较：教师A：提议瑶瑶完成某项游戏任务，如在娃娃家做菜，请他活动小结时分享。；教师C：仔细观察瑶瑶在不同区域的游戏情况，分析他发生迅速转移的原因。
教师36,sim_openid_036_874418,总体偏低,1.8,18,Q4,4,频繁求助,中班区域活动时，小明选择了建构区。玩了一会儿，他跑到老师面前说“老师，我不会搭……帮帮我吧”，教师问他需要什么帮助时，他一边说我不会搭，一边却很快地将房子从一层积木加高到了两层。看小明专注搭建后，老师就离开建构区了。可是没一会，小明又找了老师好几次，说“老师，帮帮我吧，我不会搭”。,鼓励小明独立搭建，引导他思考接下来如何搭建，及时表扬他的努力。,先示范搭建关键部分，请小明观察方法，再鼓励他照着继续搭建。,在旁观察小明的搭建过程，并适时反馈，帮助他理清搭建步骤。,帮小明回顾已搭建完成的部分，指导他设定小目标，尝试自己实现。,C 观察诊断与介入时机,D 支架策略,DACB,2,2,3,2,0.5,0.05,0.2,0.2,0,0.25,0.25,0.0,0.25,0.875,1.0,80.866667,0.808667,23.001,45.945,68.946,0.545038,1.287356,1.287356,0.643678,8,8,3,5,1,8,1,1,0,23.001,0.0,0,D,A/D,教师D：帮小明回顾已搭建完成的部分，指导他设定小目标，尝试自己实现。,教师A：鼓励小明独立搭建，引导他思考接下来如何搭建，及时表扬他的努力。；教师D：帮小明回顾已搭建完成的部分，指导他设定小目标，尝试自己实现。,过程复杂,高修正投入；多次调整；首末位摇摆；优劣方向冲突；路径振荡,追问后续主要在比较哪些做法、为什么调整；追问最理想或最不理想做法的判断为什么发生变化；追问是否曾把某做法从合适改判为不合适，或相反；追问当时是否在几个判断标准之间反复权衡,0.589368,0.531051,主要IIV信号：选项焦点变化、过程冲突、同题过程信息量；可追问选项比较：教师A：鼓励小明独立搭建，引导他思考接下来如何搭建，及时表扬他的努力。；教师D：帮小明回顾已搭建完成的部分，指导他设定小目标，尝试自己实现。
教师36,sim_openid_036_874418,总体偏低,1.8,18,Q3,3,材料选择无层次,大班上学期，张老师在建构区投放了按图搭建的游戏材料，并提供了不同星级难度的任务卡供幼儿选择，但有的幼儿一上来就选择高难度的三星级任务卡，结果不能顺利完成任务；而有的幼儿始终选择低难度的一星级任务卡。这天，浩浩又连续选择了几张一星级任务卡，很快就完成了任务。,调整任务卡提供方式，在游戏开始前根据幼儿的能力水平有针对性地发放任务卡。,暂不介入，尊重幼儿的自主选择和游戏体验，只要完成任务就是一种经验积累。,调整任务卡呈现方式，如增加“我想挑战”等提示，鼓励幼儿选择不同星级的挑战。,和浩浩回顾已完成的任务，比较不同星级的难度，邀请他选择稍有挑战的任务。,D 支架策略与游戏推进,C 观察诊断,CDAB,0,2,3,0,0.5,0.05,0.2,0.2,2,0.75,0.25,0.5,0.5,0.833333,1.0,68.266667,0.682667,19.687,35.552,55.239,0.103191,0.535652,0.535652,0.267826,6,6,3,2,1,7,0,0,0,19.687,0.0,0,A,B/D,教师A：调整任务卡提供方式，在游戏开始前根据幼儿的能力水平有针对性地发放任务卡。,教师B：暂不介入，尊重幼儿的自主选择和游戏体验，只要完成任务就是一种经验积累。；教师D：和浩浩回顾已完成的任务，比较不同星级的难度，邀请他选择稍有挑战的任务。,过程简单,高修正投入；多次调整；首末位摇摆；优劣方向冲突,追问后续主要在比较哪些做法、为什么调整；追问最理想或最不理想做法的判断为什么发生变化；追问是否曾把某做法从合适改判为不合适，或相反,0.593449,0.518416,主要IIV信号：选项焦点变化、过程冲突、同题过程信息量；可追问选项比较：教师B：暂不介入，尊重幼儿的自主选择和游戏体验，只要完成任务就是一种经验积累。；教师D：和浩浩回顾已完成的任务，比较不同星级的难度，邀请他选择稍有挑战的任务。
教师36,sim_openid_036_874418,总体偏低,1.8,18,Q1,1,篮球架玩水,操场上新安装了一些篮球架，幼儿经常在这里投篮。某天户外活动时，几名幼儿带着画笔和水桶来到这里，他们先是快乐地粉刷篮球架，之后开始往篮框里灌水，有的从上面灌，有的在下面接，忙的不亦乐乎，俨然这里成为了玩水的场地。,看到幼儿玩得很开心，不干预他们的玩水行为，待兴趣减弱后再讨论玩水的适宜性。,表扬幼儿的新发现，并询问在篮球架旁玩水是否合适，提议幼儿可以换个地方玩水。,参与到幼儿的“粉刷”游戏中，逐步引导幼儿到适宜玩水的地方继续开展游戏。,提醒幼儿篮球架是用于开展运动的，与其他幼儿一起召唤他们打篮球，转移他们的关注点。,B 自主游戏与规则/安全/价值平衡,A 游戏意义理解,CBAD,4,3,4,1,0.25,0.3,1.2,1.2,-1,0.75,0.25,0.5,0.5,0.833333,1.0,85.66626,0.856663,27.704,33.17,60.874,1.073391,0.332372,1.073391,0.536696,6,6,2,4,0,6,1,1,0,27.704,0.0,0,A,A/B,教师A：看到幼儿玩得很开心，不干预他们的玩水行为，待兴趣减弱后再讨论玩水的适宜性。,教师A：看到幼儿玩得很开心，不干预他们的玩水行为，待兴趣减弱后再讨论玩水的适宜性。；教师B：表扬幼儿的新发现，并询问在篮球架旁玩水是否合适，提议幼儿可以换个地方玩水。,过程复杂,首反应异常；高修正投入；多次调整；首末位摇摆；路径振荡,请教师回忆读到情境后最先注意到什么、是否很快形成判断或感到难判断；追问后续主要在比较哪些做法、为什么调整；追问最理想或最不理想做法的判断为什么发生变化；追问当时是否在几个判断标准之间反复权衡,0.520336,0.516503,主要IIV信号：选项焦点变化、同题过程信息量、过程冲突；可追问选项比较：教师A：看到幼儿玩得很开心，不干预他们的玩水行为，待兴趣减弱后再讨论玩水的适宜性。；教师B：表扬幼儿的新发现，并询问在篮球架旁玩水是否合适，提议幼儿可以换个地方玩水。
教师36,sim_openid_036_874418,总体偏低,1.8,18,Q7,7,飞行棋各走各的,大班区域游戏中，轩轩和小宇一起玩飞行棋，他们将棋子摆好后，各自拿了一个骰子开始投，小宇说：“该我走。”轩轩说：“明明该我走！”相持不下，于是两人各拿一个骰子，自顾自地走自己的棋。,耐心讲解共同游戏的规则，再以“棋手”身份加入游戏进行示范引导。,暂不介入，继续观察游戏进展，待区域小结时请幼儿分享游戏中的体验和问题。,拿走一个骰子，请幼儿商量只有一个骰子的共同游戏规则，达成一致后再开始游戏。,待幼儿体验一轮各走各的游戏后，询问幼儿的游戏体验，提示共同游戏规则的作用。,E 共同游戏组织与规则共建,B 规则平衡,ADBC,0,2,2,0,0.5,0.05,0.2,0.2,2,0.5,0.0,0.5,0.5,0.8,1.0,76.972093,0.769721,12.496,28.531,41.027,-1.187737,-0.109228,0.0,0.0,5,5,2,2,0,5,1,1,1,12.496,0.0,0,D,B/C,教师D：待幼儿体验一轮各走各的游戏后，询问幼儿的游戏体验，提示共同游戏规则的作用。,教师B：暂不介入，继续观察游戏进展，待区域小结时请幼儿分享游戏中的体验和问题。；教师C：拿走一个骰子，请幼儿商量只有一个骰子的共同游戏规则，达成一致后再开始游戏。,过程复杂,高修正投入；多次调整；首末位摇摆；路径振荡,追问后续主要在比较哪些做法、为什么调整；追问最理想或最不理想做法的判断为什么发生变化；追问当时是否在几个判断标准之间反复权衡,0.56,0.490986,主要IIV信号：选项焦点变化、过程冲突、同题过程信息量；可追问选项比较：教师B：暂不介入，继续观察游戏进展，待区域小结时请幼儿分享游戏中的体验和问题。；教师C：拿走一个骰子，请幼儿商量只有一个骰子的共同游戏规则，达成一致后再开始游戏。
教师36,sim_openid_036_874418,总体偏低,1.8,18,Q8,8,跳绳秩序混乱,周三下午，大五班的幼儿正自发进行跳绳游戏。李老师观察后发现，挤在一起跳绳的幼儿人数较多，整个场面十分混乱，幼儿很容易出现碰撞现象。此外，由于当“柱子”的幼儿很久才能轮上跳绳，因此也显得很不耐烦。,请幼儿暂停游戏，将幼儿分成多个小组并引导他们以小组为单位分区域开展游戏。,请幼儿说一说跳绳活动中存在的问题，并邀请幼儿一起设置跳绳的规则。,提供更多数量和不同种类的跳绳，并言语引导幼儿分组分区同时进行跳绳游戏。,暂不介入，活动分享时通过照片或视频回放引导幼儿发现问题并商议解决办法。,E 共同游戏组织与规则共建,B 安全秩序,BACD,2,2,2,1,0.5,0.05,0.2,0.2,0,0.25,0.0,0.25,0.25,0.833333,1.0,74.786364,0.747864,22.797,34.929,57.726,0.519737,0.483832,0.519737,0.259868,6,6,5,3,2,6,1,1,0,22.797,0.0,0,A,A/B,教师A：请幼儿暂停游戏，将幼儿分成多个小组并引导他们以小组为单位分区域开展游戏。,教师A：请幼儿暂停游戏，将幼儿分成多个小组并引导他们以小组为单位分区域开展游戏。；教师B：请幼儿说一说跳绳活动中存在的问题，并邀请幼儿一起设置跳绳的规则。,过程复杂,高修正投入；多次调整；首末位摇摆；优劣方向冲突；路径振荡,追问后续主要在比较哪些做法、为什么调整；追问最理想或最不理想做法的判断为什么发生变化；追问是否曾把某做法从合适改判为不合适，或相反；追问当时是否在几个判断标准之间反复权衡,0.542654,0.48338,主要IIV信号：选项焦点变化、过程冲突、同题过程信息量；可追问选项比较：教师A：请幼儿暂停游戏，将幼儿分成多个小组并引导他们以小组为单位分区域开展游戏。；教师B：请幼儿说一说跳绳活动中存在的问题，并邀请幼儿一起设置跳绳的规则。
教师36,sim_openid_036_874418,总体偏低,1.8,18,Q5,5,消防员救火开心,近几天，中班的幼儿十分热衷于在区域游戏时间玩“消防员救火”的游戏。游戏结束后的交流活动中，老师问幼儿最想分享什么时，阳阳说“娃娃家着火了，好开心啊！”。,抓住教育契机，向幼儿耐心解释真实的火灾会造成物品损失和人员伤亡。,询问幼儿开心的是“着火”本身，还是消防员成功救火、娃娃家的人得救？,引导幼儿思考“娃娃家着火”值不值得开心，帮助他们认识真实火灾是危险的。,请阳阳讲讲娃娃家着火后发生了什么、为什么开心，借此理解幼儿的游戏体验。,A 游戏意义理解与儿童视角,B 价值平衡,BDCA,2,3,4,1,0.25,0.3,1.2,1.2,1,0.75,0.25,0.5,0.5,0.8,1.0,70.246899,0.702469,15.107,19.609,34.716,-0.648846,-1.208437,0.0,0.0,5,5,2,4,1,5,1,1,1,15.107,0.0,0,A,B/D,教师A：抓住教育契机，向幼儿耐心解释真实的火灾会造成物品损失和人员伤亡。,教师B：询问幼儿开心的是“着火”本身，还是消防员成功救火、娃娃家的人得救？；教师D：请阳阳讲讲娃娃家着火后发生了什么、为什么开心，借此理解幼儿的游戏体验。,过程复杂,高修正投入；多次调整；首末位摇摆；优劣方向冲突；路径振荡,追问后续主要在比较哪些做法、为什么调整；追问最理想或最不理想做法的判断为什么发生变化；追问是否曾把某做法从合适改判为不合适，或相反；追问当时是否在几个判断标准之间反复权衡,0.46,0.450123,主要IIV信号：选项焦点变化、过程冲突、同题过程信息量；可追问选项比较：教师B：询问幼儿开心的是“着火”本身，还是消防员成功救火、娃娃家的人得救？；教师D：请阳阳讲讲娃娃家着火后发生了什么、为什么开心，借此理解幼儿的游戏体验。
教师36,sim_openid_036_874418,总体偏低,1.8,18,Q10,10,引水难题未解,中班上学期，幼儿在“引水游戏”中遇到了难题——水无法被引到竹片管道上。他们不断调整竹片拼接的方式，却始终没能成功，即竹片一头高于出水管道，阻碍了引流。渐渐地幼儿的探索兴趣也减弱了，有的开始玩水，有的甚至离开了水池。,示范正确的引水方法，请幼儿注意观察并说说引水的要领，再自己试一试。,加入幼儿的探索，引导他们观察水流受阻的位置，一起尝试调整竹片的摆放方式。,组织幼儿就游戏困难进行讨论，寻找解决问题的方案，引导幼儿再次尝试。,投放更多辅助引水的材料，重新激起幼儿的探索兴趣，继续观察游戏进展。,C 观察诊断与介入时机,D 探究支架,ACBD,1,2,3,1,0.5,0.05,0.2,0.2,1,0.5,0.25,0.25,0.25,0.666667,0.5,45.102326,0.451023,10.885,17.191,28.076,-1.579724,-1.594191,0.0,0.0,3,3,0,2,0,3,1,1,1,10.885,0.0,0,B,B/C,教师B：加入幼儿的探索，引导他们观察水流受阻的位置，一起尝试调整竹片的摆放方式。,教师B：加入幼儿的探索，引导他们观察水流受阻的位置，一起尝试调整竹片的摆放方式。；教师C：组织幼儿就游戏困难进行讨论，寻找解决问题的方案，引导幼儿再次尝试。,过程简单,多次调整；首末位摇摆；路径振荡,追问最理想或最不理想做法的判断为什么发生变化；追问当时是否在几个判断标准之间反复权衡,0.433333,0.367551,主要IIV信号：过程冲突、结果风险、选项焦点变化；可追问选项比较：教师B：加入幼儿的探索，引导他们观察水流受阻的位置，一起尝试调整竹片的摆放方式。；教师C：组织幼儿就游戏困难进行讨论，寻找解决问题的方案，引导幼儿再次尝试。
教师37,sim_openid_037_400000,总体偏高,3.1,31,Q6,6,区域停留短,小班幼儿瑶瑶在区域活动时，一会儿在娃娃家切切菜，一会儿到美工区搓搓橡皮泥，一会儿又开心地跑到其它区域游戏，在任何一个区域停留时间都不超过三分钟。,提议瑶瑶完成某项游戏任务，如在娃娃家做菜，请他活动小结时分享。,游戏前提醒区域活动规则，活动结束后表扬区域游戏规则遵守得好的小朋友。,仔细观察瑶瑶在不同区域的游戏情况，分析他发生迅速转移的原因。,以同伴的身份陪伴瑶瑶在某一区域游戏，待他专注游戏后再离开。,C 观察诊断与介入时机,A 儿童视角,ABCD,2,2,4,1,0.5,0.275,-1.1,1.1,0,0.75,0.5,0.25,0.5,0.857143,1.0,89.011628,0.890116,27.196,27.352,54.548,1.027103,1.23561,1.23561,0.617805,7,7,3,4,1,6,2,2,1,27.196,0.0,0,,A/D,,教师A：提议瑶瑶完成某项游戏任务，如在娃娃家做菜，请他活动小结时分享。；教师D：以同伴的身份陪伴瑶瑶在某一区域游戏，待他专注游戏后再离开。,过程复杂,首反应异常；高修正投入；多次调整；首末位摇摆；优劣方向冲突；路径振荡,请教师回忆读到情境后最先注意到什么、是否很快形成判断或感到难判断；追问后续主要在比较哪些做法、为什么调整；追问最理想或最不理想做法的判断为什么发生变化；追问是否曾把某做法从合适改判为不合适，或相反；追问当时是否在几个判断标准之间反复权衡,0.633209,0.601108,主要IIV信号：选项焦点变化、同题过程信息量、过程冲突；可追问选项比较：教师A：提议瑶瑶完成某项游戏任务，如在娃娃家做菜，请他活动小结时分享。；教师D：以同伴的身份陪伴瑶瑶在某一区域游戏，待他专注游戏后再离开。
教师37,sim_openid_037_400000,总体偏高,3.1,31,Q7,7,飞行棋各走各的,大班区域游戏中，轩轩和小宇一起玩飞行棋，他们将棋子摆好后，各自拿了一个骰子开始投，小宇说：“该我走。”轩轩说：“明明该我走！”相持不下，于是两人各拿一个骰子，自顾自地走自己的棋。,耐心讲解共同游戏的规则，再以“棋手”身份加入游戏进行示范引导。,暂不介入，继续观察游戏进展，待区域小结时请幼儿分享游戏中的体验和问题。,拿走一个骰子，请幼儿商量只有一个骰子的共同游戏规则，达成一致后再开始游戏。,待幼儿体验一轮各走各的游戏后，询问幼儿的游戏体验，提示共同游戏规则的作用。,E 共同游戏组织与规则共建,B 规则平衡,DCBA,0,4,4,0,0.0,0.225,0.9,0.9,4,1.0,0.0,1.0,1.0,1.0,1.0,73.682946,0.736829,15.277,31.242,46.519,-0.27143,1.603438,1.603438,0.801719,7,7,1,5,1,7,1,1,1,15.277,0.0,0,A,B/C,教师A：耐心讲解共同游戏的规则，再以“棋手”身份加入游戏进行示范引导。,教师B：暂不介入，继续观察游戏进展，待区域小结时请幼儿分享游戏中的体验和问题。；教师C：拿走一个骰子，请幼儿商量只有一个骰子的共同游戏规则，达成一致后再开始游戏。,过程复杂,高修正投入；多次调整；首末位摇摆；优劣方向冲突；路径振荡,追问后续主要在比较哪些做法、为什么调整；追问最理想或最不理想做法的判断为什么发生变化；追问是否曾把某做法从合适改判为不合适，或相反；追问当时是否在几个判断标准之间反复权衡,0.580172,0.550763,主要IIV信号：过程冲突、修正信号、选项焦点变化；可追问选项比较：教师B：暂不介入，继续观察游戏进展，待区域小结时请幼儿分享游戏中的体验和问题。；教师C：拿走一个骰子，请幼儿商量只有一个骰子的共同游戏规则，达成一致后再开始游戏。
教师37,sim_openid_037_400000,总体偏高,3.1,31,Q9,9,艾莎公主不运动,小班的一次户外运动，有几个女孩子从一开始就没有选择任何体育活动项目，而是聚在一起坐在地上玩“艾莎公主”的游戏，比一比谁的鞋子最漂亮，谁的魔法最厉害。,询问幼儿没有参与运动的原因，提供丰富的活动材料吸引幼儿参与运动活动。,提醒幼儿现在是运动时间，请他们等自由游戏时间再一起玩“艾莎公主”的游戏。,利用艾莎公主的鞋子设计走、跑、跳等活动，并以参与者的身份邀请幼儿一起参与运动。,肯定幼儿自主游戏的行为，言语引导幼儿穿着“漂亮的鞋子”参与运动。,D 支架策略与游戏推进,A 儿童视角/B 目标平衡,CADB,0,4,4,0,0.0,0.225,0.9,0.9,4,1.0,0.0,1.0,1.0,1.0,1.0,65.919697,0.659197,14.806,21.339,36.145,-0.34194,0.548899,0.548899,0.27445,7,7,3,4,1,8,0,0,0,14.806,0.0,0,B,A/C,教师B：提醒幼儿现在是运动时间，请他们等自由游戏时间再一起玩“艾莎公主”的游戏。,教师A：询问幼儿没有参与运动的原因，提供丰富的活动材料吸引幼儿参与运动活动。；教师C：利用艾莎公主的鞋子设计走、跑、跳等活动，并以参与者的身份邀请幼儿一起参与运动。,过程中等,高修正投入；多次调整；首末位摇摆；优劣方向冲突,追问后续主要在比较哪些做法、为什么调整；追问最理想或最不理想做法的判断为什么发生变化；追问是否曾把某做法从合适改判为不合适，或相反,0.527445,0.494155,主要IIV信号：过程冲突、修正信号、选项焦点变化；可追问选项比较：教师A：询问幼儿没有参与运动的原因，提供丰富的活动材料吸引幼儿参与运动活动。；教师C：利用艾莎公主的鞋子设计走、跑、跳等活动，并以参与者的身份邀请幼儿一起参与运动。
教师37,sim_openid_037_400000,总体偏高,3.1,31,Q2,2,未参与小组建构,大班建构活动中，睿睿和其他幼儿计划一起搭积木大桥，他们讨论了搭建方法，并进入区域开始搭建。就在其他幼儿在认真搭建时，睿睿发现了一块长条木板，他一会儿在地上推着走，一会儿当枪使，没有再参与小组的搭建。,继续观察，后续分享中支持睿睿思考如何把长条木板融入小组的建构中。,肯定睿睿的创造性玩法，询问他长条板能否当桥面，引导他参与到搭桥任务中。,引导睿睿回顾计划，建议他先完成共同任务，长条木板可以等自由游戏时再玩。,看到睿睿玩得开心，暂不介入，等下一次活动时再提醒他根据计划开展游戏。,D 支架策略与游戏推进,E 共同游戏组织,CDBA,0,4,4,0,0.0,0.225,0.9,0.9,4,1.0,0.0,1.0,1.0,1.0,0.75,54.383333,0.543833,27.875,18.326,46.201,1.082628,0.127845,1.082628,0.541314,3,3,1,2,0,4,0,0,0,27.875,0.0,0,A,A/B,教师A：继续观察，后续分享中支持睿睿思考如何把长条木板融入小组的建构中。,教师A：继续观察，后续分享中支持睿睿思考如何把长条木板融入小组的建构中。；教师B：肯定睿睿的创造性玩法，询问他长条板能否当桥面，引导他参与到搭桥任务中。,过程中等,首反应异常；多次调整；首末位摇摆,请教师回忆读到情境后最先注意到什么、是否很快形成判断或感到难判断；追问最理想或最不理想做法的判断为什么发生变化,0.529131,0.490073,主要IIV信号：过程冲突、修正信号、选项焦点变化；可追问选项比较：教师A：继续观察，后续分享中支持睿睿思考如何把长条木板融入小组的建构中。；教师B：肯定睿睿的创造性玩法，询问他长条板能否当桥面，引导他参与到搭桥任务中。
教师37,sim_openid_037_400000,总体偏高,3.1,31,Q8,8,跳绳秩序混乱,周三下午，大五班的幼儿正自发进行跳绳游戏。李老师观察后发现，挤在一起跳绳的幼儿人数较多，整个场面十分混乱，幼儿很容易出现碰撞现象。此外，由于当“柱子”的幼儿很久才能轮上跳绳，因此也显得很不耐烦。,请幼儿暂停游戏，将幼儿分成多个小组并引导他们以小组为单位分区域开展游戏。,请幼儿说一说跳绳活动中存在的问题，并邀请幼儿一起设置跳绳的规则。,提供更多数量和不同种类的跳绳，并言语引导幼儿分组分区同时进行跳绳游戏。,暂不介入，活动分享时通过照片或视频回放引导幼儿发现问题并商议解决办法。,E 共同游戏组织与规则共建,B 安全秩序,CBAD,2,1,2,1,0.75,0.525,-2.1,2.1,-1,0.25,0.25,0.0,0.25,0.5,0.25,25.601515,0.256015,22.451,10.7,33.151,0.595398,-1.360569,0.595398,0.297699,2,2,1,0,0,3,0,0,0,22.451,0.0,0,A,A/B,教师A：请幼儿暂停游戏，将幼儿分成多个小组并引导他们以小组为单位分区域开展游戏。,教师A：请幼儿暂停游戏，将幼儿分成多个小组并引导他们以小组为单位分区域开展游戏。；教师B：请幼儿说一说跳绳活动中存在的问题，并邀请幼儿一起设置跳绳的规则。,过程简单,过程相对平稳,追问教师当时主要依据什么形成排序,0.50477,0.483821,主要IIV信号：结果风险、个人内相对偏离、过程冲突；可追问选项比较：教师A：请幼儿暂停游戏，将幼儿分成多个小组并引导他们以小组为单位分区域开展游戏。；教师B：请幼儿说一说跳绳活动中存在的问题，并邀请幼儿一起设置跳绳的规则。
教师37,sim_openid_037_400000,总体偏高,3.1,31,Q3,3,材料选择无层次,大班上学期，张老师在建构区投放了按图搭建的游戏材料，并提供了不同星级难度的任务卡供幼儿选择，但有的幼儿一上来就选择高难度的三星级任务卡，结果不能顺利完成任务；而有的幼儿始终选择低难度的一星级任务卡。这天，浩浩又连续选择了几张一星级任务卡，很快就完成了任务。,调整任务卡提供方式，在游戏开始前根据幼儿的能力水平有针对性地发放任务卡。,暂不介入，尊重幼儿的自主选择和游戏体验，只要完成任务就是一种经验积累。,调整任务卡呈现方式，如增加“我想挑战”等提示，鼓励幼儿选择不同星级的挑战。,和浩浩回顾已完成的任务，比较不同星级的难度，邀请他选择稍有挑战的任务。,D 支架策略与游戏推进,C 观察诊断,BDCA,0,3,4,0,0.25,0.025,-0.1,0.1,3,1.0,0.25,0.75,0.75,1.0,1.0,65.733333,0.657333,6.106,12.929,19.035,-2.336298,-0.837129,0.0,0.0,3,3,2,2,1,4,0,0,0,6.127,0.0,0,A,A/B,教师A：调整任务卡提供方式，在游戏开始前根据幼儿的能力水平有针对性地发放任务卡。,教师A：调整任务卡提供方式，在游戏开始前根据幼儿的能力水平有针对性地发放任务卡。；教师B：暂不介入，尊重幼儿的自主选择和游戏体验，只要完成任务就是一种经验积累。,过程中等,首反应异常；多次调整；首末位摇摆；优劣方向冲突,请教师回忆读到情境后最先注意到什么、是否很快形成判断或感到难判断；追问最理想或最不理想做法的判断为什么发生变化；追问是否曾把某做法从合适改判为不合适，或相反,0.55,0.474117,主要IIV信号：过程冲突、选项焦点变化、修正信号；可追问选项比较：教师A：调整任务卡提供方式，在游戏开始前根据幼儿的能力水平有针对性地发放任务卡。；教师B：暂不介入，尊重幼儿的自主选择和游戏体验，只要完成任务就是一种经验积累。
教师37,sim_openid_037_400000,总体偏高,3.1,31,Q5,5,消防员救火开心,近几天，中班的幼儿十分热衷于在区域游戏时间玩“消防员救火”的游戏。游戏结束后的交流活动中，老师问幼儿最想分享什么时，阳阳说“娃娃家着火了，好开心啊！”。,抓住教育契机，向幼儿耐心解释真实的火灾会造成物品损失和人员伤亡。,询问幼儿开心的是“着火”本身，还是消防员成功救火、娃娃家的人得救？,引导幼儿思考“娃娃家着火”值不值得开心，帮助他们认识真实火灾是危险的。,请阳阳讲讲娃娃家着火后发生了什么、为什么开心，借此理解幼儿的游戏体验。,A 游戏意义理解与儿童视角,B 价值平衡,DCBA,2,2,2,1,0.5,0.275,-1.1,1.1,0,0.25,0.0,0.25,0.25,0.666667,1.0,52.424806,0.524248,18.648,16.095,34.743,0.177514,-0.231238,0.177514,0.088757,3,3,3,1,1,4,0,0,0,18.648,0.0,0,A,C/D,教师A：抓住教育契机，向幼儿耐心解释真实的火灾会造成物品损失和人员伤亡。,教师C：引导幼儿思考“娃娃家着火”值不值得开心，帮助他们认识真实火灾是危险的。；教师D：请阳阳讲讲娃娃家着火后发生了什么、为什么开心，借此理解幼儿的游戏体验。,过程中等,多次调整；首末位摇摆；优劣方向冲突,追问最理想或最不理想做法的判断为什么发生变化；追问是否曾把某做法从合适改判为不合适，或相反,0.492209,0.463838,主要IIV信号：选项焦点变化、过程冲突、同题过程信息量；可追问选项比较：教师C：引导幼儿思考“娃娃家着火”值不值得开心，帮助他们认识真实火灾是危险的。；教师D：请阳阳讲讲娃娃家着火后发生了什么、为什么开心，借此理解幼儿的游戏体验。
教师37,sim_openid_037_400000,总体偏高,3.1,31,Q10,10,引水难题未解,中班上学期，幼儿在“引水游戏”中遇到了难题——水无法被引到竹片管道上。他们不断调整竹片拼接的方式，却始终没能成功，即竹片一头高于出水管道，阻碍了引流。渐渐地幼儿的探索兴趣也减弱了，有的开始玩水，有的甚至离开了水池。,示范正确的引水方法，请幼儿注意观察并说说引水的要领，再自己试一试。,加入幼儿的探索，引导他们观察水流受阻的位置，一起尝试调整竹片的摆放方式。,组织幼儿就游戏困难进行讨论，寻找解决问题的方案，引导幼儿再次尝试。,投放更多辅助引水的材料，重新激起幼儿的探索兴趣，继续观察游戏进展。,C 观察诊断与介入时机,D 探究支架,DACB,1,4,4,1,0.0,0.225,0.9,0.9,3,0.75,0.0,0.75,0.75,0.833333,1.0,74.234109,0.742341,16.679,19.787,36.466,-0.073737,0.340022,0.340022,0.170011,6,6,3,3,0,6,1,1,1,16.679,0.0,0,D,C/D,教师D：投放更多辅助引水的材料，重新激起幼儿的探索兴趣，继续观察游戏进展。,教师C：组织幼儿就游戏困难进行讨论，寻找解决问题的方案，引导幼儿再次尝试。；教师D：投放更多辅助引水的材料，重新激起幼儿的探索兴趣，继续观察游戏进展。,过程复杂,高修正投入；多次调整；首末位摇摆；路径振荡,追问后续主要在比较哪些做法、为什么调整；追问最理想或最不理想做法的判断为什么发生变化；追问当时是否在几个判断标准之间反复权衡,0.433668,0.425368,主要IIV信号：选项焦点变化、过程冲突、修正信号；可追问选项比较：教师C：组织幼儿就游戏困难进行讨论，寻找解决问题的方案，引导幼儿再次尝试。；教师D：投放更多辅助引水的材料，重新激起幼儿的探索兴趣，继续观察游戏进展。
教师37,sim_openid_037_400000,总体偏高,3.1,31,Q1,1,篮球架玩水,操场上新安装了一些篮球架，幼儿经常在这里投篮。某天户外活动时，几名幼儿带着画笔和水桶来到这里，他们先是快乐地粉刷篮球架，之后开始往篮框里灌水，有的从上面灌，有的在下面接，忙的不亦乐乎，俨然这里成为了玩水的场地。,看到幼儿玩得很开心，不干预他们的玩水行为，待兴趣减弱后再讨论玩水的适宜性。,表扬幼儿的新发现，并询问在篮球架旁玩水是否合适，提议幼儿可以换个地方玩水。,参与到幼儿的“粉刷”游戏中，逐步引导幼儿到适宜玩水的地方继续开展游戏。,提醒幼儿篮球架是用于开展运动的，与其他幼儿一起召唤他们打篮球，转移他们的关注点。,B 自主游戏与规则/安全/价值平衡,A 游戏意义理解,ABCD,4,4,4,2,0.0,0.225,0.9,0.9,0,0.5,0.0,0.5,0.5,0.666667,0.5,44.166667,0.441667,23.223,17.103,40.326,0.671519,-0.063206,0.671519,0.33576,3,3,2,0,0,3,1,1,0,23.223,0.0,0,,A/B,,教师A：看到幼儿玩得很开心，不干预他们的玩水行为，待兴趣减弱后再讨论玩水的适宜性。；教师B：表扬幼儿的新发现，并询问在篮球架旁玩水是否合适，提议幼儿可以换个地方玩水。,过程简单,多次调整；首末位摇摆,追问最理想或最不理想做法的判断为什么发生变化,0.316909,0.314409,主要IIV信号：过程冲突、修正信号、选项焦点变化；可追问选项比较：教师A：看到幼儿玩得很开心，不干预他们的玩水行为，待兴趣减弱后再讨论玩水的适宜性。；教师B：表扬幼儿的新发现，并询问在篮球架旁玩水是否合适，提议幼儿可以换个地方玩水。
教师37,sim_openid_037_400000,总体偏高,3.1,31,Q4,4,频繁求助,中班区域活动时，小明选择了建构区。玩了一会儿，他跑到老师面前说“老师，我不会搭……帮帮我吧”，教师问他需要什么帮助时，他一边说我不会搭，一边却很快地将房子从一层积木加高到了两层。看小明专注搭建后，老师就离开建构区了。可是没一会，小明又找了老师好几次，说“老师，帮帮我吧，我不会搭”。,鼓励小明独立搭建，引导他思考接下来如何搭建，及时表扬他的努力。,先示范搭建关键部分，请小明观察方法，再鼓励他照着继续搭建。,在旁观察小明的搭建过程，并适时反馈，帮助他理清搭建步骤。,帮小明回顾已搭建完成的部分，指导他设定小目标，尝试自己实现。,C 观察诊断与介入时机,D 支架策略,CADB,2,3,4,2,0.25,0.025,-0.1,0.1,1,0.5,0.25,0.25,0.25,0.5,0.5,35.5,0.355,13.615,10.688,24.303,-0.530758,-1.363673,0.0,0.0,2,2,1,1,0,3,0,0,0,13.615,0.0,0,B,B/C,教师B：先示范搭建关键部分，请小明观察方法，再鼓励他照着继续搭建。,教师B：先示范搭建关键部分，请小明观察方法，再鼓励他照着继续搭建。；教师C：在旁观察小明的搭建过程，并适时反馈，帮助他理清搭建步骤。,过程简单,首末位摇摆,追问最理想或最不理想做法的判断为什么发生变化,0.3,0.259,主要IIV信号：过程冲突、选项焦点变化、同题过程信息量；可追问选项比较：教师B：先示范搭建关键部分，请小明观察方法，再鼓励他照着继续搭建。；教师C：在旁观察小明的搭建过程，并适时反馈，帮助他理清搭建步骤。
教师38,sim_openid_038_190162,总体中等,2.0,20,Q8,8,跳绳秩序混乱,周三下午，大五班的幼儿正自发进行跳绳游戏。李老师观察后发现，挤在一起跳绳的幼儿人数较多，整个场面十分混乱，幼儿很容易出现碰撞现象。此外，由于当“柱子”的幼儿很久才能轮上跳绳，因此也显得很不耐烦。,请幼儿暂停游戏，将幼儿分成多个小组并引导他们以小组为单位分区域开展游戏。,请幼儿说一说跳绳活动中存在的问题，并邀请幼儿一起设置跳绳的规则。,提供更多数量和不同种类的跳绳，并言语引导幼儿分组分区同时进行跳绳游戏。,暂不介入，活动分享时通过照片或视频回放引导幼儿发现问题并商议解决办法。,E 共同游戏组织与规则共建,B 安全秩序,ABDC,2,2,2,1,0.5,0.0,0.0,0.0,0,0.25,0.0,0.25,0.25,0.875,1.0,69.095455,0.690955,10.696,34.417,45.113,-0.325717,1.347353,1.347353,0.673677,8,8,0,4,0,6,3,3,1,10.696,0.0,0,C,B/D,教师C：提供更多数量和不同种类的跳绳，并言语引导幼儿分组分区同时进行跳绳游戏。,教师B：请幼儿说一说跳绳活动中存在的问题，并邀请幼儿一起设置跳绳的规则。；教师D：暂不介入，活动分享时通过照片或视频回放引导幼儿发现问题并商议解决办法。,过程复杂,高修正投入；多次调整；首末位摇摆；路径振荡,追问后续主要在比较哪些做法、为什么调整；追问最理想或最不理想做法的判断为什么发生变化；追问当时是否在几个判断标准之间反复权衡,0.592368,0.520665,主要IIV信号：选项焦点变化、过程冲突、同题过程信息量；可追问选项比较：教师B：请幼儿说一说跳绳活动中存在的问题，并邀请幼儿一起设置跳绳的规则。；教师D：暂不介入，活动分享时通过照片或视频回放引导幼儿发现问题并商议解决办法。
教师38,sim_openid_038_190162,总体中等,2.0,20,Q9,9,艾莎公主不运动,小班的一次户外运动，有几个女孩子从一开始就没有选择任何体育活动项目，而是聚在一起坐在地上玩“艾莎公主”的游戏，比一比谁的鞋子最漂亮，谁的魔法最厉害。,询问幼儿没有参与运动的原因，提供丰富的活动材料吸引幼儿参与运动活动。,提醒幼儿现在是运动时间，请他们等自由游戏时间再一起玩“艾莎公主”的游戏。,利用艾莎公主的鞋子设计走、跑、跳等活动，并以参与者的身份邀请幼儿一起参与运动。,肯定幼儿自主游戏的行为，言语引导幼儿穿着“漂亮的鞋子”参与运动。,D 支架策略与游戏推进,A 儿童视角/B 目标平衡,CABD,0,2,4,0,0.5,0.0,0.0,0.0,2,1.0,0.5,0.5,0.5,1.0,0.75,57.577273,0.575773,14.47,15.011,29.481,0.504356,0.158499,0.504356,0.252178,4,4,1,2,0,4,1,1,1,14.47,0.0,0,C,B/D,教师C：利用艾莎公主的鞋子设计走、跑、跳等活动，并以参与者的身份邀请幼儿一起参与运动。,教师B：提醒幼儿现在是运动时间，请他们等自由游戏时间再一起玩“艾莎公主”的游戏。；教师D：肯定幼儿自主游戏的行为，言语引导幼儿穿着“漂亮的鞋子”参与运动。,过程复杂,多次调整；首末位摇摆；路径振荡,追问最理想或最不理想做法的判断为什么发生变化；追问当时是否在几个判断标准之间反复权衡,0.600218,0.504006,主要IIV信号：过程冲突、选项焦点变化、同题过程信息量；可追问选项比较：教师B：提醒幼儿现在是运动时间，请他们等自由游戏时间再一起玩“艾莎公主”的游戏。；教师D：肯定幼儿自主游戏的行为，言语引导幼儿穿着“漂亮的鞋子”参与运动。
教师38,sim_openid_038_190162,总体中等,2.0,20,Q2,2,未参与小组建构,大班建构活动中，睿睿和其他幼儿计划一起搭积木大桥，他们讨论了搭建方法，并进入区域开始搭建。就在其他幼儿在认真搭建时，睿睿发现了一块长条木板，他一会儿在地上推着走，一会儿当枪使，没有再参与小组的搭建。,继续观察，后续分享中支持睿睿思考如何把长条木板融入小组的建构中。,肯定睿睿的创造性玩法，询问他长条板能否当桥面，引导他参与到搭桥任务中。,引导睿睿回顾计划，建议他先完成共同任务，长条木板可以等自由游戏时再玩。,看到睿睿玩得开心，暂不介入，等下一次活动时再提醒他根据计划开展游戏。,D 支架策略与游戏推进,E 共同游戏组织,ACBD,0,1,1,0,0.75,0.25,-1.0,1.0,1,0.25,0.0,0.25,0.25,0.666667,0.5,52.961111,0.529611,6.313,18.932,25.245,-1.773937,0.490999,0.490999,0.245499,3,3,2,0,0,3,1,1,1,8.1,0.0,0,B,A/C,教师B：肯定睿睿的创造性玩法，询问他长条板能否当桥面，引导他参与到搭桥任务中。,教师A：继续观察，后续分享中支持睿睿思考如何把长条木板融入小组的建构中。；教师C：引导睿睿回顾计划，建议他先完成共同任务，长条木板可以等自由游戏时再玩。,过程中等,首反应异常；多次调整；首末位摇摆,请教师回忆读到情境后最先注意到什么、是否很快形成判断或感到难判断；追问最理想或最不理想做法的判断为什么发生变化,0.557883,0.501031,主要IIV信号：结果风险、过程冲突、同题过程信息量；可追问选项比较：教师A：继续观察，后续分享中支持睿睿思考如何把长条木板融入小组的建构中。；教师C：引导睿睿回顾计划，建议他先完成共同任务，长条木板可以等自由游戏时再玩。
教师38,sim_openid_038_190162,总体中等,2.0,20,Q7,7,飞行棋各走各的,大班区域游戏中，轩轩和小宇一起玩飞行棋，他们将棋子摆好后，各自拿了一个骰子开始投，小宇说：“该我走。”轩轩说：“明明该我走！”相持不下，于是两人各拿一个骰子，自顾自地走自己的棋。,耐心讲解共同游戏的规则，再以“棋手”身份加入游戏进行示范引导。,暂不介入，继续观察游戏进展，待区域小结时请幼儿分享游戏中的体验和问题。,拿走一个骰子，请幼儿商量只有一个骰子的共同游戏规则，达成一致后再开始游戏。,待幼儿体验一轮各走各的游戏后，询问幼儿的游戏体验，提示共同游戏规则的作用。,E 共同游戏组织与规则共建,B 规则平衡,ABDC,0,3,3,0,0.25,0.25,1.0,1.0,3,0.75,0.0,0.75,0.75,0.75,0.75,51.554651,0.515547,12.521,23.545,36.066,0.10699,0.803426,0.803426,0.401713,4,4,0,3,0,4,1,1,0,12.521,0.0,0,C,B/C,教师C：拿走一个骰子，请幼儿商量只有一个骰子的共同游戏规则，达成一致后再开始游戏。,教师B：暂不介入，继续观察游戏进展，待区域小结时请幼儿分享游戏中的体验和问题。；教师C：拿走一个骰子，请幼儿商量只有一个骰子的共同游戏规则，达成一致后再开始游戏。,过程中等,多次调整；首末位摇摆,追问最理想或最不理想做法的判断为什么发生变化,0.515171,0.478449,主要IIV信号：过程冲突、修正信号、选项焦点变化；可追问选项比较：教师B：暂不介入，继续观察游戏进展，待区域小结时请幼儿分享游戏中的体验和问题。；教师C：拿走一个骰子，请幼儿商量只有一个骰子的共同游戏规则，达成一致后再开始游戏。
教师38,sim_openid_038_190162,总体中等,2.0,20,Q4,4,频繁求助,中班区域活动时，小明选择了建构区。玩了一会儿，他跑到老师面前说“老师，我不会搭……帮帮我吧”，教师问他需要什么帮助时，他一边说我不会搭，一边却很快地将房子从一层积木加高到了两层。看小明专注搭建后，老师就离开建构区了。可是没一会，小明又找了老师好几次，说“老师，帮帮我吧，我不会搭”。,鼓励小明独立搭建，引导他思考接下来如何搭建，及时表扬他的努力。,先示范搭建关键部分，请小明观察方法，再鼓励他照着继续搭建。,在旁观察小明的搭建过程，并适时反馈，帮助他理清搭建步骤。,帮小明回顾已搭建完成的部分，指导他设定小目标，尝试自己实现。,C 观察诊断与介入时机,D 支架策略,DBAC,2,1,2,1,0.75,0.25,-1.0,1.0,-1,0.25,0.25,0.0,0.25,0.5,0.5,53.7,0.537,9.632,15.567,25.199,-0.613513,0.210608,0.210608,0.105304,2,2,1,1,1,3,0,0,0,10.284,0.0,0,D,A/B,教师D：帮小明回顾已搭建完成的部分，指导他设定小目标，尝试自己实现。,教师A：鼓励小明独立搭建，引导他思考接下来如何搭建，及时表扬他的努力。；教师B：先示范搭建关键部分，请小明观察方法，再鼓励他照着继续搭建。,过程复杂,首末位摇摆；优劣方向冲突,追问最理想或最不理想做法的判断为什么发生变化；追问是否曾把某做法从合适改判为不合适，或相反,0.51053,0.46238,主要IIV信号：结果风险、同题过程信息量、过程冲突；可追问选项比较：教师A：鼓励小明独立搭建，引导他思考接下来如何搭建，及时表扬他的努力。；教师B：先示范搭建关键部分，请小明观察方法，再鼓励他照着继续搭建。
教师38,sim_openid_038_190162,总体中等,2.0,20,Q5,5,消防员救火开心,近几天，中班的幼儿十分热衷于在区域游戏时间玩“消防员救火”的游戏。游戏结束后的交流活动中，老师问幼儿最想分享什么时，阳阳说“娃娃家着火了，好开心啊！”。,抓住教育契机，向幼儿耐心解释真实的火灾会造成物品损失和人员伤亡。,询问幼儿开心的是“着火”本身，还是消防员成功救火、娃娃家的人得救？,引导幼儿思考“娃娃家着火”值不值得开心，帮助他们认识真实火灾是危险的。,请阳阳讲讲娃娃家着火后发生了什么、为什么开心，借此理解幼儿的游戏体验。,A 游戏意义理解与儿童视角,B 价值平衡,ABCD,2,2,2,0,0.5,0.0,0.0,0.0,0,0.5,0.0,0.5,0.5,0.75,0.5,40.589147,0.405891,17.45,16.328,33.778,1.018708,0.278991,1.018708,0.509354,4,4,0,2,0,4,1,1,0,17.45,0.0,0,,B/C,,教师B：询问幼儿开心的是“着火”本身，还是消防员成功救火、娃娃家的人得救？；教师C：引导幼儿思考“娃娃家着火”值不值得开心，帮助他们认识真实火灾是危险的。,过程简单,多次调整；首末位摇摆,追问最理想或最不理想做法的判断为什么发生变化,0.550935,0.45873,主要IIV信号：过程冲突、相对时间信号、结果风险；可追问选项比较：教师B：询问幼儿开心的是“着火”本身，还是消防员成功救火、娃娃家的人得救？；教师C：引导幼儿思考“娃娃家着火”值不值得开心，帮助他们认识真实火灾是危险的。
教师38,sim_openid_038_190162,总体中等,2.0,20,Q10,10,引水难题未解,中班上学期，幼儿在“引水游戏”中遇到了难题——水无法被引到竹片管道上。他们不断调整竹片拼接的方式，却始终没能成功，即竹片一头高于出水管道，阻碍了引流。渐渐地幼儿的探索兴趣也减弱了，有的开始玩水，有的甚至离开了水池。,示范正确的引水方法，请幼儿注意观察并说说引水的要领，再自己试一试。,加入幼儿的探索，引导他们观察水流受阻的位置，一起尝试调整竹片的摆放方式。,组织幼儿就游戏困难进行讨论，寻找解决问题的方案，引导幼儿再次尝试。,投放更多辅助引水的材料，重新激起幼儿的探索兴趣，继续观察游戏进展。,C 观察诊断与介入时机,D 探究支架,ACBD,1,2,2,1,0.5,0.0,0.0,0.0,1,0.25,0.0,0.25,0.25,0.666667,0.5,44.35814,0.443581,13.059,19.722,32.781,0.222545,0.549572,0.549572,0.274786,3,3,2,0,0,3,1,1,1,13.059,0.0,0,B,A/C,教师B：加入幼儿的探索，引导他们观察水流受阻的位置，一起尝试调整竹片的摆放方式。,教师A：示范正确的引水方法，请幼儿注意观察并说说引水的要领，再自己试一试。；教师C：组织幼儿就游戏困难进行讨论，寻找解决问题的方案，引导幼儿再次尝试。,过程中等,多次调整；首末位摇摆；路径振荡,追问最理想或最不理想做法的判断为什么发生变化；追问当时是否在几个判断标准之间反复权衡,0.460812,0.387158,主要IIV信号：过程冲突、结果风险、选项焦点变化；可追问选项比较：教师A：示范正确的引水方法，请幼儿注意观察并说说引水的要领，再自己试一试。；教师C：组织幼儿就游戏困难进行讨论，寻找解决问题的方案，引导幼儿再次尝试。
教师38,sim_openid_038_190162,总体中等,2.0,20,Q3,3,材料选择无层次,大班上学期，张老师在建构区投放了按图搭建的游戏材料，并提供了不同星级难度的任务卡供幼儿选择，但有的幼儿一上来就选择高难度的三星级任务卡，结果不能顺利完成任务；而有的幼儿始终选择低难度的一星级任务卡。这天，浩浩又连续选择了几张一星级任务卡，很快就完成了任务。,调整任务卡提供方式，在游戏开始前根据幼儿的能力水平有针对性地发放任务卡。,暂不介入，尊重幼儿的自主选择和游戏体验，只要完成任务就是一种经验积累。,调整任务卡呈现方式，如增加“我想挑战”等提示，鼓励幼儿选择不同星级的挑战。,和浩浩回顾已完成的任务，比较不同星级的难度，邀请他选择稍有挑战的任务。,D 支架策略与游戏推进,C 观察诊断,CBAD,0,2,2,0,0.5,0.0,0.0,0.0,2,0.5,0.0,0.5,0.5,0.5,0.5,35.222222,0.352222,10.357,3.595,13.952,-0.414181,-1.889253,0.0,0.0,2,2,2,0,0,3,0,0,0,10.357,0.0,0,A,B/C,教师A：调整任务卡提供方式，在游戏开始前根据幼儿的能力水平有针对性地发放任务卡。,教师B：暂不介入，尊重幼儿的自主选择和游戏体验，只要完成任务就是一种经验积累。；教师C：调整任务卡呈现方式，如增加“我想挑战”等提示，鼓励幼儿选择不同星级的挑战。,过程简单,首末位摇摆,追问最理想或最不理想做法的判断为什么发生变化,0.45,0.367611,主要IIV信号：结果风险、过程冲突、修正信号；可追问选项比较：教师B：暂不介入，尊重幼儿的自主选择和游戏体验，只要完成任务就是一种经验积累。；教师C：调整任务卡呈现方式，如增加“我想挑战”等提示，鼓励幼儿选择不同星级的挑战。
教师38,sim_openid_038_190162,总体中等,2.0,20,Q1,1,篮球架玩水,操场上新安装了一些篮球架，幼儿经常在这里投篮。某天户外活动时，几名幼儿带着画笔和水桶来到这里，他们先是快乐地粉刷篮球架，之后开始往篮框里灌水，有的从上面灌，有的在下面接，忙的不亦乐乎，俨然这里成为了玩水的场地。,看到幼儿玩得很开心，不干预他们的玩水行为，待兴趣减弱后再讨论玩水的适宜性。,表扬幼儿的新发现，并询问在篮球架旁玩水是否合适，提议幼儿可以换个地方玩水。,参与到幼儿的“粉刷”游戏中，逐步引导幼儿到适宜玩水的地方继续开展游戏。,提醒幼儿篮球架是用于开展运动的，与其他幼儿一起召唤他们打篮球，转移他们的关注点。,B 自主游戏与规则/安全/价值平衡,A 游戏意义理解,ABDC,4,3,4,3,0.25,0.25,1.0,1.0,-1,0.25,0.25,0.0,0.25,0.25,0.25,29.145935,0.291459,23.781,5.024,28.805,1.86894,-1.409734,1.86894,0.93447,1,1,0,1,0,2,0,0,0,23.781,0.0,0,C,C/D,教师C：参与到幼儿的“粉刷”游戏中，逐步引导幼儿到适宜玩水的地方继续开展游戏。,教师C：参与到幼儿的“粉刷”游戏中，逐步引导幼儿到适宜玩水的地方继续开展游戏。；教师D：提醒幼儿篮球架是用于开展运动的，与其他幼儿一起召唤他们打篮球，转移他们的关注点。,过程简单,首反应异常,请教师回忆读到情境后最先注意到什么、是否很快形成判断或感到难判断,0.318447,0.32052,主要IIV信号：相对时间信号、同题过程信息量、结果风险；可追问选项比较：教师C：参与到幼儿的“粉刷”游戏中，逐步引导幼儿到适宜玩水的地方继续开展游戏。；教师D：提醒幼儿篮球架是用于开展运动的，与其他幼儿一起召唤他们打篮球，转移他们的关注点。
教师38,sim_openid_038_190162,总体中等,2.0,20,Q6,6,区域停留短,小班幼儿瑶瑶在区域活动时，一会儿在娃娃家切切菜，一会儿到美工区搓搓橡皮泥，一会儿又开心地跑到其它区域游戏，在任何一个区域停留时间都不超过三分钟。,提议瑶瑶完成某项游戏任务，如在娃娃家做菜，请他活动小结时分享。,游戏前提醒区域活动规则，活动结束后表扬区域游戏规则遵守得好的小朋友。,仔细观察瑶瑶在不同区域的游戏情况，分析他发生迅速转移的原因。,以同伴的身份陪伴瑶瑶在某一区域游戏，待他专注游戏后再离开。,C 观察诊断与介入时机,A 儿童视角,ABCD,2,2,2,2,0.5,0.0,0.0,0.0,0,0.0,0.0,0.0,0.0,0.5,0.5,45.59186,0.455919,9.7,9.216,18.916,-0.59419,-0.54046,0.0,0.0,2,2,2,0,0,2,1,1,1,9.7,0.0,0,,A/B,,教师A：提议瑶瑶完成某项游戏任务，如在娃娃家做菜，请他活动小结时分享。；教师B：游戏前提醒区域活动规则，活动结束后表扬区域游戏规则遵守得好的小朋友。,过程中等,首反应异常；首末位摇摆,请教师回忆读到情境后最先注意到什么、是否很快形成判断或感到难判断；追问最理想或最不理想做法的判断为什么发生变化,0.35,0.297796,主要IIV信号：结果风险、过程冲突、选项焦点变化；可追问选项比较：教师A：提议瑶瑶完成某项游戏任务，如在娃娃家做菜，请他活动小结时分享。；教师B：游戏前提醒区域活动规则，活动结束后表扬区域游戏规则遵守得好的小朋友。
教师39,sim_openid_039_228153,总体偏低,1.7,17,Q9,9,艾莎公主不运动,小班的一次户外运动，有几个女孩子从一开始就没有选择任何体育活动项目，而是聚在一起坐在地上玩“艾莎公主”的游戏，比一比谁的鞋子最漂亮，谁的魔法最厉害。,询问幼儿没有参与运动的原因，提供丰富的活动材料吸引幼儿参与运动活动。,提醒幼儿现在是运动时间，请他们等自由游戏时间再一起玩“艾莎公主”的游戏。,利用艾莎公主的鞋子设计走、跑、跳等活动，并以参与者的身份邀请幼儿一起参与运动。,肯定幼儿自主游戏的行为，言语引导幼儿穿着“漂亮的鞋子”参与运动。,D 支架策略与游戏推进,A 儿童视角/B 目标平衡,ABCD,0,0,1,0,1.0,0.425,-1.7,1.7,0,0.25,0.25,0.0,0.25,0.666667,0.5,41.242424,0.412424,22.743,11.807,34.55,0.751933,-0.443354,0.751933,0.375967,3,3,0,2,0,3,1,1,0,22.743,0.0,0,,B/C,,教师B：提醒幼儿现在是运动时间，请他们等自由游戏时间再一起玩“艾莎公主”的游戏。；教师C：利用艾莎公主的鞋子设计走、跑、跳等活动，并以参与者的身份邀请幼儿一起参与运动。,过程中等,多次调整；首末位摇摆,追问最理想或最不理想做法的判断为什么发生变化,0.67093,0.609468,主要IIV信号：结果风险、过程冲突、选项焦点变化；可追问选项比较：教师B：提醒幼儿现在是运动时间，请他们等自由游戏时间再一起玩“艾莎公主”的游戏。；教师C：利用艾莎公主的鞋子设计走、跑、跳等活动，并以参与者的身份邀请幼儿一起参与运动。
教师39,sim_openid_039_228153,总体偏低,1.7,17,Q4,4,频繁求助,中班区域活动时，小明选择了建构区。玩了一会儿，他跑到老师面前说“老师，我不会搭……帮帮我吧”，教师问他需要什么帮助时，他一边说我不会搭，一边却很快地将房子从一层积木加高到了两层。看小明专注搭建后，老师就离开建构区了。可是没一会，小明又找了老师好几次，说“老师，帮帮我吧，我不会搭”。,鼓励小明独立搭建，引导他思考接下来如何搭建，及时表扬他的努力。,先示范搭建关键部分，请小明观察方法，再鼓励他照着继续搭建。,在旁观察小明的搭建过程，并适时反馈，帮助他理清搭建步骤。,帮小明回顾已搭建完成的部分，指导他设定小目标，尝试自己实现。,C 观察诊断与介入时机,D 支架策略,ABCD,2,2,2,1,0.5,0.075,0.3,0.3,0,0.25,0.0,0.25,0.25,0.875,1.0,87.35,0.8735,23.743,31.078,54.821,0.831874,1.342282,1.342282,0.671141,8,8,3,5,1,6,3,3,1,23.743,0.0,0,,C/D,,教师C：在旁观察小明的搭建过程，并适时反馈，帮助他理清搭建步骤。；教师D：帮小明回顾已搭建完成的部分，指导他设定小目标，尝试自己实现。,过程复杂,高修正投入；多次调整；首末位摇摆；优劣方向冲突；路径振荡,追问后续主要在比较哪些做法、为什么调整；追问最理想或最不理想做法的判断为什么发生变化；追问是否曾把某做法从合适改判为不合适，或相反；追问当时是否在几个判断标准之间反复权衡,0.592114,0.540789,主要IIV信号：选项焦点变化、过程冲突、同题过程信息量；可追问选项比较：教师C：在旁观察小明的搭建过程，并适时反馈，帮助他理清搭建步骤。；教师D：帮小明回顾已搭建完成的部分，指导他设定小目标，尝试自己实现。
教师39,sim_openid_039_228153,总体偏低,1.7,17,Q8,8,跳绳秩序混乱,周三下午，大五班的幼儿正自发进行跳绳游戏。李老师观察后发现，挤在一起跳绳的幼儿人数较多，整个场面十分混乱，幼儿很容易出现碰撞现象。此外，由于当“柱子”的幼儿很久才能轮上跳绳，因此也显得很不耐烦。,请幼儿暂停游戏，将幼儿分成多个小组并引导他们以小组为单位分区域开展游戏。,请幼儿说一说跳绳活动中存在的问题，并邀请幼儿一起设置跳绳的规则。,提供更多数量和不同种类的跳绳，并言语引导幼儿分组分区同时进行跳绳游戏。,暂不介入，活动分享时通过照片或视频回放引导幼儿发现问题并商议解决办法。,E 共同游戏组织与规则共建,B 安全秩序,BCDA,2,2,2,1,0.5,0.075,0.3,0.3,0,0.25,0.0,0.25,0.25,0.833333,1.0,71.69697,0.71697,18.199,34.001,52.2,0.337853,1.508131,1.508131,0.754066,6,6,3,3,2,5,2,2,1,18.199,0.0,0,A,A/C,教师A：请幼儿暂停游戏，将幼儿分成多个小组并引导他们以小组为单位分区域开展游戏。,教师A：请幼儿暂停游戏，将幼儿分成多个小组并引导他们以小组为单位分区域开展游戏。；教师C：提供更多数量和不同种类的跳绳，并言语引导幼儿分组分区同时进行跳绳游戏。,过程复杂,高修正投入；多次调整；首末位摇摆；优劣方向冲突；路径振荡,追问后续主要在比较哪些做法、为什么调整；追问最理想或最不理想做法的判断为什么发生变化；追问是否曾把某做法从合适改判为不合适，或相反；追问当时是否在几个判断标准之间反复权衡,0.592073,0.535005,主要IIV信号：选项焦点变化、过程冲突、相对时间信号；可追问选项比较：教师A：请幼儿暂停游戏，将幼儿分成多个小组并引导他们以小组为单位分区域开展游戏。；教师C：提供更多数量和不同种类的跳绳，并言语引导幼儿分组分区同时进行跳绳游戏。
教师39,sim_openid_039_228153,总体偏低,1.7,17,Q7,7,飞行棋各走各的,大班区域游戏中，轩轩和小宇一起玩飞行棋，他们将棋子摆好后，各自拿了一个骰子开始投，小宇说：“该我走。”轩轩说：“明明该我走！”相持不下，于是两人各拿一个骰子，自顾自地走自己的棋。,耐心讲解共同游戏的规则，再以“棋手”身份加入游戏进行示范引导。,暂不介入，继续观察游戏进展，待区域小结时请幼儿分享游戏中的体验和问题。,拿走一个骰子，请幼儿商量只有一个骰子的共同游戏规则，达成一致后再开始游戏。,待幼儿体验一轮各走各的游戏后，询问幼儿的游戏体验，提示共同游戏规则的作用。,E 共同游戏组织与规则共建,B 规则平衡,DABC,0,1,2,0,0.75,0.175,-0.7,0.7,1,0.5,0.25,0.25,0.25,0.75,0.75,51.931008,0.51931,19.808,15.21,35.018,0.495242,0.02392,0.495242,0.247621,4,4,2,1,0,5,0,0,0,19.808,0.0,0,D,A/B,教师D：待幼儿体验一轮各走各的游戏后，询问幼儿的游戏体验，提示共同游戏规则的作用。,教师A：耐心讲解共同游戏的规则，再以“棋手”身份加入游戏进行示范引导。；教师B：暂不介入，继续观察游戏进展，待区域小结时请幼儿分享游戏中的体验和问题。,过程中等,多次调整；首末位摇摆,追问最理想或最不理想做法的判断为什么发生变化,0.599762,0.526978,主要IIV信号：结果风险、过程冲突、选项焦点变化；可追问选项比较：教师A：耐心讲解共同游戏的规则，再以“棋手”身份加入游戏进行示范引导。；教师B：暂不介入，继续观察游戏进展，待区域小结时请幼儿分享游戏中的体验和问题。
教师39,sim_openid_039_228153,总体偏低,1.7,17,Q6,6,区域停留短,小班幼儿瑶瑶在区域活动时，一会儿在娃娃家切切菜，一会儿到美工区搓搓橡皮泥，一会儿又开心地跑到其它区域游戏，在任何一个区域停留时间都不超过三分钟。,提议瑶瑶完成某项游戏任务，如在娃娃家做菜，请他活动小结时分享。,游戏前提醒区域活动规则，活动结束后表扬区域游戏规则遵守得好的小朋友。,仔细观察瑶瑶在不同区域的游戏情况，分析他发生迅速转移的原因。,以同伴的身份陪伴瑶瑶在某一区域游戏，待他专注游戏后再离开。,C 观察诊断与介入时机,A 儿童视角,BADC,2,2,4,2,0.5,0.075,0.3,0.3,0,0.5,0.5,0.0,0.5,0.75,0.5,58.195736,0.581957,10.76,17.003,27.763,-0.638463,0.229524,0.229524,0.114762,4,4,1,1,0,4,1,1,1,10.76,0.0,0,A,A/D,教师A：提议瑶瑶完成某项游戏任务，如在娃娃家做菜，请他活动小结时分享。,教师A：提议瑶瑶完成某项游戏任务，如在娃娃家做菜，请他活动小结时分享。；教师D：以同伴的身份陪伴瑶瑶在某一区域游戏，待他专注游戏后再离开。,过程复杂,首反应异常；多次调整；首末位摇摆；路径振荡,请教师回忆读到情境后最先注意到什么、是否很快形成判断或感到难判断；追问最理想或最不理想做法的判断为什么发生变化；追问当时是否在几个判断标准之间反复权衡,0.511476,0.439324,主要IIV信号：过程冲突、同题过程信息量、结果风险；可追问选项比较：教师A：提议瑶瑶完成某项游戏任务，如在娃娃家做菜，请他活动小结时分享。；教师D：以同伴的身份陪伴瑶瑶在某一区域游戏，待他专注游戏后再离开。
教师39,sim_openid_039_228153,总体偏低,1.7,17,Q5,5,消防员救火开心,近几天，中班的幼儿十分热衷于在区域游戏时间玩“消防员救火”的游戏。游戏结束后的交流活动中，老师问幼儿最想分享什么时，阳阳说“娃娃家着火了，好开心啊！”。,抓住教育契机，向幼儿耐心解释真实的火灾会造成物品损失和人员伤亡。,询问幼儿开心的是“着火”本身，还是消防员成功救火、娃娃家的人得救？,引导幼儿思考“娃娃家着火”值不值得开心，帮助他们认识真实火灾是危险的。,请阳阳讲讲娃娃家着火后发生了什么、为什么开心，借此理解幼儿的游戏体验。,A 游戏意义理解与儿童视角,B 价值平衡,ACDB,2,1,2,1,0.75,0.175,-0.7,0.7,-1,0.25,0.25,0.0,0.25,0.25,0.25,27.944961,0.27945,26.263,5.732,31.995,1.019273,-1.776626,1.019273,0.509637,1,1,0,1,0,2,0,0,0,26.263,0.0,0,B,B/C,教师B：询问幼儿开心的是“着火”本身，还是消防员成功救火、娃娃家的人得救？,教师B：询问幼儿开心的是“着火”本身，还是消防员成功救火、娃娃家的人得救？；教师C：引导幼儿思考“娃娃家着火”值不值得开心，帮助他们认识真实火灾是危险的。,过程简单,首反应异常,请教师回忆读到情境后最先注意到什么、是否很快形成判断或感到难判断,0.475964,0.416186,主要IIV信号：结果风险、相对时间信号、同题过程信息量；可追问选项比较：教师B：询问幼儿开心的是“着火”本身，还是消防员成功救火、娃娃家的人得救？；教师C：引导幼儿思考“娃娃家着火”值不值得开心，帮助他们认识真实火灾是危险的。
教师39,sim_openid_039_228153,总体偏低,1.7,17,Q3,3,材料选择无层次,大班上学期，张老师在建构区投放了按图搭建的游戏材料，并提供了不同星级难度的任务卡供幼儿选择，但有的幼儿一上来就选择高难度的三星级任务卡，结果不能顺利完成任务；而有的幼儿始终选择低难度的一星级任务卡。这天，浩浩又连续选择了几张一星级任务卡，很快就完成了任务。,调整任务卡提供方式，在游戏开始前根据幼儿的能力水平有针对性地发放任务卡。,暂不介入，尊重幼儿的自主选择和游戏体验，只要完成任务就是一种经验积累。,调整任务卡呈现方式，如增加“我想挑战”等提示，鼓励幼儿选择不同星级的挑战。,和浩浩回顾已完成的任务，比较不同星级的难度，邀请他选择稍有挑战的任务。,D 支架策略与游戏推进,C 观察诊断,CBAD,0,2,2,0,0.5,0.075,0.3,0.3,2,0.5,0.0,0.5,0.5,0.5,0.5,26.155556,0.261556,17.921,10.293,28.214,0.309256,-0.696545,0.309256,0.154628,2,2,2,0,0,3,0,0,0,17.921,0.0,0,A,B/C,教师A：调整任务卡提供方式，在游戏开始前根据幼儿的能力水平有针对性地发放任务卡。,教师B：暂不介入，尊重幼儿的自主选择和游戏体验，只要完成任务就是一种经验积累。；教师C：调整任务卡呈现方式，如增加“我想挑战”等提示，鼓励幼儿选择不同星级的挑战。,过程简单,首末位摇摆,追问最理想或最不理想做法的判断为什么发生变化,0.465463,0.389791,主要IIV信号：结果风险、过程冲突、修正信号；可追问选项比较：教师B：暂不介入，尊重幼儿的自主选择和游戏体验，只要完成任务就是一种经验积累。；教师C：调整任务卡呈现方式，如增加“我想挑战”等提示，鼓励幼儿选择不同星级的挑战。
教师39,sim_openid_039_228153,总体偏低,1.7,17,Q2,2,未参与小组建构,大班建构活动中，睿睿和其他幼儿计划一起搭积木大桥，他们讨论了搭建方法，并进入区域开始搭建。就在其他幼儿在认真搭建时，睿睿发现了一块长条木板，他一会儿在地上推着走，一会儿当枪使，没有再参与小组的搭建。,继续观察，后续分享中支持睿睿思考如何把长条木板融入小组的建构中。,肯定睿睿的创造性玩法，询问他长条板能否当桥面，引导他参与到搭桥任务中。,引导睿睿回顾计划，建议他先完成共同任务，长条木板可以等自由游戏时再玩。,看到睿睿玩得开心，暂不介入，等下一次活动时再提醒他根据计划开展游戏。,D 支架策略与游戏推进,E 共同游戏组织,BCAD,0,2,2,0,0.5,0.075,0.3,0.3,2,0.5,0.0,0.5,0.5,0.5,0.25,35.772222,0.357722,6.882,14.954,21.836,-1.46875,-0.007398,0.0,0.0,2,2,1,0,0,3,0,0,0,8.55,0.0,0,A,A/B,教师A：继续观察，后续分享中支持睿睿思考如何把长条木板融入小组的建构中。,教师A：继续观察，后续分享中支持睿睿思考如何把长条木板融入小组的建构中。；教师B：肯定睿睿的创造性玩法，询问他长条板能否当桥面，引导他参与到搭桥任务中。,过程中等,首反应异常,请教师回忆读到情境后最先注意到什么、是否很快形成判断或感到难判断,0.425,0.354136,主要IIV信号：结果风险、过程冲突、修正信号；可追问选项比较：教师A：继续观察，后续分享中支持睿睿思考如何把长条木板融入小组的建构中。；教师B：肯定睿睿的创造性玩法，询问他长条板能否当桥面，引导他参与到搭桥任务中。
教师39,sim_openid_039_228153,总体偏低,1.7,17,Q10,10,引水难题未解,中班上学期，幼儿在“引水游戏”中遇到了难题——水无法被引到竹片管道上。他们不断调整竹片拼接的方式，却始终没能成功，即竹片一头高于出水管道，阻碍了引流。渐渐地幼儿的探索兴趣也减弱了，有的开始玩水，有的甚至离开了水池。,示范正确的引水方法，请幼儿注意观察并说说引水的要领，再自己试一试。,加入幼儿的探索，引导他们观察水流受阻的位置，一起尝试调整竹片的摆放方式。,组织幼儿就游戏困难进行讨论，寻找解决问题的方案，引导幼儿再次尝试。,投放更多辅助引水的材料，重新激起幼儿的探索兴趣，继续观察游戏进展。,C 观察诊断与介入时机,D 探究支架,ADBC,1,2,2,1,0.5,0.075,0.3,0.3,1,0.25,0.0,0.25,0.25,0.666667,0.25,45.001163,0.450012,6.282,13.619,19.901,-1.638217,-0.179933,0.0,0.0,3,3,0,1,0,4,0,0,0,7.328,0.0,0,D,B/C,教师D：投放更多辅助引水的材料，重新激起幼儿的探索兴趣，继续观察游戏进展。,教师B：加入幼儿的探索，引导他们观察水流受阻的位置，一起尝试调整竹片的摆放方式。；教师C：组织幼儿就游戏困难进行讨论，寻找解决问题的方案，引导幼儿再次尝试。,过程中等,首反应异常；多次调整,请教师回忆读到情境后最先注意到什么、是否很快形成判断或感到难判断,0.408333,0.346251,主要IIV信号：过程冲突、结果风险、同题过程信息量；可追问选项比较：教师B：加入幼儿的探索，引导他们观察水流受阻的位置，一起尝试调整竹片的摆放方式。；教师C：组织幼儿就游戏困难进行讨论，寻找解决问题的方案，引导幼儿再次尝试。
教师39,sim_openid_039_228153,总体偏低,1.7,17,Q1,1,篮球架玩水,操场上新安装了一些篮球架，幼儿经常在这里投篮。某天户外活动时，几名幼儿带着画笔和水桶来到这里，他们先是快乐地粉刷篮球架，之后开始往篮框里灌水，有的从上面灌，有的在下面接，忙的不亦乐乎，俨然这里成为了玩水的场地。,看到幼儿玩得很开心，不干预他们的玩水行为，待兴趣减弱后再讨论玩水的适宜性。,表扬幼儿的新发现，并询问在篮球架旁玩水是否合适，提议幼儿可以换个地方玩水。,参与到幼儿的“粉刷”游戏中，逐步引导幼儿到适宜玩水的地方继续开展游戏。,提醒幼儿篮球架是用于开展运动的，与其他幼儿一起召唤他们打篮球，转移他们的关注点。,B 自主游戏与规则/安全/价值平衡,A 游戏意义理解,ABDC,3,3,3,3,0.25,0.325,1.3,1.3,0,0.0,0.0,0.0,0.0,0.0,0.0,10.383333,0.103833,,,21.224,0.0,0.0,0.0,0.0,0,0,0,0,0,1,0,0,0,21.224,0.0,0,,,,,过程简单,过程相对平稳,追问教师当时主要依据什么形成排序,0.1,0.128942,主要IIV信号：个人内相对偏离、结果风险、同题过程信息量
教师40,sim_openid_040_746434,总体中等,2.1,21,Q7,7,飞行棋各走各的,大班区域游戏中，轩轩和小宇一起玩飞行棋，他们将棋子摆好后，各自拿了一个骰子开始投，小宇说：“该我走。”轩轩说：“明明该我走！”相持不下，于是两人各拿一个骰子，自顾自地走自己的棋。,耐心讲解共同游戏的规则，再以“棋手”身份加入游戏进行示范引导。,暂不介入，继续观察游戏进展，待区域小结时请幼儿分享游戏中的体验和问题。,拿走一个骰子，请幼儿商量只有一个骰子的共同游戏规则，达成一致后再开始游戏。,待幼儿体验一轮各走各的游戏后，询问幼儿的游戏体验，提示共同游戏规则的作用。,E 共同游戏组织与规则共建,B 规则平衡,CADB,0,1,3,0,0.75,0.275,-1.1,1.1,1,0.75,0.5,0.25,0.5,0.8,1.0,60.937209,0.609372,15.498,20.762,36.26,0.203689,0.154796,0.203689,0.101845,5,5,3,2,1,6,0,0,0,15.498,0.0,0,B,C/D,教师B：暂不介入，继续观察游戏进展，待区域小结时请幼儿分享游戏中的体验和问题。,教师C：拿走一个骰子，请幼儿商量只有一个骰子的共同游戏规则，达成一致后再开始游戏。；教师D：待幼儿体验一轮各走各的游戏后，询问幼儿的游戏体验，提示共同游戏规则的作用。,过程中等,高修正投入；多次调整；首末位摇摆；优劣方向冲突,追问后续主要在比较哪些做法、为什么调整；追问最理想或最不理想做法的判断为什么发生变化；追问是否曾把某做法从合适改判为不合适，或相反,0.670184,0.601903,主要IIV信号：选项焦点变化、过程冲突、结果风险；可追问选项比较：教师C：拿走一个骰子，请幼儿商量只有一个骰子的共同游戏规则，达成一致后再开始游戏。；教师D：待幼儿体验一轮各走各的游戏后，询问幼儿的游戏体验，提示共同游戏规则的作用。
教师40,sim_openid_040_746434,总体中等,2.1,21,Q4,4,频繁求助,中班区域活动时，小明选择了建构区。玩了一会儿，他跑到老师面前说“老师，我不会搭……帮帮我吧”，教师问他需要什么帮助时，他一边说我不会搭，一边却很快地将房子从一层积木加高到了两层。看小明专注搭建后，老师就离开建构区了。可是没一会，小明又找了老师好几次，说“老师，帮帮我吧，我不会搭”。,鼓励小明独立搭建，引导他思考接下来如何搭建，及时表扬他的努力。,先示范搭建关键部分，请小明观察方法，再鼓励他照着继续搭建。,在旁观察小明的搭建过程，并适时反馈，帮助他理清搭建步骤。,帮小明回顾已搭建完成的部分，指导他设定小目标，尝试自己实现。,C 观察诊断与介入时机,D 支架策略,DBCA,2,1,2,1,0.75,0.275,-1.1,1.1,-1,0.25,0.25,0.0,0.25,0.833333,1.0,88.533333,0.885333,7.201,23.209,30.41,-1.341793,0.532756,0.532756,0.266378,6,6,1,4,1,4,3,3,2,7.201,0.0,0,A,B/C,教师A：鼓励小明独立搭建，引导他思考接下来如何搭建，及时表扬他的努力。,教师B：先示范搭建关键部分，请小明观察方法，再鼓励他照着继续搭建。；教师C：在旁观察小明的搭建过程，并适时反馈，帮助他理清搭建步骤。,过程复杂,首反应异常；高修正投入；多次调整；首末位摇摆；优劣方向冲突；路径振荡,请教师回忆读到情境后最先注意到什么、是否很快形成判断或感到难判断；追问后续主要在比较哪些做法、为什么调整；追问最理想或最不理想做法的判断为什么发生变化；追问是否曾把某做法从合适改判为不合适，或相反；追问当时是否在几个判断标准之间反复权衡,0.643304,0.599654,主要IIV信号：选项焦点变化、同题过程信息量、过程冲突；可追问选项比较：教师B：先示范搭建关键部分，请小明观察方法，再鼓励他照着继续搭建。；教师C：在旁观察小明的搭建过程，并适时反馈，帮助他理清搭建步骤。
教师40,sim_openid_040_746434,总体中等,2.1,21,Q2,2,未参与小组建构,大班建构活动中，睿睿和其他幼儿计划一起搭积木大桥，他们讨论了搭建方法，并进入区域开始搭建。就在其他幼儿在认真搭建时，睿睿发现了一块长条木板，他一会儿在地上推着走，一会儿当枪使，没有再参与小组的搭建。,继续观察，后续分享中支持睿睿思考如何把长条木板融入小组的建构中。,肯定睿睿的创造性玩法，询问他长条板能否当桥面，引导他参与到搭桥任务中。,引导睿睿回顾计划，建议他先完成共同任务，长条木板可以等自由游戏时再玩。,看到睿睿玩得开心，暂不介入，等下一次活动时再提醒他根据计划开展游戏。,D 支架策略与游戏推进,E 共同游戏组织,DCBA,0,3,3,0,0.25,0.225,0.9,0.9,3,0.75,0.0,0.75,0.75,0.8,1.0,70.838889,0.708389,27.473,28.11,55.583,1.358011,1.182677,1.358011,0.679005,5,5,1,4,1,6,0,0,0,27.473,0.0,0,A,B/C,教师A：继续观察，后续分享中支持睿睿思考如何把长条木板融入小组的建构中。,教师B：肯定睿睿的创造性玩法，询问他长条板能否当桥面，引导他参与到搭桥任务中。；教师C：引导睿睿回顾计划，建议他先完成共同任务，长条木板可以等自由游戏时再玩。,过程复杂,高修正投入；多次调整；首末位摇摆；优劣方向冲突,追问后续主要在比较哪些做法、为什么调整；追问最理想或最不理想做法的判断为什么发生变化；追问是否曾把某做法从合适改判为不合适，或相反,0.577901,0.54457,主要IIV信号：选项焦点变化、过程冲突、修正信号；可追问选项比较：教师B：肯定睿睿的创造性玩法，询问他长条板能否当桥面，引导他参与到搭桥任务中。；教师C：引导睿睿回顾计划，建议他先完成共同任务，长条木板可以等自由游戏时再玩。
教师40,sim_openid_040_746434,总体中等,2.1,21,Q1,1,篮球架玩水,操场上新安装了一些篮球架，幼儿经常在这里投篮。某天户外活动时，几名幼儿带着画笔和水桶来到这里，他们先是快乐地粉刷篮球架，之后开始往篮框里灌水，有的从上面灌，有的在下面接，忙的不亦乐乎，俨然这里成为了玩水的场地。,看到幼儿玩得很开心，不干预他们的玩水行为，待兴趣减弱后再讨论玩水的适宜性。,表扬幼儿的新发现，并询问在篮球架旁玩水是否合适，提议幼儿可以换个地方玩水。,参与到幼儿的“粉刷”游戏中，逐步引导幼儿到适宜玩水的地方继续开展游戏。,提醒幼儿篮球架是用于开展运动的，与其他幼儿一起召唤他们打篮球，转移他们的关注点。,B 自主游戏与规则/安全/价值平衡,A 游戏意义理解,CDAB,4,2,4,0,0.5,0.025,-0.1,0.1,-2,1.0,0.5,0.5,0.5,1.0,1.0,73.013415,0.730134,7.047,22.992,30.039,-1.385381,0.500889,0.500889,0.250444,4,4,3,2,1,5,0,0,0,10.506,0.0,0,A,A/C,教师A：看到幼儿玩得很开心，不干预他们的玩水行为，待兴趣减弱后再讨论玩水的适宜性。,教师A：看到幼儿玩得很开心，不干预他们的玩水行为，待兴趣减弱后再讨论玩水的适宜性。；教师C：参与到幼儿的“粉刷”游戏中，逐步引导幼儿到适宜玩水的地方继续开展游戏。,过程复杂,首反应异常；多次调整；首末位摇摆；优劣方向冲突,请教师回忆读到情境后最先注意到什么、是否很快形成判断或感到难判断；追问最理想或最不理想做法的判断为什么发生变化；追问是否曾把某做法从合适改判为不合适，或相反,0.625044,0.540301,主要IIV信号：过程冲突、选项焦点变化、同题过程信息量；可追问选项比较：教师A：看到幼儿玩得很开心，不干预他们的玩水行为，待兴趣减弱后再讨论玩水的适宜性。；教师C：参与到幼儿的“粉刷”游戏中，逐步引导幼儿到适宜玩水的地方继续开展游戏。
教师40,sim_openid_040_746434,总体中等,2.1,21,Q6,6,区域停留短,小班幼儿瑶瑶在区域活动时，一会儿在娃娃家切切菜，一会儿到美工区搓搓橡皮泥，一会儿又开心地跑到其它区域游戏，在任何一个区域停留时间都不超过三分钟。,提议瑶瑶完成某项游戏任务，如在娃娃家做菜，请他活动小结时分享。,游戏前提醒区域活动规则，活动结束后表扬区域游戏规则遵守得好的小朋友。,仔细观察瑶瑶在不同区域的游戏情况，分析他发生迅速转移的原因。,以同伴的身份陪伴瑶瑶在某一区域游戏，待他专注游戏后再离开。,C 观察诊断与介入时机,A 儿童视角,BDCA,2,2,4,2,0.5,0.025,-0.1,0.1,0,0.5,0.5,0.0,0.5,0.833333,1.0,67.000388,0.670004,18.079,23.773,41.852,0.514282,0.614207,0.614207,0.307103,6,6,1,5,1,6,1,1,0,18.079,0.0,0,A,C/D,教师A：提议瑶瑶完成某项游戏任务，如在娃娃家做菜，请他活动小结时分享。,教师C：仔细观察瑶瑶在不同区域的游戏情况，分析他发生迅速转移的原因。；教师D：以同伴的身份陪伴瑶瑶在某一区域游戏，待他专注游戏后再离开。,过程中等,高修正投入；多次调整；首末位摇摆；优劣方向冲突,追问后续主要在比较哪些做法、为什么调整；追问最理想或最不理想做法的判断为什么发生变化；追问是否曾把某做法从合适改判为不合适，或相反,0.597377,0.517961,主要IIV信号：选项焦点变化、过程冲突、同题过程信息量；可追问选项比较：教师C：仔细观察瑶瑶在不同区域的游戏情况，分析他发生迅速转移的原因。；教师D：以同伴的身份陪伴瑶瑶在某一区域游戏，待他专注游戏后再离开。
教师40,sim_openid_040_746434,总体中等,2.1,21,Q9,9,艾莎公主不运动,小班的一次户外运动，有几个女孩子从一开始就没有选择任何体育活动项目，而是聚在一起坐在地上玩“艾莎公主”的游戏，比一比谁的鞋子最漂亮，谁的魔法最厉害。,询问幼儿没有参与运动的原因，提供丰富的活动材料吸引幼儿参与运动活动。,提醒幼儿现在是运动时间，请他们等自由游戏时间再一起玩“艾莎公主”的游戏。,利用艾莎公主的鞋子设计走、跑、跳等活动，并以参与者的身份邀请幼儿一起参与运动。,肯定幼儿自主游戏的行为，言语引导幼儿穿着“漂亮的鞋子”参与运动。,D 支架策略与游戏推进,A 儿童视角/B 目标平衡,ADCB,0,3,3,0,0.25,0.225,0.9,0.9,3,0.75,0.0,0.75,0.75,0.75,1.0,72.122727,0.721227,12.009,22.292,34.301,-0.310579,0.396003,0.396003,0.198001,4,4,2,2,0,4,1,1,1,12.009,0.0,0,B,B/C,教师B：提醒幼儿现在是运动时间，请他们等自由游戏时间再一起玩“艾莎公主”的游戏。,教师B：提醒幼儿现在是运动时间，请他们等自由游戏时间再一起玩“艾莎公主”的游戏。；教师C：利用艾莎公主的鞋子设计走、跑、跳等活动，并以参与者的身份邀请幼儿一起参与运动。,过程复杂,多次调整；首末位摇摆；路径振荡,追问最理想或最不理想做法的判断为什么发生变化；追问当时是否在几个判断标准之间反复权衡,0.5198,0.489612,主要IIV信号：选项焦点变化、过程冲突、修正信号；可追问选项比较：教师B：提醒幼儿现在是运动时间，请他们等自由游戏时间再一起玩“艾莎公主”的游戏。；教师C：利用艾莎公主的鞋子设计走、跑、跳等活动，并以参与者的身份邀请幼儿一起参与运动。
教师40,sim_openid_040_746434,总体中等,2.1,21,Q3,3,材料选择无层次,大班上学期，张老师在建构区投放了按图搭建的游戏材料，并提供了不同星级难度的任务卡供幼儿选择，但有的幼儿一上来就选择高难度的三星级任务卡，结果不能顺利完成任务；而有的幼儿始终选择低难度的一星级任务卡。这天，浩浩又连续选择了几张一星级任务卡，很快就完成了任务。,调整任务卡提供方式，在游戏开始前根据幼儿的能力水平有针对性地发放任务卡。,暂不介入，尊重幼儿的自主选择和游戏体验，只要完成任务就是一种经验积累。,调整任务卡呈现方式，如增加“我想挑战”等提示，鼓励幼儿选择不同星级的挑战。,和浩浩回顾已完成的任务，比较不同星级的难度，邀请他选择稍有挑战的任务。,D 支架策略与游戏推进,C 观察诊断,BCDA,0,3,3,0,0.25,0.225,0.9,0.9,3,0.75,0.0,0.75,0.75,0.75,1.0,49.111111,0.491111,14.183,14.366,28.549,0.02491,-1.094466,0.02491,0.012455,4,4,1,3,0,5,0,0,0,14.183,0.0,0,A,C/D,教师A：调整任务卡提供方式，在游戏开始前根据幼儿的能力水平有针对性地发放任务卡。,教师C：调整任务卡呈现方式，如增加“我想挑战”等提示，鼓励幼儿选择不同星级的挑战。；教师D：和浩浩回顾已完成的任务，比较不同星级的难度，邀请他选择稍有挑战的任务。,过程简单,多次调整；首末位摇摆,追问最理想或最不理想做法的判断为什么发生变化,0.501245,0.459551,主要IIV信号：选项焦点变化、过程冲突、修正信号；可追问选项比较：教师C：调整任务卡呈现方式，如增加“我想挑战”等提示，鼓励幼儿选择不同星级的挑战。；教师D：和浩浩回顾已完成的任务，比较不同星级的难度，邀请他选择稍有挑战的任务。
教师40,sim_openid_040_746434,总体中等,2.1,21,Q5,5,消防员救火开心,近几天，中班的幼儿十分热衷于在区域游戏时间玩“消防员救火”的游戏。游戏结束后的交流活动中，老师问幼儿最想分享什么时，阳阳说“娃娃家着火了，好开心啊！”。,抓住教育契机，向幼儿耐心解释真实的火灾会造成物品损失和人员伤亡。,询问幼儿开心的是“着火”本身，还是消防员成功救火、娃娃家的人得救？,引导幼儿思考“娃娃家着火”值不值得开心，帮助他们认识真实火灾是危险的。,请阳阳讲讲娃娃家着火后发生了什么、为什么开心，借此理解幼儿的游戏体验。,A 游戏意义理解与儿童视角,B 价值平衡,ABCD,2,2,3,2,0.5,0.025,-0.1,0.1,0,0.25,0.25,0.0,0.25,0.75,1.0,58.094186,0.580942,11.35,18.576,29.926,-0.424377,-0.222615,0.0,0.0,4,4,4,0,0,2,3,3,3,11.35,0.0,0,,A/B,,教师A：抓住教育契机，向幼儿耐心解释真实的火灾会造成物品损失和人员伤亡。；教师B：询问幼儿开心的是“着火”本身，还是消防员成功救火、娃娃家的人得救？,过程简单,首反应异常；多次调整；首末位摇摆；路径振荡,请教师回忆读到情境后最先注意到什么、是否很快形成判断或感到难判断；追问最理想或最不理想做法的判断为什么发生变化；追问当时是否在几个判断标准之间反复权衡,0.5,0.432797,主要IIV信号：选项焦点变化、过程冲突、同题过程信息量；可追问选项比较：教师A：抓住教育契机，向幼儿耐心解释真实的火灾会造成物品损失和人员伤亡。；教师B：询问幼儿开心的是“着火”本身，还是消防员成功救火、娃娃家的人得救？
教师40,sim_openid_040_746434,总体中等,2.1,21,Q8,8,跳绳秩序混乱,周三下午，大五班的幼儿正自发进行跳绳游戏。李老师观察后发现，挤在一起跳绳的幼儿人数较多，整个场面十分混乱，幼儿很容易出现碰撞现象。此外，由于当“柱子”的幼儿很久才能轮上跳绳，因此也显得很不耐烦。,请幼儿暂停游戏，将幼儿分成多个小组并引导他们以小组为单位分区域开展游戏。,请幼儿说一说跳绳活动中存在的问题，并邀请幼儿一起设置跳绳的规则。,提供更多数量和不同种类的跳绳，并言语引导幼儿分组分区同时进行跳绳游戏。,暂不介入，活动分享时通过照片或视频回放引导幼儿发现问题并商议解决办法。,E 共同游戏组织与规则共建,B 安全秩序,CBDA,2,2,2,2,0.5,0.025,-0.1,0.1,0,0.0,0.0,0.0,0.0,0.666667,0.75,59.35,0.5935,27.517,10.794,38.311,1.361238,-2.064246,1.361238,0.680619,3,3,2,1,0,4,0,0,0,27.517,0.0,0,A,B/C,教师A：请幼儿暂停游戏，将幼儿分成多个小组并引导他们以小组为单位分区域开展游戏。,教师B：请幼儿说一说跳绳活动中存在的问题，并邀请幼儿一起设置跳绳的规则。；教师C：提供更多数量和不同种类的跳绳，并言语引导幼儿分组分区同时进行跳绳游戏。,过程中等,首反应异常；多次调整；首末位摇摆,请教师回忆读到情境后最先注意到什么、是否很快形成判断或感到难判断；追问最理想或最不理想做法的判断为什么发生变化,0.476395,0.426487,主要IIV信号：选项焦点变化、相对时间信号、过程冲突；可追问选项比较：教师B：请幼儿说一说跳绳活动中存在的问题，并邀请幼儿一起设置跳绳的规则。；教师C：提供更多数量和不同种类的跳绳，并言语引导幼儿分组分区同时进行跳绳游戏。
教师40,sim_openid_040_746434,总体中等,2.1,21,Q10,10,引水难题未解,中班上学期，幼儿在“引水游戏”中遇到了难题——水无法被引到竹片管道上。他们不断调整竹片拼接的方式，却始终没能成功，即竹片一头高于出水管道，阻碍了引流。渐渐地幼儿的探索兴趣也减弱了，有的开始玩水，有的甚至离开了水池。,示范正确的引水方法，请幼儿注意观察并说说引水的要领，再自己试一试。,加入幼儿的探索，引导他们观察水流受阻的位置，一起尝试调整竹片的摆放方式。,组织幼儿就游戏困难进行讨论，寻找解决问题的方案，引导幼儿再次尝试。,投放更多辅助引水的材料，重新激起幼儿的探索兴趣，继续观察游戏进展。,C 观察诊断与介入时机,D 探究支架,CDBA,2,2,2,2,0.5,0.025,-0.1,0.1,0,0.0,0.0,0.0,0.0,0.0,0.0,10.383333,0.103833,,,29.888,0.0,0.0,0.0,0.0,0,0,0,0,0,1,0,0,0,29.888,0.0,0,,,,,过程简单,过程相对平稳,追问教师当时主要依据什么形成排序,0.2,0.158942,主要IIV信号：结果风险、同题过程信息量、个人内相对偏离
教师41,sim_openid_041_881030,总体偏低,1.7,17,Q8,8,跳绳秩序混乱,周三下午，大五班的幼儿正自发进行跳绳游戏。李老师观察后发现，挤在一起跳绳的幼儿人数较多，整个场面十分混乱，幼儿很容易出现碰撞现象。此外，由于当“柱子”的幼儿很久才能轮上跳绳，因此也显得很不耐烦。,请幼儿暂停游戏，将幼儿分成多个小组并引导他们以小组为单位分区域开展游戏。,请幼儿说一说跳绳活动中存在的问题，并邀请幼儿一起设置跳绳的规则。,提供更多数量和不同种类的跳绳，并言语引导幼儿分组分区同时进行跳绳游戏。,暂不介入，活动分享时通过照片或视频回放引导幼儿发现问题并商议解决办法。,E 共同游戏组织与规则共建,B 安全秩序,CADB,2,0,2,0,1.0,0.425,-1.7,1.7,-2,0.5,0.5,0.0,0.5,0.75,1.0,64.871212,0.648712,11.174,18.186,29.36,-0.707976,0.721538,0.721538,0.360769,4,4,3,1,0,4,1,1,1,11.174,0.0,0,B,A/C,教师B：请幼儿说一说跳绳活动中存在的问题，并邀请幼儿一起设置跳绳的规则。,教师A：请幼儿暂停游戏，将幼儿分成多个小组并引导他们以小组为单位分区域开展游戏。；教师C：提供更多数量和不同种类的跳绳，并言语引导幼儿分组分区同时进行跳绳游戏。,过程复杂,多次调整；首末位摇摆；路径振荡,追问最理想或最不理想做法的判断为什么发生变化；追问当时是否在几个判断标准之间反复权衡,0.786077,0.719763,主要IIV信号：结果风险、选项焦点变化、过程冲突；可追问选项比较：教师A：请幼儿暂停游戏，将幼儿分成多个小组并引导他们以小组为单位分区域开展游戏。；教师C：提供更多数量和不同种类的跳绳，并言语引导幼儿分组分区同时进行跳绳游戏。
教师41,sim_openid_041_881030,总体偏低,1.7,17,Q1,1,篮球架玩水,操场上新安装了一些篮球架，幼儿经常在这里投篮。某天户外活动时，几名幼儿带着画笔和水桶来到这里，他们先是快乐地粉刷篮球架，之后开始往篮框里灌水，有的从上面灌，有的在下面接，忙的不亦乐乎，俨然这里成为了玩水的场地。,看到幼儿玩得很开心，不干预他们的玩水行为，待兴趣减弱后再讨论玩水的适宜性。,表扬幼儿的新发现，并询问在篮球架旁玩水是否合适，提议幼儿可以换个地方玩水。,参与到幼儿的“粉刷”游戏中，逐步引导幼儿到适宜玩水的地方继续开展游戏。,提醒幼儿篮球架是用于开展运动的，与其他幼儿一起召唤他们打篮球，转移他们的关注点。,B 自主游戏与规则/安全/价值平衡,A 游戏意义理解,ADCB,4,1,4,1,0.75,0.175,-0.7,0.7,-3,0.75,0.75,0.0,0.75,0.8,1.0,62.223577,0.622236,19.503,18.81,38.313,0.624586,0.801512,0.801512,0.400756,5,5,2,2,0,5,1,1,0,19.503,0.0,0,B,C/D,教师B：表扬幼儿的新发现，并询问在篮球架旁玩水是否合适，提议幼儿可以换个地方玩水。,教师C：参与到幼儿的“粉刷”游戏中，逐步引导幼儿到适宜玩水的地方继续开展游戏。；教师D：提醒幼儿篮球架是用于开展运动的，与其他幼儿一起召唤他们打篮球，转移他们的关注点。,过程复杂,多次调整；首末位摇摆,追问最理想或最不理想做法的判断为什么发生变化,0.750076,0.654937,主要IIV信号：选项焦点变化、过程冲突、结果风险；可追问选项比较：教师C：参与到幼儿的“粉刷”游戏中，逐步引导幼儿到适宜玩水的地方继续开展游戏。；教师D：提醒幼儿篮球架是用于开展运动的，与其他幼儿一起召唤他们打篮球，转移他们的关注点。
教师41,sim_openid_041_881030,总体偏低,1.7,17,Q6,6,区域停留短,小班幼儿瑶瑶在区域活动时，一会儿在娃娃家切切菜，一会儿到美工区搓搓橡皮泥，一会儿又开心地跑到其它区域游戏，在任何一个区域停留时间都不超过三分钟。,提议瑶瑶完成某项游戏任务，如在娃娃家做菜，请他活动小结时分享。,游戏前提醒区域活动规则，活动结束后表扬区域游戏规则遵守得好的小朋友。,仔细观察瑶瑶在不同区域的游戏情况，分析他发生迅速转移的原因。,以同伴的身份陪伴瑶瑶在某一区域游戏，待他专注游戏后再离开。,C 观察诊断与介入时机,A 儿童视角,ACBD,2,1,4,1,0.75,0.175,-0.7,0.7,-1,0.75,0.75,0.0,0.75,0.75,0.75,36.144961,0.36145,24.927,8.1,33.027,1.211661,-1.19572,1.211661,0.60583,3,3,3,0,0,4,0,0,0,24.927,0.0,0,B,A/C,教师B：游戏前提醒区域活动规则，活动结束后表扬区域游戏规则遵守得好的小朋友。,教师A：提议瑶瑶完成某项游戏任务，如在娃娃家做菜，请他活动小结时分享。；教师C：仔细观察瑶瑶在不同区域的游戏情况，分析他发生迅速转移的原因。,过程中等,多次调整；首末位摇摆,追问最理想或最不理想做法的判断为什么发生变化,0.735583,0.629906,主要IIV信号：结果风险、过程冲突、修正信号；可追问选项比较：教师A：提议瑶瑶完成某项游戏任务，如在娃娃家做菜，请他活动小结时分享。；教师C：仔细观察瑶瑶在不同区域的游戏情况，分析他发生迅速转移的原因。
教师41,sim_openid_041_881030,总体偏低,1.7,17,Q2,2,未参与小组建构,大班建构活动中，睿睿和其他幼儿计划一起搭积木大桥，他们讨论了搭建方法，并进入区域开始搭建。就在其他幼儿在认真搭建时，睿睿发现了一块长条木板，他一会儿在地上推着走，一会儿当枪使，没有再参与小组的搭建。,继续观察，后续分享中支持睿睿思考如何把长条木板融入小组的建构中。,肯定睿睿的创造性玩法，询问他长条板能否当桥面，引导他参与到搭桥任务中。,引导睿睿回顾计划，建议他先完成共同任务，长条木板可以等自由游戏时再玩。,看到睿睿玩得开心，暂不介入，等下一次活动时再提醒他根据计划开展游戏。,D 支架策略与游戏推进,E 共同游戏组织,ACDB,0,1,1,0,0.75,0.175,-0.7,0.7,1,0.25,0.0,0.25,0.25,0.75,1.0,57.483333,0.574833,18.415,14.755,33.17,0.487251,0.225931,0.487251,0.243625,4,4,2,3,2,4,1,1,1,18.415,0.0,0,B,B/C,教师B：肯定睿睿的创造性玩法，询问他长条板能否当桥面，引导他参与到搭桥任务中。,教师B：肯定睿睿的创造性玩法，询问他长条板能否当桥面，引导他参与到搭桥任务中。；教师C：引导睿睿回顾计划，建议他先完成共同任务，长条木板可以等自由游戏时再玩。,过程中等,多次调整；首末位摇摆；优劣方向冲突；路径振荡,追问最理想或最不理想做法的判断为什么发生变化；追问是否曾把某做法从合适改判为不合适，或相反；追问当时是否在几个判断标准之间反复权衡,0.624363,0.554354,主要IIV信号：选项焦点变化、结果风险、过程冲突；可追问选项比较：教师B：肯定睿睿的创造性玩法，询问他长条板能否当桥面，引导他参与到搭桥任务中。；教师C：引导睿睿回顾计划，建议他先完成共同任务，长条木板可以等自由游戏时再玩。
教师41,sim_openid_041_881030,总体偏低,1.7,17,Q4,4,频繁求助,中班区域活动时，小明选择了建构区。玩了一会儿，他跑到老师面前说“老师，我不会搭……帮帮我吧”，教师问他需要什么帮助时，他一边说我不会搭，一边却很快地将房子从一层积木加高到了两层。看小明专注搭建后，老师就离开建构区了。可是没一会，小明又找了老师好几次，说“老师，帮帮我吧，我不会搭”。,鼓励小明独立搭建，引导他思考接下来如何搭建，及时表扬他的努力。,先示范搭建关键部分，请小明观察方法，再鼓励他照着继续搭建。,在旁观察小明的搭建过程，并适时反馈，帮助他理清搭建步骤。,帮小明回顾已搭建完成的部分，指导他设定小目标，尝试自己实现。,C 观察诊断与介入时机,D 支架策略,ACDB,2,4,4,2,0.0,0.575,2.3,2.3,2,0.5,0.0,0.5,0.5,0.8,1.0,73.416667,0.734167,10.545,21.628,32.173,-0.846591,1.132439,1.132439,0.566219,5,5,2,3,0,5,1,1,1,10.545,0.0,0,B,A/B,教师B：先示范搭建关键部分，请小明观察方法，再鼓励他照着继续搭建。,教师A：鼓励小明独立搭建，引导他思考接下来如何搭建，及时表扬他的努力。；教师B：先示范搭建关键部分，请小明观察方法，再鼓励他照着继续搭建。,过程复杂,高修正投入；多次调整；首末位摇摆；路径振荡,追问后续主要在比较哪些做法、为什么调整；追问最理想或最不理想做法的判断为什么发生变化；追问当时是否在几个判断标准之间反复权衡,0.416622,0.47458,主要IIV信号：选项焦点变化、过程冲突、同题过程信息量；可追问选项比较：教师A：鼓励小明独立搭建，引导他思考接下来如何搭建，及时表扬他的努力。；教师B：先示范搭建关键部分，请小明观察方法，再鼓励他照着继续搭建。
教师41,sim_openid_041_881030,总体偏低,1.7,17,Q5,5,消防员救火开心,近几天，中班的幼儿十分热衷于在区域游戏时间玩“消防员救火”的游戏。游戏结束后的交流活动中，老师问幼儿最想分享什么时，阳阳说“娃娃家着火了，好开心啊！”。,抓住教育契机，向幼儿耐心解释真实的火灾会造成物品损失和人员伤亡。,询问幼儿开心的是“着火”本身，还是消防员成功救火、娃娃家的人得救？,引导幼儿思考“娃娃家着火”值不值得开心，帮助他们认识真实火灾是危险的。,请阳阳讲讲娃娃家着火后发生了什么、为什么开心，借此理解幼儿的游戏体验。,A 游戏意义理解与儿童视角,B 价值平衡,DCBA,2,2,2,1,0.5,0.075,0.3,0.3,0,0.25,0.0,0.25,0.25,0.75,0.75,58.997674,0.589977,18.3,20.136,38.436,0.472263,0.962994,0.962994,0.481497,4,4,2,1,1,5,0,0,0,18.3,0.0,0,A,B/C,教师A：抓住教育契机，向幼儿耐心解释真实的火灾会造成物品损失和人员伤亡。,教师B：询问幼儿开心的是“着火”本身，还是消防员成功救火、娃娃家的人得救？；教师C：引导幼儿思考“娃娃家着火”值不值得开心，帮助他们认识真实火灾是危险的。,过程中等,多次调整；首末位摇摆；优劣方向冲突,追问最理想或最不理想做法的判断为什么发生变化；追问是否曾把某做法从合适改判为不合适，或相反,0.52315,0.463899,主要IIV信号：过程冲突、选项焦点变化、同题过程信息量；可追问选项比较：教师B：询问幼儿开心的是“着火”本身，还是消防员成功救火、娃娃家的人得救？；教师C：引导幼儿思考“娃娃家着火”值不值得开心，帮助他们认识真实火灾是危险的。
教师41,sim_openid_041_881030,总体偏低,1.7,17,Q9,9,艾莎公主不运动,小班的一次户外运动，有几个女孩子从一开始就没有选择任何体育活动项目，而是聚在一起坐在地上玩“艾莎公主”的游戏，比一比谁的鞋子最漂亮，谁的魔法最厉害。,询问幼儿没有参与运动的原因，提供丰富的活动材料吸引幼儿参与运动活动。,提醒幼儿现在是运动时间，请他们等自由游戏时间再一起玩“艾莎公主”的游戏。,利用艾莎公主的鞋子设计走、跑、跳等活动，并以参与者的身份邀请幼儿一起参与运动。,肯定幼儿自主游戏的行为，言语引导幼儿穿着“漂亮的鞋子”参与运动。,D 支架策略与游戏推进,A 儿童视角/B 目标平衡,CADB,0,4,4,0,0.0,0.575,2.3,2.3,4,1.0,0.0,1.0,1.0,1.0,0.5,38.507576,0.385076,13.83,13.432,27.262,-0.197778,0.003238,0.003238,0.001619,2,2,1,1,0,3,0,0,0,13.83,0.0,0,B,A/B,教师B：提醒幼儿现在是运动时间，请他们等自由游戏时间再一起玩“艾莎公主”的游戏。,教师A：询问幼儿没有参与运动的原因，提供丰富的活动材料吸引幼儿参与运动活动。；教师B：提醒幼儿现在是运动时间，请他们等自由游戏时间再一起玩“艾莎公主”的游戏。,过程中等,首末位摇摆,追问最理想或最不理想做法的判断为什么发生变化,0.450162,0.455666,主要IIV信号：过程冲突、修正信号、个人内相对偏离；可追问选项比较：教师A：询问幼儿没有参与运动的原因，提供丰富的活动材料吸引幼儿参与运动活动。；教师B：提醒幼儿现在是运动时间，请他们等自由游戏时间再一起玩“艾莎公主”的游戏。
教师41,sim_openid_041_881030,总体偏低,1.7,17,Q7,7,飞行棋各走各的,大班区域游戏中，轩轩和小宇一起玩飞行棋，他们将棋子摆好后，各自拿了一个骰子开始投，小宇说：“该我走。”轩轩说：“明明该我走！”相持不下，于是两人各拿一个骰子，自顾自地走自己的棋。,耐心讲解共同游戏的规则，再以“棋手”身份加入游戏进行示范引导。,暂不介入，继续观察游戏进展，待区域小结时请幼儿分享游戏中的体验和问题。,拿走一个骰子，请幼儿商量只有一个骰子的共同游戏规则，达成一致后再开始游戏。,待幼儿体验一轮各走各的游戏后，询问幼儿的游戏体验，提示共同游戏规则的作用。,E 共同游戏组织与规则共建,B 规则平衡,ABDC,0,3,3,0,0.25,0.325,1.3,1.3,3,0.75,0.0,0.75,0.75,0.75,0.25,29.72093,0.297209,24.967,7.19,32.157,1.215497,-1.478224,1.215497,0.607748,1,1,0,1,0,2,0,0,0,24.967,0.0,0,C,C/D,教师C：拿走一个骰子，请幼儿商量只有一个骰子的共同游戏规则，达成一致后再开始游戏。,教师C：拿走一个骰子，请幼儿商量只有一个骰子的共同游戏规则，达成一致后再开始游戏。；教师D：待幼儿体验一轮各走各的游戏后，询问幼儿的游戏体验，提示共同游戏规则的作用。,过程简单,首反应异常,请教师回忆读到情境后最先注意到什么、是否很快形成判断或感到难判断,0.485775,0.449385,主要IIV信号：过程冲突、修正信号、相对时间信号；可追问选项比较：教师C：拿走一个骰子，请幼儿商量只有一个骰子的共同游戏规则，达成一致后再开始游戏。；教师D：待幼儿体验一轮各走各的游戏后，询问幼儿的游戏体验，提示共同游戏规则的作用。
教师41,sim_openid_041_881030,总体偏低,1.7,17,Q3,3,材料选择无层次,大班上学期，张老师在建构区投放了按图搭建的游戏材料，并提供了不同星级难度的任务卡供幼儿选择，但有的幼儿一上来就选择高难度的三星级任务卡，结果不能顺利完成任务；而有的幼儿始终选择低难度的一星级任务卡。这天，浩浩又连续选择了几张一星级任务卡，很快就完成了任务。,调整任务卡提供方式，在游戏开始前根据幼儿的能力水平有针对性地发放任务卡。,暂不介入，尊重幼儿的自主选择和游戏体验，只要完成任务就是一种经验积累。,调整任务卡呈现方式，如增加“我想挑战”等提示，鼓励幼儿选择不同星级的挑战。,和浩浩回顾已完成的任务，比较不同星级的难度，邀请他选择稍有挑战的任务。,D 支架策略与游戏推进,C 观察诊断,ABDC,0,0,0,0,1.0,0.425,-1.7,1.7,0,0.0,0.0,0.0,0.0,0.0,0.25,32.188889,0.321889,6.608,7.48,14.088,-1.964767,-1.384489,0.0,0.0,1,1,0,1,0,2,0,0,0,7.48,0.0,0,C,C/D,教师C：调整任务卡呈现方式，如增加“我想挑战”等提示，鼓励幼儿选择不同星级的挑战。,教师C：调整任务卡呈现方式，如增加“我想挑战”等提示，鼓励幼儿选择不同星级的挑战。；教师D：和浩浩回顾已完成的任务，比较不同星级的难度，邀请他选择稍有挑战的任务。,过程简单,首反应异常,请教师回忆读到情境后最先注意到什么、是否很快形成判断或感到难判断,0.425,0.404844,主要IIV信号：结果风险、个人内相对偏离、同题过程信息量；可追问选项比较：教师C：调整任务卡呈现方式，如增加“我想挑战”等提示，鼓励幼儿选择不同星级的挑战。；教师D：和浩浩回顾已完成的任务，比较不同星级的难度，邀请他选择稍有挑战的任务。
教师41,sim_openid_041_881030,总体偏低,1.7,17,Q10,10,引水难题未解,中班上学期，幼儿在“引水游戏”中遇到了难题——水无法被引到竹片管道上。他们不断调整竹片拼接的方式，却始终没能成功，即竹片一头高于出水管道，阻碍了引流。渐渐地幼儿的探索兴趣也减弱了，有的开始玩水，有的甚至离开了水池。,示范正确的引水方法，请幼儿注意观察并说说引水的要领，再自己试一试。,加入幼儿的探索，引导他们观察水流受阻的位置，一起尝试调整竹片的摆放方式。,组织幼儿就游戏困难进行讨论，寻找解决问题的方案，引导幼儿再次尝试。,投放更多辅助引水的材料，重新激起幼儿的探索兴趣，继续观察游戏进展。,C 观察诊断与介入时机,D 探究支架,CBAD,1,1,1,1,0.75,0.175,-0.7,0.7,0,0.0,0.0,0.0,0.0,0.5,0.25,24.866279,0.248663,13.284,14.661,27.945,-0.294146,0.210781,0.210781,0.10539,2,2,1,0,0,3,0,0,0,13.284,0.0,0,A,A/B,教师A：示范正确的引水方法，请幼儿注意观察并说说引水的要领，再自己试一试。,教师A：示范正确的引水方法，请幼儿注意观察并说说引水的要领，再自己试一试。；教师B：加入幼儿的探索，引导他们观察水流受阻的位置，一起尝试调整竹片的摆放方式。,过程简单,过程相对平稳,追问教师当时主要依据什么形成排序,0.435539,0.374222,主要IIV信号：结果风险、过程冲突、选项焦点变化；可追问选项比较：教师A：示范正确的引水方法，请幼儿注意观察并说说引水的要领，再自己试一试。；教师B：加入幼儿的探索，引导他们观察水流受阻的位置，一起尝试调整竹片的摆放方式。
教师42,sim_openid_042_480037,总体偏低,1.9,19,Q1,1,篮球架玩水,操场上新安装了一些篮球架，幼儿经常在这里投篮。某天户外活动时，几名幼儿带着画笔和水桶来到这里，他们先是快乐地粉刷篮球架，之后开始往篮框里灌水，有的从上面灌，有的在下面接，忙的不亦乐乎，俨然这里成为了玩水的场地。,看到幼儿玩得很开心，不干预他们的玩水行为，待兴趣减弱后再讨论玩水的适宜性。,表扬幼儿的新发现，并询问在篮球架旁玩水是否合适，提议幼儿可以换个地方玩水。,参与到幼儿的“粉刷”游戏中，逐步引导幼儿到适宜玩水的地方继续开展游戏。,提醒幼儿篮球架是用于开展运动的，与其他幼儿一起召唤他们打篮球，转移他们的关注点。,B 自主游戏与规则/安全/价值平衡,A 游戏意义理解,BADC,4,1,4,1,0.75,0.225,-0.9,0.9,-3,0.75,0.75,0.0,0.75,0.875,1.0,86.994309,0.869943,23.767,50.102,73.869,-0.015159,1.402234,1.402234,0.701117,8,8,3,5,1,7,2,2,0,23.767,0.0,0,A,A/B,教师A：看到幼儿玩得很开心，不干预他们的玩水行为，待兴趣减弱后再讨论玩水的适宜性。,教师A：看到幼儿玩得很开心，不干预他们的玩水行为，待兴趣减弱后再讨论玩水的适宜性。；教师B：表扬幼儿的新发现，并询问在篮球架旁玩水是否合适，提议幼儿可以换个地方玩水。,过程复杂,高修正投入；多次调整；首末位摇摆；优劣方向冲突；路径振荡,追问后续主要在比较哪些做法、为什么调整；追问最理想或最不理想做法的判断为什么发生变化；追问是否曾把某做法从合适改判为不合适，或相反；追问当时是否在几个判断标准之间反复权衡,0.795112,0.716109,主要IIV信号：选项焦点变化、过程冲突、同题过程信息量；可追问选项比较：教师A：看到幼儿玩得很开心，不干预他们的玩水行为，待兴趣减弱后再讨论玩水的适宜性。；教师B：表扬幼儿的新发现，并询问在篮球架旁玩水是否合适，提议幼儿可以换个地方玩水。
教师42,sim_openid_042_480037,总体偏低,1.9,19,Q3,3,材料选择无层次,大班上学期，张老师在建构区投放了按图搭建的游戏材料，并提供了不同星级难度的任务卡供幼儿选择，但有的幼儿一上来就选择高难度的三星级任务卡，结果不能顺利完成任务；而有的幼儿始终选择低难度的一星级任务卡。这天，浩浩又连续选择了几张一星级任务卡，很快就完成了任务。,调整任务卡提供方式，在游戏开始前根据幼儿的能力水平有针对性地发放任务卡。,暂不介入，尊重幼儿的自主选择和游戏体验，只要完成任务就是一种经验积累。,调整任务卡呈现方式，如增加“我想挑战”等提示，鼓励幼儿选择不同星级的挑战。,和浩浩回顾已完成的任务，比较不同星级的难度，邀请他选择稍有挑战的任务。,D 支架策略与游戏推进,C 观察诊断,BCAD,0,1,4,0,0.75,0.225,-0.9,0.9,1,1.0,0.75,0.25,0.75,1.0,1.0,75.327778,0.753278,16.115,44.872,60.987,-1.005905,1.003377,1.003377,0.501688,8,8,4,2,1,8,1,1,0,16.115,0.0,0,A,B/C,教师A：调整任务卡提供方式，在游戏开始前根据幼儿的能力水平有针对性地发放任务卡。,教师B：暂不介入，尊重幼儿的自主选择和游戏体验，只要完成任务就是一种经验积累。；教师C：调整任务卡呈现方式，如增加“我想挑战”等提示，鼓励幼儿选择不同星级的挑战。,过程复杂,高修正投入；多次调整；首末位摇摆；优劣方向冲突；路径振荡,追问后续主要在比较哪些做法、为什么调整；追问最理想或最不理想做法的判断为什么发生变化；追问是否曾把某做法从合适改判为不合适，或相反；追问当时是否在几个判断标准之间反复权衡,0.800169,0.709083,主要IIV信号：过程冲突、选项焦点变化、同题过程信息量；可追问选项比较：教师B：暂不介入，尊重幼儿的自主选择和游戏体验，只要完成任务就是一种经验积累。；教师C：调整任务卡呈现方式，如增加“我想挑战”等提示，鼓励幼儿选择不同星级的挑战。
教师42,sim_openid_042_480037,总体偏低,1.9,19,Q8,8,跳绳秩序混乱,周三下午，大五班的幼儿正自发进行跳绳游戏。李老师观察后发现，挤在一起跳绳的幼儿人数较多，整个场面十分混乱，幼儿很容易出现碰撞现象。此外，由于当“柱子”的幼儿很久才能轮上跳绳，因此也显得很不耐烦。,请幼儿暂停游戏，将幼儿分成多个小组并引导他们以小组为单位分区域开展游戏。,请幼儿说一说跳绳活动中存在的问题，并邀请幼儿一起设置跳绳的规则。,提供更多数量和不同种类的跳绳，并言语引导幼儿分组分区同时进行跳绳游戏。,暂不介入，活动分享时通过照片或视频回放引导幼儿发现问题并商议解决办法。,E 共同游戏组织与规则共建,B 安全秩序,CADB,2,0,2,0,1.0,0.475,-1.9,1.9,-2,0.5,0.5,0.0,0.5,0.833333,1.0,68.513636,0.685136,12.114,32.494,44.608,-1.73361,-0.164316,0.0,0.0,6,6,1,4,0,6,1,1,0,12.114,0.0,0,B,A/D,教师B：请幼儿说一说跳绳活动中存在的问题，并邀请幼儿一起设置跳绳的规则。,教师A：请幼儿暂停游戏，将幼儿分成多个小组并引导他们以小组为单位分区域开展游戏。；教师D：暂不介入，活动分享时通过照片或视频回放引导幼儿发现问题并商议解决办法。,过程中等,高修正投入；多次调整；首末位摇摆；路径振荡,追问后续主要在比较哪些做法、为什么调整；追问最理想或最不理想做法的判断为什么发生变化；追问当时是否在几个判断标准之间反复权衡,0.766667,0.705507,主要IIV信号：结果风险、选项焦点变化、过程冲突；可追问选项比较：教师A：请幼儿暂停游戏，将幼儿分成多个小组并引导他们以小组为单位分区域开展游戏。；教师D：暂不介入，活动分享时通过照片或视频回放引导幼儿发现问题并商议解决办法。
教师42,sim_openid_042_480037,总体偏低,1.9,19,Q6,6,区域停留短,小班幼儿瑶瑶在区域活动时，一会儿在娃娃家切切菜，一会儿到美工区搓搓橡皮泥，一会儿又开心地跑到其它区域游戏，在任何一个区域停留时间都不超过三分钟。,提议瑶瑶完成某项游戏任务，如在娃娃家做菜，请他活动小结时分享。,游戏前提醒区域活动规则，活动结束后表扬区域游戏规则遵守得好的小朋友。,仔细观察瑶瑶在不同区域的游戏情况，分析他发生迅速转移的原因。,以同伴的身份陪伴瑶瑶在某一区域游戏，待他专注游戏后再离开。,C 观察诊断与介入时机,A 儿童视角,CADB,2,1,3,1,0.75,0.225,-0.9,0.9,-1,0.5,0.5,0.0,0.5,0.75,1.0,67.521318,0.675213,26.695,25.321,52.016,0.28108,-1.066685,0.28108,0.14054,4,4,3,1,0,4,1,1,1,26.695,0.0,0,B,A/C,教师B：游戏前提醒区域活动规则，活动结束后表扬区域游戏规则遵守得好的小朋友。,教师A：提议瑶瑶完成某项游戏任务，如在娃娃家做菜，请他活动小结时分享。；教师C：仔细观察瑶瑶在不同区域的游戏情况，分析他发生迅速转移的原因。,过程简单,首反应异常；多次调整；首末位摇摆；路径振荡,请教师回忆读到情境后最先注意到什么、是否很快形成判断或感到难判断；追问最理想或最不理想做法的判断为什么发生变化；追问当时是否在几个判断标准之间反复权衡,0.664054,0.594065,主要IIV信号：选项焦点变化、结果风险、过程冲突；可追问选项比较：教师A：提议瑶瑶完成某项游戏任务，如在娃娃家做菜，请他活动小结时分享。；教师C：仔细观察瑶瑶在不同区域的游戏情况，分析他发生迅速转移的原因。
教师42,sim_openid_042_480037,总体偏低,1.9,19,Q2,2,未参与小组建构,大班建构活动中，睿睿和其他幼儿计划一起搭积木大桥，他们讨论了搭建方法，并进入区域开始搭建。就在其他幼儿在认真搭建时，睿睿发现了一块长条木板，他一会儿在地上推着走，一会儿当枪使，没有再参与小组的搭建。,继续观察，后续分享中支持睿睿思考如何把长条木板融入小组的建构中。,肯定睿睿的创造性玩法，询问他长条板能否当桥面，引导他参与到搭桥任务中。,引导睿睿回顾计划，建议他先完成共同任务，长条木板可以等自由游戏时再玩。,看到睿睿玩得开心，暂不介入，等下一次活动时再提醒他根据计划开展游戏。,D 支架策略与游戏推进,E 共同游戏组织,DBCA,0,3,4,0,0.25,0.275,1.1,1.1,3,1.0,0.25,0.75,0.75,1.0,1.0,90.844444,0.908444,38.643,43.269,81.912,1.22425,0.871768,1.22425,0.612125,7,7,5,1,1,6,2,2,0,38.643,0.0,0,A,B/C,教师A：继续观察，后续分享中支持睿睿思考如何把长条木板融入小组的建构中。,教师B：肯定睿睿的创造性玩法，询问他长条板能否当桥面，引导他参与到搭桥任务中。；教师C：引导睿睿回顾计划，建议他先完成共同任务，长条木板可以等自由游戏时再玩。,过程复杂,首反应异常；高修正投入；多次调整；首末位摇摆；优劣方向冲突；路径振荡,请教师回忆读到情境后最先注意到什么、是否很快形成判断或感到难判断；追问后续主要在比较哪些做法、为什么调整；追问最理想或最不理想做法的判断为什么发生变化；追问是否曾把某做法从合适改判为不合适，或相反；追问当时是否在几个判断标准之间反复权衡,0.611213,0.585385,主要IIV信号：过程冲突、选项焦点变化、同题过程信息量；可追问选项比较：教师B：肯定睿睿的创造性玩法，询问他长条板能否当桥面，引导他参与到搭桥任务中。；教师C：引导睿睿回顾计划，建议他先完成共同任务，长条木板可以等自由游戏时再玩。
教师42,sim_openid_042_480037,总体偏低,1.9,19,Q9,9,艾莎公主不运动,小班的一次户外运动，有几个女孩子从一开始就没有选择任何体育活动项目，而是聚在一起坐在地上玩“艾莎公主”的游戏，比一比谁的鞋子最漂亮，谁的魔法最厉害。,询问幼儿没有参与运动的原因，提供丰富的活动材料吸引幼儿参与运动活动。,提醒幼儿现在是运动时间，请他们等自由游戏时间再一起玩“艾莎公主”的游戏。,利用艾莎公主的鞋子设计走、跑、跳等活动，并以参与者的身份邀请幼儿一起参与运动。,肯定幼儿自主游戏的行为，言语引导幼儿穿着“漂亮的鞋子”参与运动。,D 支架策略与游戏推进,A 儿童视角/B 目标平衡,BCDA,0,1,2,0,0.75,0.225,-0.9,0.9,1,0.5,0.25,0.25,0.25,0.833333,1.0,68.413636,0.684136,26.124,32.045,58.169,0.225947,-0.214656,0.225947,0.112974,6,6,4,1,0,7,0,0,0,26.124,0.0,0,A,B/C,教师A：询问幼儿没有参与运动的原因，提供丰富的活动材料吸引幼儿参与运动活动。,教师B：提醒幼儿现在是运动时间，请他们等自由游戏时间再一起玩“艾莎公主”的游戏。；教师C：利用艾莎公主的鞋子设计走、跑、跳等活动，并以参与者的身份邀请幼儿一起参与运动。,过程中等,高修正投入；多次调整；首末位摇摆,追问后续主要在比较哪些做法、为什么调整；追问最理想或最不理想做法的判断为什么发生变化,0.627964,0.566754,主要IIV信号：选项焦点变化、过程冲突、结果风险；可追问选项比较：教师B：提醒幼儿现在是运动时间，请他们等自由游戏时间再一起玩“艾莎公主”的游戏。；教师C：利用艾莎公主的鞋子设计走、跑、跳等活动，并以参与者的身份邀请幼儿一起参与运动。
教师42,sim_openid_042_480037,总体偏低,1.9,19,Q7,7,飞行棋各走各的,大班区域游戏中，轩轩和小宇一起玩飞行棋，他们将棋子摆好后，各自拿了一个骰子开始投，小宇说：“该我走。”轩轩说：“明明该我走！”相持不下，于是两人各拿一个骰子，自顾自地走自己的棋。,耐心讲解共同游戏的规则，再以“棋手”身份加入游戏进行示范引导。,暂不介入，继续观察游戏进展，待区域小结时请幼儿分享游戏中的体验和问题。,拿走一个骰子，请幼儿商量只有一个骰子的共同游戏规则，达成一致后再开始游戏。,待幼儿体验一轮各走各的游戏后，询问幼儿的游戏体验，提示共同游戏规则的作用。,E 共同游戏组织与规则共建,B 规则平衡,ABDC,0,3,3,0,0.25,0.275,1.1,1.1,3,0.75,0.0,0.75,0.75,0.75,1.0,81.612791,0.816128,37.621,29.772,67.393,1.155905,-0.480831,1.155905,0.577953,4,4,2,3,1,4,1,1,0,37.621,0.0,0,C,C/D,教师C：拿走一个骰子，请幼儿商量只有一个骰子的共同游戏规则，达成一致后再开始游戏。,教师C：拿走一个骰子，请幼儿商量只有一个骰子的共同游戏规则，达成一致后再开始游戏。；教师D：待幼儿体验一轮各走各的游戏后，询问幼儿的游戏体验，提示共同游戏规则的作用。,过程复杂,首反应异常；高修正投入；多次调整；首末位摇摆；优劣方向冲突,请教师回忆读到情境后最先注意到什么、是否很快形成判断或感到难判断；追问后续主要在比较哪些做法、为什么调整；追问最理想或最不理想做法的判断为什么发生变化；追问是否曾把某做法从合适改判为不合适，或相反,0.557795,0.539852,主要IIV信号：选项焦点变化、同题过程信息量、过程冲突；可追问选项比较：教师C：拿走一个骰子，请幼儿商量只有一个骰子的共同游戏规则，达成一致后再开始游戏。；教师D：待幼儿体验一轮各走各的游戏后，询问幼儿的游戏体验，提示共同游戏规则的作用。
教师42,sim_openid_042_480037,总体偏低,1.9,19,Q10,10,引水难题未解,中班上学期，幼儿在“引水游戏”中遇到了难题——水无法被引到竹片管道上。他们不断调整竹片拼接的方式，却始终没能成功，即竹片一头高于出水管道，阻碍了引流。渐渐地幼儿的探索兴趣也减弱了，有的开始玩水，有的甚至离开了水池。,示范正确的引水方法，请幼儿注意观察并说说引水的要领，再自己试一试。,加入幼儿的探索，引导他们观察水流受阻的位置，一起尝试调整竹片的摆放方式。,组织幼儿就游戏困难进行讨论，寻找解决问题的方案，引导幼儿再次尝试。,投放更多辅助引水的材料，重新激起幼儿的探索兴趣，继续观察游戏进展。,C 观察诊断与介入时机,D 探究支架,DACB,1,4,4,1,0.0,0.525,2.1,2.1,3,0.75,0.0,0.75,0.75,0.833333,1.0,83.443411,0.834434,22.698,23.408,46.106,-0.132508,-1.35089,0.0,0.0,6,6,3,2,0,6,1,1,1,22.698,0.0,0,D,A/B,教师D：投放更多辅助引水的材料，重新激起幼儿的探索兴趣，继续观察游戏进展。,教师A：示范正确的引水方法，请幼儿注意观察并说说引水的要领，再自己试一试。；教师B：加入幼儿的探索，引导他们观察水流受阻的位置，一起尝试调整竹片的摆放方式。,过程复杂,首反应异常；高修正投入；多次调整；首末位摇摆；路径振荡,请教师回忆读到情境后最先注意到什么、是否很快形成判断或感到难判断；追问后续主要在比较哪些做法、为什么调整；追问最理想或最不理想做法的判断为什么发生变化；追问当时是否在几个判断标准之间反复权衡,0.416667,0.457972,主要IIV信号：选项焦点变化、同题过程信息量、过程冲突；可追问选项比较：教师A：示范正确的引水方法，请幼儿注意观察并说说引水的要领，再自己试一试。；教师B：加入幼儿的探索，引导他们观察水流受阻的位置，一起尝试调整竹片的摆放方式。
教师42,sim_openid_042_480037,总体偏低,1.9,19,Q5,5,消防员救火开心,近几天，中班的幼儿十分热衷于在区域游戏时间玩“消防员救火”的游戏。游戏结束后的交流活动中，老师问幼儿最想分享什么时，阳阳说“娃娃家着火了，好开心啊！”。,抓住教育契机，向幼儿耐心解释真实的火灾会造成物品损失和人员伤亡。,询问幼儿开心的是“着火”本身，还是消防员成功救火、娃娃家的人得救？,引导幼儿思考“娃娃家着火”值不值得开心，帮助他们认识真实火灾是危险的。,请阳阳讲讲娃娃家着火后发生了什么、为什么开心，借此理解幼儿的游戏体验。,A 游戏意义理解与儿童视角,B 价值平衡,ACDB,1,1,1,1,0.75,0.225,-0.9,0.9,0,0.0,0.0,0.0,0.0,0.0,0.0,9.933333,0.099333,,,36.763,0.0,0.0,0.0,0.0,0,0,0,0,0,1,0,0,0,36.763,0.0,0,,,,,过程简单,过程相对平稳,追问教师当时主要依据什么形成排序,0.3,0.263717,主要IIV信号：结果风险、个人内相对偏离、同题过程信息量
教师42,sim_openid_042_480037,总体偏低,1.9,19,Q4,4,频繁求助,中班区域活动时，小明选择了建构区。玩了一会儿，他跑到老师面前说“老师，我不会搭……帮帮我吧”，教师问他需要什么帮助时，他一边说我不会搭，一边却很快地将房子从一层积木加高到了两层。看小明专注搭建后，老师就离开建构区了。可是没一会，小明又找了老师好几次，说“老师，帮帮我吧，我不会搭”。,鼓励小明独立搭建，引导他思考接下来如何搭建，及时表扬他的努力。,先示范搭建关键部分，请小明观察方法，再鼓励他照着继续搭建。,在旁观察小明的搭建过程，并适时反馈，帮助他理清搭建步骤。,帮小明回顾已搭建完成的部分，指导他设定小目标，尝试自己实现。,C 观察诊断与介入时机,D 支架策略,ACDB,4,4,4,4,0.0,0.525,2.1,2.1,0,0.0,0.0,0.0,0.0,0.0,0.0,10.15,0.1015,,,24.163,0.0,0.0,0.0,0.0,0,0,0,0,0,1,0,0,0,24.163,0.0,0,,,,,过程简单,过程相对平稳,追问教师当时主要依据什么形成排序,0.0,0.083825,主要IIV信号：个人内相对偏离、同题过程信息量
教师43,sim_openid_043_506613,总体偏低,1.9,19,Q7,7,飞行棋各走各的,大班区域游戏中，轩轩和小宇一起玩飞行棋，他们将棋子摆好后，各自拿了一个骰子开始投，小宇说：“该我走。”轩轩说：“明明该我走！”相持不下，于是两人各拿一个骰子，自顾自地走自己的棋。,耐心讲解共同游戏的规则，再以“棋手”身份加入游戏进行示范引导。,暂不介入，继续观察游戏进展，待区域小结时请幼儿分享游戏中的体验和问题。,拿走一个骰子，请幼儿商量只有一个骰子的共同游戏规则，达成一致后再开始游戏。,待幼儿体验一轮各走各的游戏后，询问幼儿的游戏体验，提示共同游戏规则的作用。,E 共同游戏组织与规则共建,B 规则平衡,ACBD,0,0,2,0,1.0,0.475,-1.9,1.9,0,0.5,0.5,0.0,0.5,0.833333,1.0,91.656977,0.91657,32.402,41.761,74.163,0.403099,0.910657,0.910657,0.455329,6,6,2,2,0,4,3,3,1,32.402,0.0,0,B,B/C,教师B：暂不介入，继续观察游戏进展，待区域小结时请幼儿分享游戏中的体验和问题。,教师B：暂不介入，继续观察游戏进展，待区域小结时请幼儿分享游戏中的体验和问题。；教师C：拿走一个骰子，请幼儿商量只有一个骰子的共同游戏规则，达成一致后再开始游戏。,过程复杂,首反应异常；高修正投入；多次调整；首末位摇摆；路径振荡,请教师回忆读到情境后最先注意到什么、是否很快形成判断或感到难判断；追问后续主要在比较哪些做法、为什么调整；追问最理想或最不理想做法的判断为什么发生变化；追问当时是否在几个判断标准之间反复权衡,0.8122,0.762611,主要IIV信号：结果风险、选项焦点变化、同题过程信息量；可追问选项比较：教师B：暂不介入，继续观察游戏进展，待区域小结时请幼儿分享游戏中的体验和问题。；教师C：拿走一个骰子，请幼儿商量只有一个骰子的共同游戏规则，达成一致后再开始游戏。
教师43,sim_openid_043_506613,总体偏低,1.9,19,Q1,1,篮球架玩水,操场上新安装了一些篮球架，幼儿经常在这里投篮。某天户外活动时，几名幼儿带着画笔和水桶来到这里，他们先是快乐地粉刷篮球架，之后开始往篮框里灌水，有的从上面灌，有的在下面接，忙的不亦乐乎，俨然这里成为了玩水的场地。,看到幼儿玩得很开心，不干预他们的玩水行为，待兴趣减弱后再讨论玩水的适宜性。,表扬幼儿的新发现，并询问在篮球架旁玩水是否合适，提议幼儿可以换个地方玩水。,参与到幼儿的“粉刷”游戏中，逐步引导幼儿到适宜玩水的地方继续开展游戏。,提醒幼儿篮球架是用于开展运动的，与其他幼儿一起召唤他们打篮球，转移他们的关注点。,B 自主游戏与规则/安全/价值平衡,A 游戏意义理解,BDAC,4,1,4,1,0.75,0.225,-0.9,0.9,-3,0.75,0.75,0.0,0.75,0.833333,1.0,72.38252,0.723825,14.556,37.675,52.231,-1.23881,0.692887,0.692887,0.346443,6,6,1,3,0,4,3,3,0,14.556,0.0,0,A,C/D,教师A：看到幼儿玩得很开心，不干预他们的玩水行为，待兴趣减弱后再讨论玩水的适宜性。,教师C：参与到幼儿的“粉刷”游戏中，逐步引导幼儿到适宜玩水的地方继续开展游戏。；教师D：提醒幼儿篮球架是用于开展运动的，与其他幼儿一起召唤他们打篮球，转移他们的关注点。,过程复杂,高修正投入；多次调整；首末位摇摆；路径振荡,追问后续主要在比较哪些做法、为什么调整；追问最理想或最不理想做法的判断为什么发生变化；追问当时是否在几个判断标准之间反复权衡,0.751311,0.667086,主要IIV信号：选项焦点变化、过程冲突、结果风险；可追问选项比较：教师C：参与到幼儿的“粉刷”游戏中，逐步引导幼儿到适宜玩水的地方继续开展游戏。；教师D：提醒幼儿篮球架是用于开展运动的，与其他幼儿一起召唤他们打篮球，转移他们的关注点。
教师43,sim_openid_043_506613,总体偏低,1.9,19,Q8,8,跳绳秩序混乱,周三下午，大五班的幼儿正自发进行跳绳游戏。李老师观察后发现，挤在一起跳绳的幼儿人数较多，整个场面十分混乱，幼儿很容易出现碰撞现象。此外，由于当“柱子”的幼儿很久才能轮上跳绳，因此也显得很不耐烦。,请幼儿暂停游戏，将幼儿分成多个小组并引导他们以小组为单位分区域开展游戏。,请幼儿说一说跳绳活动中存在的问题，并邀请幼儿一起设置跳绳的规则。,提供更多数量和不同种类的跳绳，并言语引导幼儿分组分区同时进行跳绳游戏。,暂不介入，活动分享时通过照片或视频回放引导幼儿发现问题并商议解决办法。,E 共同游戏组织与规则共建,B 安全秩序,CDAB,2,1,3,0,0.75,0.225,-0.9,0.9,-1,0.75,0.5,0.25,0.5,0.833333,1.0,90.795455,0.907955,42.081,35.494,77.575,0.939399,0.566764,0.939399,0.469699,6,6,3,2,2,6,1,1,1,42.081,0.0,0,A,A/D,教师A：请幼儿暂停游戏，将幼儿分成多个小组并引导他们以小组为单位分区域开展游戏。,教师A：请幼儿暂停游戏，将幼儿分成多个小组并引导他们以小组为单位分区域开展游戏。；教师D：暂不介入，活动分享时通过照片或视频回放引导幼儿发现问题并商议解决办法。,过程复杂,首反应异常；高修正投入；多次调整；首末位摇摆；优劣方向冲突；路径振荡,请教师回忆读到情境后最先注意到什么、是否很快形成判断或感到难判断；追问后续主要在比较哪些做法、为什么调整；追问最理想或最不理想做法的判断为什么发生变化；追问是否曾把某做法从合适改判为不合适，或相反；追问当时是否在几个判断标准之间反复权衡,0.713637,0.651118,主要IIV信号：选项焦点变化、同题过程信息量、过程冲突；可追问选项比较：教师A：请幼儿暂停游戏，将幼儿分成多个小组并引导他们以小组为单位分区域开展游戏。；教师D：暂不介入，活动分享时通过照片或视频回放引导幼儿发现问题并商议解决办法。
教师43,sim_openid_043_506613,总体偏低,1.9,19,Q9,9,艾莎公主不运动,小班的一次户外运动，有几个女孩子从一开始就没有选择任何体育活动项目，而是聚在一起坐在地上玩“艾莎公主”的游戏，比一比谁的鞋子最漂亮，谁的魔法最厉害。,询问幼儿没有参与运动的原因，提供丰富的活动材料吸引幼儿参与运动活动。,提醒幼儿现在是运动时间，请他们等自由游戏时间再一起玩“艾莎公主”的游戏。,利用艾莎公主的鞋子设计走、跑、跳等活动，并以参与者的身份邀请幼儿一起参与运动。,肯定幼儿自主游戏的行为，言语引导幼儿穿着“漂亮的鞋子”参与运动。,D 支架策略与游戏推进,A 儿童视角/B 目标平衡,ADBC,0,1,3,0,0.75,0.225,-0.9,0.9,1,0.75,0.5,0.25,0.5,0.75,1.0,62.783333,0.627833,21.67,24.647,46.317,-0.422334,-0.204583,0.0,0.0,4,4,2,2,1,5,0,0,0,21.67,0.0,0,D,B/C,教师D：肯定幼儿自主游戏的行为，言语引导幼儿穿着“漂亮的鞋子”参与运动。,教师B：提醒幼儿现在是运动时间，请他们等自由游戏时间再一起玩“艾莎公主”的游戏。；教师C：利用艾莎公主的鞋子设计走、跑、跳等活动，并以参与者的身份邀请幼儿一起参与运动。,过程中等,多次调整；首末位摇摆；优劣方向冲突,追问最理想或最不理想做法的判断为什么发生变化；追问是否曾把某做法从合适改判为不合适，或相反,0.65,0.577642,主要IIV信号：选项焦点变化、结果风险、过程冲突；可追问选项比较：教师B：提醒幼儿现在是运动时间，请他们等自由游戏时间再一起玩“艾莎公主”的游戏。；教师C：利用艾莎公主的鞋子设计走、跑、跳等活动，并以参与者的身份邀请幼儿一起参与运动。
教师43,sim_openid_043_506613,总体偏低,1.9,19,Q5,5,消防员救火开心,近几天，中班的幼儿十分热衷于在区域游戏时间玩“消防员救火”的游戏。游戏结束后的交流活动中，老师问幼儿最想分享什么时，阳阳说“娃娃家着火了，好开心啊！”。,抓住教育契机，向幼儿耐心解释真实的火灾会造成物品损失和人员伤亡。,询问幼儿开心的是“着火”本身，还是消防员成功救火、娃娃家的人得救？,引导幼儿思考“娃娃家着火”值不值得开心，帮助他们认识真实火灾是危险的。,请阳阳讲讲娃娃家着火后发生了什么、为什么开心，借此理解幼儿的游戏体验。,A 游戏意义理解与儿童视角,B 价值平衡,BACD,2,3,3,0,0.25,0.275,1.1,1.1,1,0.75,0.0,0.75,0.75,0.875,1.0,95.281783,0.952818,43.854,52.057,95.911,1.024077,1.376747,1.376747,0.688373,8,8,3,4,1,7,2,2,1,43.854,0.0,0,A,B/C,教师A：抓住教育契机，向幼儿耐心解释真实的火灾会造成物品损失和人员伤亡。,教师B：询问幼儿开心的是“着火”本身，还是消防员成功救火、娃娃家的人得救？；教师C：引导幼儿思考“娃娃家着火”值不值得开心，帮助他们认识真实火灾是危险的。,过程复杂,首反应异常；高修正投入；多次调整；首末位摇摆；优劣方向冲突；路径振荡,请教师回忆读到情境后最先注意到什么、是否很快形成判断或感到难判断；追问后续主要在比较哪些做法、为什么调整；追问最理想或最不理想做法的判断为什么发生变化；追问是否曾把某做法从合适改判为不合适，或相反；追问当时是否在几个判断标准之间反复权衡,0.593837,0.576478,主要IIV信号：选项焦点变化、同题过程信息量、过程冲突；可追问选项比较：教师B：询问幼儿开心的是“着火”本身，还是消防员成功救火、娃娃家的人得救？；教师C：引导幼儿思考“娃娃家着火”值不值得开心，帮助他们认识真实火灾是危险的。
教师43,sim_openid_043_506613,总体偏低,1.9,19,Q3,3,材料选择无层次,大班上学期，张老师在建构区投放了按图搭建的游戏材料，并提供了不同星级难度的任务卡供幼儿选择，但有的幼儿一上来就选择高难度的三星级任务卡，结果不能顺利完成任务；而有的幼儿始终选择低难度的一星级任务卡。这天，浩浩又连续选择了几张一星级任务卡，很快就完成了任务。,调整任务卡提供方式，在游戏开始前根据幼儿的能力水平有针对性地发放任务卡。,暂不介入，尊重幼儿的自主选择和游戏体验，只要完成任务就是一种经验积累。,调整任务卡呈现方式，如增加“我想挑战”等提示，鼓励幼儿选择不同星级的挑战。,和浩浩回顾已完成的任务，比较不同星级的难度，邀请他选择稍有挑战的任务。,D 支架策略与游戏推进,C 观察诊断,CBDA,0,4,4,0,0.0,0.525,2.1,2.1,4,1.0,0.0,1.0,1.0,1.0,0.75,60.9,0.609,43.531,9.641,53.172,1.008908,-2.18976,1.008908,0.504454,2,2,2,1,1,3,0,0,0,43.531,0.0,0,A,B/C,教师A：调整任务卡提供方式，在游戏开始前根据幼儿的能力水平有针对性地发放任务卡。,教师B：暂不介入，尊重幼儿的自主选择和游戏体验，只要完成任务就是一种经验积累。；教师C：调整任务卡呈现方式，如增加“我想挑战”等提示，鼓励幼儿选择不同星级的挑战。,过程中等,首反应异常；首末位摇摆；优劣方向冲突,请教师回忆读到情境后最先注意到什么、是否很快形成判断或感到难判断；追问最理想或最不理想做法的判断为什么发生变化；追问是否曾把某做法从合适改判为不合适，或相反,0.525445,0.534645,主要IIV信号：过程冲突、修正信号、选项焦点变化；可追问选项比较：教师B：暂不介入，尊重幼儿的自主选择和游戏体验，只要完成任务就是一种经验积累。；教师C：调整任务卡呈现方式，如增加“我想挑战”等提示，鼓励幼儿选择不同星级的挑战。
教师43,sim_openid_043_506613,总体偏低,1.9,19,Q10,10,引水难题未解,中班上学期，幼儿在“引水游戏”中遇到了难题——水无法被引到竹片管道上。他们不断调整竹片拼接的方式，却始终没能成功，即竹片一头高于出水管道，阻碍了引流。渐渐地幼儿的探索兴趣也减弱了，有的开始玩水，有的甚至离开了水池。,示范正确的引水方法，请幼儿注意观察并说说引水的要领，再自己试一试。,加入幼儿的探索，引导他们观察水流受阻的位置，一起尝试调整竹片的摆放方式。,组织幼儿就游戏困难进行讨论，寻找解决问题的方案，引导幼儿再次尝试。,投放更多辅助引水的材料，重新激起幼儿的探索兴趣，继续观察游戏进展。,C 观察诊断与介入时机,D 探究支架,CBAD,1,1,1,0,0.75,0.225,-0.9,0.9,0,0.25,0.0,0.25,0.25,0.666667,0.5,54.419767,0.544198,36.471,22.128,58.599,0.645825,-0.432602,0.645825,0.322913,3,3,2,0,0,4,0,0,0,36.471,0.0,0,A,A/B,教师A：示范正确的引水方法，请幼儿注意观察并说说引水的要领，再自己试一试。,教师A：示范正确的引水方法，请幼儿注意观察并说说引水的要领，再自己试一试。；教师B：加入幼儿的探索，引导他们观察水流受阻的位置，一起尝试调整竹片的摆放方式。,过程简单,首反应异常；多次调整；首末位摇摆,请教师回忆读到情境后最先注意到什么、是否很快形成判断或感到难判断；追问最理想或最不理想做法的判断为什么发生变化,0.565625,0.505751,主要IIV信号：结果风险、过程冲突、同题过程信息量；可追问选项比较：教师A：示范正确的引水方法，请幼儿注意观察并说说引水的要领，再自己试一试。；教师B：加入幼儿的探索，引导他们观察水流受阻的位置，一起尝试调整竹片的摆放方式。
教师43,sim_openid_043_506613,总体偏低,1.9,19,Q2,2,未参与小组建构,大班建构活动中，睿睿和其他幼儿计划一起搭积木大桥，他们讨论了搭建方法，并进入区域开始搭建。就在其他幼儿在认真搭建时，睿睿发现了一块长条木板，他一会儿在地上推着走，一会儿当枪使，没有再参与小组的搭建。,继续观察，后续分享中支持睿睿思考如何把长条木板融入小组的建构中。,肯定睿睿的创造性玩法，询问他长条板能否当桥面，引导他参与到搭桥任务中。,引导睿睿回顾计划，建议他先完成共同任务，长条木板可以等自由游戏时再玩。,看到睿睿玩得开心，暂不介入，等下一次活动时再提醒他根据计划开展游戏。,D 支架策略与游戏推进,E 共同游戏组织,ACBD,0,1,2,0,0.75,0.225,-0.9,0.9,1,0.5,0.25,0.25,0.25,0.8,0.5,46.977778,0.469778,15.064,28.723,43.787,-1.168423,0.119098,0.119098,0.059549,5,5,2,0,0,4,2,2,0,15.064,0.0,0,B,B/C,教师B：肯定睿睿的创造性玩法，询问他长条板能否当桥面，引导他参与到搭桥任务中。,教师B：肯定睿睿的创造性玩法，询问他长条板能否当桥面，引导他参与到搭桥任务中。；教师C：引导睿睿回顾计划，建议他先完成共同任务，长条木板可以等自由游戏时再玩。,过程简单,高修正投入；多次调整；首末位摇摆；路径振荡,追问后续主要在比较哪些做法、为什么调整；追问最理想或最不理想做法的判断为什么发生变化；追问当时是否在几个判断标准之间反复权衡,0.565955,0.495694,主要IIV信号：过程冲突、结果风险、选项焦点变化；可追问选项比较：教师B：肯定睿睿的创造性玩法，询问他长条板能否当桥面，引导他参与到搭桥任务中。；教师C：引导睿睿回顾计划，建议他先完成共同任务，长条木板可以等自由游戏时再玩。
教师43,sim_openid_043_506613,总体偏低,1.9,19,Q4,4,频繁求助,中班区域活动时，小明选择了建构区。玩了一会儿，他跑到老师面前说“老师，我不会搭……帮帮我吧”，教师问他需要什么帮助时，他一边说我不会搭，一边却很快地将房子从一层积木加高到了两层。看小明专注搭建后，老师就离开建构区了。可是没一会，小明又找了老师好几次，说“老师，帮帮我吧，我不会搭”。,鼓励小明独立搭建，引导他思考接下来如何搭建，及时表扬他的努力。,先示范搭建关键部分，请小明观察方法，再鼓励他照着继续搭建。,在旁观察小明的搭建过程，并适时反馈，帮助他理清搭建步骤。,帮小明回顾已搭建完成的部分，指导他设定小目标，尝试自己实现。,C 观察诊断与介入时机,D 支架策略,ACDB,2,4,4,2,0.0,0.525,2.1,2.1,2,0.5,0.0,0.5,0.5,0.75,1.0,64.183333,0.641833,31.138,24.524,55.662,0.321454,-0.215165,0.321454,0.160727,4,4,0,4,0,4,1,1,1,31.138,0.0,0,B,B/D,教师B：先示范搭建关键部分，请小明观察方法，再鼓励他照着继续搭建。,教师B：先示范搭建关键部分，请小明观察方法，再鼓励他照着继续搭建。；教师D：帮小明回顾已搭建完成的部分，指导他设定小目标，尝试自己实现。,过程中等,首反应异常；高修正投入；多次调整；首末位摇摆；路径振荡,请教师回忆读到情境后最先注意到什么、是否很快形成判断或感到难判断；追问后续主要在比较哪些做法、为什么调整；追问最理想或最不理想做法的判断为什么发生变化；追问当时是否在几个判断标准之间反复权衡,0.366073,0.414414,主要IIV信号：选项焦点变化、过程冲突、同题过程信息量；可追问选项比较：教师B：先示范搭建关键部分，请小明观察方法，再鼓励他照着继续搭建。；教师D：帮小明回顾已搭建完成的部分，指导他设定小目标，尝试自己实现。
教师43,sim_openid_043_506613,总体偏低,1.9,19,Q6,6,区域停留短,小班幼儿瑶瑶在区域活动时，一会儿在娃娃家切切菜，一会儿到美工区搓搓橡皮泥，一会儿又开心地跑到其它区域游戏，在任何一个区域停留时间都不超过三分钟。,提议瑶瑶完成某项游戏任务，如在娃娃家做菜，请他活动小结时分享。,游戏前提醒区域活动规则，活动结束后表扬区域游戏规则遵守得好的小朋友。,仔细观察瑶瑶在不同区域的游戏情况，分析他发生迅速转移的原因。,以同伴的身份陪伴瑶瑶在某一区域游戏，待他专注游戏后再离开。,C 观察诊断与介入时机,A 儿童视角,CABD,2,3,3,2,0.25,0.275,1.1,1.1,1,0.25,0.0,0.25,0.25,0.666667,0.25,40.598062,0.405981,12.734,20.213,32.947,-1.513196,-0.624044,0.0,0.0,3,3,1,0,0,3,1,1,1,12.734,0.0,0,C,A/B,教师C：仔细观察瑶瑶在不同区域的游戏情况，分析他发生迅速转移的原因。,教师A：提议瑶瑶完成某项游戏任务，如在娃娃家做菜，请他活动小结时分享。；教师B：游戏前提醒区域活动规则，活动结束后表扬区域游戏规则遵守得好的小朋友。,过程简单,多次调整,,0.308333,0.299049,主要IIV信号：过程冲突、同题过程信息量、个人内相对偏离；可追问选项比较：教师A：提议瑶瑶完成某项游戏任务，如在娃娃家做菜，请他活动小结时分享。；教师B：游戏前提醒区域活动规则，活动结束后表扬区域游戏规则遵守得好的小朋友。
教师44,sim_openid_044_185936,总体中等,2.5,25,Q1,1,篮球架玩水,操场上新安装了一些篮球架，幼儿经常在这里投篮。某天户外活动时，几名幼儿带着画笔和水桶来到这里，他们先是快乐地粉刷篮球架，之后开始往篮框里灌水，有的从上面灌，有的在下面接，忙的不亦乐乎，俨然这里成为了玩水的场地。,看到幼儿玩得很开心，不干预他们的玩水行为，待兴趣减弱后再讨论玩水的适宜性。,表扬幼儿的新发现，并询问在篮球架旁玩水是否合适，提议幼儿可以换个地方玩水。,参与到幼儿的“粉刷”游戏中，逐步引导幼儿到适宜玩水的地方继续开展游戏。,提醒幼儿篮球架是用于开展运动的，与其他幼儿一起召唤他们打篮球，转移他们的关注点。,B 自主游戏与规则/安全/价值平衡,A 游戏意义理解,ACDB,4,2,4,1,0.5,0.125,-0.5,0.5,-2,0.75,0.5,0.25,0.5,0.75,1.0,69.208537,0.692085,24.921,20.468,45.389,0.648748,1.276684,1.276684,0.638342,4,4,3,2,2,5,0,0,0,24.921,0.0,0,B,A/C,教师B：表扬幼儿的新发现，并询问在篮球架旁玩水是否合适，提议幼儿可以换个地方玩水。,教师A：看到幼儿玩得很开心，不干预他们的玩水行为，待兴趣减弱后再讨论玩水的适宜性。；教师C：参与到幼儿的“粉刷”游戏中，逐步引导幼儿到适宜玩水的地方继续开展游戏。,过程复杂,首反应异常；多次调整；首末位摇摆；优劣方向冲突,请教师回忆读到情境后最先注意到什么、是否很快形成判断或感到难判断；追问最理想或最不理想做法的判断为什么发生变化；追问是否曾把某做法从合适改判为不合适，或相反,0.613834,0.554688,主要IIV信号：选项焦点变化、过程冲突、同题过程信息量；可追问选项比较：教师A：看到幼儿玩得很开心，不干预他们的玩水行为，待兴趣减弱后再讨论玩水的适宜性。；教师C：参与到幼儿的“粉刷”游戏中，逐步引导幼儿到适宜玩水的地方继续开展游戏。
教师44,sim_openid_044_185936,总体中等,2.5,25,Q2,2,未参与小组建构,大班建构活动中，睿睿和其他幼儿计划一起搭积木大桥，他们讨论了搭建方法，并进入区域开始搭建。就在其他幼儿在认真搭建时，睿睿发现了一块长条木板，他一会儿在地上推着走，一会儿当枪使，没有再参与小组的搭建。,继续观察，后续分享中支持睿睿思考如何把长条木板融入小组的建构中。,肯定睿睿的创造性玩法，询问他长条板能否当桥面，引导他参与到搭桥任务中。,引导睿睿回顾计划，建议他先完成共同任务，长条木板可以等自由游戏时再玩。,看到睿睿玩得开心，暂不介入，等下一次活动时再提醒他根据计划开展游戏。,D 支架策略与游戏推进,E 共同游戏组织,DCAB,0,2,3,0,0.5,0.125,-0.5,0.5,2,0.75,0.25,0.5,0.5,0.75,1.0,59.272222,0.592722,24.21,18.947,43.157,0.580227,1.112206,1.112206,0.556103,4,4,1,3,1,5,0,0,0,24.21,0.0,0,D,A/B,教师D：看到睿睿玩得开心，暂不介入，等下一次活动时再提醒他根据计划开展游戏。,教师A：继续观察，后续分享中支持睿睿思考如何把长条木板融入小组的建构中。；教师B：肯定睿睿的创造性玩法，询问他长条板能否当桥面，引导他参与到搭桥任务中。,过程复杂,多次调整；首末位摇摆；优劣方向冲突,追问最理想或最不理想做法的判断为什么发生变化；追问是否曾把某做法从合适改判为不合适，或相反,0.60561,0.541496,主要IIV信号：选项焦点变化、过程冲突、同题过程信息量；可追问选项比较：教师A：继续观察，后续分享中支持睿睿思考如何把长条木板融入小组的建构中。；教师B：肯定睿睿的创造性玩法，询问他长条板能否当桥面，引导他参与到搭桥任务中。
教师44,sim_openid_044_185936,总体中等,2.5,25,Q3,3,材料选择无层次,大班上学期，张老师在建构区投放了按图搭建的游戏材料，并提供了不同星级难度的任务卡供幼儿选择，但有的幼儿一上来就选择高难度的三星级任务卡，结果不能顺利完成任务；而有的幼儿始终选择低难度的一星级任务卡。这天，浩浩又连续选择了几张一星级任务卡，很快就完成了任务。,调整任务卡提供方式，在游戏开始前根据幼儿的能力水平有针对性地发放任务卡。,暂不介入，尊重幼儿的自主选择和游戏体验，只要完成任务就是一种经验积累。,调整任务卡呈现方式，如增加“我想挑战”等提示，鼓励幼儿选择不同星级的挑战。,和浩浩回顾已完成的任务，比较不同星级的难度，邀请他选择稍有挑战的任务。,D 支架策略与游戏推进,C 观察诊断,DCBA,0,4,4,0,0.0,0.375,1.5,1.5,4,1.0,0.0,1.0,1.0,1.0,0.75,60.133333,0.601333,24.877,16.86,41.737,0.644564,0.863622,0.863622,0.431811,3,3,1,2,1,4,0,0,0,24.877,0.0,0,A,B/C,教师A：调整任务卡提供方式，在游戏开始前根据幼儿的能力水平有针对性地发放任务卡。,教师B：暂不介入，尊重幼儿的自主选择和游戏体验，只要完成任务就是一种经验积累。；教师C：调整任务卡呈现方式，如增加“我想挑战”等提示，鼓励幼儿选择不同星级的挑战。,过程复杂,多次调整；首末位摇摆；优劣方向冲突,追问最理想或最不理想做法的判断为什么发生变化；追问是否曾把某做法从合适改判为不合适，或相反,0.518181,0.504498,主要IIV信号：过程冲突、修正信号、选项焦点变化；可追问选项比较：教师B：暂不介入，尊重幼儿的自主选择和游戏体验，只要完成任务就是一种经验积累。；教师C：调整任务卡呈现方式，如增加“我想挑战”等提示，鼓励幼儿选择不同星级的挑战。
教师44,sim_openid_044_185936,总体中等,2.5,25,Q10,10,引水难题未解,中班上学期，幼儿在“引水游戏”中遇到了难题——水无法被引到竹片管道上。他们不断调整竹片拼接的方式，却始终没能成功，即竹片一头高于出水管道，阻碍了引流。渐渐地幼儿的探索兴趣也减弱了，有的开始玩水，有的甚至离开了水池。,示范正确的引水方法，请幼儿注意观察并说说引水的要领，再自己试一试。,加入幼儿的探索，引导他们观察水流受阻的位置，一起尝试调整竹片的摆放方式。,组织幼儿就游戏困难进行讨论，寻找解决问题的方案，引导幼儿再次尝试。,投放更多辅助引水的材料，重新激起幼儿的探索兴趣，继续观察游戏进展。,C 观察诊断与介入时机,D 探究支架,BADC,1,1,2,1,0.75,0.375,-1.5,1.5,0,0.25,0.25,0.0,0.25,0.5,0.5,37.319767,0.373198,20.72,6.662,27.382,0.211724,-1.11421,0.211724,0.105862,2,2,1,1,0,3,0,0,0,20.72,0.0,0,A,C/D,教师A：示范正确的引水方法，请幼儿注意观察并说说引水的要领，再自己试一试。,教师C：组织幼儿就游戏困难进行讨论，寻找解决问题的方案，引导幼儿再次尝试。；教师D：投放更多辅助引水的材料，重新激起幼儿的探索兴趣，继续观察游戏进展。,过程中等,首末位摇摆,追问最理想或最不理想做法的判断为什么发生变化,0.510586,0.472996,主要IIV信号：结果风险、过程冲突、选项焦点变化；可追问选项比较：教师C：组织幼儿就游戏困难进行讨论，寻找解决问题的方案，引导幼儿再次尝试。；教师D：投放更多辅助引水的材料，重新激起幼儿的探索兴趣，继续观察游戏进展。
教师44,sim_openid_044_185936,总体中等,2.5,25,Q9,9,艾莎公主不运动,小班的一次户外运动，有几个女孩子从一开始就没有选择任何体育活动项目，而是聚在一起坐在地上玩“艾莎公主”的游戏，比一比谁的鞋子最漂亮，谁的魔法最厉害。,询问幼儿没有参与运动的原因，提供丰富的活动材料吸引幼儿参与运动活动。,提醒幼儿现在是运动时间，请他们等自由游戏时间再一起玩“艾莎公主”的游戏。,利用艾莎公主的鞋子设计走、跑、跳等活动，并以参与者的身份邀请幼儿一起参与运动。,肯定幼儿自主游戏的行为，言语引导幼儿穿着“漂亮的鞋子”参与运动。,D 支架策略与游戏推进,A 儿童视角/B 目标平衡,ADCB,0,3,3,0,0.25,0.125,0.5,0.5,3,0.75,0.0,0.75,0.75,0.75,0.5,39.189394,0.391894,26.76,9.172,35.932,0.81729,-0.433147,0.81729,0.408645,2,2,0,2,0,3,0,0,0,26.76,0.0,0,B,B/C,教师B：提醒幼儿现在是运动时间，请他们等自由游戏时间再一起玩“艾莎公主”的游戏。,教师B：提醒幼儿现在是运动时间，请他们等自由游戏时间再一起玩“艾莎公主”的游戏。；教师C：利用艾莎公主的鞋子设计走、跑、跳等活动，并以参与者的身份邀请幼儿一起参与运动。,过程中等,首反应异常；首末位摇摆,请教师回忆读到情境后最先注意到什么、是否很快形成判断或感到难判断；追问最理想或最不理想做法的判断为什么发生变化,0.490865,0.429209,主要IIV信号：过程冲突、修正信号、选项焦点变化；可追问选项比较：教师B：提醒幼儿现在是运动时间，请他们等自由游戏时间再一起玩“艾莎公主”的游戏。；教师C：利用艾莎公主的鞋子设计走、跑、跳等活动，并以参与者的身份邀请幼儿一起参与运动。
教师44,sim_openid_044_185936,总体中等,2.5,25,Q7,7,飞行棋各走各的,大班区域游戏中，轩轩和小宇一起玩飞行棋，他们将棋子摆好后，各自拿了一个骰子开始投，小宇说：“该我走。”轩轩说：“明明该我走！”相持不下，于是两人各拿一个骰子，自顾自地走自己的棋。,耐心讲解共同游戏的规则，再以“棋手”身份加入游戏进行示范引导。,暂不介入，继续观察游戏进展，待区域小结时请幼儿分享游戏中的体验和问题。,拿走一个骰子，请幼儿商量只有一个骰子的共同游戏规则，达成一致后再开始游戏。,待幼儿体验一轮各走各的游戏后，询问幼儿的游戏体验，提示共同游戏规则的作用。,E 共同游戏组织与规则共建,B 规则平衡,CDAB,0,2,2,0,0.5,0.125,-0.5,0.5,2,0.5,0.0,0.5,0.5,0.5,0.5,33.508527,0.335085,14.056,12.843,26.899,-0.706891,0.283931,0.283931,0.141965,2,2,1,1,0,3,0,0,0,14.056,0.0,0,A,C/D,教师A：耐心讲解共同游戏的规则，再以“棋手”身份加入游戏进行示范引导。,教师C：拿走一个骰子，请幼儿商量只有一个骰子的共同游戏规则，达成一致后再开始游戏。；教师D：待幼儿体验一轮各走各的游戏后，询问幼儿的游戏体验，提示共同游戏规则的作用。,过程简单,首末位摇摆,追问最理想或最不理想做法的判断为什么发生变化,0.464197,0.399701,主要IIV信号：结果风险、过程冲突、修正信号；可追问选项比较：教师C：拿走一个骰子，请幼儿商量只有一个骰子的共同游戏规则，达成一致后再开始游戏。；教师D：待幼儿体验一轮各走各的游戏后，询问幼儿的游戏体验，提示共同游戏规则的作用。
教师44,sim_openid_044_185936,总体中等,2.5,25,Q8,8,跳绳秩序混乱,周三下午，大五班的幼儿正自发进行跳绳游戏。李老师观察后发现，挤在一起跳绳的幼儿人数较多，整个场面十分混乱，幼儿很容易出现碰撞现象。此外，由于当“柱子”的幼儿很久才能轮上跳绳，因此也显得很不耐烦。,请幼儿暂停游戏，将幼儿分成多个小组并引导他们以小组为单位分区域开展游戏。,请幼儿说一说跳绳活动中存在的问题，并邀请幼儿一起设置跳绳的规则。,提供更多数量和不同种类的跳绳，并言语引导幼儿分组分区同时进行跳绳游戏。,暂不介入，活动分享时通过照片或视频回放引导幼儿发现问题并商议解决办法。,E 共同游戏组织与规则共建,B 安全秩序,DBCA,2,2,2,2,0.5,0.125,-0.5,0.5,0,0.0,0.0,0.0,0.0,0.5,0.75,49.556061,0.495561,20.262,13.772,34.034,0.158811,0.432693,0.432693,0.216346,2,2,1,2,1,3,0,0,0,20.262,0.0,0,A,A/B,教师A：请幼儿暂停游戏，将幼儿分成多个小组并引导他们以小组为单位分区域开展游戏。,教师A：请幼儿暂停游戏，将幼儿分成多个小组并引导他们以小组为单位分区域开展游戏。；教师B：请幼儿说一说跳绳活动中存在的问题，并邀请幼儿一起设置跳绳的规则。,过程中等,首末位摇摆；优劣方向冲突,追问最理想或最不理想做法的判断为什么发生变化；追问是否曾把某做法从合适改判为不合适，或相反,0.396635,0.365163,主要IIV信号：选项焦点变化、结果风险、过程冲突；可追问选项比较：教师A：请幼儿暂停游戏，将幼儿分成多个小组并引导他们以小组为单位分区域开展游戏。；教师B：请幼儿说一说跳绳活动中存在的问题，并邀请幼儿一起设置跳绳的规则。
教师44,sim_openid_044_185936,总体中等,2.5,25,Q5,5,消防员救火开心,近几天，中班的幼儿十分热衷于在区域游戏时间玩“消防员救火”的游戏。游戏结束后的交流活动中，老师问幼儿最想分享什么时，阳阳说“娃娃家着火了，好开心啊！”。,抓住教育契机，向幼儿耐心解释真实的火灾会造成物品损失和人员伤亡。,询问幼儿开心的是“着火”本身，还是消防员成功救火、娃娃家的人得救？,引导幼儿思考“娃娃家着火”值不值得开心，帮助他们认识真实火灾是危险的。,请阳阳讲讲娃娃家着火后发生了什么、为什么开心，借此理解幼儿的游戏体验。,A 游戏意义理解与儿童视角,B 价值平衡,BCAD,2,2,3,2,0.5,0.125,-0.5,0.5,0,0.25,0.25,0.0,0.25,0.5,0.25,28.11938,0.281194,23.071,11.271,34.342,0.46615,0.005815,0.46615,0.233075,2,2,1,0,0,3,0,0,0,23.071,0.0,0,A,A/B,教师A：抓住教育契机，向幼儿耐心解释真实的火灾会造成物品损失和人员伤亡。,教师A：抓住教育契机，向幼儿耐心解释真实的火灾会造成物品损失和人员伤亡。；教师B：询问幼儿开心的是“着火”本身，还是消防员成功救火、娃娃家的人得救？,过程简单,过程相对平稳,追问教师当时主要依据什么形成排序,0.398308,0.343617,主要IIV信号：结果风险、过程冲突、同题过程信息量；可追问选项比较：教师A：抓住教育契机，向幼儿耐心解释真实的火灾会造成物品损失和人员伤亡。；教师B：询问幼儿开心的是“着火”本身，还是消防员成功救火、娃娃家的人得救？
教师44,sim_openid_044_185936,总体中等,2.5,25,Q6,6,区域停留短,小班幼儿瑶瑶在区域活动时，一会儿在娃娃家切切菜，一会儿到美工区搓搓橡皮泥，一会儿又开心地跑到其它区域游戏，在任何一个区域停留时间都不超过三分钟。,提议瑶瑶完成某项游戏任务，如在娃娃家做菜，请他活动小结时分享。,游戏前提醒区域活动规则，活动结束后表扬区域游戏规则遵守得好的小朋友。,仔细观察瑶瑶在不同区域的游戏情况，分析他发生迅速转移的原因。,以同伴的身份陪伴瑶瑶在某一区域游戏，待他专注游戏后再离开。,C 观察诊断与介入时机,A 儿童视角,DBAC,2,3,3,2,0.25,0.125,0.5,0.5,1,0.25,0.0,0.25,0.25,0.5,0.5,39.712403,0.397124,16.578,8.465,25.043,-0.316229,-0.604012,0.0,0.0,2,2,1,1,1,3,0,0,0,16.578,0.0,0,D,A/B,教师D：以同伴的身份陪伴瑶瑶在某一区域游戏，待他专注游戏后再离开。,教师A：提议瑶瑶完成某项游戏任务，如在娃娃家做菜，请他活动小结时分享。；教师B：游戏前提醒区域活动规则，活动结束后表扬区域游戏规则遵守得好的小朋友。,过程中等,首末位摇摆；优劣方向冲突,追问最理想或最不理想做法的判断为什么发生变化；追问是否曾把某做法从合适改判为不合适，或相反,0.3,0.276106,主要IIV信号：过程冲突、选项焦点变化、同题过程信息量；可追问选项比较：教师A：提议瑶瑶完成某项游戏任务，如在娃娃家做菜，请他活动小结时分享。；教师B：游戏前提醒区域活动规则，活动结束后表扬区域游戏规则遵守得好的小朋友。
教师44,sim_openid_044_185936,总体中等,2.5,25,Q4,4,频繁求助,中班区域活动时，小明选择了建构区。玩了一会儿，他跑到老师面前说“老师，我不会搭……帮帮我吧”，教师问他需要什么帮助时，他一边说我不会搭，一边却很快地将房子从一层积木加高到了两层。看小明专注搭建后，老师就离开建构区了。可是没一会，小明又找了老师好几次，说“老师，帮帮我吧，我不会搭”。,鼓励小明独立搭建，引导他思考接下来如何搭建，及时表扬他的努力。,先示范搭建关键部分，请小明观察方法，再鼓励他照着继续搭建。,在旁观察小明的搭建过程，并适时反馈，帮助他理清搭建步骤。,帮小明回顾已搭建完成的部分，指导他设定小目标，尝试自己实现。,C 观察诊断与介入时机,D 支架策略,ACDB,2,4,4,2,0.0,0.375,1.5,1.5,2,0.5,0.0,0.5,0.5,0.5,0.25,35.933333,0.359333,6.578,4.775,11.353,-2.504395,-1.823581,0.0,0.0,1,1,0,1,0,2,0,0,0,6.578,0.0,0,B,B/C,教师B：先示范搭建关键部分，请小明观察方法，再鼓励他照着继续搭建。,教师B：先示范搭建关键部分，请小明观察方法，再鼓励他照着继续搭建。；教师C：在旁观察小明的搭建过程，并适时反馈，帮助他理清搭建步骤。,过程简单,首反应异常,请教师回忆读到情境后最先注意到什么、是否很快形成判断或感到难判断,0.225,0.249217,主要IIV信号：过程冲突、修正信号、个人内相对偏离；可追问选项比较：教师B：先示范搭建关键部分，请小明观察方法，再鼓励他照着继续搭建。；教师C：在旁观察小明的搭建过程，并适时反馈，帮助他理清搭建步骤。
教师45,sim_openid_045_327696,总体中等,2.0,20,Q6,6,区域停留短,小班幼儿瑶瑶在区域活动时，一会儿在娃娃家切切菜，一会儿到美工区搓搓橡皮泥，一会儿又开心地跑到其它区域游戏，在任何一个区域停留时间都不超过三分钟。,提议瑶瑶完成某项游戏任务，如在娃娃家做菜，请他活动小结时分享。,游戏前提醒区域活动规则，活动结束后表扬区域游戏规则遵守得好的小朋友。,仔细观察瑶瑶在不同区域的游戏情况，分析他发生迅速转移的原因。,以同伴的身份陪伴瑶瑶在某一区域游戏，待他专注游戏后再离开。,C 观察诊断与介入时机,A 儿童视角,CBDA,2,1,3,1,0.75,0.25,-1.0,1.0,-1,0.5,0.5,0.0,0.5,0.75,1.0,56.265504,0.562655,13.759,9.777,23.536,1.242608,0.555935,1.242608,0.621304,4,4,3,1,0,4,1,1,1,13.759,0.0,0,A,B/C,教师A：提议瑶瑶完成某项游戏任务，如在娃娃家做菜，请他活动小结时分享。,教师B：游戏前提醒区域活动规则，活动结束后表扬区域游戏规则遵守得好的小朋友。；教师C：仔细观察瑶瑶在不同区域的游戏情况，分析他发生迅速转移的原因。,过程复杂,多次调整；首末位摇摆；路径振荡,追问最理想或最不理想做法的判断为什么发生变化；追问当时是否在几个判断标准之间反复权衡,0.71213,0.640263,主要IIV信号：选项焦点变化、结果风险、过程冲突；可追问选项比较：教师B：游戏前提醒区域活动规则，活动结束后表扬区域游戏规则遵守得好的小朋友。；教师C：仔细观察瑶瑶在不同区域的游戏情况，分析他发生迅速转移的原因。
教师45,sim_openid_045_327696,总体中等,2.0,20,Q3,3,材料选择无层次,大班上学期，张老师在建构区投放了按图搭建的游戏材料，并提供了不同星级难度的任务卡供幼儿选择，但有的幼儿一上来就选择高难度的三星级任务卡，结果不能顺利完成任务；而有的幼儿始终选择低难度的一星级任务卡。这天，浩浩又连续选择了几张一星级任务卡，很快就完成了任务。,调整任务卡提供方式，在游戏开始前根据幼儿的能力水平有针对性地发放任务卡。,暂不介入，尊重幼儿的自主选择和游戏体验，只要完成任务就是一种经验积累。,调整任务卡呈现方式，如增加“我想挑战”等提示，鼓励幼儿选择不同星级的挑战。,和浩浩回顾已完成的任务，比较不同星级的难度，邀请他选择稍有挑战的任务。,D 支架策略与游戏推进,C 观察诊断,DCAB,0,3,3,0,0.25,0.25,1.0,1.0,3,0.75,0.0,0.75,0.75,0.75,1.0,51.511111,0.515111,13.258,14.112,27.37,1.135783,1.80906,1.80906,0.90453,4,4,1,3,0,5,0,0,0,13.258,0.0,0,D,B/C,教师D：和浩浩回顾已完成的任务，比较不同星级的难度，邀请他选择稍有挑战的任务。,教师B：暂不介入，尊重幼儿的自主选择和游戏体验，只要完成任务就是一种经验积累。；教师C：调整任务卡呈现方式，如增加“我想挑战”等提示，鼓励幼儿选择不同星级的挑战。,过程复杂,多次调整；首末位摇摆,追问最理想或最不理想做法的判断为什么发生变化,0.590453,0.553709,主要IIV信号：选项焦点变化、相对时间信号、过程冲突；可追问选项比较：教师B：暂不介入，尊重幼儿的自主选择和游戏体验，只要完成任务就是一种经验积累。；教师C：调整任务卡呈现方式，如增加“我想挑战”等提示，鼓励幼儿选择不同星级的挑战。
教师45,sim_openid_045_327696,总体中等,2.0,20,Q5,5,消防员救火开心,近几天，中班的幼儿十分热衷于在区域游戏时间玩“消防员救火”的游戏。游戏结束后的交流活动中，老师问幼儿最想分享什么时，阳阳说“娃娃家着火了，好开心啊！”。,抓住教育契机，向幼儿耐心解释真实的火灾会造成物品损失和人员伤亡。,询问幼儿开心的是“着火”本身，还是消防员成功救火、娃娃家的人得救？,引导幼儿思考“娃娃家着火”值不值得开心，帮助他们认识真实火灾是危险的。,请阳阳讲讲娃娃家着火后发生了什么、为什么开心，借此理解幼儿的游戏体验。,A 游戏意义理解与儿童视角,B 价值平衡,CABD,2,1,2,1,0.75,0.25,-1.0,1.0,-1,0.25,0.25,0.0,0.25,0.5,0.25,38.444961,0.38445,5.469,9.244,14.713,-1.414459,0.364521,0.364521,0.18226,2,2,1,0,0,3,0,0,0,5.522,0.0,0,C,B/C,教师C：引导幼儿思考“娃娃家着火”值不值得开心，帮助他们认识真实火灾是危险的。,教师B：询问幼儿开心的是“着火”本身，还是消防员成功救火、娃娃家的人得救？；教师C：引导幼儿思考“娃娃家着火”值不值得开心，帮助他们认识真实火灾是危险的。,过程简单,首反应异常,请教师回忆读到情境后最先注意到什么、是否很快形成判断或感到难判断,0.493226,0.437449,主要IIV信号：结果风险、过程冲突、同题过程信息量；可追问选项比较：教师B：询问幼儿开心的是“着火”本身，还是消防员成功救火、娃娃家的人得救？；教师C：引导幼儿思考“娃娃家着火”值不值得开心，帮助他们认识真实火灾是危险的。
教师45,sim_openid_045_327696,总体中等,2.0,20,Q2,2,未参与小组建构,大班建构活动中，睿睿和其他幼儿计划一起搭积木大桥，他们讨论了搭建方法，并进入区域开始搭建。就在其他幼儿在认真搭建时，睿睿发现了一块长条木板，他一会儿在地上推着走，一会儿当枪使，没有再参与小组的搭建。,继续观察，后续分享中支持睿睿思考如何把长条木板融入小组的建构中。,肯定睿睿的创造性玩法，询问他长条板能否当桥面，引导他参与到搭桥任务中。,引导睿睿回顾计划，建议他先完成共同任务，长条木板可以等自由游戏时再玩。,看到睿睿玩得开心，暂不介入，等下一次活动时再提醒他根据计划开展游戏。,D 支架策略与游戏推进,E 共同游戏组织,ACDB,0,1,1,0,0.75,0.25,-1.0,1.0,1,0.25,0.0,0.25,0.25,0.25,0.25,20.672222,0.206722,13.165,5.815,18.98,1.11551,-1.218252,1.11551,0.557755,1,1,0,1,0,2,0,0,0,13.165,0.0,0,B,B/C,教师B：肯定睿睿的创造性玩法，询问他长条板能否当桥面，引导他参与到搭桥任务中。,教师B：肯定睿睿的创造性玩法，询问他长条板能否当桥面，引导他参与到搭桥任务中。；教师C：引导睿睿回顾计划，建议他先完成共同任务，长条木板可以等自由游戏时再玩。,过程简单,过程相对平稳,追问教师当时主要依据什么形成排序,0.480775,0.428612,主要IIV信号：结果风险、相对时间信号、个人内相对偏离；可追问选项比较：教师B：肯定睿睿的创造性玩法，询问他长条板能否当桥面，引导他参与到搭桥任务中。；教师C：引导睿睿回顾计划，建议他先完成共同任务，长条木板可以等自由游戏时再玩。
教师45,sim_openid_045_327696,总体中等,2.0,20,Q7,7,飞行棋各走各的,大班区域游戏中，轩轩和小宇一起玩飞行棋，他们将棋子摆好后，各自拿了一个骰子开始投，小宇说：“该我走。”轩轩说：“明明该我走！”相持不下，于是两人各拿一个骰子，自顾自地走自己的棋。,耐心讲解共同游戏的规则，再以“棋手”身份加入游戏进行示范引导。,暂不介入，继续观察游戏进展，待区域小结时请幼儿分享游戏中的体验和问题。,拿走一个骰子，请幼儿商量只有一个骰子的共同游戏规则，达成一致后再开始游戏。,待幼儿体验一轮各走各的游戏后，询问幼儿的游戏体验，提示共同游戏规则的作用。,E 共同游戏组织与规则共建,B 规则平衡,BDAC,0,2,2,0,0.5,0.0,0.0,0.0,2,0.5,0.0,0.5,0.5,0.5,0.5,45.415504,0.454155,8.714,10.472,19.186,-0.072861,0.790422,0.790422,0.395211,2,2,1,1,0,3,0,0,0,8.714,0.0,0,A,A/B,教师A：耐心讲解共同游戏的规则，再以“棋手”身份加入游戏进行示范引导。,教师A：耐心讲解共同游戏的规则，再以“棋手”身份加入游戏进行示范引导。；教师B：暂不介入，继续观察游戏进展，待区域小结时请幼儿分享游戏中的体验和问题。,过程中等,首反应异常；首末位摇摆,请教师回忆读到情境后最先注意到什么、是否很快形成判断或感到难判断；追问最理想或最不理想做法的判断为什么发生变化,0.489521,0.412229,主要IIV信号：结果风险、过程冲突、修正信号；可追问选项比较：教师A：耐心讲解共同游戏的规则，再以“棋手”身份加入游戏进行示范引导。；教师B：暂不介入，继续观察游戏进展，待区域小结时请幼儿分享游戏中的体验和问题。
教师45,sim_openid_045_327696,总体中等,2.0,20,Q10,10,引水难题未解,中班上学期，幼儿在“引水游戏”中遇到了难题——水无法被引到竹片管道上。他们不断调整竹片拼接的方式，却始终没能成功，即竹片一头高于出水管道，阻碍了引流。渐渐地幼儿的探索兴趣也减弱了，有的开始玩水，有的甚至离开了水池。,示范正确的引水方法，请幼儿注意观察并说说引水的要领，再自己试一试。,加入幼儿的探索，引导他们观察水流受阻的位置，一起尝试调整竹片的摆放方式。,组织幼儿就游戏困难进行讨论，寻找解决问题的方案，引导幼儿再次尝试。,投放更多辅助引水的材料，重新激起幼儿的探索兴趣，继续观察游戏进展。,C 观察诊断与介入时机,D 探究支架,DACB,1,4,4,1,0.0,0.5,2.0,2.0,3,0.75,0.0,0.75,0.75,0.75,0.75,58.389535,0.583895,7.109,8.239,15.348,-0.659138,-0.028483,0.0,0.0,2,2,1,2,1,3,0,0,0,7.109,0.0,0,D,B/C,教师D：投放更多辅助引水的材料，重新激起幼儿的探索兴趣，继续观察游戏进展。,教师B：加入幼儿的探索，引导他们观察水流受阻的位置，一起尝试调整竹片的摆放方式。；教师C：组织幼儿就游戏困难进行讨论，寻找解决问题的方案，引导幼儿再次尝试。,过程复杂,首反应异常；首末位摇摆；优劣方向冲突,请教师回忆读到情境后最先注意到什么、是否很快形成判断或感到难判断；追问最理想或最不理想做法的判断为什么发生变化；追问是否曾把某做法从合适改判为不合适，或相反,0.375,0.404195,主要IIV信号：过程冲突、修正信号、选项焦点变化；可追问选项比较：教师B：加入幼儿的探索，引导他们观察水流受阻的位置，一起尝试调整竹片的摆放方式。；教师C：组织幼儿就游戏困难进行讨论，寻找解决问题的方案，引导幼儿再次尝试。
教师45,sim_openid_045_327696,总体中等,2.0,20,Q9,9,艾莎公主不运动,小班的一次户外运动，有几个女孩子从一开始就没有选择任何体育活动项目，而是聚在一起坐在地上玩“艾莎公主”的游戏，比一比谁的鞋子最漂亮，谁的魔法最厉害。,询问幼儿没有参与运动的原因，提供丰富的活动材料吸引幼儿参与运动活动。,提醒幼儿现在是运动时间，请他们等自由游戏时间再一起玩“艾莎公主”的游戏。,利用艾莎公主的鞋子设计走、跑、跳等活动，并以参与者的身份邀请幼儿一起参与运动。,肯定幼儿自主游戏的行为，言语引导幼儿穿着“漂亮的鞋子”参与运动。,D 支架策略与游戏推进,A 儿童视角/B 目标平衡,BADC,0,2,2,0,0.5,0.0,0.0,0.0,2,0.5,0.0,0.5,0.5,0.5,0.5,40.05303,0.40053,11.246,7.051,18.297,0.66177,-0.560165,0.66177,0.330885,2,2,1,1,0,3,0,0,0,11.246,0.0,0,A,A/B,教师A：询问幼儿没有参与运动的原因，提供丰富的活动材料吸引幼儿参与运动活动。,教师A：询问幼儿没有参与运动的原因，提供丰富的活动材料吸引幼儿参与运动活动。；教师B：提醒幼儿现在是运动时间，请他们等自由游戏时间再一起玩“艾莎公主”的游戏。,过程中等,首末位摇摆,追问最理想或最不理想做法的判断为什么发生变化,0.483089,0.403115,主要IIV信号：结果风险、过程冲突、修正信号；可追问选项比较：教师A：询问幼儿没有参与运动的原因，提供丰富的活动材料吸引幼儿参与运动活动。；教师B：提醒幼儿现在是运动时间，请他们等自由游戏时间再一起玩“艾莎公主”的游戏。
教师45,sim_openid_045_327696,总体中等,2.0,20,Q1,1,篮球架玩水,操场上新安装了一些篮球架，幼儿经常在这里投篮。某天户外活动时，几名幼儿带着画笔和水桶来到这里，他们先是快乐地粉刷篮球架，之后开始往篮框里灌水，有的从上面灌，有的在下面接，忙的不亦乐乎，俨然这里成为了玩水的场地。,看到幼儿玩得很开心，不干预他们的玩水行为，待兴趣减弱后再讨论玩水的适宜性。,表扬幼儿的新发现，并询问在篮球架旁玩水是否合适，提议幼儿可以换个地方玩水。,参与到幼儿的“粉刷”游戏中，逐步引导幼儿到适宜玩水的地方继续开展游戏。,提醒幼儿篮球架是用于开展运动的，与其他幼儿一起召唤他们打篮球，转移他们的关注点。,B 自主游戏与规则/安全/价值平衡,A 游戏意义理解,CADB,4,2,4,2,0.5,0.0,0.0,0.0,-2,0.5,0.5,0.0,0.5,0.5,0.5,46.768699,0.467687,6.393,8.819,15.212,-0.964871,0.203809,0.203809,0.101905,2,2,1,1,0,3,0,0,0,6.595,0.0,0,B,B/C,教师B：表扬幼儿的新发现，并询问在篮球架旁玩水是否合适，提议幼儿可以换个地方玩水。,教师B：表扬幼儿的新发现，并询问在篮球架旁玩水是否合适，提议幼儿可以换个地方玩水。；教师C：参与到幼儿的“粉刷”游戏中，逐步引导幼儿到适宜玩水的地方继续开展游戏。,过程中等,首反应异常；首末位摇摆,请教师回忆读到情境后最先注意到什么、是否很快形成判断或感到难判断；追问最理想或最不理想做法的判断为什么发生变化,0.46019,0.383575,主要IIV信号：结果风险、过程冲突、修正信号；可追问选项比较：教师B：表扬幼儿的新发现，并询问在篮球架旁玩水是否合适，提议幼儿可以换个地方玩水。；教师C：参与到幼儿的“粉刷”游戏中，逐步引导幼儿到适宜玩水的地方继续开展游戏。
教师45,sim_openid_045_327696,总体中等,2.0,20,Q8,8,跳绳秩序混乱,周三下午，大五班的幼儿正自发进行跳绳游戏。李老师观察后发现，挤在一起跳绳的幼儿人数较多，整个场面十分混乱，幼儿很容易出现碰撞现象。此外，由于当“柱子”的幼儿很久才能轮上跳绳，因此也显得很不耐烦。,请幼儿暂停游戏，将幼儿分成多个小组并引导他们以小组为单位分区域开展游戏。,请幼儿说一说跳绳活动中存在的问题，并邀请幼儿一起设置跳绳的规则。,提供更多数量和不同种类的跳绳，并言语引导幼儿分组分区同时进行跳绳游戏。,暂不介入，活动分享时通过照片或视频回放引导幼儿发现问题并商议解决办法。,E 共同游戏组织与规则共建,B 安全秩序,ADBC,2,2,2,1,0.5,0.0,0.0,0.0,0,0.25,0.0,0.25,0.25,0.666667,0.25,43.85,0.4385,6.197,7.705,13.902,-1.054549,-0.257292,0.0,0.0,3,3,0,1,0,4,0,0,0,6.197,0.0,0,D,B/C,教师D：暂不介入，活动分享时通过照片或视频回放引导幼儿发现问题并商议解决办法。,教师B：请幼儿说一说跳绳活动中存在的问题，并邀请幼儿一起设置跳绳的规则。；教师C：提供更多数量和不同种类的跳绳，并言语引导幼儿分组分区同时进行跳绳游戏。,过程中等,首反应异常；多次调整,请教师回忆读到情境后最先注意到什么、是否很快形成判断或感到难判断,0.408333,0.334425,主要IIV信号：过程冲突、结果风险、同题过程信息量；可追问选项比较：教师B：请幼儿说一说跳绳活动中存在的问题，并邀请幼儿一起设置跳绳的规则。；教师C：提供更多数量和不同种类的跳绳，并言语引导幼儿分组分区同时进行跳绳游戏。
教师45,sim_openid_045_327696,总体中等,2.0,20,Q4,4,频繁求助,中班区域活动时，小明选择了建构区。玩了一会儿，他跑到老师面前说“老师，我不会搭……帮帮我吧”，教师问他需要什么帮助时，他一边说我不会搭，一边却很快地将房子从一层积木加高到了两层。看小明专注搭建后，老师就离开建构区了。可是没一会，小明又找了老师好几次，说“老师，帮帮我吧，我不会搭”。,鼓励小明独立搭建，引导他思考接下来如何搭建，及时表扬他的努力。,先示范搭建关键部分，请小明观察方法，再鼓励他照着继续搭建。,在旁观察小明的搭建过程，并适时反馈，帮助他理清搭建步骤。,帮小明回顾已搭建完成的部分，指导他设定小目标，尝试自己实现。,C 观察诊断与介入时机,D 支架策略,BACD,2,2,2,2,0.5,0.0,0.0,0.0,0,0.0,0.0,0.0,0.0,0.0,0.25,30.233333,0.302333,8.969,5.11,14.079,0.010207,-1.659556,0.010207,0.005104,1,1,1,0,0,2,0,0,0,8.969,0.0,0,A,A/B,教师A：鼓励小明独立搭建，引导他思考接下来如何搭建，及时表扬他的努力。,教师A：鼓励小明独立搭建，引导他思考接下来如何搭建，及时表扬他的努力。；教师B：先示范搭建关键部分，请小明观察方法，再鼓励他照着继续搭建。,过程简单,首反应异常,请教师回忆读到情境后最先注意到什么、是否很快形成判断或感到难判断,0.22551,0.190627,主要IIV信号：结果风险、同题过程信息量、选项焦点变化；可追问选项比较：教师A：鼓励小明独立搭建，引导他思考接下来如何搭建，及时表扬他的努力。；教师B：先示范搭建关键部分，请小明观察方法，再鼓励他照着继续搭建。
