_id,resultId,examId,examCode,userOpenid,action,questionIndex,timestamp,description,questionType,previousValue,currentValue,answer,from,to
00000000000000000000000000000001,00000000000000000000000000000001,00000000000000000000000000000001,QT-SIM-001-4661,sim_openid_001_867882,start_exam,-1,1782893550555,开始答题,,,,,,
00000000000000000000000000000002,00000000000000000000000000000001,00000000000000000000000000000001,QT-SIM-001-4661,sim_openid_001_867882,enter_exam,-1,1782893550653,进入试卷页面,,,,,,
00000000000000000000000000000003,00000000000000000000000000000001,00000000000000000000000000000001,QT-SIM-001-4661,sim_openid_001_867882,enter_question,1,1782893551673,进入第1题,sorting,,,,,
00000000000000000000000000000004,00000000000000000000000000000001,00000000000000000000000000000001,QT-SIM-001-4661,sim_openid_001_867882,leave_question,1,1782893580577,离开第1题,,,,,,
00000000000000000000000000000005,00000000000000000000000000000001,00000000000000000000000000000001,QT-SIM-001-4661,sim_openid_001_867882,enter_question,4,1782893582719,进入第2题,sorting,,,,,
00000000000000000000000000000006,00000000000000000000000000000001,00000000000000000000000000000001,QT-SIM-001-4661,sim_openid_001_867882,change_sorting_option,4,1782893594374,"拖动B(2→4)，A,B,C,D → A,C,D,B",sorting,"""A,B,C,D""","""A,C,D,B""","""B""",2,4
00000000000000000000000000000007,00000000000000000000000000000001,00000000000000000000000000000001,QT-SIM-001-4661,sim_openid_001_867882,change_sorting_option,4,1782893597818,"拖动C(2→1)，A,C,D,B → C,A,D,B",sorting,"""A,C,D,B""","""C,A,D,B""","""C""",2,1
00000000000000000000000000000008,00000000000000000000000000000001,00000000000000000000000000000001,QT-SIM-001-4661,sim_openid_001_867882,change_sorting_option,4,1782893598976,"拖动D(3→2)，C,A,D,B → C,D,A,B",sorting,"""C,A,D,B""","""C,D,A,B""","""D""",3,2
00000000000000000000000000000009,00000000000000000000000000000001,00000000000000000000000000000001,QT-SIM-001-4661,sim_openid_001_867882,leave_question,4,1782893608526,离开第2题,,,,,,
0000000000000000000000000000000a,00000000000000000000000000000001,00000000000000000000000000000001,QT-SIM-001-4661,sim_openid_001_867882,enter_question,6,1782893611013,进入第3题,sorting,,,,,
0000000000000000000000000000000b,00000000000000000000000000000001,00000000000000000000000000000001,QT-SIM-001-4661,sim_openid_001_867882,change_sorting_option,6,1782893637231,"拖动D(4→1)，A,B,C,D → D,A,B,C",sorting,"""A,B,C,D""","""D,A,B,C""","""D""",4,1
0000000000000000000000000000000c,00000000000000000000000000000001,00000000000000000000000000000001,QT-SIM-001-4661,sim_openid_001_867882,change_sorting_option,6,1782893641990,"拖动C(4→3)，D,A,B,C → D,A,C,B",sorting,"""D,A,B,C""","""D,A,C,B""","""C""",4,3
0000000000000000000000000000000d,00000000000000000000000000000001,00000000000000000000000000000001,QT-SIM-001-4661,sim_openid_001_867882,change_sorting_option,6,1782893645374,"拖动A(2→4)，D,A,C,B → D,C,B,A",sorting,"""D,A,C,B""","""D,C,B,A""","""A""",2,4
0000000000000000000000000000000e,00000000000000000000000000000001,00000000000000000000000000000001,QT-SIM-001-4661,sim_openid_001_867882,change_sorting_option,6,1782893648413,"拖动B(3→2)，D,C,B,A → D,B,C,A",sorting,"""D,C,B,A""","""D,B,C,A""","""B""",3,2
0000000000000000000000000000000f,00000000000000000000000000000001,00000000000000000000000000000001,QT-SIM-001-4661,sim_openid_001_867882,leave_question,6,1782893655565,离开第3题,,,,,,
00000000000000000000000000000010,00000000000000000000000000000001,00000000000000000000000000000001,QT-SIM-001-4661,sim_openid_001_867882,enter_question,2,1782893658211,进入第4题,sorting,,,,,
00000000000000000000000000000011,00000000000000000000000000000001,00000000000000000000000000000001,QT-SIM-001-4661,sim_openid_001_867882,change_sorting_option,2,1782893668434,"拖动C(3→2)，A,B,C,D → A,C,B,D",sorting,"""A,B,C,D""","""A,C,B,D""","""C""",3,2
00000000000000000000000000000012,00000000000000000000000000000001,00000000000000000000000000000001,QT-SIM-001-4661,sim_openid_001_867882,change_sorting_option,2,1782893672335,"拖动C(2→1)，A,C,B,D → C,A,B,D",sorting,"""A,C,B,D""","""C,A,B,D""","""C""",2,1
00000000000000000000000000000013,00000000000000000000000000000001,00000000000000000000000000000001,QT-SIM-001-4661,sim_openid_001_867882,change_sorting_option,2,1782893674435,"拖动A(2→1)，C,A,B,D → A,C,B,D",sorting,"""C,A,B,D""","""A,C,B,D""","""A""",2,1
00000000000000000000000000000014,00000000000000000000000000000001,00000000000000000000000000000001,QT-SIM-001-4661,sim_openid_001_867882,change_sorting_option,2,1782893680784,"拖动B(3→4)，A,C,B,D → A,C,D,B",sorting,"""A,C,B,D""","""A,C,D,B""","""B""",3,4
00000000000000000000000000000015,00000000000000000000000000000001,00000000000000000000000000000001,QT-SIM-001-4661,sim_openid_001_867882,leave_question,2,1782893690216,离开第4题,,,,,,
00000000000000000000000000000016,00000000000000000000000000000001,00000000000000000000000000000001,QT-SIM-001-4661,sim_openid_001_867882,enter_question,5,1782893692126,进入第5题,sorting,,,,,
00000000000000000000000000000017,00000000000000000000000000000001,00000000000000000000000000000001,QT-SIM-001-4661,sim_openid_001_867882,change_sorting_option,5,1782893702538,"拖动D(4→1)，A,B,C,D → D,A,B,C",sorting,"""A,B,C,D""","""D,A,B,C""","""D""",4,1
00000000000000000000000000000018,00000000000000000000000000000001,00000000000000000000000000000001,QT-SIM-001-4661,sim_openid_001_867882,change_sorting_option,5,1782893704009,"拖动C(4→2)，D,A,B,C → D,C,A,B",sorting,"""D,A,B,C""","""D,C,A,B""","""C""",4,2
00000000000000000000000000000019,00000000000000000000000000000001,00000000000000000000000000000001,QT-SIM-001-4661,sim_openid_001_867882,change_sorting_option,5,1782893707211,"拖动A(3→4)，D,C,A,B → D,C,B,A",sorting,"""D,C,A,B""","""D,C,B,A""","""A""",3,4
0000000000000000000000000000001a,00000000000000000000000000000001,00000000000000000000000000000001,QT-SIM-001-4661,sim_openid_001_867882,leave_question,5,1782893713967,离开第5题,,,,,,
0000000000000000000000000000001b,00000000000000000000000000000001,00000000000000000000000000000001,QT-SIM-001-4661,sim_openid_001_867882,enter_question,3,1782893717032,进入第6题,sorting,,,,,
0000000000000000000000000000001c,00000000000000000000000000000001,00000000000000000000000000000001,QT-SIM-001-4661,sim_openid_001_867882,change_sorting_option,3,1782893742436,"拖动C(3→4)，A,B,C,D → A,B,D,C",sorting,"""A,B,C,D""","""A,B,D,C""","""C""",3,4
0000000000000000000000000000001d,00000000000000000000000000000001,00000000000000000000000000000001,QT-SIM-001-4661,sim_openid_001_867882,change_sorting_option,3,1782893748286,"拖动B(2→3)，A,B,D,C → A,D,B,C",sorting,"""A,B,D,C""","""A,D,B,C""","""B""",2,3
0000000000000000000000000000001e,00000000000000000000000000000001,00000000000000000000000000000001,QT-SIM-001-4661,sim_openid_001_867882,leave_question,3,1782893758510,离开第6题,,,,,,
0000000000000000000000000000001f,00000000000000000000000000000001,00000000000000000000000000000001,QT-SIM-001-4661,sim_openid_001_867882,enter_question,9,1782893761883,进入第7题,sorting,,,,,
00000000000000000000000000000020,00000000000000000000000000000001,00000000000000000000000000000001,QT-SIM-001-4661,sim_openid_001_867882,change_sorting_option,9,1782893768813,"拖动C(3→2)，A,B,C,D → A,C,B,D",sorting,"""A,B,C,D""","""A,C,B,D""","""C""",3,2
00000000000000000000000000000021,00000000000000000000000000000001,00000000000000000000000000000001,QT-SIM-001-4661,sim_openid_001_867882,change_sorting_option,9,1782893774664,"拖动C(2→3)，A,C,B,D → A,B,C,D",sorting,"""A,C,B,D""","""A,B,C,D""","""C""",2,3
00000000000000000000000000000022,00000000000000000000000000000001,00000000000000000000000000000001,QT-SIM-001-4661,sim_openid_001_867882,change_sorting_option,9,1782893778566,"拖动A(1→2)，A,B,C,D → B,A,C,D",sorting,"""A,B,C,D""","""B,A,C,D""","""A""",1,2
00000000000000000000000000000023,00000000000000000000000000000001,00000000000000000000000000000001,QT-SIM-001-4661,sim_openid_001_867882,change_sorting_option,9,1782893782625,"拖动A(2→1)，B,A,C,D → A,B,C,D",sorting,"""B,A,C,D""","""A,B,C,D""","""A""",2,1
00000000000000000000000000000024,00000000000000000000000000000001,00000000000000000000000000000001,QT-SIM-001-4661,sim_openid_001_867882,leave_question,9,1782893787968,离开第7题,,,,,,
00000000000000000000000000000025,00000000000000000000000000000001,00000000000000000000000000000001,QT-SIM-001-4661,sim_openid_001_867882,enter_question,10,1782893791179,进入第8题,sorting,,,,,
00000000000000000000000000000026,00000000000000000000000000000001,00000000000000000000000000000001,QT-SIM-001-4661,sim_openid_001_867882,change_sorting_option,10,1782893807567,"拖动B(2→3)，A,B,C,D → A,C,B,D",sorting,"""A,B,C,D""","""A,C,B,D""","""B""",2,3
00000000000000000000000000000027,00000000000000000000000000000001,00000000000000000000000000000001,QT-SIM-001-4661,sim_openid_001_867882,change_sorting_option,10,1782893813395,"拖动D(4→2)，A,C,B,D → A,D,C,B",sorting,"""A,C,B,D""","""A,D,C,B""","""D""",4,2
00000000000000000000000000000028,00000000000000000000000000000001,00000000000000000000000000000001,QT-SIM-001-4661,sim_openid_001_867882,change_sorting_option,10,1782893817803,"拖动A(1→3)，A,D,C,B → D,C,A,B",sorting,"""A,D,C,B""","""D,C,A,B""","""A""",1,3
00000000000000000000000000000029,00000000000000000000000000000001,00000000000000000000000000000001,QT-SIM-001-4661,sim_openid_001_867882,change_sorting_option,10,1782893820218,"拖动B(4→1)，D,C,A,B → B,D,C,A",sorting,"""D,C,A,B""","""B,D,C,A""","""B""",4,1
0000000000000000000000000000002a,00000000000000000000000000000001,00000000000000000000000000000001,QT-SIM-001-4661,sim_openid_001_867882,change_sorting_option,10,1782893824467,"拖动A(4→3)，B,D,C,A → B,D,A,C",sorting,"""B,D,C,A""","""B,D,A,C""","""A""",4,3
0000000000000000000000000000002b,00000000000000000000000000000001,00000000000000000000000000000001,QT-SIM-001-4661,sim_openid_001_867882,leave_question,10,1782893831865,离开第8题,,,,,,
0000000000000000000000000000002c,00000000000000000000000000000001,00000000000000000000000000000001,QT-SIM-001-4661,sim_openid_001_867882,enter_question,7,1782893834699,进入第9题,sorting,,,,,
0000000000000000000000000000002d,00000000000000000000000000000001,00000000000000000000000000000001,QT-SIM-001-4661,sim_openid_001_867882,change_sorting_option,7,1782893841091,"拖动B(2→4)，A,B,C,D → A,C,D,B",sorting,"""A,B,C,D""","""A,C,D,B""","""B""",2,4
0000000000000000000000000000002e,00000000000000000000000000000001,00000000000000000000000000000001,QT-SIM-001-4661,sim_openid_001_867882,change_sorting_option,7,1782893842448,"拖动D(3→2)，A,C,D,B → A,D,C,B",sorting,"""A,C,D,B""","""A,D,C,B""","""D""",3,2
0000000000000000000000000000002f,00000000000000000000000000000001,00000000000000000000000000000001,QT-SIM-001-4661,sim_openid_001_867882,leave_question,7,1782893849030,离开第9题,,,,,,
00000000000000000000000000000030,00000000000000000000000000000001,00000000000000000000000000000001,QT-SIM-001-4661,sim_openid_001_867882,enter_question,8,1782893851191,进入第10题,sorting,,,,,
00000000000000000000000000000031,00000000000000000000000000000001,00000000000000000000000000000001,QT-SIM-001-4661,sim_openid_001_867882,change_sorting_option,8,1782893865248,"拖动C(3→4)，A,B,C,D → A,B,D,C",sorting,"""A,B,C,D""","""A,B,D,C""","""C""",3,4
00000000000000000000000000000032,00000000000000000000000000000001,00000000000000000000000000000001,QT-SIM-001-4661,sim_openid_001_867882,change_sorting_option,8,1782893870009,"拖动D(3→1)，A,B,D,C → D,A,B,C",sorting,"""A,B,D,C""","""D,A,B,C""","""D""",3,1
00000000000000000000000000000033,00000000000000000000000000000001,00000000000000000000000000000001,QT-SIM-001-4661,sim_openid_001_867882,leave_question,8,1782893874139,离开第10题,,,,,,
00000000000000000000000000000034,00000000000000000000000000000001,00000000000000000000000000000001,QT-SIM-001-4661,sim_openid_001_867882,submit_exam,-1,1782893874269,提交试卷,,,,,,
00000000000000000000000000000035,00000000000000000000000000000002,00000000000000000000000000000002,QT-SIM-002-4486,sim_openid_002_963914,start_exam,-1,1782894450087,开始答题,,,,,,
00000000000000000000000000000036,00000000000000000000000000000002,00000000000000000000000000000002,QT-SIM-002-4486,sim_openid_002_963914,enter_exam,-1,1782894450139,进入试卷页面,,,,,,
00000000000000000000000000000037,00000000000000000000000000000002,00000000000000000000000000000002,QT-SIM-002-4486,sim_openid_002_963914,enter_question,1,1782894453583,进入第1题,sorting,,,,,
00000000000000000000000000000038,00000000000000000000000000000002,00000000000000000000000000000002,QT-SIM-002-4486,sim_openid_002_963914,change_sorting_option,1,1782894478580,"拖动C(3→2)，A,B,C,D → A,C,B,D",sorting,"""A,B,C,D""","""A,C,B,D""","""C""",3,2
00000000000000000000000000000039,00000000000000000000000000000002,00000000000000000000000000000002,QT-SIM-002-4486,sim_openid_002_963914,change_sorting_option,1,1782894481897,"拖动A(1→4)，A,C,B,D → C,B,D,A",sorting,"""A,C,B,D""","""C,B,D,A""","""A""",1,4
0000000000000000000000000000003a,00000000000000000000000000000002,00000000000000000000000000000002,QT-SIM-002-4486,sim_openid_002_963914,change_sorting_option,1,1782894487925,"拖动B(2→3)，C,B,D,A → C,D,B,A",sorting,"""C,B,D,A""","""C,D,B,A""","""B""",2,3
0000000000000000000000000000003b,00000000000000000000000000000002,00000000000000000000000000000002,QT-SIM-002-4486,sim_openid_002_963914,change_sorting_option,1,1782894493342,"拖动C(1→3)，C,D,B,A → D,B,C,A",sorting,"""C,D,B,A""","""D,B,C,A""","""C""",1,3
0000000000000000000000000000003c,00000000000000000000000000000002,00000000000000000000000000000002,QT-SIM-002-4486,sim_openid_002_963914,change_sorting_option,1,1782894498952,"拖动D(1→4)，D,B,C,A → B,C,A,D",sorting,"""D,B,C,A""","""B,C,A,D""","""D""",1,4
0000000000000000000000000000003d,00000000000000000000000000000002,00000000000000000000000000000002,QT-SIM-002-4486,sim_openid_002_963914,change_sorting_option,1,1782894501861,"拖动A(3→1)，B,C,A,D → A,B,C,D",sorting,"""B,C,A,D""","""A,B,C,D""","""A""",3,1
0000000000000000000000000000003e,00000000000000000000000000000002,00000000000000000000000000000002,QT-SIM-002-4486,sim_openid_002_963914,change_sorting_option,1,1782894504609,"拖动B(2→3)，A,B,C,D → A,C,B,D",sorting,"""A,B,C,D""","""A,C,B,D""","""B""",2,3
0000000000000000000000000000003f,00000000000000000000000000000002,00000000000000000000000000000002,QT-SIM-002-4486,sim_openid_002_963914,leave_question,1,1782894509053,离开第1题,,,,,,
00000000000000000000000000000040,00000000000000000000000000000002,00000000000000000000000000000002,QT-SIM-002-4486,sim_openid_002_963914,enter_question,4,1782894511411,进入第2题,sorting,,,,,
00000000000000000000000000000041,00000000000000000000000000000002,00000000000000000000000000000002,QT-SIM-002-4486,sim_openid_002_963914,change_sorting_option,4,1782894523583,"拖动C(3→2)，A,B,C,D → A,C,B,D",sorting,"""A,B,C,D""","""A,C,B,D""","""C""",3,2
00000000000000000000000000000042,00000000000000000000000000000002,00000000000000000000000000000002,QT-SIM-002-4486,sim_openid_002_963914,change_sorting_option,4,1782894529727,"拖动B(3→1)，A,C,B,D → B,A,C,D",sorting,"""A,C,B,D""","""B,A,C,D""","""B""",3,1
00000000000000000000000000000043,00000000000000000000000000000002,00000000000000000000000000000002,QT-SIM-002-4486,sim_openid_002_963914,change_sorting_option,4,1782894531999,"拖动A(2→1)，B,A,C,D → A,B,C,D",sorting,"""B,A,C,D""","""A,B,C,D""","""A""",2,1
00000000000000000000000000000044,00000000000000000000000000000002,00000000000000000000000000000002,QT-SIM-002-4486,sim_openid_002_963914,change_sorting_option,4,1782894537898,"拖动C(3→2)，A,B,C,D → A,C,B,D",sorting,"""A,B,C,D""","""A,C,B,D""","""C""",3,2
00000000000000000000000000000045,00000000000000000000000000000002,00000000000000000000000000000002,QT-SIM-002-4486,sim_openid_002_963914,change_sorting_option,4,1782894539610,"拖动D(4→3)，A,C,B,D → A,C,D,B",sorting,"""A,C,B,D""","""A,C,D,B""","""D""",4,3
00000000000000000000000000000046,00000000000000000000000000000002,00000000000000000000000000000002,QT-SIM-002-4486,sim_openid_002_963914,leave_question,4,1782894545730,离开第2题,,,,,,
00000000000000000000000000000047,00000000000000000000000000000002,00000000000000000000000000000002,QT-SIM-002-4486,sim_openid_002_963914,enter_question,6,1782894549158,进入第3题,sorting,,,,,
00000000000000000000000000000048,00000000000000000000000000000002,00000000000000000000000000000002,QT-SIM-002-4486,sim_openid_002_963914,change_sorting_option,6,1782894572933,"拖动D(4→1)，A,B,C,D → D,A,B,C",sorting,"""A,B,C,D""","""D,A,B,C""","""D""",4,1
00000000000000000000000000000049,00000000000000000000000000000002,00000000000000000000000000000002,QT-SIM-002-4486,sim_openid_002_963914,change_sorting_option,6,1782894579150,"拖动C(4→3)，D,A,B,C → D,A,C,B",sorting,"""D,A,B,C""","""D,A,C,B""","""C""",4,3
0000000000000000000000000000004a,00000000000000000000000000000002,00000000000000000000000000000002,QT-SIM-002-4486,sim_openid_002_963914,change_sorting_option,6,1782894581874,"拖动A(2→4)，D,A,C,B → D,C,B,A",sorting,"""D,A,C,B""","""D,C,B,A""","""A""",2,4
0000000000000000000000000000004b,00000000000000000000000000000002,00000000000000000000000000000002,QT-SIM-002-4486,sim_openid_002_963914,change_sorting_option,6,1782894584420,"拖动C(2→3)，D,C,B,A → D,B,C,A",sorting,"""D,C,B,A""","""D,B,C,A""","""C""",2,3
0000000000000000000000000000004c,00000000000000000000000000000002,00000000000000000000000000000002,QT-SIM-002-4486,sim_openid_002_963914,leave_question,6,1782894587664,离开第3题,,,,,,
0000000000000000000000000000004d,00000000000000000000000000000002,00000000000000000000000000000002,QT-SIM-002-4486,sim_openid_002_963914,enter_question,2,1782894588776,进入第4题,sorting,,,,,
0000000000000000000000000000004e,00000000000000000000000000000002,00000000000000000000000000000002,QT-SIM-002-4486,sim_openid_002_963914,leave_question,2,1782894603485,离开第4题,,,,,,
0000000000000000000000000000004f,00000000000000000000000000000002,00000000000000000000000000000002,QT-SIM-002-4486,sim_openid_002_963914,enter_question,5,1782894605406,进入第5题,sorting,,,,,
00000000000000000000000000000050,00000000000000000000000000000002,00000000000000000000000000000002,QT-SIM-002-4486,sim_openid_002_963914,change_sorting_option,5,1782894619299,"拖动A(1→2)，A,B,C,D → B,A,C,D",sorting,"""A,B,C,D""","""B,A,C,D""","""A""",1,2
00000000000000000000000000000051,00000000000000000000000000000002,00000000000000000000000000000002,QT-SIM-002-4486,sim_openid_002_963914,leave_question,5,1782894624112,离开第5题,,,,,,
00000000000000000000000000000052,00000000000000000000000000000002,00000000000000000000000000000002,QT-SIM-002-4486,sim_openid_002_963914,enter_question,3,1782894626468,进入第6题,sorting,,,,,
00000000000000000000000000000053,00000000000000000000000000000002,00000000000000000000000000000002,QT-SIM-002-4486,sim_openid_002_963914,change_sorting_option,3,1782894638460,"拖动C(3→2)，A,B,C,D → A,C,B,D",sorting,"""A,B,C,D""","""A,C,B,D""","""C""",3,2
00000000000000000000000000000054,00000000000000000000000000000002,00000000000000000000000000000002,QT-SIM-002-4486,sim_openid_002_963914,change_sorting_option,3,1782894642345,"拖动B(3→4)，A,C,B,D → A,C,D,B",sorting,"""A,C,B,D""","""A,C,D,B""","""B""",3,4
00000000000000000000000000000055,00000000000000000000000000000002,00000000000000000000000000000002,QT-SIM-002-4486,sim_openid_002_963914,change_sorting_option,3,1782894648326,"拖动D(3→2)，A,C,D,B → A,D,C,B",sorting,"""A,C,D,B""","""A,D,C,B""","""D""",3,2
00000000000000000000000000000056,00000000000000000000000000000002,00000000000000000000000000000002,QT-SIM-002-4486,sim_openid_002_963914,leave_question,3,1782894652170,离开第6题,,,,,,
00000000000000000000000000000057,00000000000000000000000000000002,00000000000000000000000000000002,QT-SIM-002-4486,sim_openid_002_963914,enter_question,9,1782894653459,进入第7题,sorting,,,,,
00000000000000000000000000000058,00000000000000000000000000000002,00000000000000000000000000000002,QT-SIM-002-4486,sim_openid_002_963914,change_sorting_option,9,1782894675011,"拖动D(4→3)，A,B,C,D → A,B,D,C",sorting,"""A,B,C,D""","""A,B,D,C""","""D""",4,3
00000000000000000000000000000059,00000000000000000000000000000002,00000000000000000000000000000002,QT-SIM-002-4486,sim_openid_002_963914,change_sorting_option,9,1782894678795,"拖动A(1→3)，A,B,D,C → B,D,A,C",sorting,"""A,B,D,C""","""B,D,A,C""","""A""",1,3
0000000000000000000000000000005a,00000000000000000000000000000002,00000000000000000000000000000002,QT-SIM-002-4486,sim_openid_002_963914,change_sorting_option,9,1782894681158,"拖动D(2→3)，B,D,A,C → B,A,D,C",sorting,"""B,D,A,C""","""B,A,D,C""","""D""",2,3
0000000000000000000000000000005b,00000000000000000000000000000002,00000000000000000000000000000002,QT-SIM-002-4486,sim_openid_002_963914,change_sorting_option,9,1782894684633,"拖动A(2→1)，B,A,D,C → A,B,D,C",sorting,"""B,A,D,C""","""A,B,D,C""","""A""",2,1
0000000000000000000000000000005c,00000000000000000000000000000002,00000000000000000000000000000002,QT-SIM-002-4486,sim_openid_002_963914,change_sorting_option,9,1782894686362,"拖动C(4→1)，A,B,D,C → C,A,B,D",sorting,"""A,B,D,C""","""C,A,B,D""","""C""",4,1
0000000000000000000000000000005d,00000000000000000000000000000002,00000000000000000000000000000002,QT-SIM-002-4486,sim_openid_002_963914,change_sorting_option,9,1782894692840,"拖动B(3→2)，C,A,B,D → C,B,A,D",sorting,"""C,A,B,D""","""C,B,A,D""","""B""",3,2
0000000000000000000000000000005e,00000000000000000000000000000002,00000000000000000000000000000002,QT-SIM-002-4486,sim_openid_002_963914,change_sorting_option,9,1782894695743,"拖动D(4→3)，C,B,A,D → C,B,D,A",sorting,"""C,B,A,D""","""C,B,D,A""","""D""",4,3
0000000000000000000000000000005f,00000000000000000000000000000002,00000000000000000000000000000002,QT-SIM-002-4486,sim_openid_002_963914,change_sorting_option,9,1782894698198,"拖动A(4→1)，C,B,D,A → A,C,B,D",sorting,"""C,B,D,A""","""A,C,B,D""","""A""",4,1
00000000000000000000000000000060,00000000000000000000000000000002,00000000000000000000000000000002,QT-SIM-002-4486,sim_openid_002_963914,change_sorting_option,9,1782894704693,"拖动C(2→4)，A,C,B,D → A,B,D,C",sorting,"""A,C,B,D""","""A,B,D,C""","""C""",2,4
00000000000000000000000000000061,00000000000000000000000000000002,00000000000000000000000000000002,QT-SIM-002-4486,sim_openid_002_963914,leave_question,9,1782894710678,离开第7题,,,,,,
00000000000000000000000000000062,00000000000000000000000000000002,00000000000000000000000000000002,QT-SIM-002-4486,sim_openid_002_963914,enter_question,10,1782894713580,进入第8题,sorting,,,,,
00000000000000000000000000000063,00000000000000000000000000000002,00000000000000000000000000000002,QT-SIM-002-4486,sim_openid_002_963914,change_sorting_option,10,1782894733206,"拖动A(1→3)，A,B,C,D → B,C,A,D",sorting,"""A,B,C,D""","""B,C,A,D""","""A""",1,3
00000000000000000000000000000064,00000000000000000000000000000002,00000000000000000000000000000002,QT-SIM-002-4486,sim_openid_002_963914,change_sorting_option,10,1782894736615,"拖动C(2→1)，B,C,A,D → C,B,A,D",sorting,"""B,C,A,D""","""C,B,A,D""","""C""",2,1
00000000000000000000000000000065,00000000000000000000000000000002,00000000000000000000000000000002,QT-SIM-002-4486,sim_openid_002_963914,change_sorting_option,10,1782894742614,"拖动D(4→2)，C,B,A,D → C,D,B,A",sorting,"""C,B,A,D""","""C,D,B,A""","""D""",4,2
00000000000000000000000000000066,00000000000000000000000000000002,00000000000000000000000000000002,QT-SIM-002-4486,sim_openid_002_963914,leave_question,10,1782894752243,离开第8题,,,,,,
00000000000000000000000000000067,00000000000000000000000000000002,00000000000000000000000000000002,QT-SIM-002-4486,sim_openid_002_963914,enter_question,7,1782894755719,进入第9题,sorting,,,,,
00000000000000000000000000000068,00000000000000000000000000000002,00000000000000000000000000000002,QT-SIM-002-4486,sim_openid_002_963914,change_sorting_option,7,1782894776417,"拖动D(4→2)，A,B,C,D → A,D,B,C",sorting,"""A,B,C,D""","""A,D,B,C""","""D""",4,2
00000000000000000000000000000069,00000000000000000000000000000002,00000000000000000000000000000002,QT-SIM-002-4486,sim_openid_002_963914,change_sorting_option,7,1782894782870,"拖动A(1→3)，A,D,B,C → D,B,A,C",sorting,"""A,D,B,C""","""D,B,A,C""","""A""",1,3
0000000000000000000000000000006a,00000000000000000000000000000002,00000000000000000000000000000002,QT-SIM-002-4486,sim_openid_002_963914,change_sorting_option,7,1782894785474,"拖动B(2→4)，D,B,A,C → D,A,C,B",sorting,"""D,B,A,C""","""D,A,C,B""","""B""",2,4
0000000000000000000000000000006b,00000000000000000000000000000002,00000000000000000000000000000002,QT-SIM-002-4486,sim_openid_002_963914,change_sorting_option,7,1782894790802,"拖动C(3→1)，D,A,C,B → C,D,A,B",sorting,"""D,A,C,B""","""C,D,A,B""","""C""",3,1
0000000000000000000000000000006c,00000000000000000000000000000002,00000000000000000000000000000002,QT-SIM-002-4486,sim_openid_002_963914,leave_question,7,1782894797774,离开第9题,,,,,,
0000000000000000000000000000006d,00000000000000000000000000000002,00000000000000000000000000000002,QT-SIM-002-4486,sim_openid_002_963914,enter_question,8,1782894798708,进入第10题,sorting,,,,,
0000000000000000000000000000006e,00000000000000000000000000000002,00000000000000000000000000000002,QT-SIM-002-4486,sim_openid_002_963914,change_sorting_option,8,1782894821177,"拖动B(2→3)，A,B,C,D → A,C,B,D",sorting,"""A,B,C,D""","""A,C,B,D""","""B""",2,3
0000000000000000000000000000006f,00000000000000000000000000000002,00000000000000000000000000000002,QT-SIM-002-4486,sim_openid_002_963914,change_sorting_option,8,1782894825810,"拖动A(1→2)，A,C,B,D → C,A,B,D",sorting,"""A,C,B,D""","""C,A,B,D""","""A""",1,2
00000000000000000000000000000070,00000000000000000000000000000002,00000000000000000000000000000002,QT-SIM-002-4486,sim_openid_002_963914,change_sorting_option,8,1782894830833,"拖动C(1→4)，C,A,B,D → A,B,D,C",sorting,"""C,A,B,D""","""A,B,D,C""","""C""",1,4
00000000000000000000000000000071,00000000000000000000000000000002,00000000000000000000000000000002,QT-SIM-002-4486,sim_openid_002_963914,change_sorting_option,8,1782894834393,"拖动B(2→3)，A,B,D,C → A,D,B,C",sorting,"""A,B,D,C""","""A,D,B,C""","""B""",2,3
00000000000000000000000000000072,00000000000000000000000000000002,00000000000000000000000000000002,QT-SIM-002-4486,sim_openid_002_963914,change_sorting_option,8,1782894837306,"拖动A(1→2)，A,D,B,C → D,A,B,C",sorting,"""A,D,B,C""","""D,A,B,C""","""A""",1,2
00000000000000000000000000000073,00000000000000000000000000000002,00000000000000000000000000000002,QT-SIM-002-4486,sim_openid_002_963914,leave_question,8,1782894844071,离开第10题,,,,,,
00000000000000000000000000000074,00000000000000000000000000000002,00000000000000000000000000000002,QT-SIM-002-4486,sim_openid_002_963914,submit_exam,-1,1782894844868,提交试卷,,,,,,
00000000000000000000000000000075,00000000000000000000000000000003,00000000000000000000000000000003,QT-SIM-003-4737,sim_openid_003_147733,start_exam,-1,1782895352205,开始答题,,,,,,
00000000000000000000000000000076,00000000000000000000000000000003,00000000000000000000000000000003,QT-SIM-003-4737,sim_openid_003_147733,enter_exam,-1,1782895352277,进入试卷页面,,,,,,
00000000000000000000000000000077,00000000000000000000000000000003,00000000000000000000000000000003,QT-SIM-003-4737,sim_openid_003_147733,enter_question,1,1782895354633,进入第1题,sorting,,,,,
00000000000000000000000000000078,00000000000000000000000000000003,00000000000000000000000000000003,QT-SIM-003-4737,sim_openid_003_147733,change_sorting_option,1,1782895367295,"拖动D(4→3)，A,B,C,D → A,B,D,C",sorting,"""A,B,C,D""","""A,B,D,C""","""D""",4,3
00000000000000000000000000000079,00000000000000000000000000000003,00000000000000000000000000000003,QT-SIM-003-4737,sim_openid_003_147733,change_sorting_option,1,1782895371380,"拖动D(3→2)，A,B,D,C → A,D,B,C",sorting,"""A,B,D,C""","""A,D,B,C""","""D""",3,2
0000000000000000000000000000007a,00000000000000000000000000000003,00000000000000000000000000000003,QT-SIM-003-4737,sim_openid_003_147733,change_sorting_option,1,1782895377232,"拖动D(2→3)，A,D,B,C → A,B,D,C",sorting,"""A,D,B,C""","""A,B,D,C""","""D""",2,3
0000000000000000000000000000007b,00000000000000000000000000000003,00000000000000000000000000000003,QT-SIM-003-4737,sim_openid_003_147733,leave_question,1,1782895385673,离开第1题,,,,,,
0000000000000000000000000000007c,00000000000000000000000000000003,00000000000000000000000000000003,QT-SIM-003-4737,sim_openid_003_147733,enter_question,4,1782895387428,进入第2题,sorting,,,,,
0000000000000000000000000000007d,00000000000000000000000000000003,00000000000000000000000000000003,QT-SIM-003-4737,sim_openid_003_147733,change_sorting_option,4,1782895413979,"拖动A(1→2)，A,B,C,D → B,A,C,D",sorting,"""A,B,C,D""","""B,A,C,D""","""A""",1,2
0000000000000000000000000000007e,00000000000000000000000000000003,00000000000000000000000000000003,QT-SIM-003-4737,sim_openid_003_147733,change_sorting_option,4,1782895419429,"拖动A(2→1)，B,A,C,D → A,B,C,D",sorting,"""B,A,C,D""","""A,B,C,D""","""A""",2,1
0000000000000000000000000000007f,00000000000000000000000000000003,00000000000000000000000000000003,QT-SIM-003-4737,sim_openid_003_147733,change_sorting_option,4,1782895424452,"拖动D(4→1)，A,B,C,D → D,A,B,C",sorting,"""A,B,C,D""","""D,A,B,C""","""D""",4,1
00000000000000000000000000000080,00000000000000000000000000000003,00000000000000000000000000000003,QT-SIM-003-4737,sim_openid_003_147733,change_sorting_option,4,1782895429845,"拖动B(3→1)，D,A,B,C → B,D,A,C",sorting,"""D,A,B,C""","""B,D,A,C""","""B""",3,1
00000000000000000000000000000081,00000000000000000000000000000003,00000000000000000000000000000003,QT-SIM-003-4737,sim_openid_003_147733,change_sorting_option,4,1782895436202,"拖动A(3→4)，B,D,A,C → B,D,C,A",sorting,"""B,D,A,C""","""B,D,C,A""","""A""",3,4
00000000000000000000000000000082,00000000000000000000000000000003,00000000000000000000000000000003,QT-SIM-003-4737,sim_openid_003_147733,change_sorting_option,4,1782895440536,"拖动D(2→1)，B,D,C,A → D,B,C,A",sorting,"""B,D,C,A""","""D,B,C,A""","""D""",2,1
00000000000000000000000000000083,00000000000000000000000000000003,00000000000000000000000000000003,QT-SIM-003-4737,sim_openid_003_147733,leave_question,4,1782895449061,离开第2题,,,,,,
00000000000000000000000000000084,00000000000000000000000000000003,00000000000000000000000000000003,QT-SIM-003-4737,sim_openid_003_147733,enter_question,6,1782895450226,进入第3题,sorting,,,,,
00000000000000000000000000000085,00000000000000000000000000000003,00000000000000000000000000000003,QT-SIM-003-4737,sim_openid_003_147733,change_sorting_option,6,1782895477647,"拖动A(1→3)，A,B,C,D → B,C,A,D",sorting,"""A,B,C,D""","""B,C,A,D""","""A""",1,3
00000000000000000000000000000086,00000000000000000000000000000003,00000000000000000000000000000003,QT-SIM-003-4737,sim_openid_003_147733,change_sorting_option,6,1782895479089,"拖动B(1→4)，B,C,A,D → C,A,D,B",sorting,"""B,C,A,D""","""C,A,D,B""","""B""",1,4
00000000000000000000000000000087,00000000000000000000000000000003,00000000000000000000000000000003,QT-SIM-003-4737,sim_openid_003_147733,change_sorting_option,6,1782895484267,"拖动A(2→3)，C,A,D,B → C,D,A,B",sorting,"""C,A,D,B""","""C,D,A,B""","""A""",2,3
00000000000000000000000000000088,00000000000000000000000000000003,00000000000000000000000000000003,QT-SIM-003-4737,sim_openid_003_147733,change_sorting_option,6,1782895489936,"拖动B(4→2)，C,D,A,B → C,B,D,A",sorting,"""C,D,A,B""","""C,B,D,A""","""B""",4,2
00000000000000000000000000000089,00000000000000000000000000000003,00000000000000000000000000000003,QT-SIM-003-4737,sim_openid_003_147733,change_sorting_option,6,1782895491383,"拖动D(3→1)，C,B,D,A → D,C,B,A",sorting,"""C,B,D,A""","""D,C,B,A""","""D""",3,1
0000000000000000000000000000008a,00000000000000000000000000000003,00000000000000000000000000000003,QT-SIM-003-4737,sim_openid_003_147733,change_sorting_option,6,1782895493643,"拖动A(4→3)，D,C,B,A → D,C,A,B",sorting,"""D,C,B,A""","""D,C,A,B""","""A""",4,3
0000000000000000000000000000008b,00000000000000000000000000000003,00000000000000000000000000000003,QT-SIM-003-4737,sim_openid_003_147733,leave_question,6,1782895500566,离开第3题,,,,,,
0000000000000000000000000000008c,00000000000000000000000000000003,00000000000000000000000000000003,QT-SIM-003-4737,sim_openid_003_147733,enter_question,2,1782895503855,进入第4题,sorting,,,,,
0000000000000000000000000000008d,00000000000000000000000000000003,00000000000000000000000000000003,QT-SIM-003-4737,sim_openid_003_147733,change_sorting_option,2,1782895518002,"拖动C(3→1)，A,B,C,D → C,A,B,D",sorting,"""A,B,C,D""","""C,A,B,D""","""C""",3,1
0000000000000000000000000000008e,00000000000000000000000000000003,00000000000000000000000000000003,QT-SIM-003-4737,sim_openid_003_147733,change_sorting_option,2,1782895522052,"拖动C(1→2)，C,A,B,D → A,C,B,D",sorting,"""C,A,B,D""","""A,C,B,D""","""C""",1,2
0000000000000000000000000000008f,00000000000000000000000000000003,00000000000000000000000000000003,QT-SIM-003-4737,sim_openid_003_147733,change_sorting_option,2,1782895527094,"拖动B(3→4)，A,C,B,D → A,C,D,B",sorting,"""A,C,B,D""","""A,C,D,B""","""B""",3,4
00000000000000000000000000000090,00000000000000000000000000000003,00000000000000000000000000000003,QT-SIM-003-4737,sim_openid_003_147733,change_sorting_option,2,1782895532657,"拖动C(2→1)，A,C,D,B → C,A,D,B",sorting,"""A,C,D,B""","""C,A,D,B""","""C""",2,1
00000000000000000000000000000091,00000000000000000000000000000003,00000000000000000000000000000003,QT-SIM-003-4737,sim_openid_003_147733,leave_question,2,1782895537511,离开第4题,,,,,,
00000000000000000000000000000092,00000000000000000000000000000003,00000000000000000000000000000003,QT-SIM-003-4737,sim_openid_003_147733,enter_question,5,1782895538861,进入第5题,sorting,,,,,
00000000000000000000000000000093,00000000000000000000000000000003,00000000000000000000000000000003,QT-SIM-003-4737,sim_openid_003_147733,change_sorting_option,5,1782895556538,"拖动C(3→1)，A,B,C,D → C,A,B,D",sorting,"""A,B,C,D""","""C,A,B,D""","""C""",3,1
00000000000000000000000000000094,00000000000000000000000000000003,00000000000000000000000000000003,QT-SIM-003-4737,sim_openid_003_147733,change_sorting_option,5,1782895559002,"拖动D(4→2)，C,A,B,D → C,D,A,B",sorting,"""C,A,B,D""","""C,D,A,B""","""D""",4,2
00000000000000000000000000000095,00000000000000000000000000000003,00000000000000000000000000000003,QT-SIM-003-4737,sim_openid_003_147733,change_sorting_option,5,1782895564833,"拖动D(2→4)，C,D,A,B → C,A,B,D",sorting,"""C,D,A,B""","""C,A,B,D""","""D""",2,4
00000000000000000000000000000096,00000000000000000000000000000003,00000000000000000000000000000003,QT-SIM-003-4737,sim_openid_003_147733,leave_question,5,1782895573365,离开第5题,,,,,,
00000000000000000000000000000097,00000000000000000000000000000003,00000000000000000000000000000003,QT-SIM-003-4737,sim_openid_003_147733,enter_question,3,1782895576352,进入第6题,sorting,,,,,
00000000000000000000000000000098,00000000000000000000000000000003,00000000000000000000000000000003,QT-SIM-003-4737,sim_openid_003_147733,change_sorting_option,3,1782895594420,"拖动B(2→1)，A,B,C,D → B,A,C,D",sorting,"""A,B,C,D""","""B,A,C,D""","""B""",2,1
00000000000000000000000000000099,00000000000000000000000000000003,00000000000000000000000000000003,QT-SIM-003-4737,sim_openid_003_147733,change_sorting_option,3,1782895595745,"拖动A(2→3)，B,A,C,D → B,C,A,D",sorting,"""B,A,C,D""","""B,C,A,D""","""A""",2,3
0000000000000000000000000000009a,00000000000000000000000000000003,00000000000000000000000000000003,QT-SIM-003-4737,sim_openid_003_147733,change_sorting_option,3,1782895601462,"拖动C(2→3)，B,C,A,D → B,A,C,D",sorting,"""B,C,A,D""","""B,A,C,D""","""C""",2,3
0000000000000000000000000000009b,00000000000000000000000000000003,00000000000000000000000000000003,QT-SIM-003-4737,sim_openid_003_147733,leave_question,3,1782895610826,离开第6题,,,,,,
0000000000000000000000000000009c,00000000000000000000000000000003,00000000000000000000000000000003,QT-SIM-003-4737,sim_openid_003_147733,enter_question,9,1782895614099,进入第7题,sorting,,,,,
0000000000000000000000000000009d,00000000000000000000000000000003,00000000000000000000000000000003,QT-SIM-003-4737,sim_openid_003_147733,change_sorting_option,9,1782895621053,"拖动A(1→4)，A,B,C,D → B,C,D,A",sorting,"""A,B,C,D""","""B,C,D,A""","""A""",1,4
0000000000000000000000000000009e,00000000000000000000000000000003,00000000000000000000000000000003,QT-SIM-003-4737,sim_openid_003_147733,change_sorting_option,9,1782895625186,"拖动C(2→3)，B,C,D,A → B,D,C,A",sorting,"""B,C,D,A""","""B,D,C,A""","""C""",2,3
0000000000000000000000000000009f,00000000000000000000000000000003,00000000000000000000000000000003,QT-SIM-003-4737,sim_openid_003_147733,change_sorting_option,9,1782895628083,"拖动D(2→1)，B,D,C,A → D,B,C,A",sorting,"""B,D,C,A""","""D,B,C,A""","""D""",2,1
000000000000000000000000000000a0,00000000000000000000000000000003,00000000000000000000000000000003,QT-SIM-003-4737,sim_openid_003_147733,leave_question,9,1782895635848,离开第7题,,,,,,
000000000000000000000000000000a1,00000000000000000000000000000003,00000000000000000000000000000003,QT-SIM-003-4737,sim_openid_003_147733,enter_question,10,1782895637274,进入第8题,sorting,,,,,
000000000000000000000000000000a2,00000000000000000000000000000003,00000000000000000000000000000003,QT-SIM-003-4737,sim_openid_003_147733,change_sorting_option,10,1782895657427,"拖动A(1→4)，A,B,C,D → B,C,D,A",sorting,"""A,B,C,D""","""B,C,D,A""","""A""",1,4
000000000000000000000000000000a3,00000000000000000000000000000003,00000000000000000000000000000003,QT-SIM-003-4737,sim_openid_003_147733,change_sorting_option,10,1782895658500,"拖动C(2→3)，B,C,D,A → B,D,C,A",sorting,"""B,C,D,A""","""B,D,C,A""","""C""",2,3
000000000000000000000000000000a4,00000000000000000000000000000003,00000000000000000000000000000003,QT-SIM-003-4737,sim_openid_003_147733,leave_question,10,1782895666528,离开第8题,,,,,,
000000000000000000000000000000a5,00000000000000000000000000000003,00000000000000000000000000000003,QT-SIM-003-4737,sim_openid_003_147733,enter_question,7,1782895668442,进入第9题,sorting,,,,,
000000000000000000000000000000a6,00000000000000000000000000000003,00000000000000000000000000000003,QT-SIM-003-4737,sim_openid_003_147733,change_sorting_option,7,1782895681893,"拖动B(2→4)，A,B,C,D → A,C,D,B",sorting,"""A,B,C,D""","""A,C,D,B""","""B""",2,4
000000000000000000000000000000a7,00000000000000000000000000000003,00000000000000000000000000000003,QT-SIM-003-4737,sim_openid_003_147733,change_sorting_option,7,1782895686009,"拖动C(2→1)，A,C,D,B → C,A,D,B",sorting,"""A,C,D,B""","""C,A,D,B""","""C""",2,1
000000000000000000000000000000a8,00000000000000000000000000000003,00000000000000000000000000000003,QT-SIM-003-4737,sim_openid_003_147733,change_sorting_option,7,1782895691869,"拖动A(2→3)，C,A,D,B → C,D,A,B",sorting,"""C,A,D,B""","""C,D,A,B""","""A""",2,3
000000000000000000000000000000a9,00000000000000000000000000000003,00000000000000000000000000000003,QT-SIM-003-4737,sim_openid_003_147733,leave_question,7,1782895697202,离开第9题,,,,,,
000000000000000000000000000000aa,00000000000000000000000000000003,00000000000000000000000000000003,QT-SIM-003-4737,sim_openid_003_147733,enter_question,8,1782895700500,进入第10题,sorting,,,,,
000000000000000000000000000000ab,00000000000000000000000000000003,00000000000000000000000000000003,QT-SIM-003-4737,sim_openid_003_147733,change_sorting_option,8,1782895708431,"拖动B(2→4)，A,B,C,D → A,C,D,B",sorting,"""A,B,C,D""","""A,C,D,B""","""B""",2,4
000000000000000000000000000000ac,00000000000000000000000000000003,00000000000000000000000000000003,QT-SIM-003-4737,sim_openid_003_147733,change_sorting_option,8,1782895710655,"拖动D(3→1)，A,C,D,B → D,A,C,B",sorting,"""A,C,D,B""","""D,A,C,B""","""D""",3,1
000000000000000000000000000000ad,00000000000000000000000000000003,00000000000000000000000000000003,QT-SIM-003-4737,sim_openid_003_147733,leave_question,8,1782895712973,离开第10题,,,,,,
000000000000000000000000000000ae,00000000000000000000000000000003,00000000000000000000000000000003,QT-SIM-003-4737,sim_openid_003_147733,submit_exam,-1,1782895713538,提交试卷,,,,,,
000000000000000000000000000000af,00000000000000000000000000000004,00000000000000000000000000000004,QT-SIM-004-4451,sim_openid_004_774211,start_exam,-1,1782896258190,开始答题,,,,,,
000000000000000000000000000000b0,00000000000000000000000000000004,00000000000000000000000000000004,QT-SIM-004-4451,sim_openid_004_774211,enter_exam,-1,1782896258274,进入试卷页面,,,,,,
000000000000000000000000000000b1,00000000000000000000000000000004,00000000000000000000000000000004,QT-SIM-004-4451,sim_openid_004_774211,enter_question,1,1782896260111,进入第1题,sorting,,,,,
000000000000000000000000000000b2,00000000000000000000000000000004,00000000000000000000000000000004,QT-SIM-004-4451,sim_openid_004_774211,change_sorting_option,1,1782896285248,"拖动C(3→1)，A,B,C,D → C,A,B,D",sorting,"""A,B,C,D""","""C,A,B,D""","""C""",3,1
000000000000000000000000000000b3,00000000000000000000000000000004,00000000000000000000000000000004,QT-SIM-004-4451,sim_openid_004_774211,change_sorting_option,1,1782896291287,"拖动B(3→2)，C,A,B,D → C,B,A,D",sorting,"""C,A,B,D""","""C,B,A,D""","""B""",3,2
000000000000000000000000000000b4,00000000000000000000000000000004,00000000000000000000000000000004,QT-SIM-004-4451,sim_openid_004_774211,leave_question,1,1782896297782,离开第1题,,,,,,
000000000000000000000000000000b5,00000000000000000000000000000004,00000000000000000000000000000004,QT-SIM-004-4451,sim_openid_004_774211,enter_question,4,1782896300192,进入第2题,sorting,,,,,
000000000000000000000000000000b6,00000000000000000000000000000004,00000000000000000000000000000004,QT-SIM-004-4451,sim_openid_004_774211,change_sorting_option,4,1782896312060,"拖动D(4→3)，A,B,C,D → A,B,D,C",sorting,"""A,B,C,D""","""A,B,D,C""","""D""",4,3
000000000000000000000000000000b7,00000000000000000000000000000004,00000000000000000000000000000004,QT-SIM-004-4451,sim_openid_004_774211,change_sorting_option,4,1782896318197,"拖动C(4→1)，A,B,D,C → C,A,B,D",sorting,"""A,B,D,C""","""C,A,B,D""","""C""",4,1
000000000000000000000000000000b8,00000000000000000000000000000004,00000000000000000000000000000004,QT-SIM-004-4451,sim_openid_004_774211,change_sorting_option,4,1782896321710,"拖动B(3→2)，C,A,B,D → C,B,A,D",sorting,"""C,A,B,D""","""C,B,A,D""","""B""",3,2
000000000000000000000000000000b9,00000000000000000000000000000004,00000000000000000000000000000004,QT-SIM-004-4451,sim_openid_004_774211,change_sorting_option,4,1782896326530,"拖动D(4→3)，C,B,A,D → C,B,D,A",sorting,"""C,B,A,D""","""C,B,D,A""","""D""",4,3
000000000000000000000000000000ba,00000000000000000000000000000004,00000000000000000000000000000004,QT-SIM-004-4451,sim_openid_004_774211,change_sorting_option,4,1782896332836,"拖动A(4→1)，C,B,D,A → A,C,B,D",sorting,"""C,B,D,A""","""A,C,B,D""","""A""",4,1
000000000000000000000000000000bb,00000000000000000000000000000004,00000000000000000000000000000004,QT-SIM-004-4451,sim_openid_004_774211,change_sorting_option,4,1782896336361,"拖动B(3→2)，A,C,B,D → A,B,C,D",sorting,"""A,C,B,D""","""A,B,C,D""","""B""",3,2
000000000000000000000000000000bc,00000000000000000000000000000004,00000000000000000000000000000004,QT-SIM-004-4451,sim_openid_004_774211,change_sorting_option,4,1782896340323,"拖动C(3→4)，A,B,C,D → A,B,D,C",sorting,"""A,B,C,D""","""A,B,D,C""","""C""",3,4
000000000000000000000000000000bd,00000000000000000000000000000004,00000000000000000000000000000004,QT-SIM-004-4451,sim_openid_004_774211,leave_question,4,1782896346698,离开第2题,,,,,,
000000000000000000000000000000be,00000000000000000000000000000004,00000000000000000000000000000004,QT-SIM-004-4451,sim_openid_004_774211,enter_question,6,1782896348280,进入第3题,sorting,,,,,
000000000000000000000000000000bf,00000000000000000000000000000004,00000000000000000000000000000004,QT-SIM-004-4451,sim_openid_004_774211,change_sorting_option,6,1782896356536,"拖动A(1→2)，A,B,C,D → B,A,C,D",sorting,"""A,B,C,D""","""B,A,C,D""","""A""",1,2
000000000000000000000000000000c0,00000000000000000000000000000004,00000000000000000000000000000004,QT-SIM-004-4451,sim_openid_004_774211,change_sorting_option,6,1782896357924,"拖动C(3→4)，B,A,C,D → B,A,D,C",sorting,"""B,A,C,D""","""B,A,D,C""","""C""",3,4
000000000000000000000000000000c1,00000000000000000000000000000004,00000000000000000000000000000004,QT-SIM-004-4451,sim_openid_004_774211,change_sorting_option,6,1782896361552,"拖动D(3→1)，B,A,D,C → D,B,A,C",sorting,"""B,A,D,C""","""D,B,A,C""","""D""",3,1
000000000000000000000000000000c2,00000000000000000000000000000004,00000000000000000000000000000004,QT-SIM-004-4451,sim_openid_004_774211,change_sorting_option,6,1782896367891,"拖动A(3→2)，D,B,A,C → D,A,B,C",sorting,"""D,B,A,C""","""D,A,B,C""","""A""",3,2
000000000000000000000000000000c3,00000000000000000000000000000004,00000000000000000000000000000004,QT-SIM-004-4451,sim_openid_004_774211,leave_question,6,1782896376382,离开第3题,,,,,,
000000000000000000000000000000c4,00000000000000000000000000000004,00000000000000000000000000000004,QT-SIM-004-4451,sim_openid_004_774211,enter_question,2,1782896378597,进入第4题,sorting,,,,,
000000000000000000000000000000c5,00000000000000000000000000000004,00000000000000000000000000000004,QT-SIM-004-4451,sim_openid_004_774211,change_sorting_option,2,1782896398508,"拖动C(3→4)，A,B,C,D → A,B,D,C",sorting,"""A,B,C,D""","""A,B,D,C""","""C""",3,4
000000000000000000000000000000c6,00000000000000000000000000000004,00000000000000000000000000000004,QT-SIM-004-4451,sim_openid_004_774211,change_sorting_option,2,1782896402184,"拖动B(2→4)，A,B,D,C → A,D,C,B",sorting,"""A,B,D,C""","""A,D,C,B""","""B""",2,4
000000000000000000000000000000c7,00000000000000000000000000000004,00000000000000000000000000000004,QT-SIM-004-4451,sim_openid_004_774211,change_sorting_option,2,1782896404638,"拖动C(3→4)，A,D,C,B → A,D,B,C",sorting,"""A,D,C,B""","""A,D,B,C""","""C""",3,4
000000000000000000000000000000c8,00000000000000000000000000000004,00000000000000000000000000000004,QT-SIM-004-4451,sim_openid_004_774211,change_sorting_option,2,1782896405910,"拖动D(2→3)，A,D,B,C → A,B,D,C",sorting,"""A,D,B,C""","""A,B,D,C""","""D""",2,3
000000000000000000000000000000c9,00000000000000000000000000000004,00000000000000000000000000000004,QT-SIM-004-4451,sim_openid_004_774211,leave_question,2,1782896411659,离开第4题,,,,,,
000000000000000000000000000000ca,00000000000000000000000000000004,00000000000000000000000000000004,QT-SIM-004-4451,sim_openid_004_774211,enter_question,5,1782896413699,进入第5题,sorting,,,,,
000000000000000000000000000000cb,00000000000000000000000000000004,00000000000000000000000000000004,QT-SIM-004-4451,sim_openid_004_774211,change_sorting_option,5,1782896431062,"拖动B(2→4)，A,B,C,D → A,C,D,B",sorting,"""A,B,C,D""","""A,C,D,B""","""B""",2,4
000000000000000000000000000000cc,00000000000000000000000000000004,00000000000000000000000000000004,QT-SIM-004-4451,sim_openid_004_774211,change_sorting_option,5,1782896434132,"拖动B(4→2)，A,C,D,B → A,B,C,D",sorting,"""A,C,D,B""","""A,B,C,D""","""B""",4,2
000000000000000000000000000000cd,00000000000000000000000000000004,00000000000000000000000000000004,QT-SIM-004-4451,sim_openid_004_774211,change_sorting_option,5,1782896437822,"拖动D(4→3)，A,B,C,D → A,B,D,C",sorting,"""A,B,C,D""","""A,B,D,C""","""D""",4,3
000000000000000000000000000000ce,00000000000000000000000000000004,00000000000000000000000000000004,QT-SIM-004-4451,sim_openid_004_774211,leave_question,5,1782896443568,离开第5题,,,,,,
000000000000000000000000000000cf,00000000000000000000000000000004,00000000000000000000000000000004,QT-SIM-004-4451,sim_openid_004_774211,enter_question,3,1782896445295,进入第6题,sorting,,,,,
000000000000000000000000000000d0,00000000000000000000000000000004,00000000000000000000000000000004,QT-SIM-004-4451,sim_openid_004_774211,change_sorting_option,3,1782896472755,"拖动C(3→2)，A,B,C,D → A,C,B,D",sorting,"""A,B,C,D""","""A,C,B,D""","""C""",3,2
000000000000000000000000000000d1,00000000000000000000000000000004,00000000000000000000000000000004,QT-SIM-004-4451,sim_openid_004_774211,change_sorting_option,3,1782896477763,"拖动A(1→3)，A,C,B,D → C,B,A,D",sorting,"""A,C,B,D""","""C,B,A,D""","""A""",1,3
000000000000000000000000000000d2,00000000000000000000000000000004,00000000000000000000000000000004,QT-SIM-004-4451,sim_openid_004_774211,change_sorting_option,3,1782896482241,"拖动A(3→4)，C,B,A,D → C,B,D,A",sorting,"""C,B,A,D""","""C,B,D,A""","""A""",3,4
000000000000000000000000000000d3,00000000000000000000000000000004,00000000000000000000000000000004,QT-SIM-004-4451,sim_openid_004_774211,change_sorting_option,3,1782896486380,"拖动C(1→2)，C,B,D,A → B,C,D,A",sorting,"""C,B,D,A""","""B,C,D,A""","""C""",1,2
000000000000000000000000000000d4,00000000000000000000000000000004,00000000000000000000000000000004,QT-SIM-004-4451,sim_openid_004_774211,change_sorting_option,3,1782896488737,"拖动D(3→1)，B,C,D,A → D,B,C,A",sorting,"""B,C,D,A""","""D,B,C,A""","""D""",3,1
000000000000000000000000000000d5,00000000000000000000000000000004,00000000000000000000000000000004,QT-SIM-004-4451,sim_openid_004_774211,change_sorting_option,3,1782896490127,"拖动B(2→3)，D,B,C,A → D,C,B,A",sorting,"""D,B,C,A""","""D,C,B,A""","""B""",2,3
000000000000000000000000000000d6,00000000000000000000000000000004,00000000000000000000000000000004,QT-SIM-004-4451,sim_openid_004_774211,leave_question,3,1782896493972,离开第6题,,,,,,
000000000000000000000000000000d7,00000000000000000000000000000004,00000000000000000000000000000004,QT-SIM-004-4451,sim_openid_004_774211,enter_question,9,1782896497127,进入第7题,sorting,,,,,
000000000000000000000000000000d8,00000000000000000000000000000004,00000000000000000000000000000004,QT-SIM-004-4451,sim_openid_004_774211,change_sorting_option,9,1782896518271,"拖动B(2→3)，A,B,C,D → A,C,B,D",sorting,"""A,B,C,D""","""A,C,B,D""","""B""",2,3
000000000000000000000000000000d9,00000000000000000000000000000004,00000000000000000000000000000004,QT-SIM-004-4451,sim_openid_004_774211,change_sorting_option,9,1782896521857,"拖动A(1→4)，A,C,B,D → C,B,D,A",sorting,"""A,C,B,D""","""C,B,D,A""","""A""",1,4
000000000000000000000000000000da,00000000000000000000000000000004,00000000000000000000000000000004,QT-SIM-004-4451,sim_openid_004_774211,change_sorting_option,9,1782896523626,"拖动B(2→3)，C,B,D,A → C,D,B,A",sorting,"""C,B,D,A""","""C,D,B,A""","""B""",2,3
000000000000000000000000000000db,00000000000000000000000000000004,00000000000000000000000000000004,QT-SIM-004-4451,sim_openid_004_774211,change_sorting_option,9,1782896529588,"拖动D(2→1)，C,D,B,A → D,C,B,A",sorting,"""C,D,B,A""","""D,C,B,A""","""D""",2,1
000000000000000000000000000000dc,00000000000000000000000000000004,00000000000000000000000000000004,QT-SIM-004-4451,sim_openid_004_774211,leave_question,9,1782896534298,离开第7题,,,,,,
000000000000000000000000000000dd,00000000000000000000000000000004,00000000000000000000000000000004,QT-SIM-004-4451,sim_openid_004_774211,enter_question,10,1782896536063,进入第8题,sorting,,,,,
000000000000000000000000000000de,00000000000000000000000000000004,00000000000000000000000000000004,QT-SIM-004-4451,sim_openid_004_774211,change_sorting_option,10,1782896557849,"拖动D(4→1)，A,B,C,D → D,A,B,C",sorting,"""A,B,C,D""","""D,A,B,C""","""D""",4,1
000000000000000000000000000000df,00000000000000000000000000000004,00000000000000000000000000000004,QT-SIM-004-4451,sim_openid_004_774211,change_sorting_option,10,1782896559287,"拖动A(2→3)，D,A,B,C → D,B,A,C",sorting,"""D,A,B,C""","""D,B,A,C""","""A""",2,3
000000000000000000000000000000e0,00000000000000000000000000000004,00000000000000000000000000000004,QT-SIM-004-4451,sim_openid_004_774211,leave_question,10,1782896565103,离开第8题,,,,,,
000000000000000000000000000000e1,00000000000000000000000000000004,00000000000000000000000000000004,QT-SIM-004-4451,sim_openid_004_774211,enter_question,7,1782896567958,进入第9题,sorting,,,,,
000000000000000000000000000000e2,00000000000000000000000000000004,00000000000000000000000000000004,QT-SIM-004-4451,sim_openid_004_774211,change_sorting_option,7,1782896587337,"拖动D(4→2)，A,B,C,D → A,D,B,C",sorting,"""A,B,C,D""","""A,D,B,C""","""D""",4,2
000000000000000000000000000000e3,00000000000000000000000000000004,00000000000000000000000000000004,QT-SIM-004-4451,sim_openid_004_774211,change_sorting_option,7,1782896593662,"拖动C(4→3)，A,D,B,C → A,D,C,B",sorting,"""A,D,B,C""","""A,D,C,B""","""C""",4,3
000000000000000000000000000000e4,00000000000000000000000000000004,00000000000000000000000000000004,QT-SIM-004-4451,sim_openid_004_774211,leave_question,7,1782896598459,离开第9题,,,,,,
000000000000000000000000000000e5,00000000000000000000000000000004,00000000000000000000000000000004,QT-SIM-004-4451,sim_openid_004_774211,enter_question,8,1782896600609,进入第10题,sorting,,,,,
000000000000000000000000000000e6,00000000000000000000000000000004,00000000000000000000000000000004,QT-SIM-004-4451,sim_openid_004_774211,change_sorting_option,8,1782896628529,"拖动B(2→4)，A,B,C,D → A,C,D,B",sorting,"""A,B,C,D""","""A,C,D,B""","""B""",2,4
000000000000000000000000000000e7,00000000000000000000000000000004,00000000000000000000000000000004,QT-SIM-004-4451,sim_openid_004_774211,change_sorting_option,8,1782896631925,"拖动C(2→3)，A,C,D,B → A,D,C,B",sorting,"""A,C,D,B""","""A,D,C,B""","""C""",2,3
000000000000000000000000000000e8,00000000000000000000000000000004,00000000000000000000000000000004,QT-SIM-004-4451,sim_openid_004_774211,change_sorting_option,8,1782896633045,"拖动A(1→4)，A,D,C,B → D,C,B,A",sorting,"""A,D,C,B""","""D,C,B,A""","""A""",1,4
000000000000000000000000000000e9,00000000000000000000000000000004,00000000000000000000000000000004,QT-SIM-004-4451,sim_openid_004_774211,change_sorting_option,8,1782896637195,"拖动C(2→3)，D,C,B,A → D,B,C,A",sorting,"""D,C,B,A""","""D,B,C,A""","""C""",2,3
000000000000000000000000000000ea,00000000000000000000000000000004,00000000000000000000000000000004,QT-SIM-004-4451,sim_openid_004_774211,change_sorting_option,8,1782896640435,"拖动B(2→4)，D,B,C,A → D,C,A,B",sorting,"""D,B,C,A""","""D,C,A,B""","""B""",2,4
000000000000000000000000000000eb,00000000000000000000000000000004,00000000000000000000000000000004,QT-SIM-004-4451,sim_openid_004_774211,change_sorting_option,8,1782896643167,"拖动C(2→3)，D,C,A,B → D,A,C,B",sorting,"""D,C,A,B""","""D,A,C,B""","""C""",2,3
000000000000000000000000000000ec,00000000000000000000000000000004,00000000000000000000000000000004,QT-SIM-004-4451,sim_openid_004_774211,leave_question,8,1782896647556,离开第10题,,,,,,
000000000000000000000000000000ed,00000000000000000000000000000004,00000000000000000000000000000004,QT-SIM-004-4451,sim_openid_004_774211,submit_exam,-1,1782896647926,提交试卷,,,,,,
000000000000000000000000000000ee,00000000000000000000000000000005,00000000000000000000000000000005,QT-SIM-005-9919,sim_openid_005_597917,start_exam,-1,1782897157054,开始答题,,,,,,
000000000000000000000000000000ef,00000000000000000000000000000005,00000000000000000000000000000005,QT-SIM-005-9919,sim_openid_005_597917,enter_exam,-1,1782897157146,进入试卷页面,,,,,,
000000000000000000000000000000f0,00000000000000000000000000000005,00000000000000000000000000000005,QT-SIM-005-9919,sim_openid_005_597917,enter_question,1,1782897159904,进入第1题,sorting,,,,,
000000000000000000000000000000f1,00000000000000000000000000000005,00000000000000000000000000000005,QT-SIM-005-9919,sim_openid_005_597917,change_sorting_option,1,1782897176946,"拖动C(3→1)，A,B,C,D → C,A,B,D",sorting,"""A,B,C,D""","""C,A,B,D""","""C""",3,1
000000000000000000000000000000f2,00000000000000000000000000000005,00000000000000000000000000000005,QT-SIM-005-9919,sim_openid_005_597917,change_sorting_option,1,1782897181636,"拖动D(4→2)，C,A,B,D → C,D,A,B",sorting,"""C,A,B,D""","""C,D,A,B""","""D""",4,2
000000000000000000000000000000f3,00000000000000000000000000000005,00000000000000000000000000000005,QT-SIM-005-9919,sim_openid_005_597917,change_sorting_option,1,1782897183213,"拖动A(3→4)，C,D,A,B → C,D,B,A",sorting,"""C,D,A,B""","""C,D,B,A""","""A""",3,4
000000000000000000000000000000f4,00000000000000000000000000000005,00000000000000000000000000000005,QT-SIM-005-9919,sim_openid_005_597917,change_sorting_option,1,1782897189905,"拖动C(1→2)，C,D,B,A → D,C,B,A",sorting,"""C,D,B,A""","""D,C,B,A""","""C""",1,2
000000000000000000000000000000f5,00000000000000000000000000000005,00000000000000000000000000000005,QT-SIM-005-9919,sim_openid_005_597917,change_sorting_option,1,1782897191342,"拖动C(2→1)，D,C,B,A → C,D,B,A",sorting,"""D,C,B,A""","""C,D,B,A""","""C""",2,1
000000000000000000000000000000f6,00000000000000000000000000000005,00000000000000000000000000000005,QT-SIM-005-9919,sim_openid_005_597917,leave_question,1,1782897202029,离开第1题,,,,,,
000000000000000000000000000000f7,00000000000000000000000000000005,00000000000000000000000000000005,QT-SIM-005-9919,sim_openid_005_597917,enter_question,4,1782897203414,进入第2题,sorting,,,,,
000000000000000000000000000000f8,00000000000000000000000000000005,00000000000000000000000000000005,QT-SIM-005-9919,sim_openid_005_597917,change_sorting_option,4,1782897212200,"拖动B(2→3)，A,B,C,D → A,C,B,D",sorting,"""A,B,C,D""","""A,C,B,D""","""B""",2,3
000000000000000000000000000000f9,00000000000000000000000000000005,00000000000000000000000000000005,QT-SIM-005-9919,sim_openid_005_597917,change_sorting_option,4,1782897217959,"拖动A(1→2)，A,C,B,D → C,A,B,D",sorting,"""A,C,B,D""","""C,A,B,D""","""A""",1,2
000000000000000000000000000000fa,00000000000000000000000000000005,00000000000000000000000000000005,QT-SIM-005-9919,sim_openid_005_597917,change_sorting_option,4,1782897223990,"拖动D(4→3)，C,A,B,D → C,A,D,B",sorting,"""C,A,B,D""","""C,A,D,B""","""D""",4,3
000000000000000000000000000000fb,00000000000000000000000000000005,00000000000000000000000000000005,QT-SIM-005-9919,sim_openid_005_597917,change_sorting_option,4,1782897227919,"拖动C(1→3)，C,A,D,B → A,D,C,B",sorting,"""C,A,D,B""","""A,D,C,B""","""C""",1,3
000000000000000000000000000000fc,00000000000000000000000000000005,00000000000000000000000000000005,QT-SIM-005-9919,sim_openid_005_597917,change_sorting_option,4,1782897234142,"拖动D(2→1)，A,D,C,B → D,A,C,B",sorting,"""A,D,C,B""","""D,A,C,B""","""D""",2,1
000000000000000000000000000000fd,00000000000000000000000000000005,00000000000000000000000000000005,QT-SIM-005-9919,sim_openid_005_597917,leave_question,4,1782897239731,离开第2题,,,,,,
000000000000000000000000000000fe,00000000000000000000000000000005,00000000000000000000000000000005,QT-SIM-005-9919,sim_openid_005_597917,enter_question,6,1782897242723,进入第3题,sorting,,,,,
000000000000000000000000000000ff,00000000000000000000000000000005,00000000000000000000000000000005,QT-SIM-005-9919,sim_openid_005_597917,change_sorting_option,6,1782897254531,"拖动D(4→2)，A,B,C,D → A,D,B,C",sorting,"""A,B,C,D""","""A,D,B,C""","""D""",4,2
00000000000000000000000000000100,00000000000000000000000000000005,00000000000000000000000000000005,QT-SIM-005-9919,sim_openid_005_597917,change_sorting_option,6,1782897257524,"拖动B(3→4)，A,D,B,C → A,D,C,B",sorting,"""A,D,B,C""","""A,D,C,B""","""B""",3,4
00000000000000000000000000000101,00000000000000000000000000000005,00000000000000000000000000000005,QT-SIM-005-9919,sim_openid_005_597917,change_sorting_option,6,1782897260838,"拖动A(1→3)，A,D,C,B → D,C,A,B",sorting,"""A,D,C,B""","""D,C,A,B""","""A""",1,3
00000000000000000000000000000102,00000000000000000000000000000005,00000000000000000000000000000005,QT-SIM-005-9919,sim_openid_005_597917,change_sorting_option,6,1782897267496,"拖动D(1→2)，D,C,A,B → C,D,A,B",sorting,"""D,C,A,B""","""C,D,A,B""","""D""",1,2
00000000000000000000000000000103,00000000000000000000000000000005,00000000000000000000000000000005,QT-SIM-005-9919,sim_openid_005_597917,change_sorting_option,6,1782897275102,"拖动A(3→1)，C,D,A,B → A,C,D,B",sorting,"""C,D,A,B""","""A,C,D,B""","""A""",3,1
00000000000000000000000000000104,00000000000000000000000000000005,00000000000000000000000000000005,QT-SIM-005-9919,sim_openid_005_597917,change_sorting_option,6,1782897282743,"拖动C(2→3)，A,C,D,B → A,D,C,B",sorting,"""A,C,D,B""","""A,D,C,B""","""C""",2,3
00000000000000000000000000000105,00000000000000000000000000000005,00000000000000000000000000000005,QT-SIM-005-9919,sim_openid_005_597917,leave_question,6,1782897288134,离开第3题,,,,,,
00000000000000000000000000000106,00000000000000000000000000000005,00000000000000000000000000000005,QT-SIM-005-9919,sim_openid_005_597917,enter_question,2,1782897289656,进入第4题,sorting,,,,,
00000000000000000000000000000107,00000000000000000000000000000005,00000000000000000000000000000005,QT-SIM-005-9919,sim_openid_005_597917,change_sorting_option,2,1782897297629,"拖动C(3→2)，A,B,C,D → A,C,B,D",sorting,"""A,B,C,D""","""A,C,B,D""","""C""",3,2
00000000000000000000000000000108,00000000000000000000000000000005,00000000000000000000000000000005,QT-SIM-005-9919,sim_openid_005_597917,change_sorting_option,2,1782897301289,"拖动B(3→1)，A,C,B,D → B,A,C,D",sorting,"""A,C,B,D""","""B,A,C,D""","""B""",3,1
00000000000000000000000000000109,00000000000000000000000000000005,00000000000000000000000000000005,QT-SIM-005-9919,sim_openid_005_597917,change_sorting_option,2,1782897307623,"拖动A(2→1)，B,A,C,D → A,B,C,D",sorting,"""B,A,C,D""","""A,B,C,D""","""A""",2,1
0000000000000000000000000000010a,00000000000000000000000000000005,00000000000000000000000000000005,QT-SIM-005-9919,sim_openid_005_597917,change_sorting_option,2,1782897313124,"拖动B(2→4)，A,B,C,D → A,C,D,B",sorting,"""A,B,C,D""","""A,C,D,B""","""B""",2,4
0000000000000000000000000000010b,00000000000000000000000000000005,00000000000000000000000000000005,QT-SIM-005-9919,sim_openid_005_597917,leave_question,2,1782897316806,离开第4题,,,,,,
0000000000000000000000000000010c,00000000000000000000000000000005,00000000000000000000000000000005,QT-SIM-005-9919,sim_openid_005_597917,enter_question,5,1782897319992,进入第5题,sorting,,,,,
0000000000000000000000000000010d,00000000000000000000000000000005,00000000000000000000000000000005,QT-SIM-005-9919,sim_openid_005_597917,change_sorting_option,5,1782897343739,"拖动D(4→2)，A,B,C,D → A,D,B,C",sorting,"""A,B,C,D""","""A,D,B,C""","""D""",4,2
0000000000000000000000000000010e,00000000000000000000000000000005,00000000000000000000000000000005,QT-SIM-005-9919,sim_openid_005_597917,change_sorting_option,5,1782897349069,"拖动C(4→3)，A,D,B,C → A,D,C,B",sorting,"""A,D,B,C""","""A,D,C,B""","""C""",4,3
0000000000000000000000000000010f,00000000000000000000000000000005,00000000000000000000000000000005,QT-SIM-005-9919,sim_openid_005_597917,change_sorting_option,5,1782897352024,"拖动B(4→1)，A,D,C,B → B,A,D,C",sorting,"""A,D,C,B""","""B,A,D,C""","""B""",4,1
00000000000000000000000000000110,00000000000000000000000000000005,00000000000000000000000000000005,QT-SIM-005-9919,sim_openid_005_597917,change_sorting_option,5,1782897358163,"拖动A(2→3)，B,A,D,C → B,D,A,C",sorting,"""B,A,D,C""","""B,D,A,C""","""A""",2,3
00000000000000000000000000000111,00000000000000000000000000000005,00000000000000000000000000000005,QT-SIM-005-9919,sim_openid_005_597917,change_sorting_option,5,1782897362584,"拖动A(3→4)，B,D,A,C → B,D,C,A",sorting,"""B,D,A,C""","""B,D,C,A""","""A""",3,4
00000000000000000000000000000112,00000000000000000000000000000005,00000000000000000000000000000005,QT-SIM-005-9919,sim_openid_005_597917,leave_question,5,1782897366296,离开第5题,,,,,,
00000000000000000000000000000113,00000000000000000000000000000005,00000000000000000000000000000005,QT-SIM-005-9919,sim_openid_005_597917,enter_question,3,1782897369164,进入第6题,sorting,,,,,
00000000000000000000000000000114,00000000000000000000000000000005,00000000000000000000000000000005,QT-SIM-005-9919,sim_openid_005_597917,change_sorting_option,3,1782897386697,"拖动C(3→2)，A,B,C,D → A,C,B,D",sorting,"""A,B,C,D""","""A,C,B,D""","""C""",3,2
00000000000000000000000000000115,00000000000000000000000000000005,00000000000000000000000000000005,QT-SIM-005-9919,sim_openid_005_597917,change_sorting_option,3,1782897391495,"拖动D(4→3)，A,C,B,D → A,C,D,B",sorting,"""A,C,B,D""","""A,C,D,B""","""D""",4,3
00000000000000000000000000000116,00000000000000000000000000000005,00000000000000000000000000000005,QT-SIM-005-9919,sim_openid_005_597917,change_sorting_option,3,1782897395201,"拖动B(4→3)，A,C,D,B → A,C,B,D",sorting,"""A,C,D,B""","""A,C,B,D""","""B""",4,3
00000000000000000000000000000117,00000000000000000000000000000005,00000000000000000000000000000005,QT-SIM-005-9919,sim_openid_005_597917,change_sorting_option,3,1782897400988,"拖动B(3→4)，A,C,B,D → A,C,D,B",sorting,"""A,C,B,D""","""A,C,D,B""","""B""",3,4
00000000000000000000000000000118,00000000000000000000000000000005,00000000000000000000000000000005,QT-SIM-005-9919,sim_openid_005_597917,leave_question,3,1782897406623,离开第6题,,,,,,
00000000000000000000000000000119,00000000000000000000000000000005,00000000000000000000000000000005,QT-SIM-005-9919,sim_openid_005_597917,enter_question,9,1782897409624,进入第7题,sorting,,,,,
0000000000000000000000000000011a,00000000000000000000000000000005,00000000000000000000000000000005,QT-SIM-005-9919,sim_openid_005_597917,change_sorting_option,9,1782897437982,"拖动A(1→4)，A,B,C,D → B,C,D,A",sorting,"""A,B,C,D""","""B,C,D,A""","""A""",1,4
0000000000000000000000000000011b,00000000000000000000000000000005,00000000000000000000000000000005,QT-SIM-005-9919,sim_openid_005_597917,change_sorting_option,9,1782897439661,"拖动B(1→3)，B,C,D,A → C,D,B,A",sorting,"""B,C,D,A""","""C,D,B,A""","""B""",1,3
0000000000000000000000000000011c,00000000000000000000000000000005,00000000000000000000000000000005,QT-SIM-005-9919,sim_openid_005_597917,change_sorting_option,9,1782897443086,"拖动D(2→1)，C,D,B,A → D,C,B,A",sorting,"""C,D,B,A""","""D,C,B,A""","""D""",2,1
0000000000000000000000000000011d,00000000000000000000000000000005,00000000000000000000000000000005,QT-SIM-005-9919,sim_openid_005_597917,change_sorting_option,9,1782897447250,"拖动C(2→4)，D,C,B,A → D,B,A,C",sorting,"""D,C,B,A""","""D,B,A,C""","""C""",2,4
0000000000000000000000000000011e,00000000000000000000000000000005,00000000000000000000000000000005,QT-SIM-005-9919,sim_openid_005_597917,change_sorting_option,9,1782897450904,"拖动C(4→2)，D,B,A,C → D,C,B,A",sorting,"""D,B,A,C""","""D,C,B,A""","""C""",4,2
0000000000000000000000000000011f,00000000000000000000000000000005,00000000000000000000000000000005,QT-SIM-005-9919,sim_openid_005_597917,change_sorting_option,9,1782897457749,"拖动A(4→1)，D,C,B,A → A,D,C,B",sorting,"""D,C,B,A""","""A,D,C,B""","""A""",4,1
00000000000000000000000000000120,00000000000000000000000000000005,00000000000000000000000000000005,QT-SIM-005-9919,sim_openid_005_597917,change_sorting_option,9,1782897460665,"拖动C(3→2)，A,D,C,B → A,C,D,B",sorting,"""A,D,C,B""","""A,C,D,B""","""C""",3,2
00000000000000000000000000000121,00000000000000000000000000000005,00000000000000000000000000000005,QT-SIM-005-9919,sim_openid_005_597917,change_sorting_option,9,1782897461876,"拖动B(4→3)，A,C,D,B → A,C,B,D",sorting,"""A,C,D,B""","""A,C,B,D""","""B""",4,3
00000000000000000000000000000122,00000000000000000000000000000005,00000000000000000000000000000005,QT-SIM-005-9919,sim_openid_005_597917,leave_question,9,1782897467144,离开第7题,,,,,,
00000000000000000000000000000123,00000000000000000000000000000005,00000000000000000000000000000005,QT-SIM-005-9919,sim_openid_005_597917,enter_question,10,1782897469074,进入第8题,sorting,,,,,
00000000000000000000000000000124,00000000000000000000000000000005,00000000000000000000000000000005,QT-SIM-005-9919,sim_openid_005_597917,leave_question,10,1782897487038,离开第8题,,,,,,
00000000000000000000000000000125,00000000000000000000000000000005,00000000000000000000000000000005,QT-SIM-005-9919,sim_openid_005_597917,enter_question,7,1782897490245,进入第9题,sorting,,,,,
00000000000000000000000000000126,00000000000000000000000000000005,00000000000000000000000000000005,QT-SIM-005-9919,sim_openid_005_597917,change_sorting_option,7,1782897497325,"拖动B(2→4)，A,B,C,D → A,C,D,B",sorting,"""A,B,C,D""","""A,C,D,B""","""B""",2,4
00000000000000000000000000000127,00000000000000000000000000000005,00000000000000000000000000000005,QT-SIM-005-9919,sim_openid_005_597917,change_sorting_option,7,1782897499654,"拖动D(3→1)，A,C,D,B → D,A,C,B",sorting,"""A,C,D,B""","""D,A,C,B""","""D""",3,1
00000000000000000000000000000128,00000000000000000000000000000005,00000000000000000000000000000005,QT-SIM-005-9919,sim_openid_005_597917,change_sorting_option,7,1782897503631,"拖动C(3→1)，D,A,C,B → C,D,A,B",sorting,"""D,A,C,B""","""C,D,A,B""","""C""",3,1
00000000000000000000000000000129,00000000000000000000000000000005,00000000000000000000000000000005,QT-SIM-005-9919,sim_openid_005_597917,change_sorting_option,7,1782897505006,"拖动D(2→1)，C,D,A,B → D,C,A,B",sorting,"""C,D,A,B""","""D,C,A,B""","""D""",2,1
0000000000000000000000000000012a,00000000000000000000000000000005,00000000000000000000000000000005,QT-SIM-005-9919,sim_openid_005_597917,change_sorting_option,7,1782897510593,"拖动A(3→2)，D,C,A,B → D,A,C,B",sorting,"""D,C,A,B""","""D,A,C,B""","""A""",3,2
0000000000000000000000000000012b,00000000000000000000000000000005,00000000000000000000000000000005,QT-SIM-005-9919,sim_openid_005_597917,leave_question,7,1782897519196,离开第9题,,,,,,
0000000000000000000000000000012c,00000000000000000000000000000005,00000000000000000000000000000005,QT-SIM-005-9919,sim_openid_005_597917,enter_question,8,1782897521981,进入第10题,sorting,,,,,
0000000000000000000000000000012d,00000000000000000000000000000005,00000000000000000000000000000005,QT-SIM-005-9919,sim_openid_005_597917,change_sorting_option,8,1782897530569,"拖动A(1→2)，A,B,C,D → B,A,C,D",sorting,"""A,B,C,D""","""B,A,C,D""","""A""",1,2
0000000000000000000000000000012e,00000000000000000000000000000005,00000000000000000000000000000005,QT-SIM-005-9919,sim_openid_005_597917,change_sorting_option,8,1782897538250,"拖动B(1→3)，B,A,C,D → A,C,B,D",sorting,"""B,A,C,D""","""A,C,B,D""","""B""",1,3
0000000000000000000000000000012f,00000000000000000000000000000005,00000000000000000000000000000005,QT-SIM-005-9919,sim_openid_005_597917,change_sorting_option,8,1782897545805,"拖动C(2→1)，A,C,B,D → C,A,B,D",sorting,"""A,C,B,D""","""C,A,B,D""","""C""",2,1
00000000000000000000000000000130,00000000000000000000000000000005,00000000000000000000000000000005,QT-SIM-005-9919,sim_openid_005_597917,change_sorting_option,8,1782897549356,"拖动D(4→1)，C,A,B,D → D,C,A,B",sorting,"""C,A,B,D""","""D,C,A,B""","""D""",4,1
00000000000000000000000000000131,00000000000000000000000000000005,00000000000000000000000000000005,QT-SIM-005-9919,sim_openid_005_597917,change_sorting_option,8,1782897554837,"拖动D(1→4)，D,C,A,B → C,A,B,D",sorting,"""D,C,A,B""","""C,A,B,D""","""D""",1,4
00000000000000000000000000000132,00000000000000000000000000000005,00000000000000000000000000000005,QT-SIM-005-9919,sim_openid_005_597917,leave_question,8,1782897564936,离开第10题,,,,,,
00000000000000000000000000000133,00000000000000000000000000000005,00000000000000000000000000000005,QT-SIM-005-9919,sim_openid_005_597917,submit_exam,-1,1782897565665,提交试卷,,,,,,
00000000000000000000000000000134,00000000000000000000000000000006,00000000000000000000000000000006,QT-SIM-006-7693,sim_openid_006_270790,start_exam,-1,1782898057995,开始答题,,,,,,
00000000000000000000000000000135,00000000000000000000000000000006,00000000000000000000000000000006,QT-SIM-006-7693,sim_openid_006_270790,enter_exam,-1,1782898058016,进入试卷页面,,,,,,
00000000000000000000000000000136,00000000000000000000000000000006,00000000000000000000000000000006,QT-SIM-006-7693,sim_openid_006_270790,enter_question,1,1782898060978,进入第1题,sorting,,,,,
00000000000000000000000000000137,00000000000000000000000000000006,00000000000000000000000000000006,QT-SIM-006-7693,sim_openid_006_270790,change_sorting_option,1,1782898075617,"拖动D(4→2)，A,B,C,D → A,D,B,C",sorting,"""A,B,C,D""","""A,D,B,C""","""D""",4,2
00000000000000000000000000000138,00000000000000000000000000000006,00000000000000000000000000000006,QT-SIM-006-7693,sim_openid_006_270790,change_sorting_option,1,1782898078619,"拖动A(1→4)，A,D,B,C → D,B,C,A",sorting,"""A,D,B,C""","""D,B,C,A""","""A""",1,4
00000000000000000000000000000139,00000000000000000000000000000006,00000000000000000000000000000006,QT-SIM-006-7693,sim_openid_006_270790,change_sorting_option,1,1782898079863,"拖动B(2→1)，D,B,C,A → B,D,C,A",sorting,"""D,B,C,A""","""B,D,C,A""","""B""",2,1
0000000000000000000000000000013a,00000000000000000000000000000006,00000000000000000000000000000006,QT-SIM-006-7693,sim_openid_006_270790,leave_question,1,1782898083287,离开第1题,,,,,,
0000000000000000000000000000013b,00000000000000000000000000000006,00000000000000000000000000000006,QT-SIM-006-7693,sim_openid_006_270790,enter_question,4,1782898086257,进入第2题,sorting,,,,,
0000000000000000000000000000013c,00000000000000000000000000000006,00000000000000000000000000000006,QT-SIM-006-7693,sim_openid_006_270790,change_sorting_option,4,1782898101154,"拖动C(3→4)，A,B,C,D → A,B,D,C",sorting,"""A,B,C,D""","""A,B,D,C""","""C""",3,4
0000000000000000000000000000013d,00000000000000000000000000000006,00000000000000000000000000000006,QT-SIM-006-7693,sim_openid_006_270790,change_sorting_option,4,1782898103434,"拖动B(2→1)，A,B,D,C → B,A,D,C",sorting,"""A,B,D,C""","""B,A,D,C""","""B""",2,1
0000000000000000000000000000013e,00000000000000000000000000000006,00000000000000000000000000000006,QT-SIM-006-7693,sim_openid_006_270790,change_sorting_option,4,1782898105383,"拖动A(2→4)，B,A,D,C → B,D,C,A",sorting,"""B,A,D,C""","""B,D,C,A""","""A""",2,4
0000000000000000000000000000013f,00000000000000000000000000000006,00000000000000000000000000000006,QT-SIM-006-7693,sim_openid_006_270790,change_sorting_option,4,1782898106342,"拖动D(2→3)，B,D,C,A → B,C,D,A",sorting,"""B,D,C,A""","""B,C,D,A""","""D""",2,3
00000000000000000000000000000140,00000000000000000000000000000006,00000000000000000000000000000006,QT-SIM-006-7693,sim_openid_006_270790,change_sorting_option,4,1782898109405,"拖动A(4→2)，B,C,D,A → B,A,C,D",sorting,"""B,C,D,A""","""B,A,C,D""","""A""",4,2
00000000000000000000000000000141,00000000000000000000000000000006,00000000000000000000000000000006,QT-SIM-006-7693,sim_openid_006_270790,change_sorting_option,4,1782898111437,"拖动D(4→3)，B,A,C,D → B,A,D,C",sorting,"""B,A,C,D""","""B,A,D,C""","""D""",4,3
00000000000000000000000000000142,00000000000000000000000000000006,00000000000000000000000000000006,QT-SIM-006-7693,sim_openid_006_270790,leave_question,4,1782898118826,离开第2题,,,,,,
00000000000000000000000000000143,00000000000000000000000000000006,00000000000000000000000000000006,QT-SIM-006-7693,sim_openid_006_270790,enter_question,6,1782898121755,进入第3题,sorting,,,,,
00000000000000000000000000000144,00000000000000000000000000000006,00000000000000000000000000000006,QT-SIM-006-7693,sim_openid_006_270790,change_sorting_option,6,1782898135322,"拖动B(2→1)，A,B,C,D → B,A,C,D",sorting,"""A,B,C,D""","""B,A,C,D""","""B""",2,1
00000000000000000000000000000145,00000000000000000000000000000006,00000000000000000000000000000006,QT-SIM-006-7693,sim_openid_006_270790,change_sorting_option,6,1782898137606,"拖动C(3→2)，B,A,C,D → B,C,A,D",sorting,"""B,A,C,D""","""B,C,A,D""","""C""",3,2
00000000000000000000000000000146,00000000000000000000000000000006,00000000000000000000000000000006,QT-SIM-006-7693,sim_openid_006_270790,leave_question,6,1782898145004,离开第3题,,,,,,
00000000000000000000000000000147,00000000000000000000000000000006,00000000000000000000000000000006,QT-SIM-006-7693,sim_openid_006_270790,enter_question,2,1782898146258,进入第4题,sorting,,,,,
00000000000000000000000000000148,00000000000000000000000000000006,00000000000000000000000000000006,QT-SIM-006-7693,sim_openid_006_270790,change_sorting_option,2,1782898155759,"拖动A(1→3)，A,B,C,D → B,C,A,D",sorting,"""A,B,C,D""","""B,C,A,D""","""A""",1,3
00000000000000000000000000000149,00000000000000000000000000000006,00000000000000000000000000000006,QT-SIM-006-7693,sim_openid_006_270790,change_sorting_option,2,1782898158126,"拖动D(4→1)，B,C,A,D → D,B,C,A",sorting,"""B,C,A,D""","""D,B,C,A""","""D""",4,1
0000000000000000000000000000014a,00000000000000000000000000000006,00000000000000000000000000000006,QT-SIM-006-7693,sim_openid_006_270790,change_sorting_option,2,1782898160304,"拖动A(4→3)，D,B,C,A → D,B,A,C",sorting,"""D,B,C,A""","""D,B,A,C""","""A""",4,3
0000000000000000000000000000014b,00000000000000000000000000000006,00000000000000000000000000000006,QT-SIM-006-7693,sim_openid_006_270790,leave_question,2,1782898163745,离开第4题,,,,,,
0000000000000000000000000000014c,00000000000000000000000000000006,00000000000000000000000000000006,QT-SIM-006-7693,sim_openid_006_270790,enter_question,5,1782898167066,进入第5题,sorting,,,,,
0000000000000000000000000000014d,00000000000000000000000000000006,00000000000000000000000000000006,QT-SIM-006-7693,sim_openid_006_270790,change_sorting_option,5,1782898178677,"拖动D(4→1)，A,B,C,D → D,A,B,C",sorting,"""A,B,C,D""","""D,A,B,C""","""D""",4,1
0000000000000000000000000000014e,00000000000000000000000000000006,00000000000000000000000000000006,QT-SIM-006-7693,sim_openid_006_270790,change_sorting_option,5,1782898181074,"拖动C(4→3)，D,A,B,C → D,A,C,B",sorting,"""D,A,B,C""","""D,A,C,B""","""C""",4,3
0000000000000000000000000000014f,00000000000000000000000000000006,00000000000000000000000000000006,QT-SIM-006-7693,sim_openid_006_270790,leave_question,5,1782898188541,离开第5题,,,,,,
00000000000000000000000000000150,00000000000000000000000000000006,00000000000000000000000000000006,QT-SIM-006-7693,sim_openid_006_270790,enter_question,3,1782898191218,进入第6题,sorting,,,,,
00000000000000000000000000000151,00000000000000000000000000000006,00000000000000000000000000000006,QT-SIM-006-7693,sim_openid_006_270790,change_sorting_option,3,1782898201712,"拖动D(4→2)，A,B,C,D → A,D,B,C",sorting,"""A,B,C,D""","""A,D,B,C""","""D""",4,2
00000000000000000000000000000152,00000000000000000000000000000006,00000000000000000000000000000006,QT-SIM-006-7693,sim_openid_006_270790,change_sorting_option,3,1782898205173,"拖动C(4→2)，A,D,B,C → A,C,D,B",sorting,"""A,D,B,C""","""A,C,D,B""","""C""",4,2
00000000000000000000000000000153,00000000000000000000000000000006,00000000000000000000000000000006,QT-SIM-006-7693,sim_openid_006_270790,leave_question,3,1782898212746,离开第6题,,,,,,
00000000000000000000000000000154,00000000000000000000000000000006,00000000000000000000000000000006,QT-SIM-006-7693,sim_openid_006_270790,enter_question,9,1782898215524,进入第7题,sorting,,,,,
00000000000000000000000000000155,00000000000000000000000000000006,00000000000000000000000000000006,QT-SIM-006-7693,sim_openid_006_270790,leave_question,9,1782898232482,离开第7题,,,,,,
00000000000000000000000000000156,00000000000000000000000000000006,00000000000000000000000000000006,QT-SIM-006-7693,sim_openid_006_270790,enter_question,10,1782898234749,进入第8题,sorting,,,,,
00000000000000000000000000000157,00000000000000000000000000000006,00000000000000000000000000000006,QT-SIM-006-7693,sim_openid_006_270790,change_sorting_option,10,1782898241540,"拖动A(1→3)，A,B,C,D → B,C,A,D",sorting,"""A,B,C,D""","""B,C,A,D""","""A""",1,3
00000000000000000000000000000158,00000000000000000000000000000006,00000000000000000000000000000006,QT-SIM-006-7693,sim_openid_006_270790,change_sorting_option,10,1782898242518,"拖动B(1→2)，B,C,A,D → C,B,A,D",sorting,"""B,C,A,D""","""C,B,A,D""","""B""",1,2
00000000000000000000000000000159,00000000000000000000000000000006,00000000000000000000000000000006,QT-SIM-006-7693,sim_openid_006_270790,leave_question,10,1782898244984,离开第8题,,,,,,
0000000000000000000000000000015a,00000000000000000000000000000006,00000000000000000000000000000006,QT-SIM-006-7693,sim_openid_006_270790,enter_question,7,1782898246742,进入第9题,sorting,,,,,
0000000000000000000000000000015b,00000000000000000000000000000006,00000000000000000000000000000006,QT-SIM-006-7693,sim_openid_006_270790,leave_question,7,1782898256030,离开第9题,,,,,,
0000000000000000000000000000015c,00000000000000000000000000000006,00000000000000000000000000000006,QT-SIM-006-7693,sim_openid_006_270790,enter_question,8,1782898259232,进入第10题,sorting,,,,,
0000000000000000000000000000015d,00000000000000000000000000000006,00000000000000000000000000000006,QT-SIM-006-7693,sim_openid_006_270790,change_sorting_option,8,1782898266259,"拖动D(4→2)，A,B,C,D → A,D,B,C",sorting,"""A,B,C,D""","""A,D,B,C""","""D""",4,2
0000000000000000000000000000015e,00000000000000000000000000000006,00000000000000000000000000000006,QT-SIM-006-7693,sim_openid_006_270790,change_sorting_option,8,1782898268628,"拖动A(1→3)，A,D,B,C → D,B,A,C",sorting,"""A,D,B,C""","""D,B,A,C""","""A""",1,3
0000000000000000000000000000015f,00000000000000000000000000000006,00000000000000000000000000000006,QT-SIM-006-7693,sim_openid_006_270790,change_sorting_option,8,1782898272348,"拖动D(1→2)，D,B,A,C → B,D,A,C",sorting,"""D,B,A,C""","""B,D,A,C""","""D""",1,2
00000000000000000000000000000160,00000000000000000000000000000006,00000000000000000000000000000006,QT-SIM-006-7693,sim_openid_006_270790,leave_question,8,1782898277544,离开第10题,,,,,,
00000000000000000000000000000161,00000000000000000000000000000006,00000000000000000000000000000006,QT-SIM-006-7693,sim_openid_006_270790,submit_exam,-1,1782898278070,提交试卷,,,,,,
00000000000000000000000000000162,00000000000000000000000000000007,00000000000000000000000000000007,QT-SIM-007-2886,sim_openid_007_148978,start_exam,-1,1782898954897,开始答题,,,,,,
00000000000000000000000000000163,00000000000000000000000000000007,00000000000000000000000000000007,QT-SIM-007-2886,sim_openid_007_148978,enter_exam,-1,1782898954950,进入试卷页面,,,,,,
00000000000000000000000000000164,00000000000000000000000000000007,00000000000000000000000000000007,QT-SIM-007-2886,sim_openid_007_148978,enter_question,1,1782898956518,进入第1题,sorting,,,,,
00000000000000000000000000000165,00000000000000000000000000000007,00000000000000000000000000000007,QT-SIM-007-2886,sim_openid_007_148978,change_sorting_option,1,1782898970194,"拖动C(3→1)，A,B,C,D → C,A,B,D",sorting,"""A,B,C,D""","""C,A,B,D""","""C""",3,1
00000000000000000000000000000166,00000000000000000000000000000007,00000000000000000000000000000007,QT-SIM-007-2886,sim_openid_007_148978,change_sorting_option,1,1782898973595,"拖动D(4→1)，C,A,B,D → D,C,A,B",sorting,"""C,A,B,D""","""D,C,A,B""","""D""",4,1
00000000000000000000000000000167,00000000000000000000000000000007,00000000000000000000000000000007,QT-SIM-007-2886,sim_openid_007_148978,change_sorting_option,1,1782898976110,"拖动D(1→4)，D,C,A,B → C,A,B,D",sorting,"""D,C,A,B""","""C,A,B,D""","""D""",1,4
00000000000000000000000000000168,00000000000000000000000000000007,00000000000000000000000000000007,QT-SIM-007-2886,sim_openid_007_148978,change_sorting_option,1,1782898982035,"拖动B(3→4)，C,A,B,D → C,A,D,B",sorting,"""C,A,B,D""","""C,A,D,B""","""B""",3,4
00000000000000000000000000000169,00000000000000000000000000000007,00000000000000000000000000000007,QT-SIM-007-2886,sim_openid_007_148978,change_sorting_option,1,1782898984629,"拖动D(3→4)，C,A,D,B → C,A,B,D",sorting,"""C,A,D,B""","""C,A,B,D""","""D""",3,4
0000000000000000000000000000016a,00000000000000000000000000000007,00000000000000000000000000000007,QT-SIM-007-2886,sim_openid_007_148978,leave_question,1,1782898993574,离开第1题,,,,,,
0000000000000000000000000000016b,00000000000000000000000000000007,00000000000000000000000000000007,QT-SIM-007-2886,sim_openid_007_148978,enter_question,4,1782898996351,进入第2题,sorting,,,,,
0000000000000000000000000000016c,00000000000000000000000000000007,00000000000000000000000000000007,QT-SIM-007-2886,sim_openid_007_148978,change_sorting_option,4,1782899018974,"拖动D(4→2)，A,B,C,D → A,D,B,C",sorting,"""A,B,C,D""","""A,D,B,C""","""D""",4,2
0000000000000000000000000000016d,00000000000000000000000000000007,00000000000000000000000000000007,QT-SIM-007-2886,sim_openid_007_148978,change_sorting_option,4,1782899022719,"拖动B(3→1)，A,D,B,C → B,A,D,C",sorting,"""A,D,B,C""","""B,A,D,C""","""B""",3,1
0000000000000000000000000000016e,00000000000000000000000000000007,00000000000000000000000000000007,QT-SIM-007-2886,sim_openid_007_148978,change_sorting_option,4,1782899025224,"拖动D(3→2)，B,A,D,C → B,D,A,C",sorting,"""B,A,D,C""","""B,D,A,C""","""D""",3,2
0000000000000000000000000000016f,00000000000000000000000000000007,00000000000000000000000000000007,QT-SIM-007-2886,sim_openid_007_148978,leave_question,4,1782899031361,离开第2题,,,,,,
00000000000000000000000000000170,00000000000000000000000000000007,00000000000000000000000000000007,QT-SIM-007-2886,sim_openid_007_148978,enter_question,6,1782899033219,进入第3题,sorting,,,,,
00000000000000000000000000000171,00000000000000000000000000000007,00000000000000000000000000000007,QT-SIM-007-2886,sim_openid_007_148978,change_sorting_option,6,1782899061089,"拖动A(1→4)，A,B,C,D → B,C,D,A",sorting,"""A,B,C,D""","""B,C,D,A""","""A""",1,4
00000000000000000000000000000172,00000000000000000000000000000007,00000000000000000000000000000007,QT-SIM-007-2886,sim_openid_007_148978,change_sorting_option,6,1782899066786,"拖动B(1→2)，B,C,D,A → C,B,D,A",sorting,"""B,C,D,A""","""C,B,D,A""","""B""",1,2
00000000000000000000000000000173,00000000000000000000000000000007,00000000000000000000000000000007,QT-SIM-007-2886,sim_openid_007_148978,change_sorting_option,6,1782899073023,"拖动D(3→1)，C,B,D,A → D,C,B,A",sorting,"""C,B,D,A""","""D,C,B,A""","""D""",3,1
00000000000000000000000000000174,00000000000000000000000000000007,00000000000000000000000000000007,QT-SIM-007-2886,sim_openid_007_148978,change_sorting_option,6,1782899074819,"拖动B(3→2)，D,C,B,A → D,B,C,A",sorting,"""D,C,B,A""","""D,B,C,A""","""B""",3,2
00000000000000000000000000000175,00000000000000000000000000000007,00000000000000000000000000000007,QT-SIM-007-2886,sim_openid_007_148978,change_sorting_option,6,1782899080143,"拖动C(3→4)，D,B,C,A → D,B,A,C",sorting,"""D,B,C,A""","""D,B,A,C""","""C""",3,4
00000000000000000000000000000176,00000000000000000000000000000007,00000000000000000000000000000007,QT-SIM-007-2886,sim_openid_007_148978,leave_question,6,1782899086200,离开第3题,,,,,,
00000000000000000000000000000177,00000000000000000000000000000007,00000000000000000000000000000007,QT-SIM-007-2886,sim_openid_007_148978,enter_question,2,1782899089070,进入第4题,sorting,,,,,
00000000000000000000000000000178,00000000000000000000000000000007,00000000000000000000000000000007,QT-SIM-007-2886,sim_openid_007_148978,change_sorting_option,2,1782899102364,"拖动D(4→3)，A,B,C,D → A,B,D,C",sorting,"""A,B,C,D""","""A,B,D,C""","""D""",4,3
00000000000000000000000000000179,00000000000000000000000000000007,00000000000000000000000000000007,QT-SIM-007-2886,sim_openid_007_148978,change_sorting_option,2,1782899105717,"拖动A(1→4)，A,B,D,C → B,D,C,A",sorting,"""A,B,D,C""","""B,D,C,A""","""A""",1,4
0000000000000000000000000000017a,00000000000000000000000000000007,00000000000000000000000000000007,QT-SIM-007-2886,sim_openid_007_148978,change_sorting_option,2,1782899110241,"拖动D(2→3)，B,D,C,A → B,C,D,A",sorting,"""B,D,C,A""","""B,C,D,A""","""D""",2,3
0000000000000000000000000000017b,00000000000000000000000000000007,00000000000000000000000000000007,QT-SIM-007-2886,sim_openid_007_148978,change_sorting_option,2,1782899115547,"拖动C(2→1)，B,C,D,A → C,B,D,A",sorting,"""B,C,D,A""","""C,B,D,A""","""C""",2,1
0000000000000000000000000000017c,00000000000000000000000000000007,00000000000000000000000000000007,QT-SIM-007-2886,sim_openid_007_148978,leave_question,2,1782899123342,离开第4题,,,,,,
0000000000000000000000000000017d,00000000000000000000000000000007,00000000000000000000000000000007,QT-SIM-007-2886,sim_openid_007_148978,enter_question,5,1782899124985,进入第5题,sorting,,,,,
0000000000000000000000000000017e,00000000000000000000000000000007,00000000000000000000000000000007,QT-SIM-007-2886,sim_openid_007_148978,change_sorting_option,5,1782899145910,"拖动D(4→1)，A,B,C,D → D,A,B,C",sorting,"""A,B,C,D""","""D,A,B,C""","""D""",4,1
0000000000000000000000000000017f,00000000000000000000000000000007,00000000000000000000000000000007,QT-SIM-007-2886,sim_openid_007_148978,change_sorting_option,5,1782899152273,"拖动A(2→3)，D,A,B,C → D,B,A,C",sorting,"""D,A,B,C""","""D,B,A,C""","""A""",2,3
00000000000000000000000000000180,00000000000000000000000000000007,00000000000000000000000000000007,QT-SIM-007-2886,sim_openid_007_148978,leave_question,5,1782899159507,离开第5题,,,,,,
00000000000000000000000000000181,00000000000000000000000000000007,00000000000000000000000000000007,QT-SIM-007-2886,sim_openid_007_148978,enter_question,3,1782899160450,进入第6题,sorting,,,,,
00000000000000000000000000000182,00000000000000000000000000000007,00000000000000000000000000000007,QT-SIM-007-2886,sim_openid_007_148978,change_sorting_option,3,1782899172142,"拖动C(3→1)，A,B,C,D → C,A,B,D",sorting,"""A,B,C,D""","""C,A,B,D""","""C""",3,1
00000000000000000000000000000183,00000000000000000000000000000007,00000000000000000000000000000007,QT-SIM-007-2886,sim_openid_007_148978,change_sorting_option,3,1782899177683,"拖动D(4→2)，C,A,B,D → C,D,A,B",sorting,"""C,A,B,D""","""C,D,A,B""","""D""",4,2
00000000000000000000000000000184,00000000000000000000000000000007,00000000000000000000000000000007,QT-SIM-007-2886,sim_openid_007_148978,change_sorting_option,3,1782899180991,"拖动C(1→4)，C,D,A,B → D,A,B,C",sorting,"""C,D,A,B""","""D,A,B,C""","""C""",1,4
00000000000000000000000000000185,00000000000000000000000000000007,00000000000000000000000000000007,QT-SIM-007-2886,sim_openid_007_148978,change_sorting_option,3,1782899186843,"拖动D(1→2)，D,A,B,C → A,D,B,C",sorting,"""D,A,B,C""","""A,D,B,C""","""D""",1,2
00000000000000000000000000000186,00000000000000000000000000000007,00000000000000000000000000000007,QT-SIM-007-2886,sim_openid_007_148978,change_sorting_option,3,1782899193181,"拖动B(3→4)，A,D,B,C → A,D,C,B",sorting,"""A,D,B,C""","""A,D,C,B""","""B""",3,4
00000000000000000000000000000187,00000000000000000000000000000007,00000000000000000000000000000007,QT-SIM-007-2886,sim_openid_007_148978,change_sorting_option,3,1782899195771,"拖动A(1→3)，A,D,C,B → D,C,A,B",sorting,"""A,D,C,B""","""D,C,A,B""","""A""",1,3
00000000000000000000000000000188,00000000000000000000000000000007,00000000000000000000000000000007,QT-SIM-007-2886,sim_openid_007_148978,change_sorting_option,3,1782899200583,"拖动D(1→2)，D,C,A,B → C,D,A,B",sorting,"""D,C,A,B""","""C,D,A,B""","""D""",1,2
00000000000000000000000000000189,00000000000000000000000000000007,00000000000000000000000000000007,QT-SIM-007-2886,sim_openid_007_148978,leave_question,3,1782899207472,离开第6题,,,,,,
0000000000000000000000000000018a,00000000000000000000000000000007,00000000000000000000000000000007,QT-SIM-007-2886,sim_openid_007_148978,enter_question,9,1782899210030,进入第7题,sorting,,,,,
0000000000000000000000000000018b,00000000000000000000000000000007,00000000000000000000000000000007,QT-SIM-007-2886,sim_openid_007_148978,change_sorting_option,9,1782899219791,"拖动B(2→3)，A,B,C,D → A,C,B,D",sorting,"""A,B,C,D""","""A,C,B,D""","""B""",2,3
0000000000000000000000000000018c,00000000000000000000000000000007,00000000000000000000000000000007,QT-SIM-007-2886,sim_openid_007_148978,change_sorting_option,9,1782899221563,"拖动D(4→1)，A,C,B,D → D,A,C,B",sorting,"""A,C,B,D""","""D,A,C,B""","""D""",4,1
0000000000000000000000000000018d,00000000000000000000000000000007,00000000000000000000000000000007,QT-SIM-007-2886,sim_openid_007_148978,change_sorting_option,9,1782899222736,"拖动B(4→3)，D,A,C,B → D,A,B,C",sorting,"""D,A,C,B""","""D,A,B,C""","""B""",4,3
0000000000000000000000000000018e,00000000000000000000000000000007,00000000000000000000000000000007,QT-SIM-007-2886,sim_openid_007_148978,change_sorting_option,9,1782899226482,"拖动A(2→4)，D,A,B,C → D,B,C,A",sorting,"""D,A,B,C""","""D,B,C,A""","""A""",2,4
0000000000000000000000000000018f,00000000000000000000000000000007,00000000000000000000000000000007,QT-SIM-007-2886,sim_openid_007_148978,change_sorting_option,9,1782899231816,"拖动B(2→3)，D,B,C,A → D,C,B,A",sorting,"""D,B,C,A""","""D,C,B,A""","""B""",2,3
00000000000000000000000000000190,00000000000000000000000000000007,00000000000000000000000000000007,QT-SIM-007-2886,sim_openid_007_148978,leave_question,9,1782899237502,离开第7题,,,,,,
00000000000000000000000000000191,00000000000000000000000000000007,00000000000000000000000000000007,QT-SIM-007-2886,sim_openid_007_148978,enter_question,10,1782899238505,进入第8题,sorting,,,,,
00000000000000000000000000000192,00000000000000000000000000000007,00000000000000000000000000000007,QT-SIM-007-2886,sim_openid_007_148978,change_sorting_option,10,1782899256376,"拖动D(4→2)，A,B,C,D → A,D,B,C",sorting,"""A,B,C,D""","""A,D,B,C""","""D""",4,2
00000000000000000000000000000193,00000000000000000000000000000007,00000000000000000000000000000007,QT-SIM-007-2886,sim_openid_007_148978,change_sorting_option,10,1782899262594,"拖动A(1→3)，A,D,B,C → D,B,A,C",sorting,"""A,D,B,C""","""D,B,A,C""","""A""",1,3
00000000000000000000000000000194,00000000000000000000000000000007,00000000000000000000000000000007,QT-SIM-007-2886,sim_openid_007_148978,change_sorting_option,10,1782899264250,"拖动D(1→2)，D,B,A,C → B,D,A,C",sorting,"""D,B,A,C""","""B,D,A,C""","""D""",1,2
00000000000000000000000000000195,00000000000000000000000000000007,00000000000000000000000000000007,QT-SIM-007-2886,sim_openid_007_148978,change_sorting_option,10,1782899266281,"拖动B(1→2)，B,D,A,C → D,B,A,C",sorting,"""B,D,A,C""","""D,B,A,C""","""B""",1,2
00000000000000000000000000000196,00000000000000000000000000000007,00000000000000000000000000000007,QT-SIM-007-2886,sim_openid_007_148978,change_sorting_option,10,1782899268302,"拖动D(1→2)，D,B,A,C → B,D,A,C",sorting,"""D,B,A,C""","""B,D,A,C""","""D""",1,2
00000000000000000000000000000197,00000000000000000000000000000007,00000000000000000000000000000007,QT-SIM-007-2886,sim_openid_007_148978,leave_question,10,1782899271763,离开第8题,,,,,,
00000000000000000000000000000198,00000000000000000000000000000007,00000000000000000000000000000007,QT-SIM-007-2886,sim_openid_007_148978,enter_question,7,1782899274793,进入第9题,sorting,,,,,
00000000000000000000000000000199,00000000000000000000000000000007,00000000000000000000000000000007,QT-SIM-007-2886,sim_openid_007_148978,change_sorting_option,7,1782899291734,"拖动C(3→1)，A,B,C,D → C,A,B,D",sorting,"""A,B,C,D""","""C,A,B,D""","""C""",3,1
0000000000000000000000000000019a,00000000000000000000000000000007,00000000000000000000000000000007,QT-SIM-007-2886,sim_openid_007_148978,change_sorting_option,7,1782899293900,"拖动D(4→2)，C,A,B,D → C,D,A,B",sorting,"""C,A,B,D""","""C,D,A,B""","""D""",4,2
0000000000000000000000000000019b,00000000000000000000000000000007,00000000000000000000000000000007,QT-SIM-007-2886,sim_openid_007_148978,leave_question,7,1782899299534,离开第9题,,,,,,
0000000000000000000000000000019c,00000000000000000000000000000007,00000000000000000000000000000007,QT-SIM-007-2886,sim_openid_007_148978,enter_question,8,1782899301109,进入第10题,sorting,,,,,
0000000000000000000000000000019d,00000000000000000000000000000007,00000000000000000000000000000007,QT-SIM-007-2886,sim_openid_007_148978,change_sorting_option,8,1782899320340,"拖动A(1→3)，A,B,C,D → B,C,A,D",sorting,"""A,B,C,D""","""B,C,A,D""","""A""",1,3
0000000000000000000000000000019e,00000000000000000000000000000007,00000000000000000000000000000007,QT-SIM-007-2886,sim_openid_007_148978,change_sorting_option,8,1782899323750,"拖动B(1→4)，B,C,A,D → C,A,D,B",sorting,"""B,C,A,D""","""C,A,D,B""","""B""",1,4
0000000000000000000000000000019f,00000000000000000000000000000007,00000000000000000000000000000007,QT-SIM-007-2886,sim_openid_007_148978,change_sorting_option,8,1782899327812,"拖动A(2→4)，C,A,D,B → C,D,B,A",sorting,"""C,A,D,B""","""C,D,B,A""","""A""",2,4
000000000000000000000000000001a0,00000000000000000000000000000007,00000000000000000000000000000007,QT-SIM-007-2886,sim_openid_007_148978,change_sorting_option,8,1782899332687,"拖动A(4→2)，C,D,B,A → C,A,D,B",sorting,"""C,D,B,A""","""C,A,D,B""","""A""",4,2
000000000000000000000000000001a1,00000000000000000000000000000007,00000000000000000000000000000007,QT-SIM-007-2886,sim_openid_007_148978,leave_question,8,1782899337563,离开第10题,,,,,,
000000000000000000000000000001a2,00000000000000000000000000000007,00000000000000000000000000000007,QT-SIM-007-2886,sim_openid_007_148978,submit_exam,-1,1782899338442,提交试卷,,,,,,
000000000000000000000000000001a3,00000000000000000000000000000008,00000000000000000000000000000008,QT-SIM-008-3593,sim_openid_008_921296,start_exam,-1,1782899859321,开始答题,,,,,,
000000000000000000000000000001a4,00000000000000000000000000000008,00000000000000000000000000000008,QT-SIM-008-3593,sim_openid_008_921296,enter_exam,-1,1782899859370,进入试卷页面,,,,,,
000000000000000000000000000001a5,00000000000000000000000000000008,00000000000000000000000000000008,QT-SIM-008-3593,sim_openid_008_921296,enter_question,1,1782899860773,进入第1题,sorting,,,,,
000000000000000000000000000001a6,00000000000000000000000000000008,00000000000000000000000000000008,QT-SIM-008-3593,sim_openid_008_921296,change_sorting_option,1,1782899874408,"拖动B(2→4)，A,B,C,D → A,C,D,B",sorting,"""A,B,C,D""","""A,C,D,B""","""B""",2,4
000000000000000000000000000001a7,00000000000000000000000000000008,00000000000000000000000000000008,QT-SIM-008-3593,sim_openid_008_921296,change_sorting_option,1,1782899879318,"拖动B(4→3)，A,C,D,B → A,C,B,D",sorting,"""A,C,D,B""","""A,C,B,D""","""B""",4,3
000000000000000000000000000001a8,00000000000000000000000000000008,00000000000000000000000000000008,QT-SIM-008-3593,sim_openid_008_921296,change_sorting_option,1,1782899880952,"拖动C(2→1)，A,C,B,D → C,A,B,D",sorting,"""A,C,B,D""","""C,A,B,D""","""C""",2,1
000000000000000000000000000001a9,00000000000000000000000000000008,00000000000000000000000000000008,QT-SIM-008-3593,sim_openid_008_921296,leave_question,1,1782899891221,离开第1题,,,,,,
000000000000000000000000000001aa,00000000000000000000000000000008,00000000000000000000000000000008,QT-SIM-008-3593,sim_openid_008_921296,enter_question,4,1782899893784,进入第2题,sorting,,,,,
000000000000000000000000000001ab,00000000000000000000000000000008,00000000000000000000000000000008,QT-SIM-008-3593,sim_openid_008_921296,change_sorting_option,4,1782899911852,"拖动B(2→4)，A,B,C,D → A,C,D,B",sorting,"""A,B,C,D""","""A,C,D,B""","""B""",2,4
000000000000000000000000000001ac,00000000000000000000000000000008,00000000000000000000000000000008,QT-SIM-008-3593,sim_openid_008_921296,change_sorting_option,4,1782899916524,"拖动D(3→1)，A,C,D,B → D,A,C,B",sorting,"""A,C,D,B""","""D,A,C,B""","""D""",3,1
000000000000000000000000000001ad,00000000000000000000000000000008,00000000000000000000000000000008,QT-SIM-008-3593,sim_openid_008_921296,change_sorting_option,4,1782899919921,"拖动A(2→3)，D,A,C,B → D,C,A,B",sorting,"""D,A,C,B""","""D,C,A,B""","""A""",2,3
000000000000000000000000000001ae,00000000000000000000000000000008,00000000000000000000000000000008,QT-SIM-008-3593,sim_openid_008_921296,leave_question,4,1782899923779,离开第2题,,,,,,
000000000000000000000000000001af,00000000000000000000000000000008,00000000000000000000000000000008,QT-SIM-008-3593,sim_openid_008_921296,enter_question,6,1782899925381,进入第3题,sorting,,,,,
000000000000000000000000000001b0,00000000000000000000000000000008,00000000000000000000000000000008,QT-SIM-008-3593,sim_openid_008_921296,change_sorting_option,6,1782899943895,"拖动D(4→3)，A,B,C,D → A,B,D,C",sorting,"""A,B,C,D""","""A,B,D,C""","""D""",4,3
000000000000000000000000000001b1,00000000000000000000000000000008,00000000000000000000000000000008,QT-SIM-008-3593,sim_openid_008_921296,change_sorting_option,6,1782899947839,"拖动C(4→2)，A,B,D,C → A,C,B,D",sorting,"""A,B,D,C""","""A,C,B,D""","""C""",4,2
000000000000000000000000000001b2,00000000000000000000000000000008,00000000000000000000000000000008,QT-SIM-008-3593,sim_openid_008_921296,change_sorting_option,6,1782899953590,"拖动A(1→4)，A,C,B,D → C,B,D,A",sorting,"""A,C,B,D""","""C,B,D,A""","""A""",1,4
000000000000000000000000000001b3,00000000000000000000000000000008,00000000000000000000000000000008,QT-SIM-008-3593,sim_openid_008_921296,change_sorting_option,6,1782899956298,"拖动B(2→1)，C,B,D,A → B,C,D,A",sorting,"""C,B,D,A""","""B,C,D,A""","""B""",2,1
000000000000000000000000000001b4,00000000000000000000000000000008,00000000000000000000000000000008,QT-SIM-008-3593,sim_openid_008_921296,leave_question,6,1782899961680,离开第3题,,,,,,
000000000000000000000000000001b5,00000000000000000000000000000008,00000000000000000000000000000008,QT-SIM-008-3593,sim_openid_008_921296,enter_question,2,1782899963911,进入第4题,sorting,,,,,
000000000000000000000000000001b6,00000000000000000000000000000008,00000000000000000000000000000008,QT-SIM-008-3593,sim_openid_008_921296,change_sorting_option,2,1782899987891,"拖动B(2→3)，A,B,C,D → A,C,B,D",sorting,"""A,B,C,D""","""A,C,B,D""","""B""",2,3
000000000000000000000000000001b7,00000000000000000000000000000008,00000000000000000000000000000008,QT-SIM-008-3593,sim_openid_008_921296,change_sorting_option,2,1782899992928,"拖动D(4→3)，A,C,B,D → A,C,D,B",sorting,"""A,C,B,D""","""A,C,D,B""","""D""",4,3
000000000000000000000000000001b8,00000000000000000000000000000008,00000000000000000000000000000008,QT-SIM-008-3593,sim_openid_008_921296,change_sorting_option,2,1782899995603,"拖动D(3→4)，A,C,D,B → A,C,B,D",sorting,"""A,C,D,B""","""A,C,B,D""","""D""",3,4
000000000000000000000000000001b9,00000000000000000000000000000008,00000000000000000000000000000008,QT-SIM-008-3593,sim_openid_008_921296,leave_question,2,1782900003000,离开第4题,,,,,,
000000000000000000000000000001ba,00000000000000000000000000000008,00000000000000000000000000000008,QT-SIM-008-3593,sim_openid_008_921296,enter_question,5,1782900006433,进入第5题,sorting,,,,,
000000000000000000000000000001bb,00000000000000000000000000000008,00000000000000000000000000000008,QT-SIM-008-3593,sim_openid_008_921296,change_sorting_option,5,1782900020275,"拖动B(2→1)，A,B,C,D → B,A,C,D",sorting,"""A,B,C,D""","""B,A,C,D""","""B""",2,1
000000000000000000000000000001bc,00000000000000000000000000000008,00000000000000000000000000000008,QT-SIM-008-3593,sim_openid_008_921296,change_sorting_option,5,1782900025024,"拖动C(3→4)，B,A,C,D → B,A,D,C",sorting,"""B,A,C,D""","""B,A,D,C""","""C""",3,4
000000000000000000000000000001bd,00000000000000000000000000000008,00000000000000000000000000000008,QT-SIM-008-3593,sim_openid_008_921296,change_sorting_option,5,1782900027529,"拖动D(3→2)，B,A,D,C → B,D,A,C",sorting,"""B,A,D,C""","""B,D,A,C""","""D""",3,2
000000000000000000000000000001be,00000000000000000000000000000008,00000000000000000000000000000008,QT-SIM-008-3593,sim_openid_008_921296,change_sorting_option,5,1782900031066,"拖动A(3→2)，B,D,A,C → B,A,D,C",sorting,"""B,D,A,C""","""B,A,D,C""","""A""",3,2
000000000000000000000000000001bf,00000000000000000000000000000008,00000000000000000000000000000008,QT-SIM-008-3593,sim_openid_008_921296,leave_question,5,1782900037228,离开第5题,,,,,,
000000000000000000000000000001c0,00000000000000000000000000000008,00000000000000000000000000000008,QT-SIM-008-3593,sim_openid_008_921296,enter_question,3,1782900039802,进入第6题,sorting,,,,,
000000000000000000000000000001c1,00000000000000000000000000000008,00000000000000000000000000000008,QT-SIM-008-3593,sim_openid_008_921296,change_sorting_option,3,1782900062107,"拖动A(1→3)，A,B,C,D → B,C,A,D",sorting,"""A,B,C,D""","""B,C,A,D""","""A""",1,3
000000000000000000000000000001c2,00000000000000000000000000000008,00000000000000000000000000000008,QT-SIM-008-3593,sim_openid_008_921296,change_sorting_option,3,1782900065705,"拖动B(1→3)，B,C,A,D → C,A,B,D",sorting,"""B,C,A,D""","""C,A,B,D""","""B""",1,3
000000000000000000000000000001c3,00000000000000000000000000000008,00000000000000000000000000000008,QT-SIM-008-3593,sim_openid_008_921296,change_sorting_option,3,1782900069704,"拖动A(2→3)，C,A,B,D → C,B,A,D",sorting,"""C,A,B,D""","""C,B,A,D""","""A""",2,3
000000000000000000000000000001c4,00000000000000000000000000000008,00000000000000000000000000000008,QT-SIM-008-3593,sim_openid_008_921296,change_sorting_option,3,1782900073385,"拖动C(1→2)，C,B,A,D → B,C,A,D",sorting,"""C,B,A,D""","""B,C,A,D""","""C""",1,2
000000000000000000000000000001c5,00000000000000000000000000000008,00000000000000000000000000000008,QT-SIM-008-3593,sim_openid_008_921296,leave_question,3,1782900080571,离开第6题,,,,,,
000000000000000000000000000001c6,00000000000000000000000000000008,00000000000000000000000000000008,QT-SIM-008-3593,sim_openid_008_921296,enter_question,9,1782900082579,进入第7题,sorting,,,,,
000000000000000000000000000001c7,00000000000000000000000000000008,00000000000000000000000000000008,QT-SIM-008-3593,sim_openid_008_921296,change_sorting_option,9,1782900107415,"拖动D(4→1)，A,B,C,D → D,A,B,C",sorting,"""A,B,C,D""","""D,A,B,C""","""D""",4,1
000000000000000000000000000001c8,00000000000000000000000000000008,00000000000000000000000000000008,QT-SIM-008-3593,sim_openid_008_921296,change_sorting_option,9,1782900112374,"拖动B(3→4)，D,A,B,C → D,A,C,B",sorting,"""D,A,B,C""","""D,A,C,B""","""B""",3,4
000000000000000000000000000001c9,00000000000000000000000000000008,00000000000000000000000000000008,QT-SIM-008-3593,sim_openid_008_921296,leave_question,9,1782900119262,离开第7题,,,,,,
000000000000000000000000000001ca,00000000000000000000000000000008,00000000000000000000000000000008,QT-SIM-008-3593,sim_openid_008_921296,enter_question,10,1782900122412,进入第8题,sorting,,,,,
000000000000000000000000000001cb,00000000000000000000000000000008,00000000000000000000000000000008,QT-SIM-008-3593,sim_openid_008_921296,change_sorting_option,10,1782900146646,"拖动D(4→3)，A,B,C,D → A,B,D,C",sorting,"""A,B,C,D""","""A,B,D,C""","""D""",4,3
000000000000000000000000000001cc,00000000000000000000000000000008,00000000000000000000000000000008,QT-SIM-008-3593,sim_openid_008_921296,change_sorting_option,10,1782900148218,"拖动A(1→2)，A,B,D,C → B,A,D,C",sorting,"""A,B,D,C""","""B,A,D,C""","""A""",1,2
000000000000000000000000000001cd,00000000000000000000000000000008,00000000000000000000000000000008,QT-SIM-008-3593,sim_openid_008_921296,leave_question,10,1782900150258,离开第8题,,,,,,
000000000000000000000000000001ce,00000000000000000000000000000008,00000000000000000000000000000008,QT-SIM-008-3593,sim_openid_008_921296,enter_question,7,1782900153492,进入第9题,sorting,,,,,
000000000000000000000000000001cf,00000000000000000000000000000008,00000000000000000000000000000008,QT-SIM-008-3593,sim_openid_008_921296,change_sorting_option,7,1782900179011,"拖动C(3→4)，A,B,C,D → A,B,D,C",sorting,"""A,B,C,D""","""A,B,D,C""","""C""",3,4
000000000000000000000000000001d0,00000000000000000000000000000008,00000000000000000000000000000008,QT-SIM-008-3593,sim_openid_008_921296,change_sorting_option,7,1782900184104,"拖动A(1→3)，A,B,D,C → B,D,A,C",sorting,"""A,B,D,C""","""B,D,A,C""","""A""",1,3
000000000000000000000000000001d1,00000000000000000000000000000008,00000000000000000000000000000008,QT-SIM-008-3593,sim_openid_008_921296,change_sorting_option,7,1782900187612,"拖动B(1→2)，B,D,A,C → D,B,A,C",sorting,"""B,D,A,C""","""D,B,A,C""","""B""",1,2
000000000000000000000000000001d2,00000000000000000000000000000008,00000000000000000000000000000008,QT-SIM-008-3593,sim_openid_008_921296,leave_question,7,1782900191599,离开第9题,,,,,,
000000000000000000000000000001d3,00000000000000000000000000000008,00000000000000000000000000000008,QT-SIM-008-3593,sim_openid_008_921296,enter_question,8,1782900192975,进入第10题,sorting,,,,,
000000000000000000000000000001d4,00000000000000000000000000000008,00000000000000000000000000000008,QT-SIM-008-3593,sim_openid_008_921296,change_sorting_option,8,1782900199388,"拖动C(3→4)，A,B,C,D → A,B,D,C",sorting,"""A,B,C,D""","""A,B,D,C""","""C""",3,4
000000000000000000000000000001d5,00000000000000000000000000000008,00000000000000000000000000000008,QT-SIM-008-3593,sim_openid_008_921296,change_sorting_option,8,1782900202843,"拖动B(2→3)，A,B,D,C → A,D,B,C",sorting,"""A,B,D,C""","""A,D,B,C""","""B""",2,3
000000000000000000000000000001d6,00000000000000000000000000000008,00000000000000000000000000000008,QT-SIM-008-3593,sim_openid_008_921296,change_sorting_option,8,1782900204845,"拖动D(2→1)，A,D,B,C → D,A,B,C",sorting,"""A,D,B,C""","""D,A,B,C""","""D""",2,1
000000000000000000000000000001d7,00000000000000000000000000000008,00000000000000000000000000000008,QT-SIM-008-3593,sim_openid_008_921296,leave_question,8,1782900212506,离开第10题,,,,,,
000000000000000000000000000001d8,00000000000000000000000000000008,00000000000000000000000000000008,QT-SIM-008-3593,sim_openid_008_921296,submit_exam,-1,1782900213033,提交试卷,,,,,,
000000000000000000000000000001d9,00000000000000000000000000000009,00000000000000000000000000000009,QT-SIM-009-6386,sim_openid_009_149687,start_exam,-1,1782900757782,开始答题,,,,,,
000000000000000000000000000001da,00000000000000000000000000000009,00000000000000000000000000000009,QT-SIM-009-6386,sim_openid_009_149687,enter_exam,-1,1782900757805,进入试卷页面,,,,,,
000000000000000000000000000001db,00000000000000000000000000000009,00000000000000000000000000000009,QT-SIM-009-6386,sim_openid_009_149687,enter_question,1,1782900758951,进入第1题,sorting,,,,,
000000000000000000000000000001dc,00000000000000000000000000000009,00000000000000000000000000000009,QT-SIM-009-6386,sim_openid_009_149687,change_sorting_option,1,1782900780847,"拖动D(4→1)，A,B,C,D → D,A,B,C",sorting,"""A,B,C,D""","""D,A,B,C""","""D""",4,1
000000000000000000000000000001dd,00000000000000000000000000000009,00000000000000000000000000000009,QT-SIM-009-6386,sim_openid_009_149687,change_sorting_option,1,1782900785172,"拖动D(1→4)，D,A,B,C → A,B,C,D",sorting,"""D,A,B,C""","""A,B,C,D""","""D""",1,4
000000000000000000000000000001de,00000000000000000000000000000009,00000000000000000000000000000009,QT-SIM-009-6386,sim_openid_009_149687,change_sorting_option,1,1782900790339,"拖动A(1→4)，A,B,C,D → B,C,D,A",sorting,"""A,B,C,D""","""B,C,D,A""","""A""",1,4
000000000000000000000000000001df,00000000000000000000000000000009,00000000000000000000000000000009,QT-SIM-009-6386,sim_openid_009_149687,change_sorting_option,1,1782900791590,"拖动B(1→2)，B,C,D,A → C,B,D,A",sorting,"""B,C,D,A""","""C,B,D,A""","""B""",1,2
000000000000000000000000000001e0,00000000000000000000000000000009,00000000000000000000000000000009,QT-SIM-009-6386,sim_openid_009_149687,change_sorting_option,1,1782900795288,"拖动D(3→1)，C,B,D,A → D,C,B,A",sorting,"""C,B,D,A""","""D,C,B,A""","""D""",3,1
000000000000000000000000000001e1,00000000000000000000000000000009,00000000000000000000000000000009,QT-SIM-009-6386,sim_openid_009_149687,change_sorting_option,1,1782900801382,"拖动B(3→2)，D,C,B,A → D,B,C,A",sorting,"""D,C,B,A""","""D,B,C,A""","""B""",3,2
000000000000000000000000000001e2,00000000000000000000000000000009,00000000000000000000000000000009,QT-SIM-009-6386,sim_openid_009_149687,leave_question,1,1782900806550,离开第1题,,,,,,
000000000000000000000000000001e3,00000000000000000000000000000009,00000000000000000000000000000009,QT-SIM-009-6386,sim_openid_009_149687,enter_question,4,1782900809213,进入第2题,sorting,,,,,
000000000000000000000000000001e4,00000000000000000000000000000009,00000000000000000000000000000009,QT-SIM-009-6386,sim_openid_009_149687,change_sorting_option,4,1782900837786,"拖动D(4→1)，A,B,C,D → D,A,B,C",sorting,"""A,B,C,D""","""D,A,B,C""","""D""",4,1
000000000000000000000000000001e5,00000000000000000000000000000009,00000000000000000000000000000009,QT-SIM-009-6386,sim_openid_009_149687,change_sorting_option,4,1782900843067,"拖动D(1→4)，D,A,B,C → A,B,C,D",sorting,"""D,A,B,C""","""A,B,C,D""","""D""",1,4
000000000000000000000000000001e6,00000000000000000000000000000009,00000000000000000000000000000009,QT-SIM-009-6386,sim_openid_009_149687,change_sorting_option,4,1782900846846,"拖动A(1→4)，A,B,C,D → B,C,D,A",sorting,"""A,B,C,D""","""B,C,D,A""","""A""",1,4
000000000000000000000000000001e7,00000000000000000000000000000009,00000000000000000000000000000009,QT-SIM-009-6386,sim_openid_009_149687,change_sorting_option,4,1782900851884,"拖动D(3→4)，B,C,D,A → B,C,A,D",sorting,"""B,C,D,A""","""B,C,A,D""","""D""",3,4
000000000000000000000000000001e8,00000000000000000000000000000009,00000000000000000000000000000009,QT-SIM-009-6386,sim_openid_009_149687,change_sorting_option,4,1782900855040,"拖动C(2→3)，B,C,A,D → B,A,C,D",sorting,"""B,C,A,D""","""B,A,C,D""","""C""",2,3
000000000000000000000000000001e9,00000000000000000000000000000009,00000000000000000000000000000009,QT-SIM-009-6386,sim_openid_009_149687,change_sorting_option,4,1782900857952,"拖动A(2→1)，B,A,C,D → A,B,C,D",sorting,"""B,A,C,D""","""A,B,C,D""","""A""",2,1
000000000000000000000000000001ea,00000000000000000000000000000009,00000000000000000000000000000009,QT-SIM-009-6386,sim_openid_009_149687,leave_question,4,1782900868270,离开第2题,,,,,,
000000000000000000000000000001eb,00000000000000000000000000000009,00000000000000000000000000000009,QT-SIM-009-6386,sim_openid_009_149687,enter_question,6,1782900871152,进入第3题,sorting,,,,,
000000000000000000000000000001ec,00000000000000000000000000000009,00000000000000000000000000000009,QT-SIM-009-6386,sim_openid_009_149687,change_sorting_option,6,1782900879039,"拖动C(3→1)，A,B,C,D → C,A,B,D",sorting,"""A,B,C,D""","""C,A,B,D""","""C""",3,1
000000000000000000000000000001ed,00000000000000000000000000000009,00000000000000000000000000000009,QT-SIM-009-6386,sim_openid_009_149687,change_sorting_option,6,1782900885385,"拖动B(3→4)，C,A,B,D → C,A,D,B",sorting,"""C,A,B,D""","""C,A,D,B""","""B""",3,4
000000000000000000000000000001ee,00000000000000000000000000000009,00000000000000000000000000000009,QT-SIM-009-6386,sim_openid_009_149687,change_sorting_option,6,1782900889133,"拖动D(3→4)，C,A,D,B → C,A,B,D",sorting,"""C,A,D,B""","""C,A,B,D""","""D""",3,4
000000000000000000000000000001ef,00000000000000000000000000000009,00000000000000000000000000000009,QT-SIM-009-6386,sim_openid_009_149687,change_sorting_option,6,1782900896440,"拖动C(1→3)，C,A,B,D → A,B,C,D",sorting,"""C,A,B,D""","""A,B,C,D""","""C""",1,3
000000000000000000000000000001f0,00000000000000000000000000000009,00000000000000000000000000000009,QT-SIM-009-6386,sim_openid_009_149687,change_sorting_option,6,1782900900921,"拖动B(2→4)，A,B,C,D → A,C,D,B",sorting,"""A,B,C,D""","""A,C,D,B""","""B""",2,4
000000000000000000000000000001f1,00000000000000000000000000000009,00000000000000000000000000000009,QT-SIM-009-6386,sim_openid_009_149687,change_sorting_option,6,1782900906688,"拖动C(2→1)，A,C,D,B → C,A,D,B",sorting,"""A,C,D,B""","""C,A,D,B""","""C""",2,1
000000000000000000000000000001f2,00000000000000000000000000000009,00000000000000000000000000000009,QT-SIM-009-6386,sim_openid_009_149687,leave_question,6,1782900911674,离开第3题,,,,,,
000000000000000000000000000001f3,00000000000000000000000000000009,00000000000000000000000000000009,QT-SIM-009-6386,sim_openid_009_149687,enter_question,2,1782900913895,进入第4题,sorting,,,,,
000000000000000000000000000001f4,00000000000000000000000000000009,00000000000000000000000000000009,QT-SIM-009-6386,sim_openid_009_149687,change_sorting_option,2,1782900939083,"拖动C(3→2)，A,B,C,D → A,C,B,D",sorting,"""A,B,C,D""","""A,C,B,D""","""C""",3,2
000000000000000000000000000001f5,00000000000000000000000000000009,00000000000000000000000000000009,QT-SIM-009-6386,sim_openid_009_149687,change_sorting_option,2,1782900945214,"拖动D(4→1)，A,C,B,D → D,A,C,B",sorting,"""A,C,B,D""","""D,A,C,B""","""D""",4,1
000000000000000000000000000001f6,00000000000000000000000000000009,00000000000000000000000000000009,QT-SIM-009-6386,sim_openid_009_149687,change_sorting_option,2,1782900947674,"拖动B(4→2)，D,A,C,B → D,B,A,C",sorting,"""D,A,C,B""","""D,B,A,C""","""B""",4,2
000000000000000000000000000001f7,00000000000000000000000000000009,00000000000000000000000000000009,QT-SIM-009-6386,sim_openid_009_149687,change_sorting_option,2,1782900952152,"拖动A(3→2)，D,B,A,C → D,A,B,C",sorting,"""D,B,A,C""","""D,A,B,C""","""A""",3,2
000000000000000000000000000001f8,00000000000000000000000000000009,00000000000000000000000000000009,QT-SIM-009-6386,sim_openid_009_149687,change_sorting_option,2,1782900957923,"拖动B(3→4)，D,A,B,C → D,A,C,B",sorting,"""D,A,B,C""","""D,A,C,B""","""B""",3,4
000000000000000000000000000001f9,00000000000000000000000000000009,00000000000000000000000000000009,QT-SIM-009-6386,sim_openid_009_149687,leave_question,2,1782900965040,离开第4题,,,,,,
000000000000000000000000000001fa,00000000000000000000000000000009,00000000000000000000000000000009,QT-SIM-009-6386,sim_openid_009_149687,enter_question,5,1782900968045,进入第5题,sorting,,,,,
000000000000000000000000000001fb,00000000000000000000000000000009,00000000000000000000000000000009,QT-SIM-009-6386,sim_openid_009_149687,change_sorting_option,5,1782900988140,"拖动C(3→4)，A,B,C,D → A,B,D,C",sorting,"""A,B,C,D""","""A,B,D,C""","""C""",3,4
000000000000000000000000000001fc,00000000000000000000000000000009,00000000000000000000000000000009,QT-SIM-009-6386,sim_openid_009_149687,change_sorting_option,5,1782900994073,"拖动C(4→3)，A,B,D,C → A,B,C,D",sorting,"""A,B,D,C""","""A,B,C,D""","""C""",4,3
000000000000000000000000000001fd,00000000000000000000000000000009,00000000000000000000000000000009,QT-SIM-009-6386,sim_openid_009_149687,change_sorting_option,5,1782901000928,"拖动B(2→1)，A,B,C,D → B,A,C,D",sorting,"""A,B,C,D""","""B,A,C,D""","""B""",2,1
000000000000000000000000000001fe,00000000000000000000000000000009,00000000000000000000000000000009,QT-SIM-009-6386,sim_openid_009_149687,change_sorting_option,5,1782901003775,"拖动A(2→4)，B,A,C,D → B,C,D,A",sorting,"""B,A,C,D""","""B,C,D,A""","""A""",2,4
000000000000000000000000000001ff,00000000000000000000000000000009,00000000000000000000000000000009,QT-SIM-009-6386,sim_openid_009_149687,change_sorting_option,5,1782901006664,"拖动B(1→2)，B,C,D,A → C,B,D,A",sorting,"""B,C,D,A""","""C,B,D,A""","""B""",1,2
00000000000000000000000000000200,00000000000000000000000000000009,00000000000000000000000000000009,QT-SIM-009-6386,sim_openid_009_149687,change_sorting_option,5,1782901008292,"拖动C(1→3)，C,B,D,A → B,D,C,A",sorting,"""C,B,D,A""","""B,D,C,A""","""C""",1,3
00000000000000000000000000000201,00000000000000000000000000000009,00000000000000000000000000000009,QT-SIM-009-6386,sim_openid_009_149687,change_sorting_option,5,1782901014243,"拖动B(1→2)，B,D,C,A → D,B,C,A",sorting,"""B,D,C,A""","""D,B,C,A""","""B""",1,2
00000000000000000000000000000202,00000000000000000000000000000009,00000000000000000000000000000009,QT-SIM-009-6386,sim_openid_009_149687,leave_question,5,1782901021808,离开第5题,,,,,,
00000000000000000000000000000203,00000000000000000000000000000009,00000000000000000000000000000009,QT-SIM-009-6386,sim_openid_009_149687,enter_question,3,1782901023970,进入第6题,sorting,,,,,
00000000000000000000000000000204,00000000000000000000000000000009,00000000000000000000000000000009,QT-SIM-009-6386,sim_openid_009_149687,change_sorting_option,3,1782901034111,"拖动A(1→2)，A,B,C,D → B,A,C,D",sorting,"""A,B,C,D""","""B,A,C,D""","""A""",1,2
00000000000000000000000000000205,00000000000000000000000000000009,00000000000000000000000000000009,QT-SIM-009-6386,sim_openid_009_149687,change_sorting_option,3,1782901037651,"拖动B(1→4)，B,A,C,D → A,C,D,B",sorting,"""B,A,C,D""","""A,C,D,B""","""B""",1,4
00000000000000000000000000000206,00000000000000000000000000000009,00000000000000000000000000000009,QT-SIM-009-6386,sim_openid_009_149687,change_sorting_option,3,1782901043263,"拖动D(3→1)，A,C,D,B → D,A,C,B",sorting,"""A,C,D,B""","""D,A,C,B""","""D""",3,1
00000000000000000000000000000207,00000000000000000000000000000009,00000000000000000000000000000009,QT-SIM-009-6386,sim_openid_009_149687,change_sorting_option,3,1782901046551,"拖动A(2→3)，D,A,C,B → D,C,A,B",sorting,"""D,A,C,B""","""D,C,A,B""","""A""",2,3
00000000000000000000000000000208,00000000000000000000000000000009,00000000000000000000000000000009,QT-SIM-009-6386,sim_openid_009_149687,change_sorting_option,3,1782901048692,"拖动A(3→4)，D,C,A,B → D,C,B,A",sorting,"""D,C,A,B""","""D,C,B,A""","""A""",3,4
00000000000000000000000000000209,00000000000000000000000000000009,00000000000000000000000000000009,QT-SIM-009-6386,sim_openid_009_149687,change_sorting_option,3,1782901050662,"拖动A(4→2)，D,C,B,A → D,A,C,B",sorting,"""D,C,B,A""","""D,A,C,B""","""A""",4,2
0000000000000000000000000000020a,00000000000000000000000000000009,00000000000000000000000000000009,QT-SIM-009-6386,sim_openid_009_149687,leave_question,3,1782901060181,离开第6题,,,,,,
0000000000000000000000000000020b,00000000000000000000000000000009,00000000000000000000000000000009,QT-SIM-009-6386,sim_openid_009_149687,enter_question,9,1782901063414,进入第7题,sorting,,,,,
0000000000000000000000000000020c,00000000000000000000000000000009,00000000000000000000000000000009,QT-SIM-009-6386,sim_openid_009_149687,change_sorting_option,9,1782901093074,"拖动C(3→4)，A,B,C,D → A,B,D,C",sorting,"""A,B,C,D""","""A,B,D,C""","""C""",3,4
0000000000000000000000000000020d,00000000000000000000000000000009,00000000000000000000000000000009,QT-SIM-009-6386,sim_openid_009_149687,change_sorting_option,9,1782901099917,"拖动D(3→2)，A,B,D,C → A,D,B,C",sorting,"""A,B,D,C""","""A,D,B,C""","""D""",3,2
0000000000000000000000000000020e,00000000000000000000000000000009,00000000000000000000000000000009,QT-SIM-009-6386,sim_openid_009_149687,change_sorting_option,9,1782901105839,"拖动D(2→1)，A,D,B,C → D,A,B,C",sorting,"""A,D,B,C""","""D,A,B,C""","""D""",2,1
0000000000000000000000000000020f,00000000000000000000000000000009,00000000000000000000000000000009,QT-SIM-009-6386,sim_openid_009_149687,change_sorting_option,9,1782901111489,"拖动A(2→1)，D,A,B,C → A,D,B,C",sorting,"""D,A,B,C""","""A,D,B,C""","""A""",2,1
00000000000000000000000000000210,00000000000000000000000000000009,00000000000000000000000000000009,QT-SIM-009-6386,sim_openid_009_149687,change_sorting_option,9,1782901119289,"拖动B(3→2)，A,D,B,C → A,B,D,C",sorting,"""A,D,B,C""","""A,B,D,C""","""B""",3,2
00000000000000000000000000000211,00000000000000000000000000000009,00000000000000000000000000000009,QT-SIM-009-6386,sim_openid_009_149687,change_sorting_option,9,1782901121737,"拖动D(3→2)，A,B,D,C → A,D,B,C",sorting,"""A,B,D,C""","""A,D,B,C""","""D""",3,2
00000000000000000000000000000212,00000000000000000000000000000009,00000000000000000000000000000009,QT-SIM-009-6386,sim_openid_009_149687,change_sorting_option,9,1782901128305,"拖动D(2→3)，A,D,B,C → A,B,D,C",sorting,"""A,D,B,C""","""A,B,D,C""","""D""",2,3
00000000000000000000000000000213,00000000000000000000000000000009,00000000000000000000000000000009,QT-SIM-009-6386,sim_openid_009_149687,leave_question,9,1782901135803,离开第7题,,,,,,
00000000000000000000000000000214,00000000000000000000000000000009,00000000000000000000000000000009,QT-SIM-009-6386,sim_openid_009_149687,enter_question,10,1782901137939,进入第8题,sorting,,,,,
00000000000000000000000000000215,00000000000000000000000000000009,00000000000000000000000000000009,QT-SIM-009-6386,sim_openid_009_149687,change_sorting_option,10,1782901146772,"拖动B(2→4)，A,B,C,D → A,C,D,B",sorting,"""A,B,C,D""","""A,C,D,B""","""B""",2,4
00000000000000000000000000000216,00000000000000000000000000000009,00000000000000000000000000000009,QT-SIM-009-6386,sim_openid_009_149687,change_sorting_option,10,1782901149906,"拖动C(2→3)，A,C,D,B → A,D,C,B",sorting,"""A,C,D,B""","""A,D,C,B""","""C""",2,3
00000000000000000000000000000217,00000000000000000000000000000009,00000000000000000000000000000009,QT-SIM-009-6386,sim_openid_009_149687,change_sorting_option,10,1782901152349,"拖动D(2→1)，A,D,C,B → D,A,C,B",sorting,"""A,D,C,B""","""D,A,C,B""","""D""",2,1
00000000000000000000000000000218,00000000000000000000000000000009,00000000000000000000000000000009,QT-SIM-009-6386,sim_openid_009_149687,change_sorting_option,10,1782901156542,"拖动B(4→3)，D,A,C,B → D,A,B,C",sorting,"""D,A,C,B""","""D,A,B,C""","""B""",4,3
00000000000000000000000000000219,00000000000000000000000000000009,00000000000000000000000000000009,QT-SIM-009-6386,sim_openid_009_149687,change_sorting_option,10,1782901161808,"拖动A(2→4)，D,A,B,C → D,B,C,A",sorting,"""D,A,B,C""","""D,B,C,A""","""A""",2,4
0000000000000000000000000000021a,00000000000000000000000000000009,00000000000000000000000000000009,QT-SIM-009-6386,sim_openid_009_149687,change_sorting_option,10,1782901166870,"拖动D(1→3)，D,B,C,A → B,C,D,A",sorting,"""D,B,C,A""","""B,C,D,A""","""D""",1,3
0000000000000000000000000000021b,00000000000000000000000000000009,00000000000000000000000000000009,QT-SIM-009-6386,sim_openid_009_149687,change_sorting_option,10,1782901172201,"拖动B(1→4)，B,C,D,A → C,D,A,B",sorting,"""B,C,D,A""","""C,D,A,B""","""B""",1,4
0000000000000000000000000000021c,00000000000000000000000000000009,00000000000000000000000000000009,QT-SIM-009-6386,sim_openid_009_149687,change_sorting_option,10,1782901176826,"拖动A(3→2)，C,D,A,B → C,A,D,B",sorting,"""C,D,A,B""","""C,A,D,B""","""A""",3,2
0000000000000000000000000000021d,00000000000000000000000000000009,00000000000000000000000000000009,QT-SIM-009-6386,sim_openid_009_149687,leave_question,10,1782901181570,离开第8题,,,,,,
0000000000000000000000000000021e,00000000000000000000000000000009,00000000000000000000000000000009,QT-SIM-009-6386,sim_openid_009_149687,enter_question,7,1782901184140,进入第9题,sorting,,,,,
0000000000000000000000000000021f,00000000000000000000000000000009,00000000000000000000000000000009,QT-SIM-009-6386,sim_openid_009_149687,change_sorting_option,7,1782901196843,"拖动A(1→3)，A,B,C,D → B,C,A,D",sorting,"""A,B,C,D""","""B,C,A,D""","""A""",1,3
00000000000000000000000000000220,00000000000000000000000000000009,00000000000000000000000000000009,QT-SIM-009-6386,sim_openid_009_149687,change_sorting_option,7,1782901199908,"拖动D(4→2)，B,C,A,D → B,D,C,A",sorting,"""B,C,A,D""","""B,D,C,A""","""D""",4,2
00000000000000000000000000000221,00000000000000000000000000000009,00000000000000000000000000000009,QT-SIM-009-6386,sim_openid_009_149687,change_sorting_option,7,1782901203897,"拖动A(4→1)，B,D,C,A → A,B,D,C",sorting,"""B,D,C,A""","""A,B,D,C""","""A""",4,1
00000000000000000000000000000222,00000000000000000000000000000009,00000000000000000000000000000009,QT-SIM-009-6386,sim_openid_009_149687,change_sorting_option,7,1782901206814,"拖动B(2→4)，A,B,D,C → A,D,C,B",sorting,"""A,B,D,C""","""A,D,C,B""","""B""",2,4
00000000000000000000000000000223,00000000000000000000000000000009,00000000000000000000000000000009,QT-SIM-009-6386,sim_openid_009_149687,leave_question,7,1782901216584,离开第9题,,,,,,
00000000000000000000000000000224,00000000000000000000000000000009,00000000000000000000000000000009,QT-SIM-009-6386,sim_openid_009_149687,enter_question,8,1782901219562,进入第10题,sorting,,,,,
00000000000000000000000000000225,00000000000000000000000000000009,00000000000000000000000000000009,QT-SIM-009-6386,sim_openid_009_149687,change_sorting_option,8,1782901233545,"拖动D(4→2)，A,B,C,D → A,D,B,C",sorting,"""A,B,C,D""","""A,D,B,C""","""D""",4,2
00000000000000000000000000000226,00000000000000000000000000000009,00000000000000000000000000000009,QT-SIM-009-6386,sim_openid_009_149687,change_sorting_option,8,1782901239102,"拖动A(1→3)，A,D,B,C → D,B,A,C",sorting,"""A,D,B,C""","""D,B,A,C""","""A""",1,3
00000000000000000000000000000227,00000000000000000000000000000009,00000000000000000000000000000009,QT-SIM-009-6386,sim_openid_009_149687,change_sorting_option,8,1782901240676,"拖动B(2→4)，D,B,A,C → D,A,C,B",sorting,"""D,B,A,C""","""D,A,C,B""","""B""",2,4
00000000000000000000000000000228,00000000000000000000000000000009,00000000000000000000000000000009,QT-SIM-009-6386,sim_openid_009_149687,change_sorting_option,8,1782901242885,"拖动C(3→2)，D,A,C,B → D,C,A,B",sorting,"""D,A,C,B""","""D,C,A,B""","""C""",3,2
00000000000000000000000000000229,00000000000000000000000000000009,00000000000000000000000000000009,QT-SIM-009-6386,sim_openid_009_149687,change_sorting_option,8,1782901249234,"拖动A(3→4)，D,C,A,B → D,C,B,A",sorting,"""D,C,A,B""","""D,C,B,A""","""A""",3,4
0000000000000000000000000000022a,00000000000000000000000000000009,00000000000000000000000000000009,QT-SIM-009-6386,sim_openid_009_149687,change_sorting_option,8,1782901255024,"拖动D(1→3)，D,C,B,A → C,B,D,A",sorting,"""D,C,B,A""","""C,B,D,A""","""D""",1,3
0000000000000000000000000000022b,00000000000000000000000000000009,00000000000000000000000000000009,QT-SIM-009-6386,sim_openid_009_149687,change_sorting_option,8,1782901258727,"拖动B(2→1)，C,B,D,A → B,C,D,A",sorting,"""C,B,D,A""","""B,C,D,A""","""B""",2,1
0000000000000000000000000000022c,00000000000000000000000000000009,00000000000000000000000000000009,QT-SIM-009-6386,sim_openid_009_149687,leave_question,8,1782901266505,离开第10题,,,,,,
0000000000000000000000000000022d,00000000000000000000000000000009,00000000000000000000000000000009,QT-SIM-009-6386,sim_openid_009_149687,submit_exam,-1,1782901266919,提交试卷,,,,,,
0000000000000000000000000000022e,0000000000000000000000000000000a,0000000000000000000000000000000a,QT-SIM-010-4775,sim_openid_010_681499,start_exam,-1,1782901656842,开始答题,,,,,,
0000000000000000000000000000022f,0000000000000000000000000000000a,0000000000000000000000000000000a,QT-SIM-010-4775,sim_openid_010_681499,enter_exam,-1,1782901656894,进入试卷页面,,,,,,
00000000000000000000000000000230,0000000000000000000000000000000a,0000000000000000000000000000000a,QT-SIM-010-4775,sim_openid_010_681499,enter_question,1,1782901659660,进入第1题,sorting,,,,,
00000000000000000000000000000231,0000000000000000000000000000000a,0000000000000000000000000000000a,QT-SIM-010-4775,sim_openid_010_681499,change_sorting_option,1,1782901677406,"拖动C(3→1)，A,B,C,D → C,A,B,D",sorting,"""A,B,C,D""","""C,A,B,D""","""C""",3,1
00000000000000000000000000000232,0000000000000000000000000000000a,0000000000000000000000000000000a,QT-SIM-010-4775,sim_openid_010_681499,change_sorting_option,1,1782901684621,"拖动A(2→1)，C,A,B,D → A,C,B,D",sorting,"""C,A,B,D""","""A,C,B,D""","""A""",2,1
00000000000000000000000000000233,0000000000000000000000000000000a,0000000000000000000000000000000a,QT-SIM-010-4775,sim_openid_010_681499,change_sorting_option,1,1782901687224,"拖动B(3→2)，A,C,B,D → A,B,C,D",sorting,"""A,C,B,D""","""A,B,C,D""","""B""",3,2
00000000000000000000000000000234,0000000000000000000000000000000a,0000000000000000000000000000000a,QT-SIM-010-4775,sim_openid_010_681499,change_sorting_option,1,1782901694849,"拖动D(4→1)，A,B,C,D → D,A,B,C",sorting,"""A,B,C,D""","""D,A,B,C""","""D""",4,1
00000000000000000000000000000235,0000000000000000000000000000000a,0000000000000000000000000000000a,QT-SIM-010-4775,sim_openid_010_681499,change_sorting_option,1,1782901696478,"拖动C(4→2)，D,A,B,C → D,C,A,B",sorting,"""D,A,B,C""","""D,C,A,B""","""C""",4,2
00000000000000000000000000000236,0000000000000000000000000000000a,0000000000000000000000000000000a,QT-SIM-010-4775,sim_openid_010_681499,change_sorting_option,1,1782901698584,"拖动B(4→2)，D,C,A,B → D,B,C,A",sorting,"""D,C,A,B""","""D,B,C,A""","""B""",4,2
00000000000000000000000000000237,0000000000000000000000000000000a,0000000000000000000000000000000a,QT-SIM-010-4775,sim_openid_010_681499,change_sorting_option,1,1782901700415,"拖动C(3→1)，D,B,C,A → C,D,B,A",sorting,"""D,B,C,A""","""C,D,B,A""","""C""",3,1
00000000000000000000000000000238,0000000000000000000000000000000a,0000000000000000000000000000000a,QT-SIM-010-4775,sim_openid_010_681499,change_sorting_option,1,1782901702041,"拖动B(3→2)，C,D,B,A → C,B,D,A",sorting,"""C,D,B,A""","""C,B,D,A""","""B""",3,2
00000000000000000000000000000239,0000000000000000000000000000000a,0000000000000000000000000000000a,QT-SIM-010-4775,sim_openid_010_681499,change_sorting_option,1,1782901706008,"拖动D(3→4)，C,B,D,A → C,B,A,D",sorting,"""C,B,D,A""","""C,B,A,D""","""D""",3,4
0000000000000000000000000000023a,0000000000000000000000000000000a,0000000000000000000000000000000a,QT-SIM-010-4775,sim_openid_010_681499,leave_question,1,1782901712744,离开第1题,,,,,,
0000000000000000000000000000023b,0000000000000000000000000000000a,0000000000000000000000000000000a,QT-SIM-010-4775,sim_openid_010_681499,enter_question,4,1782901715299,进入第2题,sorting,,,,,
0000000000000000000000000000023c,0000000000000000000000000000000a,0000000000000000000000000000000a,QT-SIM-010-4775,sim_openid_010_681499,change_sorting_option,4,1782901743824,"拖动D(4→3)，A,B,C,D → A,B,D,C",sorting,"""A,B,C,D""","""A,B,D,C""","""D""",4,3
0000000000000000000000000000023d,0000000000000000000000000000000a,0000000000000000000000000000000a,QT-SIM-010-4775,sim_openid_010_681499,change_sorting_option,4,1782901745490,"拖动A(1→4)，A,B,D,C → B,D,C,A",sorting,"""A,B,D,C""","""B,D,C,A""","""A""",1,4
0000000000000000000000000000023e,0000000000000000000000000000000a,0000000000000000000000000000000a,QT-SIM-010-4775,sim_openid_010_681499,change_sorting_option,4,1782901747279,"拖动D(2→3)，B,D,C,A → B,C,D,A",sorting,"""B,D,C,A""","""B,C,D,A""","""D""",2,3
0000000000000000000000000000023f,0000000000000000000000000000000a,0000000000000000000000000000000a,QT-SIM-010-4775,sim_openid_010_681499,change_sorting_option,4,1782901752677,"拖动B(1→3)，B,C,D,A → C,D,B,A",sorting,"""B,C,D,A""","""C,D,B,A""","""B""",1,3
00000000000000000000000000000240,0000000000000000000000000000000a,0000000000000000000000000000000a,QT-SIM-010-4775,sim_openid_010_681499,change_sorting_option,4,1782901755604,"拖动C(1→2)，C,D,B,A → D,C,B,A",sorting,"""C,D,B,A""","""D,C,B,A""","""C""",1,2
00000000000000000000000000000241,0000000000000000000000000000000a,0000000000000000000000000000000a,QT-SIM-010-4775,sim_openid_010_681499,change_sorting_option,4,1782901759254,"拖动D(1→3)，D,C,B,A → C,B,D,A",sorting,"""D,C,B,A""","""C,B,D,A""","""D""",1,3
00000000000000000000000000000242,0000000000000000000000000000000a,0000000000000000000000000000000a,QT-SIM-010-4775,sim_openid_010_681499,change_sorting_option,4,1782901763357,"拖动B(2→1)，C,B,D,A → B,C,D,A",sorting,"""C,B,D,A""","""B,C,D,A""","""B""",2,1
00000000000000000000000000000243,0000000000000000000000000000000a,0000000000000000000000000000000a,QT-SIM-010-4775,sim_openid_010_681499,leave_question,4,1782901769167,离开第2题,,,,,,
00000000000000000000000000000244,0000000000000000000000000000000a,0000000000000000000000000000000a,QT-SIM-010-4775,sim_openid_010_681499,enter_question,6,1782901772413,进入第3题,sorting,,,,,
00000000000000000000000000000245,0000000000000000000000000000000a,0000000000000000000000000000000a,QT-SIM-010-4775,sim_openid_010_681499,change_sorting_option,6,1782901797396,"拖动C(3→4)，A,B,C,D → A,B,D,C",sorting,"""A,B,C,D""","""A,B,D,C""","""C""",3,4
00000000000000000000000000000246,0000000000000000000000000000000a,0000000000000000000000000000000a,QT-SIM-010-4775,sim_openid_010_681499,change_sorting_option,6,1782901802037,"拖动C(4→1)，A,B,D,C → C,A,B,D",sorting,"""A,B,D,C""","""C,A,B,D""","""C""",4,1
00000000000000000000000000000247,0000000000000000000000000000000a,0000000000000000000000000000000a,QT-SIM-010-4775,sim_openid_010_681499,change_sorting_option,6,1782901804456,"拖动A(2→4)，C,A,B,D → C,B,D,A",sorting,"""C,A,B,D""","""C,B,D,A""","""A""",2,4
00000000000000000000000000000248,0000000000000000000000000000000a,0000000000000000000000000000000a,QT-SIM-010-4775,sim_openid_010_681499,change_sorting_option,6,1782901807866,"拖动C(1→4)，C,B,D,A → B,D,A,C",sorting,"""C,B,D,A""","""B,D,A,C""","""C""",1,4
00000000000000000000000000000249,0000000000000000000000000000000a,0000000000000000000000000000000a,QT-SIM-010-4775,sim_openid_010_681499,change_sorting_option,6,1782901815742,"拖动B(1→2)，B,D,A,C → D,B,A,C",sorting,"""B,D,A,C""","""D,B,A,C""","""B""",1,2
0000000000000000000000000000024a,0000000000000000000000000000000a,0000000000000000000000000000000a,QT-SIM-010-4775,sim_openid_010_681499,change_sorting_option,6,1782901817710,"拖动D(1→3)，D,B,A,C → B,A,D,C",sorting,"""D,B,A,C""","""B,A,D,C""","""D""",1,3
0000000000000000000000000000024b,0000000000000000000000000000000a,0000000000000000000000000000000a,QT-SIM-010-4775,sim_openid_010_681499,change_sorting_option,6,1782901819127,"拖动C(4→1)，B,A,D,C → C,B,A,D",sorting,"""B,A,D,C""","""C,B,A,D""","""C""",4,1
0000000000000000000000000000024c,0000000000000000000000000000000a,0000000000000000000000000000000a,QT-SIM-010-4775,sim_openid_010_681499,change_sorting_option,6,1782901825261,"拖动D(4→3)，C,B,A,D → C,B,D,A",sorting,"""C,B,A,D""","""C,B,D,A""","""D""",4,3
0000000000000000000000000000024d,0000000000000000000000000000000a,0000000000000000000000000000000a,QT-SIM-010-4775,sim_openid_010_681499,leave_question,6,1782901833778,离开第3题,,,,,,
0000000000000000000000000000024e,0000000000000000000000000000000a,0000000000000000000000000000000a,QT-SIM-010-4775,sim_openid_010_681499,enter_question,2,1782901835128,进入第4题,sorting,,,,,
0000000000000000000000000000024f,0000000000000000000000000000000a,0000000000000000000000000000000a,QT-SIM-010-4775,sim_openid_010_681499,change_sorting_option,2,1782901848906,"拖动C(3→2)，A,B,C,D → A,C,B,D",sorting,"""A,B,C,D""","""A,C,B,D""","""C""",3,2
00000000000000000000000000000250,0000000000000000000000000000000a,0000000000000000000000000000000a,QT-SIM-010-4775,sim_openid_010_681499,change_sorting_option,2,1782901850235,"拖动A(1→3)，A,C,B,D → C,B,A,D",sorting,"""A,C,B,D""","""C,B,A,D""","""A""",1,3
00000000000000000000000000000251,0000000000000000000000000000000a,0000000000000000000000000000000a,QT-SIM-010-4775,sim_openid_010_681499,change_sorting_option,2,1782901852989,"拖动D(4→3)，C,B,A,D → C,B,D,A",sorting,"""C,B,A,D""","""C,B,D,A""","""D""",4,3
00000000000000000000000000000252,0000000000000000000000000000000a,0000000000000000000000000000000a,QT-SIM-010-4775,sim_openid_010_681499,change_sorting_option,2,1782901858087,"拖动C(1→2)，C,B,D,A → B,C,D,A",sorting,"""C,B,D,A""","""B,C,D,A""","""C""",1,2
00000000000000000000000000000253,0000000000000000000000000000000a,0000000000000000000000000000000a,QT-SIM-010-4775,sim_openid_010_681499,change_sorting_option,2,1782901860833,"拖动A(4→3)，B,C,D,A → B,C,A,D",sorting,"""B,C,D,A""","""B,C,A,D""","""A""",4,3
00000000000000000000000000000254,0000000000000000000000000000000a,0000000000000000000000000000000a,QT-SIM-010-4775,sim_openid_010_681499,leave_question,2,1782901866278,离开第4题,,,,,,
00000000000000000000000000000255,0000000000000000000000000000000a,0000000000000000000000000000000a,QT-SIM-010-4775,sim_openid_010_681499,enter_question,5,1782901867508,进入第5题,sorting,,,,,
00000000000000000000000000000256,0000000000000000000000000000000a,0000000000000000000000000000000a,QT-SIM-010-4775,sim_openid_010_681499,change_sorting_option,5,1782901885196,"拖动C(3→2)，A,B,C,D → A,C,B,D",sorting,"""A,B,C,D""","""A,C,B,D""","""C""",3,2
00000000000000000000000000000257,0000000000000000000000000000000a,0000000000000000000000000000000a,QT-SIM-010-4775,sim_openid_010_681499,change_sorting_option,5,1782901889077,"拖动C(2→4)，A,C,B,D → A,B,D,C",sorting,"""A,C,B,D""","""A,B,D,C""","""C""",2,4
00000000000000000000000000000258,0000000000000000000000000000000a,0000000000000000000000000000000a,QT-SIM-010-4775,sim_openid_010_681499,change_sorting_option,5,1782901895580,"拖动B(2→1)，A,B,D,C → B,A,D,C",sorting,"""A,B,D,C""","""B,A,D,C""","""B""",2,1
00000000000000000000000000000259,0000000000000000000000000000000a,0000000000000000000000000000000a,QT-SIM-010-4775,sim_openid_010_681499,change_sorting_option,5,1782901899682,"拖动C(4→3)，B,A,D,C → B,A,C,D",sorting,"""B,A,D,C""","""B,A,C,D""","""C""",4,3
0000000000000000000000000000025a,0000000000000000000000000000000a,0000000000000000000000000000000a,QT-SIM-010-4775,sim_openid_010_681499,leave_question,5,1782901906911,离开第5题,,,,,,
0000000000000000000000000000025b,0000000000000000000000000000000a,0000000000000000000000000000000a,QT-SIM-010-4775,sim_openid_010_681499,enter_question,3,1782901908641,进入第6题,sorting,,,,,
0000000000000000000000000000025c,0000000000000000000000000000000a,0000000000000000000000000000000a,QT-SIM-010-4775,sim_openid_010_681499,change_sorting_option,3,1782901928983,"拖动A(1→3)，A,B,C,D → B,C,A,D",sorting,"""A,B,C,D""","""B,C,A,D""","""A""",1,3
0000000000000000000000000000025d,0000000000000000000000000000000a,0000000000000000000000000000000a,QT-SIM-010-4775,sim_openid_010_681499,change_sorting_option,3,1782901931231,"拖动B(1→3)，B,C,A,D → C,A,B,D",sorting,"""B,C,A,D""","""C,A,B,D""","""B""",1,3
0000000000000000000000000000025e,0000000000000000000000000000000a,0000000000000000000000000000000a,QT-SIM-010-4775,sim_openid_010_681499,change_sorting_option,3,1782901934660,"拖动A(2→3)，C,A,B,D → C,B,A,D",sorting,"""C,A,B,D""","""C,B,A,D""","""A""",2,3
0000000000000000000000000000025f,0000000000000000000000000000000a,0000000000000000000000000000000a,QT-SIM-010-4775,sim_openid_010_681499,change_sorting_option,3,1782901941330,"拖动A(3→2)，C,B,A,D → C,A,B,D",sorting,"""C,B,A,D""","""C,A,B,D""","""A""",3,2
00000000000000000000000000000260,0000000000000000000000000000000a,0000000000000000000000000000000a,QT-SIM-010-4775,sim_openid_010_681499,change_sorting_option,3,1782901947684,"拖动A(2→3)，C,A,B,D → C,B,A,D",sorting,"""C,A,B,D""","""C,B,A,D""","""A""",2,3
00000000000000000000000000000261,0000000000000000000000000000000a,0000000000000000000000000000000a,QT-SIM-010-4775,sim_openid_010_681499,leave_question,3,1782901957325,离开第6题,,,,,,
00000000000000000000000000000262,0000000000000000000000000000000a,0000000000000000000000000000000a,QT-SIM-010-4775,sim_openid_010_681499,enter_question,9,1782901960095,进入第7题,sorting,,,,,
00000000000000000000000000000263,0000000000000000000000000000000a,0000000000000000000000000000000a,QT-SIM-010-4775,sim_openid_010_681499,change_sorting_option,9,1782901975249,"拖动B(2→3)，A,B,C,D → A,C,B,D",sorting,"""A,B,C,D""","""A,C,B,D""","""B""",2,3
00000000000000000000000000000264,0000000000000000000000000000000a,0000000000000000000000000000000a,QT-SIM-010-4775,sim_openid_010_681499,change_sorting_option,9,1782901983052,"拖动B(3→2)，A,C,B,D → A,B,C,D",sorting,"""A,C,B,D""","""A,B,C,D""","""B""",3,2
00000000000000000000000000000265,0000000000000000000000000000000a,0000000000000000000000000000000a,QT-SIM-010-4775,sim_openid_010_681499,change_sorting_option,9,1782901989889,"拖动D(4→2)，A,B,C,D → A,D,B,C",sorting,"""A,B,C,D""","""A,D,B,C""","""D""",4,2
00000000000000000000000000000266,0000000000000000000000000000000a,0000000000000000000000000000000a,QT-SIM-010-4775,sim_openid_010_681499,leave_question,9,1782901995515,离开第7题,,,,,,
00000000000000000000000000000267,0000000000000000000000000000000a,0000000000000000000000000000000a,QT-SIM-010-4775,sim_openid_010_681499,enter_question,10,1782901997846,进入第8题,sorting,,,,,
00000000000000000000000000000268,0000000000000000000000000000000a,0000000000000000000000000000000a,QT-SIM-010-4775,sim_openid_010_681499,change_sorting_option,10,1782902021761,"拖动A(1→4)，A,B,C,D → B,C,D,A",sorting,"""A,B,C,D""","""B,C,D,A""","""A""",1,4
00000000000000000000000000000269,0000000000000000000000000000000a,0000000000000000000000000000000a,QT-SIM-010-4775,sim_openid_010_681499,change_sorting_option,10,1782902028017,"拖动C(2→4)，B,C,D,A → B,D,A,C",sorting,"""B,C,D,A""","""B,D,A,C""","""C""",2,4
0000000000000000000000000000026a,0000000000000000000000000000000a,0000000000000000000000000000000a,QT-SIM-010-4775,sim_openid_010_681499,change_sorting_option,10,1782902029719,"拖动A(3→1)，B,D,A,C → A,B,D,C",sorting,"""B,D,A,C""","""A,B,D,C""","""A""",3,1
0000000000000000000000000000026b,0000000000000000000000000000000a,0000000000000000000000000000000a,QT-SIM-010-4775,sim_openid_010_681499,change_sorting_option,10,1782902035493,"拖动D(3→4)，A,B,D,C → A,B,C,D",sorting,"""A,B,D,C""","""A,B,C,D""","""D""",3,4
0000000000000000000000000000026c,0000000000000000000000000000000a,0000000000000000000000000000000a,QT-SIM-010-4775,sim_openid_010_681499,change_sorting_option,10,1782902042892,"拖动D(4→2)，A,B,C,D → A,D,B,C",sorting,"""A,B,C,D""","""A,D,B,C""","""D""",4,2
0000000000000000000000000000026d,0000000000000000000000000000000a,0000000000000000000000000000000a,QT-SIM-010-4775,sim_openid_010_681499,change_sorting_option,10,1782902047594,"拖动B(3→1)，A,D,B,C → B,A,D,C",sorting,"""A,D,B,C""","""B,A,D,C""","""B""",3,1
0000000000000000000000000000026e,0000000000000000000000000000000a,0000000000000000000000000000000a,QT-SIM-010-4775,sim_openid_010_681499,change_sorting_option,10,1782902049909,"拖动D(3→2)，B,A,D,C → B,D,A,C",sorting,"""B,A,D,C""","""B,D,A,C""","""D""",3,2
0000000000000000000000000000026f,0000000000000000000000000000000a,0000000000000000000000000000000a,QT-SIM-010-4775,sim_openid_010_681499,change_sorting_option,10,1782902055363,"拖动C(4→3)，B,D,A,C → B,D,C,A",sorting,"""B,D,A,C""","""B,D,C,A""","""C""",4,3
00000000000000000000000000000270,0000000000000000000000000000000a,0000000000000000000000000000000a,QT-SIM-010-4775,sim_openid_010_681499,leave_question,10,1782902062370,离开第8题,,,,,,
00000000000000000000000000000271,0000000000000000000000000000000a,0000000000000000000000000000000a,QT-SIM-010-4775,sim_openid_010_681499,enter_question,7,1782902064785,进入第9题,sorting,,,,,
00000000000000000000000000000272,0000000000000000000000000000000a,0000000000000000000000000000000a,QT-SIM-010-4775,sim_openid_010_681499,change_sorting_option,7,1782902094686,"拖动A(1→2)，A,B,C,D → B,A,C,D",sorting,"""A,B,C,D""","""B,A,C,D""","""A""",1,2
00000000000000000000000000000273,0000000000000000000000000000000a,0000000000000000000000000000000a,QT-SIM-010-4775,sim_openid_010_681499,change_sorting_option,7,1782902100757,"拖动C(3→1)，B,A,C,D → C,B,A,D",sorting,"""B,A,C,D""","""C,B,A,D""","""C""",3,1
00000000000000000000000000000274,0000000000000000000000000000000a,0000000000000000000000000000000a,QT-SIM-010-4775,sim_openid_010_681499,change_sorting_option,7,1782902108289,"拖动C(1→4)，C,B,A,D → B,A,D,C",sorting,"""C,B,A,D""","""B,A,D,C""","""C""",1,4
00000000000000000000000000000275,0000000000000000000000000000000a,0000000000000000000000000000000a,QT-SIM-010-4775,sim_openid_010_681499,change_sorting_option,7,1782902111774,"拖动B(1→3)，B,A,D,C → A,D,B,C",sorting,"""B,A,D,C""","""A,D,B,C""","""B""",1,3
00000000000000000000000000000276,0000000000000000000000000000000a,0000000000000000000000000000000a,QT-SIM-010-4775,sim_openid_010_681499,change_sorting_option,7,1782902114344,"拖动D(2→3)，A,D,B,C → A,B,D,C",sorting,"""A,D,B,C""","""A,B,D,C""","""D""",2,3
00000000000000000000000000000277,0000000000000000000000000000000a,0000000000000000000000000000000a,QT-SIM-010-4775,sim_openid_010_681499,change_sorting_option,7,1782902121746,"拖动D(3→2)，A,B,D,C → A,D,B,C",sorting,"""A,B,D,C""","""A,D,B,C""","""D""",3,2
00000000000000000000000000000278,0000000000000000000000000000000a,0000000000000000000000000000000a,QT-SIM-010-4775,sim_openid_010_681499,change_sorting_option,7,1782902127861,"拖动A(1→3)，A,D,B,C → D,B,A,C",sorting,"""A,D,B,C""","""D,B,A,C""","""A""",1,3
00000000000000000000000000000279,0000000000000000000000000000000a,0000000000000000000000000000000a,QT-SIM-010-4775,sim_openid_010_681499,change_sorting_option,7,1782902131923,"拖动B(2→4)，D,B,A,C → D,A,C,B",sorting,"""D,B,A,C""","""D,A,C,B""","""B""",2,4
0000000000000000000000000000027a,0000000000000000000000000000000a,0000000000000000000000000000000a,QT-SIM-010-4775,sim_openid_010_681499,change_sorting_option,7,1782902139871,"拖动D(1→2)，D,A,C,B → A,D,C,B",sorting,"""D,A,C,B""","""A,D,C,B""","""D""",1,2
0000000000000000000000000000027b,0000000000000000000000000000000a,0000000000000000000000000000000a,QT-SIM-010-4775,sim_openid_010_681499,change_sorting_option,7,1782902146724,"拖动C(3→1)，A,D,C,B → C,A,D,B",sorting,"""A,D,C,B""","""C,A,D,B""","""C""",3,1
0000000000000000000000000000027c,0000000000000000000000000000000a,0000000000000000000000000000000a,QT-SIM-010-4775,sim_openid_010_681499,leave_question,7,1782902155322,离开第9题,,,,,,
0000000000000000000000000000027d,0000000000000000000000000000000a,0000000000000000000000000000000a,QT-SIM-010-4775,sim_openid_010_681499,enter_question,8,1782902157004,进入第10题,sorting,,,,,
0000000000000000000000000000027e,0000000000000000000000000000000a,0000000000000000000000000000000a,QT-SIM-010-4775,sim_openid_010_681499,change_sorting_option,8,1782902170994,"拖动D(4→1)，A,B,C,D → D,A,B,C",sorting,"""A,B,C,D""","""D,A,B,C""","""D""",4,1
0000000000000000000000000000027f,0000000000000000000000000000000a,0000000000000000000000000000000a,QT-SIM-010-4775,sim_openid_010_681499,change_sorting_option,8,1782902173301,"拖动B(3→4)，D,A,B,C → D,A,C,B",sorting,"""D,A,B,C""","""D,A,C,B""","""B""",3,4
00000000000000000000000000000280,0000000000000000000000000000000a,0000000000000000000000000000000a,QT-SIM-010-4775,sim_openid_010_681499,change_sorting_option,8,1782902179880,"拖动C(3→4)，D,A,C,B → D,A,B,C",sorting,"""D,A,C,B""","""D,A,B,C""","""C""",3,4
00000000000000000000000000000281,0000000000000000000000000000000a,0000000000000000000000000000000a,QT-SIM-010-4775,sim_openid_010_681499,change_sorting_option,8,1782902183318,"拖动D(1→3)，D,A,B,C → A,B,D,C",sorting,"""D,A,B,C""","""A,B,D,C""","""D""",1,3
00000000000000000000000000000282,0000000000000000000000000000000a,0000000000000000000000000000000a,QT-SIM-010-4775,sim_openid_010_681499,change_sorting_option,8,1782902189685,"拖动D(3→1)，A,B,D,C → D,A,B,C",sorting,"""A,B,D,C""","""D,A,B,C""","""D""",3,1
00000000000000000000000000000283,0000000000000000000000000000000a,0000000000000000000000000000000a,QT-SIM-010-4775,sim_openid_010_681499,leave_question,8,1782902195730,离开第10题,,,,,,
00000000000000000000000000000284,0000000000000000000000000000000a,0000000000000000000000000000000a,QT-SIM-010-4775,sim_openid_010_681499,submit_exam,-1,1782902195909,提交试卷,,,,,,
00000000000000000000000000000285,0000000000000000000000000000000b,0000000000000000000000000000000b,QT-SIM-011-9193,sim_openid_011_656566,start_exam,-1,1782902552091,开始答题,,,,,,
00000000000000000000000000000286,0000000000000000000000000000000b,0000000000000000000000000000000b,QT-SIM-011-9193,sim_openid_011_656566,enter_exam,-1,1782902552104,进入试卷页面,,,,,,
00000000000000000000000000000287,0000000000000000000000000000000b,0000000000000000000000000000000b,QT-SIM-011-9193,sim_openid_011_656566,enter_question,1,1782902554251,进入第1题,sorting,,,,,
00000000000000000000000000000288,0000000000000000000000000000000b,0000000000000000000000000000000b,QT-SIM-011-9193,sim_openid_011_656566,change_sorting_option,1,1782902561821,"拖动B(2→3)，A,B,C,D → A,C,B,D",sorting,"""A,B,C,D""","""A,C,B,D""","""B""",2,3
00000000000000000000000000000289,0000000000000000000000000000000b,0000000000000000000000000000000b,QT-SIM-011-9193,sim_openid_011_656566,leave_question,1,1782902569772,离开第1题,,,,,,
0000000000000000000000000000028a,0000000000000000000000000000000b,0000000000000000000000000000000b,QT-SIM-011-9193,sim_openid_011_656566,enter_question,4,1782902572832,进入第2题,sorting,,,,,
0000000000000000000000000000028b,0000000000000000000000000000000b,0000000000000000000000000000000b,QT-SIM-011-9193,sim_openid_011_656566,change_sorting_option,4,1782902579799,"拖动B(2→1)，A,B,C,D → B,A,C,D",sorting,"""A,B,C,D""","""B,A,C,D""","""B""",2,1
0000000000000000000000000000028c,0000000000000000000000000000000b,0000000000000000000000000000000b,QT-SIM-011-9193,sim_openid_011_656566,change_sorting_option,4,1782902586160,"拖动C(3→4)，B,A,C,D → B,A,D,C",sorting,"""B,A,C,D""","""B,A,D,C""","""C""",3,4
0000000000000000000000000000028d,0000000000000000000000000000000b,0000000000000000000000000000000b,QT-SIM-011-9193,sim_openid_011_656566,change_sorting_option,4,1782902590510,"拖动A(2→3)，B,A,D,C → B,D,A,C",sorting,"""B,A,D,C""","""B,D,A,C""","""A""",2,3
0000000000000000000000000000028e,0000000000000000000000000000000b,0000000000000000000000000000000b,QT-SIM-011-9193,sim_openid_011_656566,leave_question,4,1782902594933,离开第2题,,,,,,
0000000000000000000000000000028f,0000000000000000000000000000000b,0000000000000000000000000000000b,QT-SIM-011-9193,sim_openid_011_656566,enter_question,6,1782902596692,进入第3题,sorting,,,,,
00000000000000000000000000000290,0000000000000000000000000000000b,0000000000000000000000000000000b,QT-SIM-011-9193,sim_openid_011_656566,change_sorting_option,6,1782902621026,"拖动C(3→4)，A,B,C,D → A,B,D,C",sorting,"""A,B,C,D""","""A,B,D,C""","""C""",3,4
00000000000000000000000000000291,0000000000000000000000000000000b,0000000000000000000000000000000b,QT-SIM-011-9193,sim_openid_011_656566,change_sorting_option,6,1782902624492,"拖动D(3→1)，A,B,D,C → D,A,B,C",sorting,"""A,B,D,C""","""D,A,B,C""","""D""",3,1
00000000000000000000000000000292,0000000000000000000000000000000b,0000000000000000000000000000000b,QT-SIM-011-9193,sim_openid_011_656566,change_sorting_option,6,1782902627333,"拖动C(4→1)，D,A,B,C → C,D,A,B",sorting,"""D,A,B,C""","""C,D,A,B""","""C""",4,1
00000000000000000000000000000293,0000000000000000000000000000000b,0000000000000000000000000000000b,QT-SIM-011-9193,sim_openid_011_656566,change_sorting_option,6,1782902633480,"拖动B(4→2)，C,D,A,B → C,B,D,A",sorting,"""C,D,A,B""","""C,B,D,A""","""B""",4,2
00000000000000000000000000000294,0000000000000000000000000000000b,0000000000000000000000000000000b,QT-SIM-011-9193,sim_openid_011_656566,change_sorting_option,6,1782902635843,"拖动A(4→3)，C,B,D,A → C,B,A,D",sorting,"""C,B,D,A""","""C,B,A,D""","""A""",4,3
00000000000000000000000000000295,0000000000000000000000000000000b,0000000000000000000000000000000b,QT-SIM-011-9193,sim_openid_011_656566,change_sorting_option,6,1782902638462,"拖动C(1→4)，C,B,A,D → B,A,D,C",sorting,"""C,B,A,D""","""B,A,D,C""","""C""",1,4
00000000000000000000000000000296,0000000000000000000000000000000b,0000000000000000000000000000000b,QT-SIM-011-9193,sim_openid_011_656566,change_sorting_option,6,1782902640066,"拖动A(2→3)，B,A,D,C → B,D,A,C",sorting,"""B,A,D,C""","""B,D,A,C""","""A""",2,3
00000000000000000000000000000297,0000000000000000000000000000000b,0000000000000000000000000000000b,QT-SIM-011-9193,sim_openid_011_656566,change_sorting_option,6,1782902646360,"拖动D(2→1)，B,D,A,C → D,B,A,C",sorting,"""B,D,A,C""","""D,B,A,C""","""D""",2,1
00000000000000000000000000000298,0000000000000000000000000000000b,0000000000000000000000000000000b,QT-SIM-011-9193,sim_openid_011_656566,leave_question,6,1782902655879,离开第3题,,,,,,
00000000000000000000000000000299,0000000000000000000000000000000b,0000000000000000000000000000000b,QT-SIM-011-9193,sim_openid_011_656566,enter_question,2,1782902657657,进入第4题,sorting,,,,,
0000000000000000000000000000029a,0000000000000000000000000000000b,0000000000000000000000000000000b,QT-SIM-011-9193,sim_openid_011_656566,change_sorting_option,2,1782902680569,"拖动B(2→4)，A,B,C,D → A,C,D,B",sorting,"""A,B,C,D""","""A,C,D,B""","""B""",2,4
0000000000000000000000000000029b,0000000000000000000000000000000b,0000000000000000000000000000000b,QT-SIM-011-9193,sim_openid_011_656566,change_sorting_option,2,1782902681653,"拖动B(4→1)，A,C,D,B → B,A,C,D",sorting,"""A,C,D,B""","""B,A,C,D""","""B""",4,1
0000000000000000000000000000029c,0000000000000000000000000000000b,0000000000000000000000000000000b,QT-SIM-011-9193,sim_openid_011_656566,change_sorting_option,2,1782902685602,"拖动C(3→2)，B,A,C,D → B,C,A,D",sorting,"""B,A,C,D""","""B,C,A,D""","""C""",3,2
0000000000000000000000000000029d,0000000000000000000000000000000b,0000000000000000000000000000000b,QT-SIM-011-9193,sim_openid_011_656566,change_sorting_option,2,1782902687082,"拖动D(4→3)，B,C,A,D → B,C,D,A",sorting,"""B,C,A,D""","""B,C,D,A""","""D""",4,3
0000000000000000000000000000029e,0000000000000000000000000000000b,0000000000000000000000000000000b,QT-SIM-011-9193,sim_openid_011_656566,change_sorting_option,2,1782902688207,"拖动B(1→4)，B,C,D,A → C,D,A,B",sorting,"""B,C,D,A""","""C,D,A,B""","""B""",1,4
0000000000000000000000000000029f,0000000000000000000000000000000b,0000000000000000000000000000000b,QT-SIM-011-9193,sim_openid_011_656566,change_sorting_option,2,1782902694481,"拖动D(2→3)，C,D,A,B → C,A,D,B",sorting,"""C,D,A,B""","""C,A,D,B""","""D""",2,3
000000000000000000000000000002a0,0000000000000000000000000000000b,0000000000000000000000000000000b,QT-SIM-011-9193,sim_openid_011_656566,change_sorting_option,2,1782902696368,"拖动C(1→2)，C,A,D,B → A,C,D,B",sorting,"""C,A,D,B""","""A,C,D,B""","""C""",1,2
000000000000000000000000000002a1,0000000000000000000000000000000b,0000000000000000000000000000000b,QT-SIM-011-9193,sim_openid_011_656566,leave_question,2,1782902700915,离开第4题,,,,,,
000000000000000000000000000002a2,0000000000000000000000000000000b,0000000000000000000000000000000b,QT-SIM-011-9193,sim_openid_011_656566,enter_question,5,1782902702324,进入第5题,sorting,,,,,
000000000000000000000000000002a3,0000000000000000000000000000000b,0000000000000000000000000000000b,QT-SIM-011-9193,sim_openid_011_656566,change_sorting_option,5,1782902726890,"拖动C(3→4)，A,B,C,D → A,B,D,C",sorting,"""A,B,C,D""","""A,B,D,C""","""C""",3,4
000000000000000000000000000002a4,0000000000000000000000000000000b,0000000000000000000000000000000b,QT-SIM-011-9193,sim_openid_011_656566,change_sorting_option,5,1782902731879,"拖动A(1→2)，A,B,D,C → B,A,D,C",sorting,"""A,B,D,C""","""B,A,D,C""","""A""",1,2
000000000000000000000000000002a5,0000000000000000000000000000000b,0000000000000000000000000000000b,QT-SIM-011-9193,sim_openid_011_656566,leave_question,5,1782902735809,离开第5题,,,,,,
000000000000000000000000000002a6,0000000000000000000000000000000b,0000000000000000000000000000000b,QT-SIM-011-9193,sim_openid_011_656566,enter_question,3,1782902736917,进入第6题,sorting,,,,,
000000000000000000000000000002a7,0000000000000000000000000000000b,0000000000000000000000000000000b,QT-SIM-011-9193,sim_openid_011_656566,change_sorting_option,3,1782902763622,"拖动C(3→4)，A,B,C,D → A,B,D,C",sorting,"""A,B,C,D""","""A,B,D,C""","""C""",3,4
000000000000000000000000000002a8,0000000000000000000000000000000b,0000000000000000000000000000000b,QT-SIM-011-9193,sim_openid_011_656566,change_sorting_option,3,1782902765925,"拖动B(2→3)，A,B,D,C → A,D,B,C",sorting,"""A,B,D,C""","""A,D,B,C""","""B""",2,3
000000000000000000000000000002a9,0000000000000000000000000000000b,0000000000000000000000000000000b,QT-SIM-011-9193,sim_openid_011_656566,leave_question,3,1782902775660,离开第6题,,,,,,
000000000000000000000000000002aa,0000000000000000000000000000000b,0000000000000000000000000000000b,QT-SIM-011-9193,sim_openid_011_656566,enter_question,9,1782902778677,进入第7题,sorting,,,,,
000000000000000000000000000002ab,0000000000000000000000000000000b,0000000000000000000000000000000b,QT-SIM-011-9193,sim_openid_011_656566,change_sorting_option,9,1782902804273,"拖动D(4→3)，A,B,C,D → A,B,D,C",sorting,"""A,B,C,D""","""A,B,D,C""","""D""",4,3
000000000000000000000000000002ac,0000000000000000000000000000000b,0000000000000000000000000000000b,QT-SIM-011-9193,sim_openid_011_656566,change_sorting_option,9,1782902805460,"拖动B(2→4)，A,B,D,C → A,D,C,B",sorting,"""A,B,D,C""","""A,D,C,B""","""B""",2,4
000000000000000000000000000002ad,0000000000000000000000000000000b,0000000000000000000000000000000b,QT-SIM-011-9193,sim_openid_011_656566,change_sorting_option,9,1782902809751,"拖动D(2→3)，A,D,C,B → A,C,D,B",sorting,"""A,D,C,B""","""A,C,D,B""","""D""",2,3
000000000000000000000000000002ae,0000000000000000000000000000000b,0000000000000000000000000000000b,QT-SIM-011-9193,sim_openid_011_656566,change_sorting_option,9,1782902816050,"拖动B(4→2)，A,C,D,B → A,B,C,D",sorting,"""A,C,D,B""","""A,B,C,D""","""B""",4,2
000000000000000000000000000002af,0000000000000000000000000000000b,0000000000000000000000000000000b,QT-SIM-011-9193,sim_openid_011_656566,change_sorting_option,9,1782902818196,"拖动D(4→3)，A,B,C,D → A,B,D,C",sorting,"""A,B,C,D""","""A,B,D,C""","""D""",4,3
000000000000000000000000000002b0,0000000000000000000000000000000b,0000000000000000000000000000000b,QT-SIM-011-9193,sim_openid_011_656566,leave_question,9,1782902825041,离开第7题,,,,,,
000000000000000000000000000002b1,0000000000000000000000000000000b,0000000000000000000000000000000b,QT-SIM-011-9193,sim_openid_011_656566,enter_question,10,1782902826314,进入第8题,sorting,,,,,
000000000000000000000000000002b2,0000000000000000000000000000000b,0000000000000000000000000000000b,QT-SIM-011-9193,sim_openid_011_656566,change_sorting_option,10,1782902849808,"拖动A(1→3)，A,B,C,D → B,C,A,D",sorting,"""A,B,C,D""","""B,C,A,D""","""A""",1,3
000000000000000000000000000002b3,0000000000000000000000000000000b,0000000000000000000000000000000b,QT-SIM-011-9193,sim_openid_011_656566,change_sorting_option,10,1782902853869,"拖动D(4→2)，B,C,A,D → B,D,C,A",sorting,"""B,C,A,D""","""B,D,C,A""","""D""",4,2
000000000000000000000000000002b4,0000000000000000000000000000000b,0000000000000000000000000000000b,QT-SIM-011-9193,sim_openid_011_656566,change_sorting_option,10,1782902859130,"拖动A(4→3)，B,D,C,A → B,D,A,C",sorting,"""B,D,C,A""","""B,D,A,C""","""A""",4,3
000000000000000000000000000002b5,0000000000000000000000000000000b,0000000000000000000000000000000b,QT-SIM-011-9193,sim_openid_011_656566,leave_question,10,1782902866208,离开第8题,,,,,,
000000000000000000000000000002b6,0000000000000000000000000000000b,0000000000000000000000000000000b,QT-SIM-011-9193,sim_openid_011_656566,enter_question,7,1782902868118,进入第9题,sorting,,,,,
000000000000000000000000000002b7,0000000000000000000000000000000b,0000000000000000000000000000000b,QT-SIM-011-9193,sim_openid_011_656566,change_sorting_option,7,1782902884779,"拖动D(4→2)，A,B,C,D → A,D,B,C",sorting,"""A,B,C,D""","""A,D,B,C""","""D""",4,2
000000000000000000000000000002b8,0000000000000000000000000000000b,0000000000000000000000000000000b,QT-SIM-011-9193,sim_openid_011_656566,change_sorting_option,7,1782902890870,"拖动C(4→1)，A,D,B,C → C,A,D,B",sorting,"""A,D,B,C""","""C,A,D,B""","""C""",4,1
000000000000000000000000000002b9,0000000000000000000000000000000b,0000000000000000000000000000000b,QT-SIM-011-9193,sim_openid_011_656566,change_sorting_option,7,1782902897086,"拖动A(2→1)，C,A,D,B → A,C,D,B",sorting,"""C,A,D,B""","""A,C,D,B""","""A""",2,1
000000000000000000000000000002ba,0000000000000000000000000000000b,0000000000000000000000000000000b,QT-SIM-011-9193,sim_openid_011_656566,change_sorting_option,7,1782902899867,"拖动A(1→2)，A,C,D,B → C,A,D,B",sorting,"""A,C,D,B""","""C,A,D,B""","""A""",1,2
000000000000000000000000000002bb,0000000000000000000000000000000b,0000000000000000000000000000000b,QT-SIM-011-9193,sim_openid_011_656566,leave_question,7,1782902909438,离开第9题,,,,,,
000000000000000000000000000002bc,0000000000000000000000000000000b,0000000000000000000000000000000b,QT-SIM-011-9193,sim_openid_011_656566,enter_question,8,1782902910360,进入第10题,sorting,,,,,
000000000000000000000000000002bd,0000000000000000000000000000000b,0000000000000000000000000000000b,QT-SIM-011-9193,sim_openid_011_656566,change_sorting_option,8,1782902930404,"拖动D(4→1)，A,B,C,D → D,A,B,C",sorting,"""A,B,C,D""","""D,A,B,C""","""D""",4,1
000000000000000000000000000002be,0000000000000000000000000000000b,0000000000000000000000000000000b,QT-SIM-011-9193,sim_openid_011_656566,change_sorting_option,8,1782902935241,"拖动C(4→3)，D,A,B,C → D,A,C,B",sorting,"""D,A,B,C""","""D,A,C,B""","""C""",4,3
000000000000000000000000000002bf,0000000000000000000000000000000b,0000000000000000000000000000000b,QT-SIM-011-9193,sim_openid_011_656566,leave_question,8,1782902943395,离开第10题,,,,,,
000000000000000000000000000002c0,0000000000000000000000000000000b,0000000000000000000000000000000b,QT-SIM-011-9193,sim_openid_011_656566,submit_exam,-1,1782902944029,提交试卷,,,,,,
000000000000000000000000000002c1,0000000000000000000000000000000c,0000000000000000000000000000000c,QT-SIM-012-1280,sim_openid_012_439268,start_exam,-1,1782903453035,开始答题,,,,,,
000000000000000000000000000002c2,0000000000000000000000000000000c,0000000000000000000000000000000c,QT-SIM-012-1280,sim_openid_012_439268,enter_exam,-1,1782903453084,进入试卷页面,,,,,,
000000000000000000000000000002c3,0000000000000000000000000000000c,0000000000000000000000000000000c,QT-SIM-012-1280,sim_openid_012_439268,enter_question,1,1782903455949,进入第1题,sorting,,,,,
000000000000000000000000000002c4,0000000000000000000000000000000c,0000000000000000000000000000000c,QT-SIM-012-1280,sim_openid_012_439268,change_sorting_option,1,1782903468878,"拖动D(4→3)，A,B,C,D → A,B,D,C",sorting,"""A,B,C,D""","""A,B,D,C""","""D""",4,3
000000000000000000000000000002c5,0000000000000000000000000000000c,0000000000000000000000000000000c,QT-SIM-012-1280,sim_openid_012_439268,change_sorting_option,1,1782903473830,"拖动A(1→2)，A,B,D,C → B,A,D,C",sorting,"""A,B,D,C""","""B,A,D,C""","""A""",1,2
000000000000000000000000000002c6,0000000000000000000000000000000c,0000000000000000000000000000000c,QT-SIM-012-1280,sim_openid_012_439268,change_sorting_option,1,1782903480117,"拖动B(1→2)，B,A,D,C → A,B,D,C",sorting,"""B,A,D,C""","""A,B,D,C""","""B""",1,2
000000000000000000000000000002c7,0000000000000000000000000000000c,0000000000000000000000000000000c,QT-SIM-012-1280,sim_openid_012_439268,leave_question,1,1782903486642,离开第1题,,,,,,
000000000000000000000000000002c8,0000000000000000000000000000000c,0000000000000000000000000000000c,QT-SIM-012-1280,sim_openid_012_439268,enter_question,4,1782903488613,进入第2题,sorting,,,,,
000000000000000000000000000002c9,0000000000000000000000000000000c,0000000000000000000000000000000c,QT-SIM-012-1280,sim_openid_012_439268,change_sorting_option,4,1782903510947,"拖动C(3→1)，A,B,C,D → C,A,B,D",sorting,"""A,B,C,D""","""C,A,B,D""","""C""",3,1
000000000000000000000000000002ca,0000000000000000000000000000000c,0000000000000000000000000000000c,QT-SIM-012-1280,sim_openid_012_439268,change_sorting_option,4,1782903515827,"拖动C(1→3)，C,A,B,D → A,B,C,D",sorting,"""C,A,B,D""","""A,B,C,D""","""C""",1,3
000000000000000000000000000002cb,0000000000000000000000000000000c,0000000000000000000000000000000c,QT-SIM-012-1280,sim_openid_012_439268,change_sorting_option,4,1782903521893,"拖动A(1→3)，A,B,C,D → B,C,A,D",sorting,"""A,B,C,D""","""B,C,A,D""","""A""",1,3
000000000000000000000000000002cc,0000000000000000000000000000000c,0000000000000000000000000000000c,QT-SIM-012-1280,sim_openid_012_439268,change_sorting_option,4,1782903527508,"拖动D(4→1)，B,C,A,D → D,B,C,A",sorting,"""B,C,A,D""","""D,B,C,A""","""D""",4,1
000000000000000000000000000002cd,0000000000000000000000000000000c,0000000000000000000000000000000c,QT-SIM-012-1280,sim_openid_012_439268,change_sorting_option,4,1782903531820,"拖动A(4→1)，D,B,C,A → A,D,B,C",sorting,"""D,B,C,A""","""A,D,B,C""","""A""",4,1
000000000000000000000000000002ce,0000000000000000000000000000000c,0000000000000000000000000000000c,QT-SIM-012-1280,sim_openid_012_439268,change_sorting_option,4,1782903536752,"拖动C(4→3)，A,D,B,C → A,D,C,B",sorting,"""A,D,B,C""","""A,D,C,B""","""C""",4,3
000000000000000000000000000002cf,0000000000000000000000000000000c,0000000000000000000000000000000c,QT-SIM-012-1280,sim_openid_012_439268,change_sorting_option,4,1782903540199,"拖动B(4→2)，A,D,C,B → A,B,D,C",sorting,"""A,D,C,B""","""A,B,D,C""","""B""",4,2
000000000000000000000000000002d0,0000000000000000000000000000000c,0000000000000000000000000000000c,QT-SIM-012-1280,sim_openid_012_439268,change_sorting_option,4,1782903545894,"拖动D(3→4)，A,B,D,C → A,B,C,D",sorting,"""A,B,D,C""","""A,B,C,D""","""D""",3,4
000000000000000000000000000002d1,0000000000000000000000000000000c,0000000000000000000000000000000c,QT-SIM-012-1280,sim_openid_012_439268,leave_question,4,1782903553166,离开第2题,,,,,,
000000000000000000000000000002d2,0000000000000000000000000000000c,0000000000000000000000000000000c,QT-SIM-012-1280,sim_openid_012_439268,enter_question,6,1782903555687,进入第3题,sorting,,,,,
000000000000000000000000000002d3,0000000000000000000000000000000c,0000000000000000000000000000000c,QT-SIM-012-1280,sim_openid_012_439268,change_sorting_option,6,1782903578322,"拖动D(4→1)，A,B,C,D → D,A,B,C",sorting,"""A,B,C,D""","""D,A,B,C""","""D""",4,1
000000000000000000000000000002d4,0000000000000000000000000000000c,0000000000000000000000000000000c,QT-SIM-012-1280,sim_openid_012_439268,change_sorting_option,6,1782903581220,"拖动B(3→4)，D,A,B,C → D,A,C,B",sorting,"""D,A,B,C""","""D,A,C,B""","""B""",3,4
000000000000000000000000000002d5,0000000000000000000000000000000c,0000000000000000000000000000000c,QT-SIM-012-1280,sim_openid_012_439268,change_sorting_option,6,1782903582983,"拖动D(1→2)，D,A,C,B → A,D,C,B",sorting,"""D,A,C,B""","""A,D,C,B""","""D""",1,2
000000000000000000000000000002d6,0000000000000000000000000000000c,0000000000000000000000000000000c,QT-SIM-012-1280,sim_openid_012_439268,change_sorting_option,6,1782903587133,"拖动C(3→1)，A,D,C,B → C,A,D,B",sorting,"""A,D,C,B""","""C,A,D,B""","""C""",3,1
000000000000000000000000000002d7,0000000000000000000000000000000c,0000000000000000000000000000000c,QT-SIM-012-1280,sim_openid_012_439268,change_sorting_option,6,1782903592737,"拖动A(2→3)，C,A,D,B → C,D,A,B",sorting,"""C,A,D,B""","""C,D,A,B""","""A""",2,3
000000000000000000000000000002d8,0000000000000000000000000000000c,0000000000000000000000000000000c,QT-SIM-012-1280,sim_openid_012_439268,leave_question,6,1782903597569,离开第3题,,,,,,
000000000000000000000000000002d9,0000000000000000000000000000000c,0000000000000000000000000000000c,QT-SIM-012-1280,sim_openid_012_439268,enter_question,2,1782903599075,进入第4题,sorting,,,,,
000000000000000000000000000002da,0000000000000000000000000000000c,0000000000000000000000000000000c,QT-SIM-012-1280,sim_openid_012_439268,leave_question,2,1782903610777,离开第4题,,,,,,
000000000000000000000000000002db,0000000000000000000000000000000c,0000000000000000000000000000000c,QT-SIM-012-1280,sim_openid_012_439268,enter_question,5,1782903613460,进入第5题,sorting,,,,,
000000000000000000000000000002dc,0000000000000000000000000000000c,0000000000000000000000000000000c,QT-SIM-012-1280,sim_openid_012_439268,change_sorting_option,5,1782903626158,"拖动A(1→3)，A,B,C,D → B,C,A,D",sorting,"""A,B,C,D""","""B,C,A,D""","""A""",1,3
000000000000000000000000000002dd,0000000000000000000000000000000c,0000000000000000000000000000000c,QT-SIM-012-1280,sim_openid_012_439268,change_sorting_option,5,1782903632456,"拖动C(2→1)，B,C,A,D → C,B,A,D",sorting,"""B,C,A,D""","""C,B,A,D""","""C""",2,1
000000000000000000000000000002de,0000000000000000000000000000000c,0000000000000000000000000000000c,QT-SIM-012-1280,sim_openid_012_439268,change_sorting_option,5,1782903633613,"拖动D(4→2)，C,B,A,D → C,D,B,A",sorting,"""C,B,A,D""","""C,D,B,A""","""D""",4,2
000000000000000000000000000002df,0000000000000000000000000000000c,0000000000000000000000000000000c,QT-SIM-012-1280,sim_openid_012_439268,change_sorting_option,5,1782903639357,"拖动A(4→3)，C,D,B,A → C,D,A,B",sorting,"""C,D,B,A""","""C,D,A,B""","""A""",4,3
000000000000000000000000000002e0,0000000000000000000000000000000c,0000000000000000000000000000000c,QT-SIM-012-1280,sim_openid_012_439268,leave_question,5,1782903645211,离开第5题,,,,,,
000000000000000000000000000002e1,0000000000000000000000000000000c,0000000000000000000000000000000c,QT-SIM-012-1280,sim_openid_012_439268,enter_question,3,1782903647532,进入第6题,sorting,,,,,
000000000000000000000000000002e2,0000000000000000000000000000000c,0000000000000000000000000000000c,QT-SIM-012-1280,sim_openid_012_439268,change_sorting_option,3,1782903662736,"拖动C(3→4)，A,B,C,D → A,B,D,C",sorting,"""A,B,C,D""","""A,B,D,C""","""C""",3,4
000000000000000000000000000002e3,0000000000000000000000000000000c,0000000000000000000000000000000c,QT-SIM-012-1280,sim_openid_012_439268,change_sorting_option,3,1782903669028,"拖动A(1→2)，A,B,D,C → B,A,D,C",sorting,"""A,B,D,C""","""B,A,D,C""","""A""",1,2
000000000000000000000000000002e4,0000000000000000000000000000000c,0000000000000000000000000000000c,QT-SIM-012-1280,sim_openid_012_439268,change_sorting_option,3,1782903670543,"拖动D(3→1)，B,A,D,C → D,B,A,C",sorting,"""B,A,D,C""","""D,B,A,C""","""D""",3,1
000000000000000000000000000002e5,0000000000000000000000000000000c,0000000000000000000000000000000c,QT-SIM-012-1280,sim_openid_012_439268,change_sorting_option,3,1782903676747,"拖动C(4→3)，D,B,A,C → D,B,C,A",sorting,"""D,B,A,C""","""D,B,C,A""","""C""",4,3
000000000000000000000000000002e6,0000000000000000000000000000000c,0000000000000000000000000000000c,QT-SIM-012-1280,sim_openid_012_439268,change_sorting_option,3,1782903678811,"拖动C(3→4)，D,B,C,A → D,B,A,C",sorting,"""D,B,C,A""","""D,B,A,C""","""C""",3,4
000000000000000000000000000002e7,0000000000000000000000000000000c,0000000000000000000000000000000c,QT-SIM-012-1280,sim_openid_012_439268,leave_question,3,1782903685858,离开第6题,,,,,,
000000000000000000000000000002e8,0000000000000000000000000000000c,0000000000000000000000000000000c,QT-SIM-012-1280,sim_openid_012_439268,enter_question,9,1782903687137,进入第7题,sorting,,,,,
000000000000000000000000000002e9,0000000000000000000000000000000c,0000000000000000000000000000000c,QT-SIM-012-1280,sim_openid_012_439268,change_sorting_option,9,1782903711021,"拖动C(3→2)，A,B,C,D → A,C,B,D",sorting,"""A,B,C,D""","""A,C,B,D""","""C""",3,2
000000000000000000000000000002ea,0000000000000000000000000000000c,0000000000000000000000000000000c,QT-SIM-012-1280,sim_openid_012_439268,change_sorting_option,9,1782903714991,"拖动A(1→4)，A,C,B,D → C,B,D,A",sorting,"""A,C,B,D""","""C,B,D,A""","""A""",1,4
000000000000000000000000000002eb,0000000000000000000000000000000c,0000000000000000000000000000000c,QT-SIM-012-1280,sim_openid_012_439268,change_sorting_option,9,1782903720236,"拖动D(3→2)，C,B,D,A → C,D,B,A",sorting,"""C,B,D,A""","""C,D,B,A""","""D""",3,2
000000000000000000000000000002ec,0000000000000000000000000000000c,0000000000000000000000000000000c,QT-SIM-012-1280,sim_openid_012_439268,change_sorting_option,9,1782903725104,"拖动D(2→1)，C,D,B,A → D,C,B,A",sorting,"""C,D,B,A""","""D,C,B,A""","""D""",2,1
000000000000000000000000000002ed,0000000000000000000000000000000c,0000000000000000000000000000000c,QT-SIM-012-1280,sim_openid_012_439268,leave_question,9,1782903733322,离开第7题,,,,,,
000000000000000000000000000002ee,0000000000000000000000000000000c,0000000000000000000000000000000c,QT-SIM-012-1280,sim_openid_012_439268,enter_question,10,1782903736742,进入第8题,sorting,,,,,
000000000000000000000000000002ef,0000000000000000000000000000000c,0000000000000000000000000000000c,QT-SIM-012-1280,sim_openid_012_439268,change_sorting_option,10,1782903746638,"拖动A(1→2)，A,B,C,D → B,A,C,D",sorting,"""A,B,C,D""","""B,A,C,D""","""A""",1,2
000000000000000000000000000002f0,0000000000000000000000000000000c,0000000000000000000000000000000c,QT-SIM-012-1280,sim_openid_012_439268,change_sorting_option,10,1782903749524,"拖动C(3→1)，B,A,C,D → C,B,A,D",sorting,"""B,A,C,D""","""C,B,A,D""","""C""",3,1
000000000000000000000000000002f1,0000000000000000000000000000000c,0000000000000000000000000000000c,QT-SIM-012-1280,sim_openid_012_439268,change_sorting_option,10,1782903755877,"拖动B(2→3)，C,B,A,D → C,A,B,D",sorting,"""C,B,A,D""","""C,A,B,D""","""B""",2,3
000000000000000000000000000002f2,0000000000000000000000000000000c,0000000000000000000000000000000c,QT-SIM-012-1280,sim_openid_012_439268,leave_question,10,1782903761425,离开第8题,,,,,,
000000000000000000000000000002f3,0000000000000000000000000000000c,0000000000000000000000000000000c,QT-SIM-012-1280,sim_openid_012_439268,enter_question,7,1782903763409,进入第9题,sorting,,,,,
000000000000000000000000000002f4,0000000000000000000000000000000c,0000000000000000000000000000000c,QT-SIM-012-1280,sim_openid_012_439268,change_sorting_option,7,1782903778208,"拖动B(2→4)，A,B,C,D → A,C,D,B",sorting,"""A,B,C,D""","""A,C,D,B""","""B""",2,4
000000000000000000000000000002f5,0000000000000000000000000000000c,0000000000000000000000000000000c,QT-SIM-012-1280,sim_openid_012_439268,change_sorting_option,7,1782903779753,"拖动C(2→3)，A,C,D,B → A,D,C,B",sorting,"""A,C,D,B""","""A,D,C,B""","""C""",2,3
000000000000000000000000000002f6,0000000000000000000000000000000c,0000000000000000000000000000000c,QT-SIM-012-1280,sim_openid_012_439268,change_sorting_option,7,1782903783976,"拖动D(2→1)，A,D,C,B → D,A,C,B",sorting,"""A,D,C,B""","""D,A,C,B""","""D""",2,1
000000000000000000000000000002f7,0000000000000000000000000000000c,0000000000000000000000000000000c,QT-SIM-012-1280,sim_openid_012_439268,change_sorting_option,7,1782903785167,"拖动C(3→1)，D,A,C,B → C,D,A,B",sorting,"""D,A,C,B""","""C,D,A,B""","""C""",3,1
000000000000000000000000000002f8,0000000000000000000000000000000c,0000000000000000000000000000000c,QT-SIM-012-1280,sim_openid_012_439268,change_sorting_option,7,1782903790420,"拖动A(3→1)，C,D,A,B → A,C,D,B",sorting,"""C,D,A,B""","""A,C,D,B""","""A""",3,1
000000000000000000000000000002f9,0000000000000000000000000000000c,0000000000000000000000000000000c,QT-SIM-012-1280,sim_openid_012_439268,change_sorting_option,7,1782903795232,"拖动C(2→3)，A,C,D,B → A,D,C,B",sorting,"""A,C,D,B""","""A,D,C,B""","""C""",2,3
000000000000000000000000000002fa,0000000000000000000000000000000c,0000000000000000000000000000000c,QT-SIM-012-1280,sim_openid_012_439268,change_sorting_option,7,1782903798386,"拖动D(2→1)，A,D,C,B → D,A,C,B",sorting,"""A,D,C,B""","""D,A,C,B""","""D""",2,1
000000000000000000000000000002fb,0000000000000000000000000000000c,0000000000000000000000000000000c,QT-SIM-012-1280,sim_openid_012_439268,leave_question,7,1782903805468,离开第9题,,,,,,
000000000000000000000000000002fc,0000000000000000000000000000000c,0000000000000000000000000000000c,QT-SIM-012-1280,sim_openid_012_439268,enter_question,8,1782903807482,进入第10题,sorting,,,,,
000000000000000000000000000002fd,0000000000000000000000000000000c,0000000000000000000000000000000c,QT-SIM-012-1280,sim_openid_012_439268,change_sorting_option,8,1782903814440,"拖动B(2→4)，A,B,C,D → A,C,D,B",sorting,"""A,B,C,D""","""A,C,D,B""","""B""",2,4
000000000000000000000000000002fe,0000000000000000000000000000000c,0000000000000000000000000000000c,QT-SIM-012-1280,sim_openid_012_439268,change_sorting_option,8,1782903816694,"拖动C(2→3)，A,C,D,B → A,D,C,B",sorting,"""A,C,D,B""","""A,D,C,B""","""C""",2,3
000000000000000000000000000002ff,0000000000000000000000000000000c,0000000000000000000000000000000c,QT-SIM-012-1280,sim_openid_012_439268,change_sorting_option,8,1782903819742,"拖动A(1→2)，A,D,C,B → D,A,C,B",sorting,"""A,D,C,B""","""D,A,C,B""","""A""",1,2
00000000000000000000000000000300,0000000000000000000000000000000c,0000000000000000000000000000000c,QT-SIM-012-1280,sim_openid_012_439268,change_sorting_option,8,1782903826182,"拖动C(3→2)，D,A,C,B → D,C,A,B",sorting,"""D,A,C,B""","""D,C,A,B""","""C""",3,2
00000000000000000000000000000301,0000000000000000000000000000000c,0000000000000000000000000000000c,QT-SIM-012-1280,sim_openid_012_439268,change_sorting_option,8,1782903827658,"拖动A(3→2)，D,C,A,B → D,A,C,B",sorting,"""D,C,A,B""","""D,A,C,B""","""A""",3,2
00000000000000000000000000000302,0000000000000000000000000000000c,0000000000000000000000000000000c,QT-SIM-012-1280,sim_openid_012_439268,leave_question,8,1782903832677,离开第10题,,,,,,
00000000000000000000000000000303,0000000000000000000000000000000c,0000000000000000000000000000000c,QT-SIM-012-1280,sim_openid_012_439268,submit_exam,-1,1782903833129,提交试卷,,,,,,
00000000000000000000000000000304,0000000000000000000000000000000d,0000000000000000000000000000000d,QT-SIM-013-3067,sim_openid_013_622833,start_exam,-1,1782904358904,开始答题,,,,,,
00000000000000000000000000000305,0000000000000000000000000000000d,0000000000000000000000000000000d,QT-SIM-013-3067,sim_openid_013_622833,enter_exam,-1,1782904359000,进入试卷页面,,,,,,
00000000000000000000000000000306,0000000000000000000000000000000d,0000000000000000000000000000000d,QT-SIM-013-3067,sim_openid_013_622833,enter_question,1,1782904361793,进入第1题,sorting,,,,,
00000000000000000000000000000307,0000000000000000000000000000000d,0000000000000000000000000000000d,QT-SIM-013-3067,sim_openid_013_622833,change_sorting_option,1,1782904391659,"拖动B(2→1)，A,B,C,D → B,A,C,D",sorting,"""A,B,C,D""","""B,A,C,D""","""B""",2,1
00000000000000000000000000000308,0000000000000000000000000000000d,0000000000000000000000000000000d,QT-SIM-013-3067,sim_openid_013_622833,change_sorting_option,1,1782904394169,"拖动A(2→4)，B,A,C,D → B,C,D,A",sorting,"""B,A,C,D""","""B,C,D,A""","""A""",2,4
00000000000000000000000000000309,0000000000000000000000000000000d,0000000000000000000000000000000d,QT-SIM-013-3067,sim_openid_013_622833,change_sorting_option,1,1782904400306,"拖动C(2→3)，B,C,D,A → B,D,C,A",sorting,"""B,C,D,A""","""B,D,C,A""","""C""",2,3
0000000000000000000000000000030a,0000000000000000000000000000000d,0000000000000000000000000000000d,QT-SIM-013-3067,sim_openid_013_622833,change_sorting_option,1,1782904402259,"拖动C(3→4)，B,D,C,A → B,D,A,C",sorting,"""B,D,C,A""","""B,D,A,C""","""C""",3,4
0000000000000000000000000000030b,0000000000000000000000000000000d,0000000000000000000000000000000d,QT-SIM-013-3067,sim_openid_013_622833,change_sorting_option,1,1782904405645,"拖动A(3→2)，B,D,A,C → B,A,D,C",sorting,"""B,D,A,C""","""B,A,D,C""","""A""",3,2
0000000000000000000000000000030c,0000000000000000000000000000000d,0000000000000000000000000000000d,QT-SIM-013-3067,sim_openid_013_622833,change_sorting_option,1,1782904410593,"拖动C(4→3)，B,A,D,C → B,A,C,D",sorting,"""B,A,D,C""","""B,A,C,D""","""C""",4,3
0000000000000000000000000000030d,0000000000000000000000000000000d,0000000000000000000000000000000d,QT-SIM-013-3067,sim_openid_013_622833,leave_question,1,1782904417257,离开第1题,,,,,,
0000000000000000000000000000030e,0000000000000000000000000000000d,0000000000000000000000000000000d,QT-SIM-013-3067,sim_openid_013_622833,enter_question,4,1782904419715,进入第2题,sorting,,,,,
0000000000000000000000000000030f,0000000000000000000000000000000d,0000000000000000000000000000000d,QT-SIM-013-3067,sim_openid_013_622833,change_sorting_option,4,1782904433328,"拖动B(2→4)，A,B,C,D → A,C,D,B",sorting,"""A,B,C,D""","""A,C,D,B""","""B""",2,4
00000000000000000000000000000310,0000000000000000000000000000000d,0000000000000000000000000000000d,QT-SIM-013-3067,sim_openid_013_622833,change_sorting_option,4,1782904438824,"拖动B(4→3)，A,C,D,B → A,C,B,D",sorting,"""A,C,D,B""","""A,C,B,D""","""B""",4,3
00000000000000000000000000000311,0000000000000000000000000000000d,0000000000000000000000000000000d,QT-SIM-013-3067,sim_openid_013_622833,change_sorting_option,4,1782904442388,"拖动D(4→2)，A,C,B,D → A,D,C,B",sorting,"""A,C,B,D""","""A,D,C,B""","""D""",4,2
00000000000000000000000000000312,0000000000000000000000000000000d,0000000000000000000000000000000d,QT-SIM-013-3067,sim_openid_013_622833,change_sorting_option,4,1782904450333,"拖动B(4→2)，A,D,C,B → A,B,D,C",sorting,"""A,D,C,B""","""A,B,D,C""","""B""",4,2
00000000000000000000000000000313,0000000000000000000000000000000d,0000000000000000000000000000000d,QT-SIM-013-3067,sim_openid_013_622833,change_sorting_option,4,1782904458005,"拖动B(2→3)，A,B,D,C → A,D,B,C",sorting,"""A,B,D,C""","""A,D,B,C""","""B""",2,3
00000000000000000000000000000314,0000000000000000000000000000000d,0000000000000000000000000000000d,QT-SIM-013-3067,sim_openid_013_622833,change_sorting_option,4,1782904464181,"拖动D(2→1)，A,D,B,C → D,A,B,C",sorting,"""A,D,B,C""","""D,A,B,C""","""D""",2,1
00000000000000000000000000000315,0000000000000000000000000000000d,0000000000000000000000000000000d,QT-SIM-013-3067,sim_openid_013_622833,change_sorting_option,4,1782904472245,"拖动C(4→3)，D,A,B,C → D,A,C,B",sorting,"""D,A,B,C""","""D,A,C,B""","""C""",4,3
00000000000000000000000000000316,0000000000000000000000000000000d,0000000000000000000000000000000d,QT-SIM-013-3067,sim_openid_013_622833,change_sorting_option,4,1782904474867,"拖动A(2→1)，D,A,C,B → A,D,C,B",sorting,"""D,A,C,B""","""A,D,C,B""","""A""",2,1
00000000000000000000000000000317,0000000000000000000000000000000d,0000000000000000000000000000000d,QT-SIM-013-3067,sim_openid_013_622833,leave_question,4,1782904481775,离开第2题,,,,,,
00000000000000000000000000000318,0000000000000000000000000000000d,0000000000000000000000000000000d,QT-SIM-013-3067,sim_openid_013_622833,enter_question,6,1782904485196,进入第3题,sorting,,,,,
00000000000000000000000000000319,0000000000000000000000000000000d,0000000000000000000000000000000d,QT-SIM-013-3067,sim_openid_013_622833,change_sorting_option,6,1782904512854,"拖动D(4→1)，A,B,C,D → D,A,B,C",sorting,"""A,B,C,D""","""D,A,B,C""","""D""",4,1
0000000000000000000000000000031a,0000000000000000000000000000000d,0000000000000000000000000000000d,QT-SIM-013-3067,sim_openid_013_622833,change_sorting_option,6,1782904521327,"拖动A(2→3)，D,A,B,C → D,B,A,C",sorting,"""D,A,B,C""","""D,B,A,C""","""A""",2,3
0000000000000000000000000000031b,0000000000000000000000000000000d,0000000000000000000000000000000d,QT-SIM-013-3067,sim_openid_013_622833,change_sorting_option,6,1782904526251,"拖动A(3→2)，D,B,A,C → D,A,B,C",sorting,"""D,B,A,C""","""D,A,B,C""","""A""",3,2
0000000000000000000000000000031c,0000000000000000000000000000000d,0000000000000000000000000000000d,QT-SIM-013-3067,sim_openid_013_622833,change_sorting_option,6,1782904529026,"拖动A(2→1)，D,A,B,C → A,D,B,C",sorting,"""D,A,B,C""","""A,D,B,C""","""A""",2,1
0000000000000000000000000000031d,0000000000000000000000000000000d,0000000000000000000000000000000d,QT-SIM-013-3067,sim_openid_013_622833,change_sorting_option,6,1782904532625,"拖动D(2→1)，A,D,B,C → D,A,B,C",sorting,"""A,D,B,C""","""D,A,B,C""","""D""",2,1
0000000000000000000000000000031e,0000000000000000000000000000000d,0000000000000000000000000000000d,QT-SIM-013-3067,sim_openid_013_622833,change_sorting_option,6,1782904535391,"拖动A(2→3)，D,A,B,C → D,B,A,C",sorting,"""D,A,B,C""","""D,B,A,C""","""A""",2,3
0000000000000000000000000000031f,0000000000000000000000000000000d,0000000000000000000000000000000d,QT-SIM-013-3067,sim_openid_013_622833,leave_question,6,1782904546050,离开第3题,,,,,,
00000000000000000000000000000320,0000000000000000000000000000000d,0000000000000000000000000000000d,QT-SIM-013-3067,sim_openid_013_622833,enter_question,2,1782904548718,进入第4题,sorting,,,,,
00000000000000000000000000000321,0000000000000000000000000000000d,0000000000000000000000000000000d,QT-SIM-013-3067,sim_openid_013_622833,change_sorting_option,2,1782904576665,"拖动B(2→1)，A,B,C,D → B,A,C,D",sorting,"""A,B,C,D""","""B,A,C,D""","""B""",2,1
00000000000000000000000000000322,0000000000000000000000000000000d,0000000000000000000000000000000d,QT-SIM-013-3067,sim_openid_013_622833,change_sorting_option,2,1782904579335,"拖动D(4→2)，B,A,C,D → B,D,A,C",sorting,"""B,A,C,D""","""B,D,A,C""","""D""",4,2
00000000000000000000000000000323,0000000000000000000000000000000d,0000000000000000000000000000000d,QT-SIM-013-3067,sim_openid_013_622833,change_sorting_option,2,1782904585314,"拖动B(1→2)，B,D,A,C → D,B,A,C",sorting,"""B,D,A,C""","""D,B,A,C""","""B""",1,2
00000000000000000000000000000324,0000000000000000000000000000000d,0000000000000000000000000000000d,QT-SIM-013-3067,sim_openid_013_622833,change_sorting_option,2,1782904590415,"拖动C(4→3)，D,B,A,C → D,B,C,A",sorting,"""D,B,A,C""","""D,B,C,A""","""C""",4,3
00000000000000000000000000000325,0000000000000000000000000000000d,0000000000000000000000000000000d,QT-SIM-013-3067,sim_openid_013_622833,change_sorting_option,2,1782904596536,"拖动A(4→3)，D,B,C,A → D,B,A,C",sorting,"""D,B,C,A""","""D,B,A,C""","""A""",4,3
00000000000000000000000000000326,0000000000000000000000000000000d,0000000000000000000000000000000d,QT-SIM-013-3067,sim_openid_013_622833,leave_question,2,1782904607410,离开第4题,,,,,,
00000000000000000000000000000327,0000000000000000000000000000000d,0000000000000000000000000000000d,QT-SIM-013-3067,sim_openid_013_622833,enter_question,5,1782904609487,进入第5题,sorting,,,,,
00000000000000000000000000000328,0000000000000000000000000000000d,0000000000000000000000000000000d,QT-SIM-013-3067,sim_openid_013_622833,change_sorting_option,5,1782904636569,"拖动D(4→3)，A,B,C,D → A,B,D,C",sorting,"""A,B,C,D""","""A,B,D,C""","""D""",4,3
00000000000000000000000000000329,0000000000000000000000000000000d,0000000000000000000000000000000d,QT-SIM-013-3067,sim_openid_013_622833,change_sorting_option,5,1782904641394,"拖动D(3→4)，A,B,D,C → A,B,C,D",sorting,"""A,B,D,C""","""A,B,C,D""","""D""",3,4
0000000000000000000000000000032a,0000000000000000000000000000000d,0000000000000000000000000000000d,QT-SIM-013-3067,sim_openid_013_622833,change_sorting_option,5,1782904643951,"拖动A(1→2)，A,B,C,D → B,A,C,D",sorting,"""A,B,C,D""","""B,A,C,D""","""A""",1,2
0000000000000000000000000000032b,0000000000000000000000000000000d,0000000000000000000000000000000d,QT-SIM-013-3067,sim_openid_013_622833,change_sorting_option,5,1782904646789,"拖动A(2→1)，B,A,C,D → A,B,C,D",sorting,"""B,A,C,D""","""A,B,C,D""","""A""",2,1
0000000000000000000000000000032c,0000000000000000000000000000000d,0000000000000000000000000000000d,QT-SIM-013-3067,sim_openid_013_622833,leave_question,5,1782904656511,离开第5题,,,,,,
0000000000000000000000000000032d,0000000000000000000000000000000d,0000000000000000000000000000000d,QT-SIM-013-3067,sim_openid_013_622833,enter_question,3,1782904659210,进入第6题,sorting,,,,,
0000000000000000000000000000032e,0000000000000000000000000000000d,0000000000000000000000000000000d,QT-SIM-013-3067,sim_openid_013_622833,change_sorting_option,3,1782904687194,"拖动B(2→1)，A,B,C,D → B,A,C,D",sorting,"""A,B,C,D""","""B,A,C,D""","""B""",2,1
0000000000000000000000000000032f,0000000000000000000000000000000d,0000000000000000000000000000000d,QT-SIM-013-3067,sim_openid_013_622833,change_sorting_option,3,1782904695577,"拖动C(3→2)，B,A,C,D → B,C,A,D",sorting,"""B,A,C,D""","""B,C,A,D""","""C""",3,2
00000000000000000000000000000330,0000000000000000000000000000000d,0000000000000000000000000000000d,QT-SIM-013-3067,sim_openid_013_622833,leave_question,3,1782904705919,离开第6题,,,,,,
00000000000000000000000000000331,0000000000000000000000000000000d,0000000000000000000000000000000d,QT-SIM-013-3067,sim_openid_013_622833,enter_question,9,1782904708232,进入第7题,sorting,,,,,
00000000000000000000000000000332,0000000000000000000000000000000d,0000000000000000000000000000000d,QT-SIM-013-3067,sim_openid_013_622833,change_sorting_option,9,1782904727380,"拖动C(3→4)，A,B,C,D → A,B,D,C",sorting,"""A,B,C,D""","""A,B,D,C""","""C""",3,4
00000000000000000000000000000333,0000000000000000000000000000000d,0000000000000000000000000000000d,QT-SIM-013-3067,sim_openid_013_622833,change_sorting_option,9,1782904733273,"拖动B(2→4)，A,B,D,C → A,D,C,B",sorting,"""A,B,D,C""","""A,D,C,B""","""B""",2,4
00000000000000000000000000000334,0000000000000000000000000000000d,0000000000000000000000000000000d,QT-SIM-013-3067,sim_openid_013_622833,change_sorting_option,9,1782904735699,"拖动C(3→4)，A,D,C,B → A,D,B,C",sorting,"""A,D,C,B""","""A,D,B,C""","""C""",3,4
00000000000000000000000000000335,0000000000000000000000000000000d,0000000000000000000000000000000d,QT-SIM-013-3067,sim_openid_013_622833,change_sorting_option,9,1782904744286,"拖动B(3→2)，A,D,B,C → A,B,D,C",sorting,"""A,D,B,C""","""A,B,D,C""","""B""",3,2
00000000000000000000000000000336,0000000000000000000000000000000d,0000000000000000000000000000000d,QT-SIM-013-3067,sim_openid_013_622833,change_sorting_option,9,1782904748105,"拖动A(1→3)，A,B,D,C → B,D,A,C",sorting,"""A,B,D,C""","""B,D,A,C""","""A""",1,3
00000000000000000000000000000337,0000000000000000000000000000000d,0000000000000000000000000000000d,QT-SIM-013-3067,sim_openid_013_622833,change_sorting_option,9,1782904755164,"拖动D(2→3)，B,D,A,C → B,A,D,C",sorting,"""B,D,A,C""","""B,A,D,C""","""D""",2,3
00000000000000000000000000000338,0000000000000000000000000000000d,0000000000000000000000000000000d,QT-SIM-013-3067,sim_openid_013_622833,change_sorting_option,9,1782904759162,"拖动A(2→1)，B,A,D,C → A,B,D,C",sorting,"""B,A,D,C""","""A,B,D,C""","""A""",2,1
00000000000000000000000000000339,0000000000000000000000000000000d,0000000000000000000000000000000d,QT-SIM-013-3067,sim_openid_013_622833,leave_question,9,1782904766169,离开第7题,,,,,,
0000000000000000000000000000033a,0000000000000000000000000000000d,0000000000000000000000000000000d,QT-SIM-013-3067,sim_openid_013_622833,enter_question,10,1782904767383,进入第8题,sorting,,,,,
0000000000000000000000000000033b,0000000000000000000000000000000d,0000000000000000000000000000000d,QT-SIM-013-3067,sim_openid_013_622833,change_sorting_option,10,1782904788345,"拖动B(2→3)，A,B,C,D → A,C,B,D",sorting,"""A,B,C,D""","""A,C,B,D""","""B""",2,3
0000000000000000000000000000033c,0000000000000000000000000000000d,0000000000000000000000000000000d,QT-SIM-013-3067,sim_openid_013_622833,change_sorting_option,10,1782904791236,"拖动C(2→4)，A,C,B,D → A,B,D,C",sorting,"""A,C,B,D""","""A,B,D,C""","""C""",2,4
0000000000000000000000000000033d,0000000000000000000000000000000d,0000000000000000000000000000000d,QT-SIM-013-3067,sim_openid_013_622833,change_sorting_option,10,1782904793402,"拖动A(1→3)，A,B,D,C → B,D,A,C",sorting,"""A,B,D,C""","""B,D,A,C""","""A""",1,3
0000000000000000000000000000033e,0000000000000000000000000000000d,0000000000000000000000000000000d,QT-SIM-013-3067,sim_openid_013_622833,change_sorting_option,10,1782904799270,"拖动D(2→3)，B,D,A,C → B,A,D,C",sorting,"""B,D,A,C""","""B,A,D,C""","""D""",2,3
0000000000000000000000000000033f,0000000000000000000000000000000d,0000000000000000000000000000000d,QT-SIM-013-3067,sim_openid_013_622833,change_sorting_option,10,1782904807206,"拖动B(1→3)，B,A,D,C → A,D,B,C",sorting,"""B,A,D,C""","""A,D,B,C""","""B""",1,3
00000000000000000000000000000340,0000000000000000000000000000000d,0000000000000000000000000000000d,QT-SIM-013-3067,sim_openid_013_622833,change_sorting_option,10,1782904812665,"拖动D(2→1)，A,D,B,C → D,A,B,C",sorting,"""A,D,B,C""","""D,A,B,C""","""D""",2,1
00000000000000000000000000000341,0000000000000000000000000000000d,0000000000000000000000000000000d,QT-SIM-013-3067,sim_openid_013_622833,leave_question,10,1782904819089,离开第8题,,,,,,
00000000000000000000000000000342,0000000000000000000000000000000d,0000000000000000000000000000000d,QT-SIM-013-3067,sim_openid_013_622833,enter_question,7,1782904820293,进入第9题,sorting,,,,,
00000000000000000000000000000343,0000000000000000000000000000000d,0000000000000000000000000000000d,QT-SIM-013-3067,sim_openid_013_622833,change_sorting_option,7,1782904834833,"拖动B(2→4)，A,B,C,D → A,C,D,B",sorting,"""A,B,C,D""","""A,C,D,B""","""B""",2,4
00000000000000000000000000000344,0000000000000000000000000000000d,0000000000000000000000000000000d,QT-SIM-013-3067,sim_openid_013_622833,change_sorting_option,7,1782904836900,"拖动A(1→4)，A,C,D,B → C,D,B,A",sorting,"""A,C,D,B""","""C,D,B,A""","""A""",1,4
00000000000000000000000000000345,0000000000000000000000000000000d,0000000000000000000000000000000d,QT-SIM-013-3067,sim_openid_013_622833,change_sorting_option,7,1782904844380,"拖动B(3→2)，C,D,B,A → C,B,D,A",sorting,"""C,D,B,A""","""C,B,D,A""","""B""",3,2
00000000000000000000000000000346,0000000000000000000000000000000d,0000000000000000000000000000000d,QT-SIM-013-3067,sim_openid_013_622833,change_sorting_option,7,1782904851355,"拖动B(2→4)，C,B,D,A → C,D,A,B",sorting,"""C,B,D,A""","""C,D,A,B""","""B""",2,4
00000000000000000000000000000347,0000000000000000000000000000000d,0000000000000000000000000000000d,QT-SIM-013-3067,sim_openid_013_622833,change_sorting_option,7,1782904855050,"拖动C(1→3)，C,D,A,B → D,A,C,B",sorting,"""C,D,A,B""","""D,A,C,B""","""C""",1,3
00000000000000000000000000000348,0000000000000000000000000000000d,0000000000000000000000000000000d,QT-SIM-013-3067,sim_openid_013_622833,change_sorting_option,7,1782904857028,"拖动A(2→3)，D,A,C,B → D,C,A,B",sorting,"""D,A,C,B""","""D,C,A,B""","""A""",2,3
00000000000000000000000000000349,0000000000000000000000000000000d,0000000000000000000000000000000d,QT-SIM-013-3067,sim_openid_013_622833,change_sorting_option,7,1782904863012,"拖动C(2→3)，D,C,A,B → D,A,C,B",sorting,"""D,C,A,B""","""D,A,C,B""","""C""",2,3
0000000000000000000000000000034a,0000000000000000000000000000000d,0000000000000000000000000000000d,QT-SIM-013-3067,sim_openid_013_622833,leave_question,7,1782904870942,离开第9题,,,,,,
0000000000000000000000000000034b,0000000000000000000000000000000d,0000000000000000000000000000000d,QT-SIM-013-3067,sim_openid_013_622833,enter_question,8,1782904874013,进入第10题,sorting,,,,,
0000000000000000000000000000034c,0000000000000000000000000000000d,0000000000000000000000000000000d,QT-SIM-013-3067,sim_openid_013_622833,change_sorting_option,8,1782904913207,"拖动D(4→1)，A,B,C,D → D,A,B,C",sorting,"""A,B,C,D""","""D,A,B,C""","""D""",4,1
0000000000000000000000000000034d,0000000000000000000000000000000d,0000000000000000000000000000000d,QT-SIM-013-3067,sim_openid_013_622833,change_sorting_option,8,1782904915826,"拖动A(2→4)，D,A,B,C → D,B,C,A",sorting,"""D,A,B,C""","""D,B,C,A""","""A""",2,4
0000000000000000000000000000034e,0000000000000000000000000000000d,0000000000000000000000000000000d,QT-SIM-013-3067,sim_openid_013_622833,change_sorting_option,8,1782904922242,"拖动A(4→2)，D,B,C,A → D,A,B,C",sorting,"""D,B,C,A""","""D,A,B,C""","""A""",4,2
0000000000000000000000000000034f,0000000000000000000000000000000d,0000000000000000000000000000000d,QT-SIM-013-3067,sim_openid_013_622833,change_sorting_option,8,1782904928539,"拖动B(3→1)，D,A,B,C → B,D,A,C",sorting,"""D,A,B,C""","""B,D,A,C""","""B""",3,1
00000000000000000000000000000350,0000000000000000000000000000000d,0000000000000000000000000000000d,QT-SIM-013-3067,sim_openid_013_622833,change_sorting_option,8,1782904937333,"拖动B(1→3)，B,D,A,C → D,A,B,C",sorting,"""B,D,A,C""","""D,A,B,C""","""B""",1,3
00000000000000000000000000000351,0000000000000000000000000000000d,0000000000000000000000000000000d,QT-SIM-013-3067,sim_openid_013_622833,leave_question,8,1782904941108,离开第10题,,,,,,
00000000000000000000000000000352,0000000000000000000000000000000d,0000000000000000000000000000000d,QT-SIM-013-3067,sim_openid_013_622833,submit_exam,-1,1782904941628,提交试卷,,,,,,
00000000000000000000000000000353,0000000000000000000000000000000e,0000000000000000000000000000000e,QT-SIM-014-1466,sim_openid_014_601439,start_exam,-1,1782905256857,开始答题,,,,,,
00000000000000000000000000000354,0000000000000000000000000000000e,0000000000000000000000000000000e,QT-SIM-014-1466,sim_openid_014_601439,enter_exam,-1,1782905256876,进入试卷页面,,,,,,
00000000000000000000000000000355,0000000000000000000000000000000e,0000000000000000000000000000000e,QT-SIM-014-1466,sim_openid_014_601439,enter_question,1,1782905259162,进入第1题,sorting,,,,,
00000000000000000000000000000356,0000000000000000000000000000000e,0000000000000000000000000000000e,QT-SIM-014-1466,sim_openid_014_601439,change_sorting_option,1,1782905287295,"拖动D(4→1)，A,B,C,D → D,A,B,C",sorting,"""A,B,C,D""","""D,A,B,C""","""D""",4,1
00000000000000000000000000000357,0000000000000000000000000000000e,0000000000000000000000000000000e,QT-SIM-014-1466,sim_openid_014_601439,change_sorting_option,1,1782905291710,"拖动C(4→3)，D,A,B,C → D,A,C,B",sorting,"""D,A,B,C""","""D,A,C,B""","""C""",4,3
00000000000000000000000000000358,0000000000000000000000000000000e,0000000000000000000000000000000e,QT-SIM-014-1466,sim_openid_014_601439,change_sorting_option,1,1782905294349,"拖动B(4→1)，D,A,C,B → B,D,A,C",sorting,"""D,A,C,B""","""B,D,A,C""","""B""",4,1
00000000000000000000000000000359,0000000000000000000000000000000e,0000000000000000000000000000000e,QT-SIM-014-1466,sim_openid_014_601439,change_sorting_option,1,1782905300638,"拖动D(2→1)，B,D,A,C → D,B,A,C",sorting,"""B,D,A,C""","""D,B,A,C""","""D""",2,1
0000000000000000000000000000035a,0000000000000000000000000000000e,0000000000000000000000000000000e,QT-SIM-014-1466,sim_openid_014_601439,change_sorting_option,1,1782905309252,"拖动A(3→4)，D,B,A,C → D,B,C,A",sorting,"""D,B,A,C""","""D,B,C,A""","""A""",3,4
0000000000000000000000000000035b,0000000000000000000000000000000e,0000000000000000000000000000000e,QT-SIM-014-1466,sim_openid_014_601439,leave_question,1,1782905319138,离开第1题,,,,,,
0000000000000000000000000000035c,0000000000000000000000000000000e,0000000000000000000000000000000e,QT-SIM-014-1466,sim_openid_014_601439,enter_question,4,1782905320682,进入第2题,sorting,,,,,
0000000000000000000000000000035d,0000000000000000000000000000000e,0000000000000000000000000000000e,QT-SIM-014-1466,sim_openid_014_601439,change_sorting_option,4,1782905361414,"拖动D(4→3)，A,B,C,D → A,B,D,C",sorting,"""A,B,C,D""","""A,B,D,C""","""D""",4,3
0000000000000000000000000000035e,0000000000000000000000000000000e,0000000000000000000000000000000e,QT-SIM-014-1466,sim_openid_014_601439,change_sorting_option,4,1782905365540,"拖动C(4→2)，A,B,D,C → A,C,B,D",sorting,"""A,B,D,C""","""A,C,B,D""","""C""",4,2
0000000000000000000000000000035f,0000000000000000000000000000000e,0000000000000000000000000000000e,QT-SIM-014-1466,sim_openid_014_601439,change_sorting_option,4,1782905367956,"拖动A(1→4)，A,C,B,D → C,B,D,A",sorting,"""A,C,B,D""","""C,B,D,A""","""A""",1,4
00000000000000000000000000000360,0000000000000000000000000000000e,0000000000000000000000000000000e,QT-SIM-014-1466,sim_openid_014_601439,change_sorting_option,4,1782905370708,"拖动C(1→2)，C,B,D,A → B,C,D,A",sorting,"""C,B,D,A""","""B,C,D,A""","""C""",1,2
00000000000000000000000000000361,0000000000000000000000000000000e,0000000000000000000000000000000e,QT-SIM-014-1466,sim_openid_014_601439,leave_question,4,1782905374020,离开第2题,,,,,,
00000000000000000000000000000362,0000000000000000000000000000000e,0000000000000000000000000000000e,QT-SIM-014-1466,sim_openid_014_601439,enter_question,6,1782905376942,进入第3题,sorting,,,,,
00000000000000000000000000000363,0000000000000000000000000000000e,0000000000000000000000000000000e,QT-SIM-014-1466,sim_openid_014_601439,change_sorting_option,6,1782905391231,"拖动D(4→1)，A,B,C,D → D,A,B,C",sorting,"""A,B,C,D""","""D,A,B,C""","""D""",4,1
00000000000000000000000000000364,0000000000000000000000000000000e,0000000000000000000000000000000e,QT-SIM-014-1466,sim_openid_014_601439,change_sorting_option,6,1782905399323,"拖动B(3→1)，D,A,B,C → B,D,A,C",sorting,"""D,A,B,C""","""B,D,A,C""","""B""",3,1
00000000000000000000000000000365,0000000000000000000000000000000e,0000000000000000000000000000000e,QT-SIM-014-1466,sim_openid_014_601439,change_sorting_option,6,1782905407426,"拖动C(4→1)，B,D,A,C → C,B,D,A",sorting,"""B,D,A,C""","""C,B,D,A""","""C""",4,1
00000000000000000000000000000366,0000000000000000000000000000000e,0000000000000000000000000000000e,QT-SIM-014-1466,sim_openid_014_601439,change_sorting_option,6,1782905416061,"拖动A(4→3)，C,B,D,A → C,B,A,D",sorting,"""C,B,D,A""","""C,B,A,D""","""A""",4,3
00000000000000000000000000000367,0000000000000000000000000000000e,0000000000000000000000000000000e,QT-SIM-014-1466,sim_openid_014_601439,change_sorting_option,6,1782905421098,"拖动C(1→2)，C,B,A,D → B,C,A,D",sorting,"""C,B,A,D""","""B,C,A,D""","""C""",1,2
00000000000000000000000000000368,0000000000000000000000000000000e,0000000000000000000000000000000e,QT-SIM-014-1466,sim_openid_014_601439,leave_question,6,1782905432280,离开第3题,,,,,,
00000000000000000000000000000369,0000000000000000000000000000000e,0000000000000000000000000000000e,QT-SIM-014-1466,sim_openid_014_601439,enter_question,2,1782905433952,进入第4题,sorting,,,,,
0000000000000000000000000000036a,0000000000000000000000000000000e,0000000000000000000000000000000e,QT-SIM-014-1466,sim_openid_014_601439,change_sorting_option,2,1782905456484,"拖动B(2→1)，A,B,C,D → B,A,C,D",sorting,"""A,B,C,D""","""B,A,C,D""","""B""",2,1
0000000000000000000000000000036b,0000000000000000000000000000000e,0000000000000000000000000000000e,QT-SIM-014-1466,sim_openid_014_601439,change_sorting_option,2,1782905463064,"拖动D(4→3)，B,A,C,D → B,A,D,C",sorting,"""B,A,C,D""","""B,A,D,C""","""D""",4,3
0000000000000000000000000000036c,0000000000000000000000000000000e,0000000000000000000000000000000e,QT-SIM-014-1466,sim_openid_014_601439,change_sorting_option,2,1782905469420,"拖动B(1→3)，B,A,D,C → A,D,B,C",sorting,"""B,A,D,C""","""A,D,B,C""","""B""",1,3
0000000000000000000000000000036d,0000000000000000000000000000000e,0000000000000000000000000000000e,QT-SIM-014-1466,sim_openid_014_601439,change_sorting_option,2,1782905472138,"拖动B(3→1)，A,D,B,C → B,A,D,C",sorting,"""A,D,B,C""","""B,A,D,C""","""B""",3,1
0000000000000000000000000000036e,0000000000000000000000000000000e,0000000000000000000000000000000e,QT-SIM-014-1466,sim_openid_014_601439,change_sorting_option,2,1782905474548,"拖动C(4→2)，B,A,D,C → B,C,A,D",sorting,"""B,A,D,C""","""B,C,A,D""","""C""",4,2
0000000000000000000000000000036f,0000000000000000000000000000000e,0000000000000000000000000000000e,QT-SIM-014-1466,sim_openid_014_601439,change_sorting_option,2,1782905480127,"拖动A(3→4)，B,C,A,D → B,C,D,A",sorting,"""B,C,A,D""","""B,C,D,A""","""A""",3,4
00000000000000000000000000000370,0000000000000000000000000000000e,0000000000000000000000000000000e,QT-SIM-014-1466,sim_openid_014_601439,leave_question,2,1782905486795,离开第4题,,,,,,
00000000000000000000000000000371,0000000000000000000000000000000e,0000000000000000000000000000000e,QT-SIM-014-1466,sim_openid_014_601439,enter_question,5,1782905488251,进入第5题,sorting,,,,,
00000000000000000000000000000372,0000000000000000000000000000000e,0000000000000000000000000000000e,QT-SIM-014-1466,sim_openid_014_601439,change_sorting_option,5,1782905520638,"拖动D(4→2)，A,B,C,D → A,D,B,C",sorting,"""A,B,C,D""","""A,D,B,C""","""D""",4,2
00000000000000000000000000000373,0000000000000000000000000000000e,0000000000000000000000000000000e,QT-SIM-014-1466,sim_openid_014_601439,change_sorting_option,5,1782905529335,"拖动B(3→1)，A,D,B,C → B,A,D,C",sorting,"""A,D,B,C""","""B,A,D,C""","""B""",3,1
00000000000000000000000000000374,0000000000000000000000000000000e,0000000000000000000000000000000e,QT-SIM-014-1466,sim_openid_014_601439,change_sorting_option,5,1782905536778,"拖动B(1→2)，B,A,D,C → A,B,D,C",sorting,"""B,A,D,C""","""A,B,D,C""","""B""",1,2
00000000000000000000000000000375,0000000000000000000000000000000e,0000000000000000000000000000000e,QT-SIM-014-1466,sim_openid_014_601439,change_sorting_option,5,1782905544748,"拖动C(4→3)，A,B,D,C → A,B,C,D",sorting,"""A,B,D,C""","""A,B,C,D""","""C""",4,3
00000000000000000000000000000376,0000000000000000000000000000000e,0000000000000000000000000000000e,QT-SIM-014-1466,sim_openid_014_601439,leave_question,5,1782905555226,离开第5题,,,,,,
00000000000000000000000000000377,0000000000000000000000000000000e,0000000000000000000000000000000e,QT-SIM-014-1466,sim_openid_014_601439,enter_question,3,1782905556819,进入第6题,sorting,,,,,
00000000000000000000000000000378,0000000000000000000000000000000e,0000000000000000000000000000000e,QT-SIM-014-1466,sim_openid_014_601439,change_sorting_option,3,1782905596238,"拖动A(1→2)，A,B,C,D → B,A,C,D",sorting,"""A,B,C,D""","""B,A,C,D""","""A""",1,2
00000000000000000000000000000379,0000000000000000000000000000000e,0000000000000000000000000000000e,QT-SIM-014-1466,sim_openid_014_601439,change_sorting_option,3,1782905604093,"拖动C(3→4)，B,A,C,D → B,A,D,C",sorting,"""B,A,C,D""","""B,A,D,C""","""C""",3,4
0000000000000000000000000000037a,0000000000000000000000000000000e,0000000000000000000000000000000e,QT-SIM-014-1466,sim_openid_014_601439,change_sorting_option,3,1782905609380,"拖动A(2→1)，B,A,D,C → A,B,D,C",sorting,"""B,A,D,C""","""A,B,D,C""","""A""",2,1
0000000000000000000000000000037b,0000000000000000000000000000000e,0000000000000000000000000000000e,QT-SIM-014-1466,sim_openid_014_601439,change_sorting_option,3,1782905612723,"拖动A(1→2)，A,B,D,C → B,A,D,C",sorting,"""A,B,D,C""","""B,A,D,C""","""A""",1,2
0000000000000000000000000000037c,0000000000000000000000000000000e,0000000000000000000000000000000e,QT-SIM-014-1466,sim_openid_014_601439,change_sorting_option,3,1782905616898,"拖动B(1→3)，B,A,D,C → A,D,B,C",sorting,"""B,A,D,C""","""A,D,B,C""","""B""",1,3
0000000000000000000000000000037d,0000000000000000000000000000000e,0000000000000000000000000000000e,QT-SIM-014-1466,sim_openid_014_601439,change_sorting_option,3,1782905624072,"拖动A(1→2)，A,D,B,C → D,A,B,C",sorting,"""A,D,B,C""","""D,A,B,C""","""A""",1,2
0000000000000000000000000000037e,0000000000000000000000000000000e,0000000000000000000000000000000e,QT-SIM-014-1466,sim_openid_014_601439,change_sorting_option,3,1782905632737,"拖动B(3→1)，D,A,B,C → B,D,A,C",sorting,"""D,A,B,C""","""B,D,A,C""","""B""",3,1
0000000000000000000000000000037f,0000000000000000000000000000000e,0000000000000000000000000000000e,QT-SIM-014-1466,sim_openid_014_601439,change_sorting_option,3,1782905635103,"拖动A(3→2)，B,D,A,C → B,A,D,C",sorting,"""B,D,A,C""","""B,A,D,C""","""A""",3,2
00000000000000000000000000000380,0000000000000000000000000000000e,0000000000000000000000000000000e,QT-SIM-014-1466,sim_openid_014_601439,leave_question,3,1782905642423,离开第6题,,,,,,
00000000000000000000000000000381,0000000000000000000000000000000e,0000000000000000000000000000000e,QT-SIM-014-1466,sim_openid_014_601439,enter_question,9,1782905645730,进入第7题,sorting,,,,,
00000000000000000000000000000382,0000000000000000000000000000000e,0000000000000000000000000000000e,QT-SIM-014-1466,sim_openid_014_601439,change_sorting_option,9,1782905662272,"拖动A(1→4)，A,B,C,D → B,C,D,A",sorting,"""A,B,C,D""","""B,C,D,A""","""A""",1,4
00000000000000000000000000000383,0000000000000000000000000000000e,0000000000000000000000000000000e,QT-SIM-014-1466,sim_openid_014_601439,change_sorting_option,9,1782905668190,"拖动C(2→4)，B,C,D,A → B,D,A,C",sorting,"""B,C,D,A""","""B,D,A,C""","""C""",2,4
00000000000000000000000000000384,0000000000000000000000000000000e,0000000000000000000000000000000e,QT-SIM-014-1466,sim_openid_014_601439,change_sorting_option,9,1782905670721,"拖动A(3→1)，B,D,A,C → A,B,D,C",sorting,"""B,D,A,C""","""A,B,D,C""","""A""",3,1
00000000000000000000000000000385,0000000000000000000000000000000e,0000000000000000000000000000000e,QT-SIM-014-1466,sim_openid_014_601439,leave_question,9,1782905680347,离开第7题,,,,,,
00000000000000000000000000000386,0000000000000000000000000000000e,0000000000000000000000000000000e,QT-SIM-014-1466,sim_openid_014_601439,enter_question,10,1782905683432,进入第8题,sorting,,,,,
00000000000000000000000000000387,0000000000000000000000000000000e,0000000000000000000000000000000e,QT-SIM-014-1466,sim_openid_014_601439,change_sorting_option,10,1782905710944,"拖动C(3→4)，A,B,C,D → A,B,D,C",sorting,"""A,B,C,D""","""A,B,D,C""","""C""",3,4
00000000000000000000000000000388,0000000000000000000000000000000e,0000000000000000000000000000000e,QT-SIM-014-1466,sim_openid_014_601439,change_sorting_option,10,1782905718751,"拖动D(3→2)，A,B,D,C → A,D,B,C",sorting,"""A,B,D,C""","""A,D,B,C""","""D""",3,2
00000000000000000000000000000389,0000000000000000000000000000000e,0000000000000000000000000000000e,QT-SIM-014-1466,sim_openid_014_601439,change_sorting_option,10,1782905723352,"拖动B(3→2)，A,D,B,C → A,B,D,C",sorting,"""A,D,B,C""","""A,B,D,C""","""B""",3,2
0000000000000000000000000000038a,0000000000000000000000000000000e,0000000000000000000000000000000e,QT-SIM-014-1466,sim_openid_014_601439,change_sorting_option,10,1782905731097,"拖动D(3→1)，A,B,D,C → D,A,B,C",sorting,"""A,B,D,C""","""D,A,B,C""","""D""",3,1
0000000000000000000000000000038b,0000000000000000000000000000000e,0000000000000000000000000000000e,QT-SIM-014-1466,sim_openid_014_601439,change_sorting_option,10,1782905739274,"拖动D(1→3)，D,A,B,C → A,B,D,C",sorting,"""D,A,B,C""","""A,B,D,C""","""D""",1,3
0000000000000000000000000000038c,0000000000000000000000000000000e,0000000000000000000000000000000e,QT-SIM-014-1466,sim_openid_014_601439,leave_question,10,1782905746838,离开第8题,,,,,,
0000000000000000000000000000038d,0000000000000000000000000000000e,0000000000000000000000000000000e,QT-SIM-014-1466,sim_openid_014_601439,enter_question,7,1782905749904,进入第9题,sorting,,,,,
0000000000000000000000000000038e,0000000000000000000000000000000e,0000000000000000000000000000000e,QT-SIM-014-1466,sim_openid_014_601439,change_sorting_option,7,1782905777630,"拖动A(1→2)，A,B,C,D → B,A,C,D",sorting,"""A,B,C,D""","""B,A,C,D""","""A""",1,2
0000000000000000000000000000038f,0000000000000000000000000000000e,0000000000000000000000000000000e,QT-SIM-014-1466,sim_openid_014_601439,change_sorting_option,7,1782905779720,"拖动B(1→4)，B,A,C,D → A,C,D,B",sorting,"""B,A,C,D""","""A,C,D,B""","""B""",1,4
00000000000000000000000000000390,0000000000000000000000000000000e,0000000000000000000000000000000e,QT-SIM-014-1466,sim_openid_014_601439,change_sorting_option,7,1782905787030,"拖动C(2→3)，A,C,D,B → A,D,C,B",sorting,"""A,C,D,B""","""A,D,C,B""","""C""",2,3
00000000000000000000000000000391,0000000000000000000000000000000e,0000000000000000000000000000000e,QT-SIM-014-1466,sim_openid_014_601439,change_sorting_option,7,1782905792928,"拖动B(4→1)，A,D,C,B → B,A,D,C",sorting,"""A,D,C,B""","""B,A,D,C""","""B""",4,1
00000000000000000000000000000392,0000000000000000000000000000000e,0000000000000000000000000000000e,QT-SIM-014-1466,sim_openid_014_601439,change_sorting_option,7,1782905798728,"拖动C(4→3)，B,A,D,C → B,A,C,D",sorting,"""B,A,D,C""","""B,A,C,D""","""C""",4,3
00000000000000000000000000000393,0000000000000000000000000000000e,0000000000000000000000000000000e,QT-SIM-014-1466,sim_openid_014_601439,change_sorting_option,7,1782905804347,"拖动B(1→4)，B,A,C,D → A,C,D,B",sorting,"""B,A,C,D""","""A,C,D,B""","""B""",1,4
00000000000000000000000000000394,0000000000000000000000000000000e,0000000000000000000000000000000e,QT-SIM-014-1466,sim_openid_014_601439,change_sorting_option,7,1782905807260,"拖动D(3→2)，A,C,D,B → A,D,C,B",sorting,"""A,C,D,B""","""A,D,C,B""","""D""",3,2
00000000000000000000000000000395,0000000000000000000000000000000e,0000000000000000000000000000000e,QT-SIM-014-1466,sim_openid_014_601439,leave_question,7,1782905815265,离开第9题,,,,,,
00000000000000000000000000000396,0000000000000000000000000000000e,0000000000000000000000000000000e,QT-SIM-014-1466,sim_openid_014_601439,enter_question,8,1782905817827,进入第10题,sorting,,,,,
00000000000000000000000000000397,0000000000000000000000000000000e,0000000000000000000000000000000e,QT-SIM-014-1466,sim_openid_014_601439,change_sorting_option,8,1782905834326,"拖动D(4→2)，A,B,C,D → A,D,B,C",sorting,"""A,B,C,D""","""A,D,B,C""","""D""",4,2
00000000000000000000000000000398,0000000000000000000000000000000e,0000000000000000000000000000000e,QT-SIM-014-1466,sim_openid_014_601439,change_sorting_option,8,1782905839210,"拖动A(1→4)，A,D,B,C → D,B,C,A",sorting,"""A,D,B,C""","""D,B,C,A""","""A""",1,4
00000000000000000000000000000399,0000000000000000000000000000000e,0000000000000000000000000000000e,QT-SIM-014-1466,sim_openid_014_601439,change_sorting_option,8,1782905845448,"拖动D(1→2)，D,B,C,A → B,D,C,A",sorting,"""D,B,C,A""","""B,D,C,A""","""D""",1,2
0000000000000000000000000000039a,0000000000000000000000000000000e,0000000000000000000000000000000e,QT-SIM-014-1466,sim_openid_014_601439,change_sorting_option,8,1782905853737,"拖动C(3→2)，B,D,C,A → B,C,D,A",sorting,"""B,D,C,A""","""B,C,D,A""","""C""",3,2
0000000000000000000000000000039b,0000000000000000000000000000000e,0000000000000000000000000000000e,QT-SIM-014-1466,sim_openid_014_601439,change_sorting_option,8,1782905857752,"拖动D(3→2)，B,C,D,A → B,D,C,A",sorting,"""B,C,D,A""","""B,D,C,A""","""D""",3,2
0000000000000000000000000000039c,0000000000000000000000000000000e,0000000000000000000000000000000e,QT-SIM-014-1466,sim_openid_014_601439,change_sorting_option,8,1782905863256,"拖动A(4→2)，B,D,C,A → B,A,D,C",sorting,"""B,D,C,A""","""B,A,D,C""","""A""",4,2
0000000000000000000000000000039d,0000000000000000000000000000000e,0000000000000000000000000000000e,QT-SIM-014-1466,sim_openid_014_601439,change_sorting_option,8,1782905870158,"拖动A(2→4)，B,A,D,C → B,D,C,A",sorting,"""B,A,D,C""","""B,D,C,A""","""A""",2,4
0000000000000000000000000000039e,0000000000000000000000000000000e,0000000000000000000000000000000e,QT-SIM-014-1466,sim_openid_014_601439,leave_question,8,1782905876819,离开第10题,,,,,,
0000000000000000000000000000039f,0000000000000000000000000000000e,0000000000000000000000000000000e,QT-SIM-014-1466,sim_openid_014_601439,submit_exam,-1,1782905877207,提交试卷,,,,,,
000000000000000000000000000003a0,0000000000000000000000000000000f,0000000000000000000000000000000f,QT-SIM-015-8387,sim_openid_015_459012,start_exam,-1,1782906157057,开始答题,,,,,,
000000000000000000000000000003a1,0000000000000000000000000000000f,0000000000000000000000000000000f,QT-SIM-015-8387,sim_openid_015_459012,enter_exam,-1,1782906157121,进入试卷页面,,,,,,
000000000000000000000000000003a2,0000000000000000000000000000000f,0000000000000000000000000000000f,QT-SIM-015-8387,sim_openid_015_459012,enter_question,1,1782906159006,进入第1题,sorting,,,,,
000000000000000000000000000003a3,0000000000000000000000000000000f,0000000000000000000000000000000f,QT-SIM-015-8387,sim_openid_015_459012,change_sorting_option,1,1782906164118,"拖动A(1→3)，A,B,C,D → B,C,A,D",sorting,"""A,B,C,D""","""B,C,A,D""","""A""",1,3
000000000000000000000000000003a4,0000000000000000000000000000000f,0000000000000000000000000000000f,QT-SIM-015-8387,sim_openid_015_459012,change_sorting_option,1,1782906166268,"拖动D(4→2)，B,C,A,D → B,D,C,A",sorting,"""B,C,A,D""","""B,D,C,A""","""D""",4,2
000000000000000000000000000003a5,0000000000000000000000000000000f,0000000000000000000000000000000f,QT-SIM-015-8387,sim_openid_015_459012,change_sorting_option,1,1782906167651,"拖动A(4→3)，B,D,C,A → B,D,A,C",sorting,"""B,D,C,A""","""B,D,A,C""","""A""",4,3
000000000000000000000000000003a6,0000000000000000000000000000000f,0000000000000000000000000000000f,QT-SIM-015-8387,sim_openid_015_459012,change_sorting_option,1,1782906169521,"拖动C(4→1)，B,D,A,C → C,B,D,A",sorting,"""B,D,A,C""","""C,B,D,A""","""C""",4,1
000000000000000000000000000003a7,0000000000000000000000000000000f,0000000000000000000000000000000f,QT-SIM-015-8387,sim_openid_015_459012,change_sorting_option,1,1782906173854,"拖动A(4→3)，C,B,D,A → C,B,A,D",sorting,"""C,B,D,A""","""C,B,A,D""","""A""",4,3
000000000000000000000000000003a8,0000000000000000000000000000000f,0000000000000000000000000000000f,QT-SIM-015-8387,sim_openid_015_459012,change_sorting_option,1,1782906175066,"拖动D(4→2)，C,B,A,D → C,D,B,A",sorting,"""C,B,A,D""","""C,D,B,A""","""D""",4,2
000000000000000000000000000003a9,0000000000000000000000000000000f,0000000000000000000000000000000f,QT-SIM-015-8387,sim_openid_015_459012,leave_question,1,1782906180287,离开第1题,,,,,,
000000000000000000000000000003aa,0000000000000000000000000000000f,0000000000000000000000000000000f,QT-SIM-015-8387,sim_openid_015_459012,enter_question,4,1782906183306,进入第2题,sorting,,,,,
000000000000000000000000000003ab,0000000000000000000000000000000f,0000000000000000000000000000000f,QT-SIM-015-8387,sim_openid_015_459012,change_sorting_option,4,1782906194262,"拖动D(4→1)，A,B,C,D → D,A,B,C",sorting,"""A,B,C,D""","""D,A,B,C""","""D""",4,1
000000000000000000000000000003ac,0000000000000000000000000000000f,0000000000000000000000000000000f,QT-SIM-015-8387,sim_openid_015_459012,change_sorting_option,4,1782906196496,"拖动C(4→2)，D,A,B,C → D,C,A,B",sorting,"""D,A,B,C""","""D,C,A,B""","""C""",4,2
000000000000000000000000000003ad,0000000000000000000000000000000f,0000000000000000000000000000000f,QT-SIM-015-8387,sim_openid_015_459012,change_sorting_option,4,1782906198222,"拖动A(3→2)，D,C,A,B → D,A,C,B",sorting,"""D,C,A,B""","""D,A,C,B""","""A""",3,2
000000000000000000000000000003ae,0000000000000000000000000000000f,0000000000000000000000000000000f,QT-SIM-015-8387,sim_openid_015_459012,change_sorting_option,4,1782906200984,"拖动C(3→4)，D,A,C,B → D,A,B,C",sorting,"""D,A,C,B""","""D,A,B,C""","""C""",3,4
000000000000000000000000000003af,0000000000000000000000000000000f,0000000000000000000000000000000f,QT-SIM-015-8387,sim_openid_015_459012,leave_question,4,1782906204443,离开第2题,,,,,,
000000000000000000000000000003b0,0000000000000000000000000000000f,0000000000000000000000000000000f,QT-SIM-015-8387,sim_openid_015_459012,enter_question,6,1782906206800,进入第3题,sorting,,,,,
000000000000000000000000000003b1,0000000000000000000000000000000f,0000000000000000000000000000000f,QT-SIM-015-8387,sim_openid_015_459012,change_sorting_option,6,1782906210580,"拖动D(4→2)，A,B,C,D → A,D,B,C",sorting,"""A,B,C,D""","""A,D,B,C""","""D""",4,2
000000000000000000000000000003b2,0000000000000000000000000000000f,0000000000000000000000000000000f,QT-SIM-015-8387,sim_openid_015_459012,change_sorting_option,6,1782906211604,"拖动C(4→3)，A,D,B,C → A,D,C,B",sorting,"""A,D,B,C""","""A,D,C,B""","""C""",4,3
000000000000000000000000000003b3,0000000000000000000000000000000f,0000000000000000000000000000000f,QT-SIM-015-8387,sim_openid_015_459012,leave_question,6,1782906215901,离开第3题,,,,,,
000000000000000000000000000003b4,0000000000000000000000000000000f,0000000000000000000000000000000f,QT-SIM-015-8387,sim_openid_015_459012,enter_question,2,1782906218464,进入第4题,sorting,,,,,
000000000000000000000000000003b5,0000000000000000000000000000000f,0000000000000000000000000000000f,QT-SIM-015-8387,sim_openid_015_459012,change_sorting_option,2,1782906228130,"拖动B(2→1)，A,B,C,D → B,A,C,D",sorting,"""A,B,C,D""","""B,A,C,D""","""B""",2,1
000000000000000000000000000003b6,0000000000000000000000000000000f,0000000000000000000000000000000f,QT-SIM-015-8387,sim_openid_015_459012,change_sorting_option,2,1782906229303,"拖动B(1→3)，B,A,C,D → A,C,B,D",sorting,"""B,A,C,D""","""A,C,B,D""","""B""",1,3
000000000000000000000000000003b7,0000000000000000000000000000000f,0000000000000000000000000000000f,QT-SIM-015-8387,sim_openid_015_459012,change_sorting_option,2,1782906233307,"拖动C(2→1)，A,C,B,D → C,A,B,D",sorting,"""A,C,B,D""","""C,A,B,D""","""C""",2,1
000000000000000000000000000003b8,0000000000000000000000000000000f,0000000000000000000000000000000f,QT-SIM-015-8387,sim_openid_015_459012,leave_question,2,1782906236783,离开第4题,,,,,,
000000000000000000000000000003b9,0000000000000000000000000000000f,0000000000000000000000000000000f,QT-SIM-015-8387,sim_openid_015_459012,enter_question,5,1782906240201,进入第5题,sorting,,,,,
000000000000000000000000000003ba,0000000000000000000000000000000f,0000000000000000000000000000000f,QT-SIM-015-8387,sim_openid_015_459012,change_sorting_option,5,1782906254583,"拖动A(1→4)，A,B,C,D → B,C,D,A",sorting,"""A,B,C,D""","""B,C,D,A""","""A""",1,4
000000000000000000000000000003bb,0000000000000000000000000000000f,0000000000000000000000000000000f,QT-SIM-015-8387,sim_openid_015_459012,change_sorting_option,5,1782906258572,"拖动B(1→3)，B,C,D,A → C,D,B,A",sorting,"""B,C,D,A""","""C,D,B,A""","""B""",1,3
000000000000000000000000000003bc,0000000000000000000000000000000f,0000000000000000000000000000000f,QT-SIM-015-8387,sim_openid_015_459012,change_sorting_option,5,1782906260112,"拖动C(1→2)，C,D,B,A → D,C,B,A",sorting,"""C,D,B,A""","""D,C,B,A""","""C""",1,2
000000000000000000000000000003bd,0000000000000000000000000000000f,0000000000000000000000000000000f,QT-SIM-015-8387,sim_openid_015_459012,leave_question,5,1782906266309,离开第5题,,,,,,
000000000000000000000000000003be,0000000000000000000000000000000f,0000000000000000000000000000000f,QT-SIM-015-8387,sim_openid_015_459012,enter_question,3,1782906268200,进入第6题,sorting,,,,,
000000000000000000000000000003bf,0000000000000000000000000000000f,0000000000000000000000000000000f,QT-SIM-015-8387,sim_openid_015_459012,change_sorting_option,3,1782906279560,"拖动B(2→3)，A,B,C,D → A,C,B,D",sorting,"""A,B,C,D""","""A,C,B,D""","""B""",2,3
000000000000000000000000000003c0,0000000000000000000000000000000f,0000000000000000000000000000000f,QT-SIM-015-8387,sim_openid_015_459012,change_sorting_option,3,1782906282891,"拖动D(4→2)，A,C,B,D → A,D,C,B",sorting,"""A,C,B,D""","""A,D,C,B""","""D""",4,2
000000000000000000000000000003c1,0000000000000000000000000000000f,0000000000000000000000000000000f,QT-SIM-015-8387,sim_openid_015_459012,change_sorting_option,3,1782906286604,"拖动C(3→4)，A,D,C,B → A,D,B,C",sorting,"""A,D,C,B""","""A,D,B,C""","""C""",3,4
000000000000000000000000000003c2,0000000000000000000000000000000f,0000000000000000000000000000000f,QT-SIM-015-8387,sim_openid_015_459012,leave_question,3,1782906292655,离开第6题,,,,,,
000000000000000000000000000003c3,0000000000000000000000000000000f,0000000000000000000000000000000f,QT-SIM-015-8387,sim_openid_015_459012,enter_question,9,1782906294790,进入第7题,sorting,,,,,
000000000000000000000000000003c4,0000000000000000000000000000000f,0000000000000000000000000000000f,QT-SIM-015-8387,sim_openid_015_459012,change_sorting_option,9,1782906306600,"拖动D(4→3)，A,B,C,D → A,B,D,C",sorting,"""A,B,C,D""","""A,B,D,C""","""D""",4,3
000000000000000000000000000003c5,0000000000000000000000000000000f,0000000000000000000000000000000f,QT-SIM-015-8387,sim_openid_015_459012,change_sorting_option,9,1782906310583,"拖动D(3→4)，A,B,D,C → A,B,C,D",sorting,"""A,B,D,C""","""A,B,C,D""","""D""",3,4
000000000000000000000000000003c6,0000000000000000000000000000000f,0000000000000000000000000000000f,QT-SIM-015-8387,sim_openid_015_459012,change_sorting_option,9,1782906311589,"拖动D(4→3)，A,B,C,D → A,B,D,C",sorting,"""A,B,C,D""","""A,B,D,C""","""D""",4,3
000000000000000000000000000003c7,0000000000000000000000000000000f,0000000000000000000000000000000f,QT-SIM-015-8387,sim_openid_015_459012,leave_question,9,1782906315179,离开第7题,,,,,,
000000000000000000000000000003c8,0000000000000000000000000000000f,0000000000000000000000000000000f,QT-SIM-015-8387,sim_openid_015_459012,enter_question,10,1782906316781,进入第8题,sorting,,,,,
000000000000000000000000000003c9,0000000000000000000000000000000f,0000000000000000000000000000000f,QT-SIM-015-8387,sim_openid_015_459012,change_sorting_option,10,1782906329607,"拖动C(3→1)，A,B,C,D → C,A,B,D",sorting,"""A,B,C,D""","""C,A,B,D""","""C""",3,1
000000000000000000000000000003ca,0000000000000000000000000000000f,0000000000000000000000000000000f,QT-SIM-015-8387,sim_openid_015_459012,change_sorting_option,10,1782906331944,"拖动A(2→4)，C,A,B,D → C,B,D,A",sorting,"""C,A,B,D""","""C,B,D,A""","""A""",2,4
000000000000000000000000000003cb,0000000000000000000000000000000f,0000000000000000000000000000000f,QT-SIM-015-8387,sim_openid_015_459012,change_sorting_option,10,1782906335833,"拖动D(3→2)，C,B,D,A → C,D,B,A",sorting,"""C,B,D,A""","""C,D,B,A""","""D""",3,2
000000000000000000000000000003cc,0000000000000000000000000000000f,0000000000000000000000000000000f,QT-SIM-015-8387,sim_openid_015_459012,leave_question,10,1782906342367,离开第8题,,,,,,
000000000000000000000000000003cd,0000000000000000000000000000000f,0000000000000000000000000000000f,QT-SIM-015-8387,sim_openid_015_459012,enter_question,7,1782906344356,进入第9题,sorting,,,,,
000000000000000000000000000003ce,0000000000000000000000000000000f,0000000000000000000000000000000f,QT-SIM-015-8387,sim_openid_015_459012,change_sorting_option,7,1782906351117,"拖动C(3→2)，A,B,C,D → A,C,B,D",sorting,"""A,B,C,D""","""A,C,B,D""","""C""",3,2
000000000000000000000000000003cf,0000000000000000000000000000000f,0000000000000000000000000000000f,QT-SIM-015-8387,sim_openid_015_459012,leave_question,7,1782906353512,离开第9题,,,,,,
000000000000000000000000000003d0,0000000000000000000000000000000f,0000000000000000000000000000000f,QT-SIM-015-8387,sim_openid_015_459012,enter_question,8,1782906356676,进入第10题,sorting,,,,,
000000000000000000000000000003d1,0000000000000000000000000000000f,0000000000000000000000000000000f,QT-SIM-015-8387,sim_openid_015_459012,change_sorting_option,8,1782906360477,"拖动B(2→3)，A,B,C,D → A,C,B,D",sorting,"""A,B,C,D""","""A,C,B,D""","""B""",2,3
000000000000000000000000000003d2,0000000000000000000000000000000f,0000000000000000000000000000000f,QT-SIM-015-8387,sim_openid_015_459012,change_sorting_option,8,1782906364723,"拖动A(1→2)，A,C,B,D → C,A,B,D",sorting,"""A,C,B,D""","""C,A,B,D""","""A""",1,2
000000000000000000000000000003d3,0000000000000000000000000000000f,0000000000000000000000000000000f,QT-SIM-015-8387,sim_openid_015_459012,leave_question,8,1782906368156,离开第10题,,,,,,
000000000000000000000000000003d4,0000000000000000000000000000000f,0000000000000000000000000000000f,QT-SIM-015-8387,sim_openid_015_459012,submit_exam,-1,1782906368674,提交试卷,,,,,,
000000000000000000000000000003d5,00000000000000000000000000000010,00000000000000000000000000000010,QT-SIM-016-1365,sim_openid_016_686881,start_exam,-1,1782907057312,开始答题,,,,,,
000000000000000000000000000003d6,00000000000000000000000000000010,00000000000000000000000000000010,QT-SIM-016-1365,sim_openid_016_686881,enter_exam,-1,1782907057386,进入试卷页面,,,,,,
000000000000000000000000000003d7,00000000000000000000000000000010,00000000000000000000000000000010,QT-SIM-016-1365,sim_openid_016_686881,enter_question,1,1782907060019,进入第1题,sorting,,,,,
000000000000000000000000000003d8,00000000000000000000000000000010,00000000000000000000000000000010,QT-SIM-016-1365,sim_openid_016_686881,change_sorting_option,1,1782907076893,"拖动D(4→3)，A,B,C,D → A,B,D,C",sorting,"""A,B,C,D""","""A,B,D,C""","""D""",4,3
000000000000000000000000000003d9,00000000000000000000000000000010,00000000000000000000000000000010,QT-SIM-016-1365,sim_openid_016_686881,change_sorting_option,1,1782907081340,"拖动A(1→2)，A,B,D,C → B,A,D,C",sorting,"""A,B,D,C""","""B,A,D,C""","""A""",1,2
000000000000000000000000000003da,00000000000000000000000000000010,00000000000000000000000000000010,QT-SIM-016-1365,sim_openid_016_686881,change_sorting_option,1,1782907086460,"拖动A(2→4)，B,A,D,C → B,D,C,A",sorting,"""B,A,D,C""","""B,D,C,A""","""A""",2,4
000000000000000000000000000003db,00000000000000000000000000000010,00000000000000000000000000000010,QT-SIM-016-1365,sim_openid_016_686881,change_sorting_option,1,1782907090229,"拖动D(2→3)，B,D,C,A → B,C,D,A",sorting,"""B,D,C,A""","""B,C,D,A""","""D""",2,3
000000000000000000000000000003dc,00000000000000000000000000000010,00000000000000000000000000000010,QT-SIM-016-1365,sim_openid_016_686881,change_sorting_option,1,1782907096306,"拖动C(2→4)，B,C,D,A → B,D,A,C",sorting,"""B,C,D,A""","""B,D,A,C""","""C""",2,4
000000000000000000000000000003dd,00000000000000000000000000000010,00000000000000000000000000000010,QT-SIM-016-1365,sim_openid_016_686881,change_sorting_option,1,1782907099540,"拖动D(2→3)，B,D,A,C → B,A,D,C",sorting,"""B,D,A,C""","""B,A,D,C""","""D""",2,3
000000000000000000000000000003de,00000000000000000000000000000010,00000000000000000000000000000010,QT-SIM-016-1365,sim_openid_016_686881,leave_question,1,1782907103236,离开第1题,,,,,,
000000000000000000000000000003df,00000000000000000000000000000010,00000000000000000000000000000010,QT-SIM-016-1365,sim_openid_016_686881,enter_question,4,1782907105515,进入第2题,sorting,,,,,
000000000000000000000000000003e0,00000000000000000000000000000010,00000000000000000000000000000010,QT-SIM-016-1365,sim_openid_016_686881,change_sorting_option,4,1782907133288,"拖动B(2→4)，A,B,C,D → A,C,D,B",sorting,"""A,B,C,D""","""A,C,D,B""","""B""",2,4
000000000000000000000000000003e1,00000000000000000000000000000010,00000000000000000000000000000010,QT-SIM-016-1365,sim_openid_016_686881,change_sorting_option,4,1782907138732,"拖动C(2→3)，A,C,D,B → A,D,C,B",sorting,"""A,C,D,B""","""A,D,C,B""","""C""",2,3
000000000000000000000000000003e2,00000000000000000000000000000010,00000000000000000000000000000010,QT-SIM-016-1365,sim_openid_016_686881,change_sorting_option,4,1782907143302,"拖动B(4→2)，A,D,C,B → A,B,D,C",sorting,"""A,D,C,B""","""A,B,D,C""","""B""",4,2
000000000000000000000000000003e3,00000000000000000000000000000010,00000000000000000000000000000010,QT-SIM-016-1365,sim_openid_016_686881,change_sorting_option,4,1782907147912,"拖动D(3→4)，A,B,D,C → A,B,C,D",sorting,"""A,B,D,C""","""A,B,C,D""","""D""",3,4
000000000000000000000000000003e4,00000000000000000000000000000010,00000000000000000000000000000010,QT-SIM-016-1365,sim_openid_016_686881,leave_question,4,1782907153660,离开第2题,,,,,,
000000000000000000000000000003e5,00000000000000000000000000000010,00000000000000000000000000000010,QT-SIM-016-1365,sim_openid_016_686881,enter_question,6,1782907155185,进入第3题,sorting,,,,,
000000000000000000000000000003e6,00000000000000000000000000000010,00000000000000000000000000000010,QT-SIM-016-1365,sim_openid_016_686881,change_sorting_option,6,1782907174727,"拖动B(2→3)，A,B,C,D → A,C,B,D",sorting,"""A,B,C,D""","""A,C,B,D""","""B""",2,3
000000000000000000000000000003e7,00000000000000000000000000000010,00000000000000000000000000000010,QT-SIM-016-1365,sim_openid_016_686881,change_sorting_option,6,1782907178530,"拖动C(2→4)，A,C,B,D → A,B,D,C",sorting,"""A,C,B,D""","""A,B,D,C""","""C""",2,4
000000000000000000000000000003e8,00000000000000000000000000000010,00000000000000000000000000000010,QT-SIM-016-1365,sim_openid_016_686881,change_sorting_option,6,1782907184000,"拖动B(2→3)，A,B,D,C → A,D,B,C",sorting,"""A,B,D,C""","""A,D,B,C""","""B""",2,3
000000000000000000000000000003e9,00000000000000000000000000000010,00000000000000000000000000000010,QT-SIM-016-1365,sim_openid_016_686881,change_sorting_option,6,1782907190197,"拖动A(1→2)，A,D,B,C → D,A,B,C",sorting,"""A,D,B,C""","""D,A,B,C""","""A""",1,2
000000000000000000000000000003ea,00000000000000000000000000000010,00000000000000000000000000000010,QT-SIM-016-1365,sim_openid_016_686881,leave_question,6,1782907199255,离开第3题,,,,,,
000000000000000000000000000003eb,00000000000000000000000000000010,00000000000000000000000000000010,QT-SIM-016-1365,sim_openid_016_686881,enter_question,2,1782907202231,进入第4题,sorting,,,,,
000000000000000000000000000003ec,00000000000000000000000000000010,00000000000000000000000000000010,QT-SIM-016-1365,sim_openid_016_686881,change_sorting_option,2,1782907208981,"拖动C(3→2)，A,B,C,D → A,C,B,D",sorting,"""A,B,C,D""","""A,C,B,D""","""C""",3,2
000000000000000000000000000003ed,00000000000000000000000000000010,00000000000000000000000000000010,QT-SIM-016-1365,sim_openid_016_686881,change_sorting_option,2,1782907215054,"拖动D(4→2)，A,C,B,D → A,D,C,B",sorting,"""A,C,B,D""","""A,D,C,B""","""D""",4,2
000000000000000000000000000003ee,00000000000000000000000000000010,00000000000000000000000000000010,QT-SIM-016-1365,sim_openid_016_686881,change_sorting_option,2,1782907216735,"拖动D(2→4)，A,D,C,B → A,C,B,D",sorting,"""A,D,C,B""","""A,C,B,D""","""D""",2,4
000000000000000000000000000003ef,00000000000000000000000000000010,00000000000000000000000000000010,QT-SIM-016-1365,sim_openid_016_686881,leave_question,2,1782907221111,离开第4题,,,,,,
000000000000000000000000000003f0,00000000000000000000000000000010,00000000000000000000000000000010,QT-SIM-016-1365,sim_openid_016_686881,enter_question,5,1782907224543,进入第5题,sorting,,,,,
000000000000000000000000000003f1,00000000000000000000000000000010,00000000000000000000000000000010,QT-SIM-016-1365,sim_openid_016_686881,change_sorting_option,5,1782907245345,"拖动C(3→1)，A,B,C,D → C,A,B,D",sorting,"""A,B,C,D""","""C,A,B,D""","""C""",3,1
000000000000000000000000000003f2,00000000000000000000000000000010,00000000000000000000000000000010,QT-SIM-016-1365,sim_openid_016_686881,change_sorting_option,5,1782907251253,"拖动D(4→3)，C,A,B,D → C,A,D,B",sorting,"""C,A,B,D""","""C,A,D,B""","""D""",4,3
000000000000000000000000000003f3,00000000000000000000000000000010,00000000000000000000000000000010,QT-SIM-016-1365,sim_openid_016_686881,change_sorting_option,5,1782907255711,"拖动D(3→2)，C,A,D,B → C,D,A,B",sorting,"""C,A,D,B""","""C,D,A,B""","""D""",3,2
000000000000000000000000000003f4,00000000000000000000000000000010,00000000000000000000000000000010,QT-SIM-016-1365,sim_openid_016_686881,change_sorting_option,5,1782907258521,"拖动C(1→4)，C,D,A,B → D,A,B,C",sorting,"""C,D,A,B""","""D,A,B,C""","""C""",1,4
000000000000000000000000000003f5,00000000000000000000000000000010,00000000000000000000000000000010,QT-SIM-016-1365,sim_openid_016_686881,change_sorting_option,5,1782907264215,"拖动B(3→1)，D,A,B,C → B,D,A,C",sorting,"""D,A,B,C""","""B,D,A,C""","""B""",3,1
000000000000000000000000000003f6,00000000000000000000000000000010,00000000000000000000000000000010,QT-SIM-016-1365,sim_openid_016_686881,change_sorting_option,5,1782907269052,"拖动D(2→3)，B,D,A,C → B,A,D,C",sorting,"""B,D,A,C""","""B,A,D,C""","""D""",2,3
000000000000000000000000000003f7,00000000000000000000000000000010,00000000000000000000000000000010,QT-SIM-016-1365,sim_openid_016_686881,leave_question,5,1782907274528,离开第5题,,,,,,
000000000000000000000000000003f8,00000000000000000000000000000010,00000000000000000000000000000010,QT-SIM-016-1365,sim_openid_016_686881,enter_question,3,1782907276072,进入第6题,sorting,,,,,
000000000000000000000000000003f9,00000000000000000000000000000010,00000000000000000000000000000010,QT-SIM-016-1365,sim_openid_016_686881,change_sorting_option,3,1782907287857,"拖动B(2→3)，A,B,C,D → A,C,B,D",sorting,"""A,B,C,D""","""A,C,B,D""","""B""",2,3
000000000000000000000000000003fa,00000000000000000000000000000010,00000000000000000000000000000010,QT-SIM-016-1365,sim_openid_016_686881,change_sorting_option,3,1782907289694,"拖动B(3→2)，A,C,B,D → A,B,C,D",sorting,"""A,C,B,D""","""A,B,C,D""","""B""",3,2
000000000000000000000000000003fb,00000000000000000000000000000010,00000000000000000000000000000010,QT-SIM-016-1365,sim_openid_016_686881,change_sorting_option,3,1782907294348,"拖动C(3→2)，A,B,C,D → A,C,B,D",sorting,"""A,B,C,D""","""A,C,B,D""","""C""",3,2
000000000000000000000000000003fc,00000000000000000000000000000010,00000000000000000000000000000010,QT-SIM-016-1365,sim_openid_016_686881,leave_question,3,1782907303039,离开第6题,,,,,,
000000000000000000000000000003fd,00000000000000000000000000000010,00000000000000000000000000000010,QT-SIM-016-1365,sim_openid_016_686881,enter_question,9,1782907306380,进入第7题,sorting,,,,,
000000000000000000000000000003fe,00000000000000000000000000000010,00000000000000000000000000000010,QT-SIM-016-1365,sim_openid_016_686881,change_sorting_option,9,1782907327568,"拖动C(3→4)，A,B,C,D → A,B,D,C",sorting,"""A,B,C,D""","""A,B,D,C""","""C""",3,4
000000000000000000000000000003ff,00000000000000000000000000000010,00000000000000000000000000000010,QT-SIM-016-1365,sim_openid_016_686881,leave_question,9,1782907334369,离开第7题,,,,,,
00000000000000000000000000000400,00000000000000000000000000000010,00000000000000000000000000000010,QT-SIM-016-1365,sim_openid_016_686881,enter_question,10,1782907336716,进入第8题,sorting,,,,,
00000000000000000000000000000401,00000000000000000000000000000010,00000000000000000000000000000010,QT-SIM-016-1365,sim_openid_016_686881,change_sorting_option,10,1782907348676,"拖动B(2→1)，A,B,C,D → B,A,C,D",sorting,"""A,B,C,D""","""B,A,C,D""","""B""",2,1
00000000000000000000000000000402,00000000000000000000000000000010,00000000000000000000000000000010,QT-SIM-016-1365,sim_openid_016_686881,change_sorting_option,10,1782907351012,"拖动D(4→3)，B,A,C,D → B,A,D,C",sorting,"""B,A,C,D""","""B,A,D,C""","""D""",4,3
00000000000000000000000000000403,00000000000000000000000000000010,00000000000000000000000000000010,QT-SIM-016-1365,sim_openid_016_686881,leave_question,10,1782907357372,离开第8题,,,,,,
00000000000000000000000000000404,00000000000000000000000000000010,00000000000000000000000000000010,QT-SIM-016-1365,sim_openid_016_686881,enter_question,7,1782907359453,进入第9题,sorting,,,,,
00000000000000000000000000000405,00000000000000000000000000000010,00000000000000000000000000000010,QT-SIM-016-1365,sim_openid_016_686881,change_sorting_option,7,1782907369030,"拖动A(1→3)，A,B,C,D → B,C,A,D",sorting,"""A,B,C,D""","""B,C,A,D""","""A""",1,3
00000000000000000000000000000406,00000000000000000000000000000010,00000000000000000000000000000010,QT-SIM-016-1365,sim_openid_016_686881,change_sorting_option,7,1782907374694,"拖动D(4→2)，B,C,A,D → B,D,C,A",sorting,"""B,C,A,D""","""B,D,C,A""","""D""",4,2
00000000000000000000000000000407,00000000000000000000000000000010,00000000000000000000000000000010,QT-SIM-016-1365,sim_openid_016_686881,change_sorting_option,7,1782907378918,"拖动A(4→3)，B,D,C,A → B,D,A,C",sorting,"""B,D,C,A""","""B,D,A,C""","""A""",4,3
00000000000000000000000000000408,00000000000000000000000000000010,00000000000000000000000000000010,QT-SIM-016-1365,sim_openid_016_686881,leave_question,7,1782907384371,离开第9题,,,,,,
00000000000000000000000000000409,00000000000000000000000000000010,00000000000000000000000000000010,QT-SIM-016-1365,sim_openid_016_686881,enter_question,8,1782907386149,进入第10题,sorting,,,,,
0000000000000000000000000000040a,00000000000000000000000000000010,00000000000000000000000000000010,QT-SIM-016-1365,sim_openid_016_686881,change_sorting_option,8,1782907396160,"拖动A(1→3)，A,B,C,D → B,C,A,D",sorting,"""A,B,C,D""","""B,C,A,D""","""A""",1,3
0000000000000000000000000000040b,00000000000000000000000000000010,00000000000000000000000000000010,QT-SIM-016-1365,sim_openid_016_686881,change_sorting_option,8,1782907399387,"拖动D(4→1)，B,C,A,D → D,B,C,A",sorting,"""B,C,A,D""","""D,B,C,A""","""D""",4,1
0000000000000000000000000000040c,00000000000000000000000000000010,00000000000000000000000000000010,QT-SIM-016-1365,sim_openid_016_686881,change_sorting_option,8,1782907402045,"拖动C(3→2)，D,B,C,A → D,C,B,A",sorting,"""D,B,C,A""","""D,C,B,A""","""C""",3,2
0000000000000000000000000000040d,00000000000000000000000000000010,00000000000000000000000000000010,QT-SIM-016-1365,sim_openid_016_686881,change_sorting_option,8,1782907405639,"拖动B(3→4)，D,C,B,A → D,C,A,B",sorting,"""D,C,B,A""","""D,C,A,B""","""B""",3,4
0000000000000000000000000000040e,00000000000000000000000000000010,00000000000000000000000000000010,QT-SIM-016-1365,sim_openid_016_686881,leave_question,8,1782907411735,离开第10题,,,,,,
0000000000000000000000000000040f,00000000000000000000000000000010,00000000000000000000000000000010,QT-SIM-016-1365,sim_openid_016_686881,submit_exam,-1,1782907411890,提交试卷,,,,,,
00000000000000000000000000000410,00000000000000000000000000000011,00000000000000000000000000000011,QT-SIM-017-2924,sim_openid_017_558366,start_exam,-1,1782907954602,开始答题,,,,,,
00000000000000000000000000000411,00000000000000000000000000000011,00000000000000000000000000000011,QT-SIM-017-2924,sim_openid_017_558366,enter_exam,-1,1782907954628,进入试卷页面,,,,,,
00000000000000000000000000000412,00000000000000000000000000000011,00000000000000000000000000000011,QT-SIM-017-2924,sim_openid_017_558366,enter_question,1,1782907955642,进入第1题,sorting,,,,,
00000000000000000000000000000413,00000000000000000000000000000011,00000000000000000000000000000011,QT-SIM-017-2924,sim_openid_017_558366,change_sorting_option,1,1782907987488,"拖动A(1→2)，A,B,C,D → B,A,C,D",sorting,"""A,B,C,D""","""B,A,C,D""","""A""",1,2
00000000000000000000000000000414,00000000000000000000000000000011,00000000000000000000000000000011,QT-SIM-017-2924,sim_openid_017_558366,change_sorting_option,1,1782907992952,"拖动A(2→3)，B,A,C,D → B,C,A,D",sorting,"""B,A,C,D""","""B,C,A,D""","""A""",2,3
00000000000000000000000000000415,00000000000000000000000000000011,00000000000000000000000000000011,QT-SIM-017-2924,sim_openid_017_558366,change_sorting_option,1,1782907998767,"拖动C(2→3)，B,C,A,D → B,A,C,D",sorting,"""B,C,A,D""","""B,A,C,D""","""C""",2,3
00000000000000000000000000000416,00000000000000000000000000000011,00000000000000000000000000000011,QT-SIM-017-2924,sim_openid_017_558366,change_sorting_option,1,1782908002579,"拖动D(4→2)，B,A,C,D → B,D,A,C",sorting,"""B,A,C,D""","""B,D,A,C""","""D""",4,2
00000000000000000000000000000417,00000000000000000000000000000011,00000000000000000000000000000011,QT-SIM-017-2924,sim_openid_017_558366,change_sorting_option,1,1782908008198,"拖动D(2→4)，B,D,A,C → B,A,C,D",sorting,"""B,D,A,C""","""B,A,C,D""","""D""",2,4
00000000000000000000000000000418,00000000000000000000000000000011,00000000000000000000000000000011,QT-SIM-017-2924,sim_openid_017_558366,leave_question,1,1782908016288,离开第1题,,,,,,
00000000000000000000000000000419,00000000000000000000000000000011,00000000000000000000000000000011,QT-SIM-017-2924,sim_openid_017_558366,enter_question,4,1782908019501,进入第2题,sorting,,,,,
0000000000000000000000000000041a,00000000000000000000000000000011,00000000000000000000000000000011,QT-SIM-017-2924,sim_openid_017_558366,change_sorting_option,4,1782908031567,"拖动A(1→3)，A,B,C,D → B,C,A,D",sorting,"""A,B,C,D""","""B,C,A,D""","""A""",1,3
0000000000000000000000000000041b,00000000000000000000000000000011,00000000000000000000000000000011,QT-SIM-017-2924,sim_openid_017_558366,change_sorting_option,4,1782908039683,"拖动B(1→2)，B,C,A,D → C,B,A,D",sorting,"""B,C,A,D""","""C,B,A,D""","""B""",1,2
0000000000000000000000000000041c,00000000000000000000000000000011,00000000000000000000000000000011,QT-SIM-017-2924,sim_openid_017_558366,change_sorting_option,4,1782908047076,"拖动B(2→1)，C,B,A,D → B,C,A,D",sorting,"""C,B,A,D""","""B,C,A,D""","""B""",2,1
0000000000000000000000000000041d,00000000000000000000000000000011,00000000000000000000000000000011,QT-SIM-017-2924,sim_openid_017_558366,change_sorting_option,4,1782908050147,"拖动B(1→2)，B,C,A,D → C,B,A,D",sorting,"""B,C,A,D""","""C,B,A,D""","""B""",1,2
0000000000000000000000000000041e,00000000000000000000000000000011,00000000000000000000000000000011,QT-SIM-017-2924,sim_openid_017_558366,change_sorting_option,4,1782908053916,"拖动A(3→1)，C,B,A,D → A,C,B,D",sorting,"""C,B,A,D""","""A,C,B,D""","""A""",3,1
0000000000000000000000000000041f,00000000000000000000000000000011,00000000000000000000000000000011,QT-SIM-017-2924,sim_openid_017_558366,change_sorting_option,4,1782908061084,"拖动C(2→3)，A,C,B,D → A,B,C,D",sorting,"""A,C,B,D""","""A,B,C,D""","""C""",2,3
00000000000000000000000000000420,00000000000000000000000000000011,00000000000000000000000000000011,QT-SIM-017-2924,sim_openid_017_558366,leave_question,4,1782908070394,离开第2题,,,,,,
00000000000000000000000000000421,00000000000000000000000000000011,00000000000000000000000000000011,QT-SIM-017-2924,sim_openid_017_558366,enter_question,6,1782908073314,进入第3题,sorting,,,,,
00000000000000000000000000000422,00000000000000000000000000000011,00000000000000000000000000000011,QT-SIM-017-2924,sim_openid_017_558366,change_sorting_option,6,1782908097976,"拖动B(2→4)，A,B,C,D → A,C,D,B",sorting,"""A,B,C,D""","""A,C,D,B""","""B""",2,4
00000000000000000000000000000423,00000000000000000000000000000011,00000000000000000000000000000011,QT-SIM-017-2924,sim_openid_017_558366,change_sorting_option,6,1782908100268,"拖动B(4→1)，A,C,D,B → B,A,C,D",sorting,"""A,C,D,B""","""B,A,C,D""","""B""",4,1
00000000000000000000000000000424,00000000000000000000000000000011,00000000000000000000000000000011,QT-SIM-017-2924,sim_openid_017_558366,change_sorting_option,6,1782908106109,"拖动A(2→4)，B,A,C,D → B,C,D,A",sorting,"""B,A,C,D""","""B,C,D,A""","""A""",2,4
00000000000000000000000000000425,00000000000000000000000000000011,00000000000000000000000000000011,QT-SIM-017-2924,sim_openid_017_558366,change_sorting_option,6,1782908107915,"拖动A(4→3)，B,C,D,A → B,C,A,D",sorting,"""B,C,D,A""","""B,C,A,D""","""A""",4,3
00000000000000000000000000000426,00000000000000000000000000000011,00000000000000000000000000000011,QT-SIM-017-2924,sim_openid_017_558366,change_sorting_option,6,1782908111308,"拖动D(4→3)，B,C,A,D → B,C,D,A",sorting,"""B,C,A,D""","""B,C,D,A""","""D""",4,3
00000000000000000000000000000427,00000000000000000000000000000011,00000000000000000000000000000011,QT-SIM-017-2924,sim_openid_017_558366,change_sorting_option,6,1782908119253,"拖动B(1→3)，B,C,D,A → C,D,B,A",sorting,"""B,C,D,A""","""C,D,B,A""","""B""",1,3
00000000000000000000000000000428,00000000000000000000000000000011,00000000000000000000000000000011,QT-SIM-017-2924,sim_openid_017_558366,change_sorting_option,6,1782908121127,"拖动B(3→1)，C,D,B,A → B,C,D,A",sorting,"""C,D,B,A""","""B,C,D,A""","""B""",3,1
00000000000000000000000000000429,00000000000000000000000000000011,00000000000000000000000000000011,QT-SIM-017-2924,sim_openid_017_558366,leave_question,6,1782908127968,离开第3题,,,,,,
0000000000000000000000000000042a,00000000000000000000000000000011,00000000000000000000000000000011,QT-SIM-017-2924,sim_openid_017_558366,enter_question,2,1782908128933,进入第4题,sorting,,,,,
0000000000000000000000000000042b,00000000000000000000000000000011,00000000000000000000000000000011,QT-SIM-017-2924,sim_openid_017_558366,leave_question,2,1782908154380,离开第4题,,,,,,
0000000000000000000000000000042c,00000000000000000000000000000011,00000000000000000000000000000011,QT-SIM-017-2924,sim_openid_017_558366,enter_question,5,1782908157187,进入第5题,sorting,,,,,
0000000000000000000000000000042d,00000000000000000000000000000011,00000000000000000000000000000011,QT-SIM-017-2924,sim_openid_017_558366,change_sorting_option,5,1782908184296,"拖动B(2→1)，A,B,C,D → B,A,C,D",sorting,"""A,B,C,D""","""B,A,C,D""","""B""",2,1
0000000000000000000000000000042e,00000000000000000000000000000011,00000000000000000000000000000011,QT-SIM-017-2924,sim_openid_017_558366,change_sorting_option,5,1782908186417,"拖动B(1→3)，B,A,C,D → A,C,B,D",sorting,"""B,A,C,D""","""A,C,B,D""","""B""",1,3
0000000000000000000000000000042f,00000000000000000000000000000011,00000000000000000000000000000011,QT-SIM-017-2924,sim_openid_017_558366,change_sorting_option,5,1782908193932,"拖动D(4→3)，A,C,B,D → A,C,D,B",sorting,"""A,C,B,D""","""A,C,D,B""","""D""",4,3
00000000000000000000000000000430,00000000000000000000000000000011,00000000000000000000000000000011,QT-SIM-017-2924,sim_openid_017_558366,change_sorting_option,5,1782908196298,"拖动C(2→4)，A,C,D,B → A,D,B,C",sorting,"""A,C,D,B""","""A,D,B,C""","""C""",2,4
00000000000000000000000000000431,00000000000000000000000000000011,00000000000000000000000000000011,QT-SIM-017-2924,sim_openid_017_558366,change_sorting_option,5,1782908205248,"拖动A(1→2)，A,D,B,C → D,A,B,C",sorting,"""A,D,B,C""","""D,A,B,C""","""A""",1,2
00000000000000000000000000000432,00000000000000000000000000000011,00000000000000000000000000000011,QT-SIM-017-2924,sim_openid_017_558366,change_sorting_option,5,1782908208713,"拖动D(1→3)，D,A,B,C → A,B,D,C",sorting,"""D,A,B,C""","""A,B,D,C""","""D""",1,3
00000000000000000000000000000433,00000000000000000000000000000011,00000000000000000000000000000011,QT-SIM-017-2924,sim_openid_017_558366,change_sorting_option,5,1782908216506,"拖动B(2→1)，A,B,D,C → B,A,D,C",sorting,"""A,B,D,C""","""B,A,D,C""","""B""",2,1
00000000000000000000000000000434,00000000000000000000000000000011,00000000000000000000000000000011,QT-SIM-017-2924,sim_openid_017_558366,leave_question,5,1782908227882,离开第5题,,,,,,
00000000000000000000000000000435,00000000000000000000000000000011,00000000000000000000000000000011,QT-SIM-017-2924,sim_openid_017_558366,enter_question,3,1782908229355,进入第6题,sorting,,,,,
00000000000000000000000000000436,00000000000000000000000000000011,00000000000000000000000000000011,QT-SIM-017-2924,sim_openid_017_558366,leave_question,3,1782908271506,离开第6题,,,,,,
00000000000000000000000000000437,00000000000000000000000000000011,00000000000000000000000000000011,QT-SIM-017-2924,sim_openid_017_558366,enter_question,9,1782908274453,进入第7题,sorting,,,,,
00000000000000000000000000000438,00000000000000000000000000000011,00000000000000000000000000000011,QT-SIM-017-2924,sim_openid_017_558366,change_sorting_option,9,1782908287400,"拖动D(4→3)，A,B,C,D → A,B,D,C",sorting,"""A,B,C,D""","""A,B,D,C""","""D""",4,3
00000000000000000000000000000439,00000000000000000000000000000011,00000000000000000000000000000011,QT-SIM-017-2924,sim_openid_017_558366,change_sorting_option,9,1782908292374,"拖动C(4→1)，A,B,D,C → C,A,B,D",sorting,"""A,B,D,C""","""C,A,B,D""","""C""",4,1
0000000000000000000000000000043a,00000000000000000000000000000011,00000000000000000000000000000011,QT-SIM-017-2924,sim_openid_017_558366,change_sorting_option,9,1782908300212,"拖动A(2→4)，C,A,B,D → C,B,D,A",sorting,"""C,A,B,D""","""C,B,D,A""","""A""",2,4
0000000000000000000000000000043b,00000000000000000000000000000011,00000000000000000000000000000011,QT-SIM-017-2924,sim_openid_017_558366,change_sorting_option,9,1782908303404,"拖动B(2→1)，C,B,D,A → B,C,D,A",sorting,"""C,B,D,A""","""B,C,D,A""","""B""",2,1
0000000000000000000000000000043c,00000000000000000000000000000011,00000000000000000000000000000011,QT-SIM-017-2924,sim_openid_017_558366,leave_question,9,1782908308969,离开第7题,,,,,,
0000000000000000000000000000043d,00000000000000000000000000000011,00000000000000000000000000000011,QT-SIM-017-2924,sim_openid_017_558366,enter_question,10,1782908311374,进入第8题,sorting,,,,,
0000000000000000000000000000043e,00000000000000000000000000000011,00000000000000000000000000000011,QT-SIM-017-2924,sim_openid_017_558366,change_sorting_option,10,1782908342576,"拖动D(4→1)，A,B,C,D → D,A,B,C",sorting,"""A,B,C,D""","""D,A,B,C""","""D""",4,1
0000000000000000000000000000043f,00000000000000000000000000000011,00000000000000000000000000000011,QT-SIM-017-2924,sim_openid_017_558366,change_sorting_option,10,1782908346483,"拖动A(2→3)，D,A,B,C → D,B,A,C",sorting,"""D,A,B,C""","""D,B,A,C""","""A""",2,3
00000000000000000000000000000440,00000000000000000000000000000011,00000000000000000000000000000011,QT-SIM-017-2924,sim_openid_017_558366,leave_question,10,1782908358232,离开第8题,,,,,,
00000000000000000000000000000441,00000000000000000000000000000011,00000000000000000000000000000011,QT-SIM-017-2924,sim_openid_017_558366,enter_question,7,1782908361350,进入第9题,sorting,,,,,
00000000000000000000000000000442,00000000000000000000000000000011,00000000000000000000000000000011,QT-SIM-017-2924,sim_openid_017_558366,change_sorting_option,7,1782908396860,"拖动A(1→2)，A,B,C,D → B,A,C,D",sorting,"""A,B,C,D""","""B,A,C,D""","""A""",1,2
00000000000000000000000000000443,00000000000000000000000000000011,00000000000000000000000000000011,QT-SIM-017-2924,sim_openid_017_558366,change_sorting_option,7,1782908405782,"拖动C(3→1)，B,A,C,D → C,B,A,D",sorting,"""B,A,C,D""","""C,B,A,D""","""C""",3,1
00000000000000000000000000000444,00000000000000000000000000000011,00000000000000000000000000000011,QT-SIM-017-2924,sim_openid_017_558366,change_sorting_option,7,1782908412661,"拖动A(3→4)，C,B,A,D → C,B,D,A",sorting,"""C,B,A,D""","""C,B,D,A""","""A""",3,4
00000000000000000000000000000445,00000000000000000000000000000011,00000000000000000000000000000011,QT-SIM-017-2924,sim_openid_017_558366,leave_question,7,1782908418990,离开第9题,,,,,,
00000000000000000000000000000446,00000000000000000000000000000011,00000000000000000000000000000011,QT-SIM-017-2924,sim_openid_017_558366,enter_question,8,1782908421134,进入第10题,sorting,,,,,
00000000000000000000000000000447,00000000000000000000000000000011,00000000000000000000000000000011,QT-SIM-017-2924,sim_openid_017_558366,change_sorting_option,8,1782908444337,"拖动C(3→2)，A,B,C,D → A,C,B,D",sorting,"""A,B,C,D""","""A,C,B,D""","""C""",3,2
00000000000000000000000000000448,00000000000000000000000000000011,00000000000000000000000000000011,QT-SIM-017-2924,sim_openid_017_558366,change_sorting_option,8,1782908446480,"拖动D(4→2)，A,C,B,D → A,D,C,B",sorting,"""A,C,B,D""","""A,D,C,B""","""D""",4,2
00000000000000000000000000000449,00000000000000000000000000000011,00000000000000000000000000000011,QT-SIM-017-2924,sim_openid_017_558366,change_sorting_option,8,1782908451381,"拖动B(4→3)，A,D,C,B → A,D,B,C",sorting,"""A,D,C,B""","""A,D,B,C""","""B""",4,3
0000000000000000000000000000044a,00000000000000000000000000000011,00000000000000000000000000000011,QT-SIM-017-2924,sim_openid_017_558366,change_sorting_option,8,1782908454325,"拖动D(2→3)，A,D,B,C → A,B,D,C",sorting,"""A,D,B,C""","""A,B,D,C""","""D""",2,3
0000000000000000000000000000044b,00000000000000000000000000000011,00000000000000000000000000000011,QT-SIM-017-2924,sim_openid_017_558366,change_sorting_option,8,1782908460516,"拖动D(3→1)，A,B,D,C → D,A,B,C",sorting,"""A,B,D,C""","""D,A,B,C""","""D""",3,1
0000000000000000000000000000044c,00000000000000000000000000000011,00000000000000000000000000000011,QT-SIM-017-2924,sim_openid_017_558366,change_sorting_option,8,1782908468758,"拖动A(2→1)，D,A,B,C → A,D,B,C",sorting,"""D,A,B,C""","""A,D,B,C""","""A""",2,1
0000000000000000000000000000044d,00000000000000000000000000000011,00000000000000000000000000000011,QT-SIM-017-2924,sim_openid_017_558366,change_sorting_option,8,1782908471941,"拖动C(4→2)，A,D,B,C → A,C,D,B",sorting,"""A,D,B,C""","""A,C,D,B""","""C""",4,2
0000000000000000000000000000044e,00000000000000000000000000000011,00000000000000000000000000000011,QT-SIM-017-2924,sim_openid_017_558366,change_sorting_option,8,1782908478519,"拖动B(4→3)，A,C,D,B → A,C,B,D",sorting,"""A,C,D,B""","""A,C,B,D""","""B""",4,3
0000000000000000000000000000044f,00000000000000000000000000000011,00000000000000000000000000000011,QT-SIM-017-2924,sim_openid_017_558366,leave_question,8,1782908487773,离开第10题,,,,,,
00000000000000000000000000000450,00000000000000000000000000000011,00000000000000000000000000000011,QT-SIM-017-2924,sim_openid_017_558366,submit_exam,-1,1782908488380,提交试卷,,,,,,
00000000000000000000000000000451,00000000000000000000000000000012,00000000000000000000000000000012,QT-SIM-018-6334,sim_openid_018_547359,start_exam,-1,1782908854324,开始答题,,,,,,
00000000000000000000000000000452,00000000000000000000000000000012,00000000000000000000000000000012,QT-SIM-018-6334,sim_openid_018_547359,enter_exam,-1,1782908854382,进入试卷页面,,,,,,
00000000000000000000000000000453,00000000000000000000000000000012,00000000000000000000000000000012,QT-SIM-018-6334,sim_openid_018_547359,enter_question,1,1782908856926,进入第1题,sorting,,,,,
00000000000000000000000000000454,00000000000000000000000000000012,00000000000000000000000000000012,QT-SIM-018-6334,sim_openid_018_547359,change_sorting_option,1,1782908873774,"拖动D(4→3)，A,B,C,D → A,B,D,C",sorting,"""A,B,C,D""","""A,B,D,C""","""D""",4,3
00000000000000000000000000000455,00000000000000000000000000000012,00000000000000000000000000000012,QT-SIM-018-6334,sim_openid_018_547359,change_sorting_option,1,1782908881232,"拖动C(4→3)，A,B,D,C → A,B,C,D",sorting,"""A,B,D,C""","""A,B,C,D""","""C""",4,3
00000000000000000000000000000456,00000000000000000000000000000012,00000000000000000000000000000012,QT-SIM-018-6334,sim_openid_018_547359,change_sorting_option,1,1782908888478,"拖动D(4→3)，A,B,C,D → A,B,D,C",sorting,"""A,B,C,D""","""A,B,D,C""","""D""",4,3
00000000000000000000000000000457,00000000000000000000000000000012,00000000000000000000000000000012,QT-SIM-018-6334,sim_openid_018_547359,change_sorting_option,1,1782908896622,"拖动D(3→4)，A,B,D,C → A,B,C,D",sorting,"""A,B,D,C""","""A,B,C,D""","""D""",3,4
00000000000000000000000000000458,00000000000000000000000000000012,00000000000000000000000000000012,QT-SIM-018-6334,sim_openid_018_547359,change_sorting_option,1,1782908902325,"拖动D(4→3)，A,B,C,D → A,B,D,C",sorting,"""A,B,C,D""","""A,B,D,C""","""D""",4,3
00000000000000000000000000000459,00000000000000000000000000000012,00000000000000000000000000000012,QT-SIM-018-6334,sim_openid_018_547359,leave_question,1,1782908909417,离开第1题,,,,,,
0000000000000000000000000000045a,00000000000000000000000000000012,00000000000000000000000000000012,QT-SIM-018-6334,sim_openid_018_547359,enter_question,4,1782908910408,进入第2题,sorting,,,,,
0000000000000000000000000000045b,00000000000000000000000000000012,00000000000000000000000000000012,QT-SIM-018-6334,sim_openid_018_547359,change_sorting_option,4,1782908946680,"拖动A(1→2)，A,B,C,D → B,A,C,D",sorting,"""A,B,C,D""","""B,A,C,D""","""A""",1,2
0000000000000000000000000000045c,00000000000000000000000000000012,00000000000000000000000000000012,QT-SIM-018-6334,sim_openid_018_547359,change_sorting_option,4,1782908948510,"拖动C(3→2)，B,A,C,D → B,C,A,D",sorting,"""B,A,C,D""","""B,C,A,D""","""C""",3,2
0000000000000000000000000000045d,00000000000000000000000000000012,00000000000000000000000000000012,QT-SIM-018-6334,sim_openid_018_547359,change_sorting_option,4,1782908956670,"拖动D(4→3)，B,C,A,D → B,C,D,A",sorting,"""B,C,A,D""","""B,C,D,A""","""D""",4,3
0000000000000000000000000000045e,00000000000000000000000000000012,00000000000000000000000000000012,QT-SIM-018-6334,sim_openid_018_547359,change_sorting_option,4,1782908964257,"拖动A(4→2)，B,C,D,A → B,A,C,D",sorting,"""B,C,D,A""","""B,A,C,D""","""A""",4,2
0000000000000000000000000000045f,00000000000000000000000000000012,00000000000000000000000000000012,QT-SIM-018-6334,sim_openid_018_547359,change_sorting_option,4,1782908969655,"拖动A(2→4)，B,A,C,D → B,C,D,A",sorting,"""B,A,C,D""","""B,C,D,A""","""A""",2,4
00000000000000000000000000000460,00000000000000000000000000000012,00000000000000000000000000000012,QT-SIM-018-6334,sim_openid_018_547359,change_sorting_option,4,1782908976572,"拖动D(3→4)，B,C,D,A → B,C,A,D",sorting,"""B,C,D,A""","""B,C,A,D""","""D""",3,4
00000000000000000000000000000461,00000000000000000000000000000012,00000000000000000000000000000012,QT-SIM-018-6334,sim_openid_018_547359,change_sorting_option,4,1782908980343,"拖动A(3→2)，B,C,A,D → B,A,C,D",sorting,"""B,C,A,D""","""B,A,C,D""","""A""",3,2
00000000000000000000000000000462,00000000000000000000000000000012,00000000000000000000000000000012,QT-SIM-018-6334,sim_openid_018_547359,leave_question,4,1782908986343,离开第2题,,,,,,
00000000000000000000000000000463,00000000000000000000000000000012,00000000000000000000000000000012,QT-SIM-018-6334,sim_openid_018_547359,enter_question,6,1782908989373,进入第3题,sorting,,,,,
00000000000000000000000000000464,00000000000000000000000000000012,00000000000000000000000000000012,QT-SIM-018-6334,sim_openid_018_547359,change_sorting_option,6,1782909033850,"拖动A(1→3)，A,B,C,D → B,C,A,D",sorting,"""A,B,C,D""","""B,C,A,D""","""A""",1,3
00000000000000000000000000000465,00000000000000000000000000000012,00000000000000000000000000000012,QT-SIM-018-6334,sim_openid_018_547359,change_sorting_option,6,1782909038519,"拖动C(2→3)，B,C,A,D → B,A,C,D",sorting,"""B,C,A,D""","""B,A,C,D""","""C""",2,3
00000000000000000000000000000466,00000000000000000000000000000012,00000000000000000000000000000012,QT-SIM-018-6334,sim_openid_018_547359,change_sorting_option,6,1782909045844,"拖动A(2→1)，B,A,C,D → A,B,C,D",sorting,"""B,A,C,D""","""A,B,C,D""","""A""",2,1
00000000000000000000000000000467,00000000000000000000000000000012,00000000000000000000000000000012,QT-SIM-018-6334,sim_openid_018_547359,change_sorting_option,6,1782909048874,"拖动D(4→1)，A,B,C,D → D,A,B,C",sorting,"""A,B,C,D""","""D,A,B,C""","""D""",4,1
00000000000000000000000000000468,00000000000000000000000000000012,00000000000000000000000000000012,QT-SIM-018-6334,sim_openid_018_547359,change_sorting_option,6,1782909051997,"拖动C(4→3)，D,A,B,C → D,A,C,B",sorting,"""D,A,B,C""","""D,A,C,B""","""C""",4,3
00000000000000000000000000000469,00000000000000000000000000000012,00000000000000000000000000000012,QT-SIM-018-6334,sim_openid_018_547359,change_sorting_option,6,1782909059818,"拖动A(2→4)，D,A,C,B → D,C,B,A",sorting,"""D,A,C,B""","""D,C,B,A""","""A""",2,4
0000000000000000000000000000046a,00000000000000000000000000000012,00000000000000000000000000000012,QT-SIM-018-6334,sim_openid_018_547359,change_sorting_option,6,1782909062448,"拖动C(2→3)，D,C,B,A → D,B,C,A",sorting,"""D,C,B,A""","""D,B,C,A""","""C""",2,3
0000000000000000000000000000046b,00000000000000000000000000000012,00000000000000000000000000000012,QT-SIM-018-6334,sim_openid_018_547359,leave_question,6,1782909071656,离开第3题,,,,,,
0000000000000000000000000000046c,00000000000000000000000000000012,00000000000000000000000000000012,QT-SIM-018-6334,sim_openid_018_547359,enter_question,2,1782909073193,进入第4题,sorting,,,,,
0000000000000000000000000000046d,00000000000000000000000000000012,00000000000000000000000000000012,QT-SIM-018-6334,sim_openid_018_547359,change_sorting_option,2,1782909113604,"拖动B(2→4)，A,B,C,D → A,C,D,B",sorting,"""A,B,C,D""","""A,C,D,B""","""B""",2,4
0000000000000000000000000000046e,00000000000000000000000000000012,00000000000000000000000000000012,QT-SIM-018-6334,sim_openid_018_547359,change_sorting_option,2,1782909119788,"拖动B(4→1)，A,C,D,B → B,A,C,D",sorting,"""A,C,D,B""","""B,A,C,D""","""B""",4,1
0000000000000000000000000000046f,00000000000000000000000000000012,00000000000000000000000000000012,QT-SIM-018-6334,sim_openid_018_547359,change_sorting_option,2,1782909127575,"拖动B(1→4)，B,A,C,D → A,C,D,B",sorting,"""B,A,C,D""","""A,C,D,B""","""B""",1,4
00000000000000000000000000000470,00000000000000000000000000000012,00000000000000000000000000000012,QT-SIM-018-6334,sim_openid_018_547359,change_sorting_option,2,1782909136274,"拖动C(2→4)，A,C,D,B → A,D,B,C",sorting,"""A,C,D,B""","""A,D,B,C""","""C""",2,4
00000000000000000000000000000471,00000000000000000000000000000012,00000000000000000000000000000012,QT-SIM-018-6334,sim_openid_018_547359,change_sorting_option,2,1782909140959,"拖动B(3→4)，A,D,B,C → A,D,C,B",sorting,"""A,D,B,C""","""A,D,C,B""","""B""",3,4
00000000000000000000000000000472,00000000000000000000000000000012,00000000000000000000000000000012,QT-SIM-018-6334,sim_openid_018_547359,change_sorting_option,2,1782909148323,"拖动D(2→3)，A,D,C,B → A,C,D,B",sorting,"""A,D,C,B""","""A,C,D,B""","""D""",2,3
00000000000000000000000000000473,00000000000000000000000000000012,00000000000000000000000000000012,QT-SIM-018-6334,sim_openid_018_547359,leave_question,2,1782909159051,离开第4题,,,,,,
00000000000000000000000000000474,00000000000000000000000000000012,00000000000000000000000000000012,QT-SIM-018-6334,sim_openid_018_547359,enter_question,5,1782909160041,进入第5题,sorting,,,,,
00000000000000000000000000000475,00000000000000000000000000000012,00000000000000000000000000000012,QT-SIM-018-6334,sim_openid_018_547359,change_sorting_option,5,1782909172509,"拖动C(3→4)，A,B,C,D → A,B,D,C",sorting,"""A,B,C,D""","""A,B,D,C""","""C""",3,4
00000000000000000000000000000476,00000000000000000000000000000012,00000000000000000000000000000012,QT-SIM-018-6334,sim_openid_018_547359,change_sorting_option,5,1782909174688,"拖动D(3→1)，A,B,D,C → D,A,B,C",sorting,"""A,B,D,C""","""D,A,B,C""","""D""",3,1
00000000000000000000000000000477,00000000000000000000000000000012,00000000000000000000000000000012,QT-SIM-018-6334,sim_openid_018_547359,change_sorting_option,5,1782909177326,"拖动A(2→3)，D,A,B,C → D,B,A,C",sorting,"""D,A,B,C""","""D,B,A,C""","""A""",2,3
00000000000000000000000000000478,00000000000000000000000000000012,00000000000000000000000000000012,QT-SIM-018-6334,sim_openid_018_547359,change_sorting_option,5,1782909184867,"拖动A(3→2)，D,B,A,C → D,A,B,C",sorting,"""D,B,A,C""","""D,A,B,C""","""A""",3,2
00000000000000000000000000000479,00000000000000000000000000000012,00000000000000000000000000000012,QT-SIM-018-6334,sim_openid_018_547359,change_sorting_option,5,1782909190223,"拖动A(2→4)，D,A,B,C → D,B,C,A",sorting,"""D,A,B,C""","""D,B,C,A""","""A""",2,4
0000000000000000000000000000047a,00000000000000000000000000000012,00000000000000000000000000000012,QT-SIM-018-6334,sim_openid_018_547359,leave_question,5,1782909197749,离开第5题,,,,,,
0000000000000000000000000000047b,00000000000000000000000000000012,00000000000000000000000000000012,QT-SIM-018-6334,sim_openid_018_547359,enter_question,3,1782909198920,进入第6题,sorting,,,,,
0000000000000000000000000000047c,00000000000000000000000000000012,00000000000000000000000000000012,QT-SIM-018-6334,sim_openid_018_547359,change_sorting_option,3,1782909234987,"拖动A(1→2)，A,B,C,D → B,A,C,D",sorting,"""A,B,C,D""","""B,A,C,D""","""A""",1,2
0000000000000000000000000000047d,00000000000000000000000000000012,00000000000000000000000000000012,QT-SIM-018-6334,sim_openid_018_547359,change_sorting_option,3,1782909236931,"拖动B(1→2)，B,A,C,D → A,B,C,D",sorting,"""B,A,C,D""","""A,B,C,D""","""B""",1,2
0000000000000000000000000000047e,00000000000000000000000000000012,00000000000000000000000000000012,QT-SIM-018-6334,sim_openid_018_547359,change_sorting_option,3,1782909241740,"拖动A(1→3)，A,B,C,D → B,C,A,D",sorting,"""A,B,C,D""","""B,C,A,D""","""A""",1,3
0000000000000000000000000000047f,00000000000000000000000000000012,00000000000000000000000000000012,QT-SIM-018-6334,sim_openid_018_547359,change_sorting_option,3,1782909246432,"拖动A(3→2)，B,C,A,D → B,A,C,D",sorting,"""B,C,A,D""","""B,A,C,D""","""A""",3,2
00000000000000000000000000000480,00000000000000000000000000000012,00000000000000000000000000000012,QT-SIM-018-6334,sim_openid_018_547359,leave_question,3,1782909259227,离开第6题,,,,,,
00000000000000000000000000000481,00000000000000000000000000000012,00000000000000000000000000000012,QT-SIM-018-6334,sim_openid_018_547359,enter_question,9,1782909262263,进入第7题,sorting,,,,,
00000000000000000000000000000482,00000000000000000000000000000012,00000000000000000000000000000012,QT-SIM-018-6334,sim_openid_018_547359,change_sorting_option,9,1782909275481,"拖动C(3→1)，A,B,C,D → C,A,B,D",sorting,"""A,B,C,D""","""C,A,B,D""","""C""",3,1
00000000000000000000000000000483,00000000000000000000000000000012,00000000000000000000000000000012,QT-SIM-018-6334,sim_openid_018_547359,change_sorting_option,9,1782909280384,"拖动C(1→4)，C,A,B,D → A,B,D,C",sorting,"""C,A,B,D""","""A,B,D,C""","""C""",1,4
00000000000000000000000000000484,00000000000000000000000000000012,00000000000000000000000000000012,QT-SIM-018-6334,sim_openid_018_547359,change_sorting_option,9,1782909288534,"拖动D(3→4)，A,B,D,C → A,B,C,D",sorting,"""A,B,D,C""","""A,B,C,D""","""D""",3,4
00000000000000000000000000000485,00000000000000000000000000000012,00000000000000000000000000000012,QT-SIM-018-6334,sim_openid_018_547359,change_sorting_option,9,1782909292787,"拖动C(3→1)，A,B,C,D → C,A,B,D",sorting,"""A,B,C,D""","""C,A,B,D""","""C""",3,1
00000000000000000000000000000486,00000000000000000000000000000012,00000000000000000000000000000012,QT-SIM-018-6334,sim_openid_018_547359,change_sorting_option,9,1782909299161,"拖动A(2→1)，C,A,B,D → A,C,B,D",sorting,"""C,A,B,D""","""A,C,B,D""","""A""",2,1
00000000000000000000000000000487,00000000000000000000000000000012,00000000000000000000000000000012,QT-SIM-018-6334,sim_openid_018_547359,change_sorting_option,9,1782909301501,"拖动D(4→3)，A,C,B,D → A,C,D,B",sorting,"""A,C,B,D""","""A,C,D,B""","""D""",4,3
00000000000000000000000000000488,00000000000000000000000000000012,00000000000000000000000000000012,QT-SIM-018-6334,sim_openid_018_547359,change_sorting_option,9,1782909310252,"拖动C(2→1)，A,C,D,B → C,A,D,B",sorting,"""A,C,D,B""","""C,A,D,B""","""C""",2,1
00000000000000000000000000000489,00000000000000000000000000000012,00000000000000000000000000000012,QT-SIM-018-6334,sim_openid_018_547359,leave_question,9,1782909321671,离开第7题,,,,,,
0000000000000000000000000000048a,00000000000000000000000000000012,00000000000000000000000000000012,QT-SIM-018-6334,sim_openid_018_547359,enter_question,10,1782909324942,进入第8题,sorting,,,,,
0000000000000000000000000000048b,00000000000000000000000000000012,00000000000000000000000000000012,QT-SIM-018-6334,sim_openid_018_547359,change_sorting_option,10,1782909337491,"拖动D(4→2)，A,B,C,D → A,D,B,C",sorting,"""A,B,C,D""","""A,D,B,C""","""D""",4,2
0000000000000000000000000000048c,00000000000000000000000000000012,00000000000000000000000000000012,QT-SIM-018-6334,sim_openid_018_547359,change_sorting_option,10,1782909342577,"拖动C(4→3)，A,D,B,C → A,D,C,B",sorting,"""A,D,B,C""","""A,D,C,B""","""C""",4,3
0000000000000000000000000000048d,00000000000000000000000000000012,00000000000000000000000000000012,QT-SIM-018-6334,sim_openid_018_547359,change_sorting_option,10,1782909347168,"拖动A(1→4)，A,D,C,B → D,C,B,A",sorting,"""A,D,C,B""","""D,C,B,A""","""A""",1,4
0000000000000000000000000000048e,00000000000000000000000000000012,00000000000000000000000000000012,QT-SIM-018-6334,sim_openid_018_547359,change_sorting_option,10,1782909351328,"拖动D(1→2)，D,C,B,A → C,D,B,A",sorting,"""D,C,B,A""","""C,D,B,A""","""D""",1,2
0000000000000000000000000000048f,00000000000000000000000000000012,00000000000000000000000000000012,QT-SIM-018-6334,sim_openid_018_547359,change_sorting_option,10,1782909359260,"拖动B(3→4)，C,D,B,A → C,D,A,B",sorting,"""C,D,B,A""","""C,D,A,B""","""B""",3,4
00000000000000000000000000000490,00000000000000000000000000000012,00000000000000000000000000000012,QT-SIM-018-6334,sim_openid_018_547359,change_sorting_option,10,1782909367387,"拖动C(1→3)，C,D,A,B → D,A,C,B",sorting,"""C,D,A,B""","""D,A,C,B""","""C""",1,3
00000000000000000000000000000491,00000000000000000000000000000012,00000000000000000000000000000012,QT-SIM-018-6334,sim_openid_018_547359,change_sorting_option,10,1782909372673,"拖动A(2→4)，D,A,C,B → D,C,B,A",sorting,"""D,A,C,B""","""D,C,B,A""","""A""",2,4
00000000000000000000000000000492,00000000000000000000000000000012,00000000000000000000000000000012,QT-SIM-018-6334,sim_openid_018_547359,change_sorting_option,10,1782909376195,"拖动C(2→3)，D,C,B,A → D,B,C,A",sorting,"""D,C,B,A""","""D,B,C,A""","""C""",2,3
00000000000000000000000000000493,00000000000000000000000000000012,00000000000000000000000000000012,QT-SIM-018-6334,sim_openid_018_547359,change_sorting_option,10,1782909384726,"拖动D(1→2)，D,B,C,A → B,D,C,A",sorting,"""D,B,C,A""","""B,D,C,A""","""D""",1,2
00000000000000000000000000000494,00000000000000000000000000000012,00000000000000000000000000000012,QT-SIM-018-6334,sim_openid_018_547359,leave_question,10,1782909394595,离开第8题,,,,,,
00000000000000000000000000000495,00000000000000000000000000000012,00000000000000000000000000000012,QT-SIM-018-6334,sim_openid_018_547359,enter_question,7,1782909397416,进入第9题,sorting,,,,,
00000000000000000000000000000496,00000000000000000000000000000012,00000000000000000000000000000012,QT-SIM-018-6334,sim_openid_018_547359,change_sorting_option,7,1782909435757,"拖动D(4→3)，A,B,C,D → A,B,D,C",sorting,"""A,B,C,D""","""A,B,D,C""","""D""",4,3
00000000000000000000000000000497,00000000000000000000000000000012,00000000000000000000000000000012,QT-SIM-018-6334,sim_openid_018_547359,change_sorting_option,7,1782909438393,"拖动A(1→2)，A,B,D,C → B,A,D,C",sorting,"""A,B,D,C""","""B,A,D,C""","""A""",1,2
00000000000000000000000000000498,00000000000000000000000000000012,00000000000000000000000000000012,QT-SIM-018-6334,sim_openid_018_547359,change_sorting_option,7,1782909446726,"拖动B(1→4)，B,A,D,C → A,D,C,B",sorting,"""B,A,D,C""","""A,D,C,B""","""B""",1,4
00000000000000000000000000000499,00000000000000000000000000000012,00000000000000000000000000000012,QT-SIM-018-6334,sim_openid_018_547359,change_sorting_option,7,1782909455036,"拖动A(1→2)，A,D,C,B → D,A,C,B",sorting,"""A,D,C,B""","""D,A,C,B""","""A""",1,2
0000000000000000000000000000049a,00000000000000000000000000000012,00000000000000000000000000000012,QT-SIM-018-6334,sim_openid_018_547359,change_sorting_option,7,1782909459817,"拖动C(3→1)，D,A,C,B → C,D,A,B",sorting,"""D,A,C,B""","""C,D,A,B""","""C""",3,1
0000000000000000000000000000049b,00000000000000000000000000000012,00000000000000000000000000000012,QT-SIM-018-6334,sim_openid_018_547359,change_sorting_option,7,1782909461626,"拖动D(2→3)，C,D,A,B → C,A,D,B",sorting,"""C,D,A,B""","""C,A,D,B""","""D""",2,3
0000000000000000000000000000049c,00000000000000000000000000000012,00000000000000000000000000000012,QT-SIM-018-6334,sim_openid_018_547359,leave_question,7,1782909472605,离开第9题,,,,,,
0000000000000000000000000000049d,00000000000000000000000000000012,00000000000000000000000000000012,QT-SIM-018-6334,sim_openid_018_547359,enter_question,8,1782909475234,进入第10题,sorting,,,,,
0000000000000000000000000000049e,00000000000000000000000000000012,00000000000000000000000000000012,QT-SIM-018-6334,sim_openid_018_547359,leave_question,8,1782909512887,离开第10题,,,,,,
0000000000000000000000000000049f,00000000000000000000000000000012,00000000000000000000000000000012,QT-SIM-018-6334,sim_openid_018_547359,submit_exam,-1,1782909513758,提交试卷,,,,,,
000000000000000000000000000004a0,00000000000000000000000000000013,00000000000000000000000000000013,QT-SIM-019-3045,sim_openid_019_623976,start_exam,-1,1782909751152,开始答题,,,,,,
000000000000000000000000000004a1,00000000000000000000000000000013,00000000000000000000000000000013,QT-SIM-019-3045,sim_openid_019_623976,enter_exam,-1,1782909751191,进入试卷页面,,,,,,
000000000000000000000000000004a2,00000000000000000000000000000013,00000000000000000000000000000013,QT-SIM-019-3045,sim_openid_019_623976,enter_question,1,1782909753584,进入第1题,sorting,,,,,
000000000000000000000000000004a3,00000000000000000000000000000013,00000000000000000000000000000013,QT-SIM-019-3045,sim_openid_019_623976,change_sorting_option,1,1782909762459,"拖动B(2→1)，A,B,C,D → B,A,C,D",sorting,"""A,B,C,D""","""B,A,C,D""","""B""",2,1
000000000000000000000000000004a4,00000000000000000000000000000013,00000000000000000000000000000013,QT-SIM-019-3045,sim_openid_019_623976,change_sorting_option,1,1782909769385,"拖动A(2→4)，B,A,C,D → B,C,D,A",sorting,"""B,A,C,D""","""B,C,D,A""","""A""",2,4
000000000000000000000000000004a5,00000000000000000000000000000013,00000000000000000000000000000013,QT-SIM-019-3045,sim_openid_019_623976,change_sorting_option,1,1782909772866,"拖动D(3→4)，B,C,D,A → B,C,A,D",sorting,"""B,C,D,A""","""B,C,A,D""","""D""",3,4
000000000000000000000000000004a6,00000000000000000000000000000013,00000000000000000000000000000013,QT-SIM-019-3045,sim_openid_019_623976,change_sorting_option,1,1782909776866,"拖动C(2→3)，B,C,A,D → B,A,C,D",sorting,"""B,C,A,D""","""B,A,C,D""","""C""",2,3
000000000000000000000000000004a7,00000000000000000000000000000013,00000000000000000000000000000013,QT-SIM-019-3045,sim_openid_019_623976,change_sorting_option,1,1782909782356,"拖动A(2→4)，B,A,C,D → B,C,D,A",sorting,"""B,A,C,D""","""B,C,D,A""","""A""",2,4
000000000000000000000000000004a8,00000000000000000000000000000013,00000000000000000000000000000013,QT-SIM-019-3045,sim_openid_019_623976,change_sorting_option,1,1782909788316,"拖动D(3→4)，B,C,D,A → B,C,A,D",sorting,"""B,C,D,A""","""B,C,A,D""","""D""",3,4
000000000000000000000000000004a9,00000000000000000000000000000013,00000000000000000000000000000013,QT-SIM-019-3045,sim_openid_019_623976,change_sorting_option,1,1782909793714,"拖动C(2→3)，B,C,A,D → B,A,C,D",sorting,"""B,C,A,D""","""B,A,C,D""","""C""",2,3
000000000000000000000000000004aa,00000000000000000000000000000013,00000000000000000000000000000013,QT-SIM-019-3045,sim_openid_019_623976,leave_question,1,1782909798534,离开第1题,,,,,,
000000000000000000000000000004ab,00000000000000000000000000000013,00000000000000000000000000000013,QT-SIM-019-3045,sim_openid_019_623976,enter_question,4,1782909801643,进入第2题,sorting,,,,,
000000000000000000000000000004ac,00000000000000000000000000000013,00000000000000000000000000000013,QT-SIM-019-3045,sim_openid_019_623976,change_sorting_option,4,1782909815866,"拖动D(4→2)，A,B,C,D → A,D,B,C",sorting,"""A,B,C,D""","""A,D,B,C""","""D""",4,2
000000000000000000000000000004ad,00000000000000000000000000000013,00000000000000000000000000000013,QT-SIM-019-3045,sim_openid_019_623976,change_sorting_option,4,1782909822167,"拖动C(4→3)，A,D,B,C → A,D,C,B",sorting,"""A,D,B,C""","""A,D,C,B""","""C""",4,3
000000000000000000000000000004ae,00000000000000000000000000000013,00000000000000000000000000000013,QT-SIM-019-3045,sim_openid_019_623976,change_sorting_option,4,1782909826672,"拖动B(4→1)，A,D,C,B → B,A,D,C",sorting,"""A,D,C,B""","""B,A,D,C""","""B""",4,1
000000000000000000000000000004af,00000000000000000000000000000013,00000000000000000000000000000013,QT-SIM-019-3045,sim_openid_019_623976,change_sorting_option,4,1782909831136,"拖动A(2→1)，B,A,D,C → A,B,D,C",sorting,"""B,A,D,C""","""A,B,D,C""","""A""",2,1
000000000000000000000000000004b0,00000000000000000000000000000013,00000000000000000000000000000013,QT-SIM-019-3045,sim_openid_019_623976,change_sorting_option,4,1782909835077,"拖动D(3→2)，A,B,D,C → A,D,B,C",sorting,"""A,B,D,C""","""A,D,B,C""","""D""",3,2
000000000000000000000000000004b1,00000000000000000000000000000013,00000000000000000000000000000013,QT-SIM-019-3045,sim_openid_019_623976,change_sorting_option,4,1782909842187,"拖动C(4→3)，A,D,B,C → A,D,C,B",sorting,"""A,D,B,C""","""A,D,C,B""","""C""",4,3
000000000000000000000000000004b2,00000000000000000000000000000013,00000000000000000000000000000013,QT-SIM-019-3045,sim_openid_019_623976,leave_question,4,1782909848847,离开第2题,,,,,,
000000000000000000000000000004b3,00000000000000000000000000000013,00000000000000000000000000000013,QT-SIM-019-3045,sim_openid_019_623976,enter_question,6,1782909850473,进入第3题,sorting,,,,,
000000000000000000000000000004b4,00000000000000000000000000000013,00000000000000000000000000000013,QT-SIM-019-3045,sim_openid_019_623976,change_sorting_option,6,1782909864394,"拖动A(1→3)，A,B,C,D → B,C,A,D",sorting,"""A,B,C,D""","""B,C,A,D""","""A""",1,3
000000000000000000000000000004b5,00000000000000000000000000000013,00000000000000000000000000000013,QT-SIM-019-3045,sim_openid_019_623976,change_sorting_option,6,1782909871023,"拖动D(4→1)，B,C,A,D → D,B,C,A",sorting,"""B,C,A,D""","""D,B,C,A""","""D""",4,1
000000000000000000000000000004b6,00000000000000000000000000000013,00000000000000000000000000000013,QT-SIM-019-3045,sim_openid_019_623976,change_sorting_option,6,1782909877702,"拖动C(3→4)，D,B,C,A → D,B,A,C",sorting,"""D,B,C,A""","""D,B,A,C""","""C""",3,4
000000000000000000000000000004b7,00000000000000000000000000000013,00000000000000000000000000000013,QT-SIM-019-3045,sim_openid_019_623976,change_sorting_option,6,1782909881747,"拖动D(1→3)，D,B,A,C → B,A,D,C",sorting,"""D,B,A,C""","""B,A,D,C""","""D""",1,3
000000000000000000000000000004b8,00000000000000000000000000000013,00000000000000000000000000000013,QT-SIM-019-3045,sim_openid_019_623976,change_sorting_option,6,1782909885081,"拖动A(2→3)，B,A,D,C → B,D,A,C",sorting,"""B,A,D,C""","""B,D,A,C""","""A""",2,3
000000000000000000000000000004b9,00000000000000000000000000000013,00000000000000000000000000000013,QT-SIM-019-3045,sim_openid_019_623976,change_sorting_option,6,1782909892511,"拖动B(1→2)，B,D,A,C → D,B,A,C",sorting,"""B,D,A,C""","""D,B,A,C""","""B""",1,2
000000000000000000000000000004ba,00000000000000000000000000000013,00000000000000000000000000000013,QT-SIM-019-3045,sim_openid_019_623976,leave_question,6,1782909902101,离开第3题,,,,,,
000000000000000000000000000004bb,00000000000000000000000000000013,00000000000000000000000000000013,QT-SIM-019-3045,sim_openid_019_623976,enter_question,2,1782909903499,进入第4题,sorting,,,,,
000000000000000000000000000004bc,00000000000000000000000000000013,00000000000000000000000000000013,QT-SIM-019-3045,sim_openid_019_623976,change_sorting_option,2,1782909930201,"拖动B(2→4)，A,B,C,D → A,C,D,B",sorting,"""A,B,C,D""","""A,C,D,B""","""B""",2,4
000000000000000000000000000004bd,00000000000000000000000000000013,00000000000000000000000000000013,QT-SIM-019-3045,sim_openid_019_623976,change_sorting_option,2,1782909935629,"拖动C(2→3)，A,C,D,B → A,D,C,B",sorting,"""A,C,D,B""","""A,D,C,B""","""C""",2,3
000000000000000000000000000004be,00000000000000000000000000000013,00000000000000000000000000000013,QT-SIM-019-3045,sim_openid_019_623976,change_sorting_option,2,1782909941153,"拖动C(3→1)，A,D,C,B → C,A,D,B",sorting,"""A,D,C,B""","""C,A,D,B""","""C""",3,1
000000000000000000000000000004bf,00000000000000000000000000000013,00000000000000000000000000000013,QT-SIM-019-3045,sim_openid_019_623976,change_sorting_option,2,1782909944578,"拖动C(1→2)，C,A,D,B → A,C,D,B",sorting,"""C,A,D,B""","""A,C,D,B""","""C""",1,2
000000000000000000000000000004c0,00000000000000000000000000000013,00000000000000000000000000000013,QT-SIM-019-3045,sim_openid_019_623976,change_sorting_option,2,1782909948689,"拖动C(2→3)，A,C,D,B → A,D,C,B",sorting,"""A,C,D,B""","""A,D,C,B""","""C""",2,3
000000000000000000000000000004c1,00000000000000000000000000000013,00000000000000000000000000000013,QT-SIM-019-3045,sim_openid_019_623976,leave_question,2,1782909954837,离开第4题,,,,,,
000000000000000000000000000004c2,00000000000000000000000000000013,00000000000000000000000000000013,QT-SIM-019-3045,sim_openid_019_623976,enter_question,5,1782909957236,进入第5题,sorting,,,,,
000000000000000000000000000004c3,00000000000000000000000000000013,00000000000000000000000000000013,QT-SIM-019-3045,sim_openid_019_623976,change_sorting_option,5,1782909973569,"拖动B(2→3)，A,B,C,D → A,C,B,D",sorting,"""A,B,C,D""","""A,C,B,D""","""B""",2,3
000000000000000000000000000004c4,00000000000000000000000000000013,00000000000000000000000000000013,QT-SIM-019-3045,sim_openid_019_623976,change_sorting_option,5,1782909975294,"拖动B(3→2)，A,C,B,D → A,B,C,D",sorting,"""A,C,B,D""","""A,B,C,D""","""B""",3,2
000000000000000000000000000004c5,00000000000000000000000000000013,00000000000000000000000000000013,QT-SIM-019-3045,sim_openid_019_623976,change_sorting_option,5,1782909980397,"拖动A(1→2)，A,B,C,D → B,A,C,D",sorting,"""A,B,C,D""","""B,A,C,D""","""A""",1,2
000000000000000000000000000004c6,00000000000000000000000000000013,00000000000000000000000000000013,QT-SIM-019-3045,sim_openid_019_623976,change_sorting_option,5,1782909981980,"拖动B(1→2)，B,A,C,D → A,B,C,D",sorting,"""B,A,C,D""","""A,B,C,D""","""B""",1,2
000000000000000000000000000004c7,00000000000000000000000000000013,00000000000000000000000000000013,QT-SIM-019-3045,sim_openid_019_623976,change_sorting_option,5,1782909988127,"拖动A(1→4)，A,B,C,D → B,C,D,A",sorting,"""A,B,C,D""","""B,C,D,A""","""A""",1,4
000000000000000000000000000004c8,00000000000000000000000000000013,00000000000000000000000000000013,QT-SIM-019-3045,sim_openid_019_623976,change_sorting_option,5,1782909993510,"拖动B(1→2)，B,C,D,A → C,B,D,A",sorting,"""B,C,D,A""","""C,B,D,A""","""B""",1,2
000000000000000000000000000004c9,00000000000000000000000000000013,00000000000000000000000000000013,QT-SIM-019-3045,sim_openid_019_623976,change_sorting_option,5,1782910001338,"拖动C(1→3)，C,B,D,A → B,D,C,A",sorting,"""C,B,D,A""","""B,D,C,A""","""C""",1,3
000000000000000000000000000004ca,00000000000000000000000000000013,00000000000000000000000000000013,QT-SIM-019-3045,sim_openid_019_623976,change_sorting_option,5,1782910005795,"拖动D(2→1)，B,D,C,A → D,B,C,A",sorting,"""B,D,C,A""","""D,B,C,A""","""D""",2,1
000000000000000000000000000004cb,00000000000000000000000000000013,00000000000000000000000000000013,QT-SIM-019-3045,sim_openid_019_623976,leave_question,5,1782910010906,离开第5题,,,,,,
000000000000000000000000000004cc,00000000000000000000000000000013,00000000000000000000000000000013,QT-SIM-019-3045,sim_openid_019_623976,enter_question,3,1782910014081,进入第6题,sorting,,,,,
000000000000000000000000000004cd,00000000000000000000000000000013,00000000000000000000000000000013,QT-SIM-019-3045,sim_openid_019_623976,change_sorting_option,3,1782910021562,"拖动B(2→4)，A,B,C,D → A,C,D,B",sorting,"""A,B,C,D""","""A,C,D,B""","""B""",2,4
000000000000000000000000000004ce,00000000000000000000000000000013,00000000000000000000000000000013,QT-SIM-019-3045,sim_openid_019_623976,change_sorting_option,3,1782910025819,"拖动B(4→1)，A,C,D,B → B,A,C,D",sorting,"""A,C,D,B""","""B,A,C,D""","""B""",4,1
000000000000000000000000000004cf,00000000000000000000000000000013,00000000000000000000000000000013,QT-SIM-019-3045,sim_openid_019_623976,change_sorting_option,3,1782910030796,"拖动B(1→2)，B,A,C,D → A,B,C,D",sorting,"""B,A,C,D""","""A,B,C,D""","""B""",1,2
000000000000000000000000000004d0,00000000000000000000000000000013,00000000000000000000000000000013,QT-SIM-019-3045,sim_openid_019_623976,leave_question,3,1782910037226,离开第6题,,,,,,
000000000000000000000000000004d1,00000000000000000000000000000013,00000000000000000000000000000013,QT-SIM-019-3045,sim_openid_019_623976,enter_question,9,1782910038568,进入第7题,sorting,,,,,
000000000000000000000000000004d2,00000000000000000000000000000013,00000000000000000000000000000013,QT-SIM-019-3045,sim_openid_019_623976,change_sorting_option,9,1782910048251,"拖动C(3→2)，A,B,C,D → A,C,B,D",sorting,"""A,B,C,D""","""A,C,B,D""","""C""",3,2
000000000000000000000000000004d3,00000000000000000000000000000013,00000000000000000000000000000013,QT-SIM-019-3045,sim_openid_019_623976,change_sorting_option,9,1782910050129,"拖动B(3→4)，A,C,B,D → A,C,D,B",sorting,"""A,C,B,D""","""A,C,D,B""","""B""",3,4
000000000000000000000000000004d4,00000000000000000000000000000013,00000000000000000000000000000013,QT-SIM-019-3045,sim_openid_019_623976,change_sorting_option,9,1782910052976,"拖动D(3→1)，A,C,D,B → D,A,C,B",sorting,"""A,C,D,B""","""D,A,C,B""","""D""",3,1
000000000000000000000000000004d5,00000000000000000000000000000013,00000000000000000000000000000013,QT-SIM-019-3045,sim_openid_019_623976,change_sorting_option,9,1782910056734,"拖动A(2→3)，D,A,C,B → D,C,A,B",sorting,"""D,A,C,B""","""D,C,A,B""","""A""",2,3
000000000000000000000000000004d6,00000000000000000000000000000013,00000000000000000000000000000013,QT-SIM-019-3045,sim_openid_019_623976,leave_question,9,1782910065132,离开第7题,,,,,,
000000000000000000000000000004d7,00000000000000000000000000000013,00000000000000000000000000000013,QT-SIM-019-3045,sim_openid_019_623976,enter_question,10,1782910068074,进入第8题,sorting,,,,,
000000000000000000000000000004d8,00000000000000000000000000000013,00000000000000000000000000000013,QT-SIM-019-3045,sim_openid_019_623976,change_sorting_option,10,1782910095618,"拖动B(2→4)，A,B,C,D → A,C,D,B",sorting,"""A,B,C,D""","""A,C,D,B""","""B""",2,4
000000000000000000000000000004d9,00000000000000000000000000000013,00000000000000000000000000000013,QT-SIM-019-3045,sim_openid_019_623976,change_sorting_option,10,1782910101830,"拖动D(3→4)，A,C,D,B → A,C,B,D",sorting,"""A,C,D,B""","""A,C,B,D""","""D""",3,4
000000000000000000000000000004da,00000000000000000000000000000013,00000000000000000000000000000013,QT-SIM-019-3045,sim_openid_019_623976,change_sorting_option,10,1782910107022,"拖动D(4→1)，A,C,B,D → D,A,C,B",sorting,"""A,C,B,D""","""D,A,C,B""","""D""",4,1
000000000000000000000000000004db,00000000000000000000000000000013,00000000000000000000000000000013,QT-SIM-019-3045,sim_openid_019_623976,change_sorting_option,10,1782910110138,"拖动B(4→2)，D,A,C,B → D,B,A,C",sorting,"""D,A,C,B""","""D,B,A,C""","""B""",4,2
000000000000000000000000000004dc,00000000000000000000000000000013,00000000000000000000000000000013,QT-SIM-019-3045,sim_openid_019_623976,change_sorting_option,10,1782910115571,"拖动A(3→1)，D,B,A,C → A,D,B,C",sorting,"""D,B,A,C""","""A,D,B,C""","""A""",3,1
000000000000000000000000000004dd,00000000000000000000000000000013,00000000000000000000000000000013,QT-SIM-019-3045,sim_openid_019_623976,change_sorting_option,10,1782910119023,"拖动B(3→2)，A,D,B,C → A,B,D,C",sorting,"""A,D,B,C""","""A,B,D,C""","""B""",3,2
000000000000000000000000000004de,00000000000000000000000000000013,00000000000000000000000000000013,QT-SIM-019-3045,sim_openid_019_623976,change_sorting_option,10,1782910125011,"拖动D(3→4)，A,B,D,C → A,B,C,D",sorting,"""A,B,D,C""","""A,B,C,D""","""D""",3,4
000000000000000000000000000004df,00000000000000000000000000000013,00000000000000000000000000000013,QT-SIM-019-3045,sim_openid_019_623976,leave_question,10,1782910131760,离开第8题,,,,,,
000000000000000000000000000004e0,00000000000000000000000000000013,00000000000000000000000000000013,QT-SIM-019-3045,sim_openid_019_623976,enter_question,7,1782910132953,进入第9题,sorting,,,,,
000000000000000000000000000004e1,00000000000000000000000000000013,00000000000000000000000000000013,QT-SIM-019-3045,sim_openid_019_623976,change_sorting_option,7,1782910162434,"拖动B(2→4)，A,B,C,D → A,C,D,B",sorting,"""A,B,C,D""","""A,C,D,B""","""B""",2,4
000000000000000000000000000004e2,00000000000000000000000000000013,00000000000000000000000000000013,QT-SIM-019-3045,sim_openid_019_623976,change_sorting_option,7,1782910165641,"拖动D(3→2)，A,C,D,B → A,D,C,B",sorting,"""A,C,D,B""","""A,D,C,B""","""D""",3,2
000000000000000000000000000004e3,00000000000000000000000000000013,00000000000000000000000000000013,QT-SIM-019-3045,sim_openid_019_623976,change_sorting_option,7,1782910167938,"拖动B(4→2)，A,D,C,B → A,B,D,C",sorting,"""A,D,C,B""","""A,B,D,C""","""B""",4,2
000000000000000000000000000004e4,00000000000000000000000000000013,00000000000000000000000000000013,QT-SIM-019-3045,sim_openid_019_623976,change_sorting_option,7,1782910173768,"拖动D(3→2)，A,B,D,C → A,D,B,C",sorting,"""A,B,D,C""","""A,D,B,C""","""D""",3,2
000000000000000000000000000004e5,00000000000000000000000000000013,00000000000000000000000000000013,QT-SIM-019-3045,sim_openid_019_623976,change_sorting_option,7,1782910176045,"拖动A(1→4)，A,D,B,C → D,B,C,A",sorting,"""A,D,B,C""","""D,B,C,A""","""A""",1,4
000000000000000000000000000004e6,00000000000000000000000000000013,00000000000000000000000000000013,QT-SIM-019-3045,sim_openid_019_623976,change_sorting_option,7,1782910179220,"拖动D(1→2)，D,B,C,A → B,D,C,A",sorting,"""D,B,C,A""","""B,D,C,A""","""D""",1,2
000000000000000000000000000004e7,00000000000000000000000000000013,00000000000000000000000000000013,QT-SIM-019-3045,sim_openid_019_623976,change_sorting_option,7,1782910185775,"拖动A(4→1)，B,D,C,A → A,B,D,C",sorting,"""B,D,C,A""","""A,B,D,C""","""A""",4,1
000000000000000000000000000004e8,00000000000000000000000000000013,00000000000000000000000000000013,QT-SIM-019-3045,sim_openid_019_623976,change_sorting_option,7,1782910187101,"拖动B(2→4)，A,B,D,C → A,D,C,B",sorting,"""A,B,D,C""","""A,D,C,B""","""B""",2,4
000000000000000000000000000004e9,00000000000000000000000000000013,00000000000000000000000000000013,QT-SIM-019-3045,sim_openid_019_623976,leave_question,7,1782910192536,离开第9题,,,,,,
000000000000000000000000000004ea,00000000000000000000000000000013,00000000000000000000000000000013,QT-SIM-019-3045,sim_openid_019_623976,enter_question,8,1782910193671,进入第10题,sorting,,,,,
000000000000000000000000000004eb,00000000000000000000000000000013,00000000000000000000000000000013,QT-SIM-019-3045,sim_openid_019_623976,change_sorting_option,8,1782910204446,"拖动C(3→1)，A,B,C,D → C,A,B,D",sorting,"""A,B,C,D""","""C,A,B,D""","""C""",3,1
000000000000000000000000000004ec,00000000000000000000000000000013,00000000000000000000000000000013,QT-SIM-019-3045,sim_openid_019_623976,change_sorting_option,8,1782910206924,"拖动B(3→2)，C,A,B,D → C,B,A,D",sorting,"""C,A,B,D""","""C,B,A,D""","""B""",3,2
000000000000000000000000000004ed,00000000000000000000000000000013,00000000000000000000000000000013,QT-SIM-019-3045,sim_openid_019_623976,change_sorting_option,8,1782910209533,"拖动C(1→4)，C,B,A,D → B,A,D,C",sorting,"""C,B,A,D""","""B,A,D,C""","""C""",1,4
000000000000000000000000000004ee,00000000000000000000000000000013,00000000000000000000000000000013,QT-SIM-019-3045,sim_openid_019_623976,change_sorting_option,8,1782910214777,"拖动A(2→4)，B,A,D,C → B,D,C,A",sorting,"""B,A,D,C""","""B,D,C,A""","""A""",2,4
000000000000000000000000000004ef,00000000000000000000000000000013,00000000000000000000000000000013,QT-SIM-019-3045,sim_openid_019_623976,change_sorting_option,8,1782910221494,"拖动C(3→1)，B,D,C,A → C,B,D,A",sorting,"""B,D,C,A""","""C,B,D,A""","""C""",3,1
000000000000000000000000000004f0,00000000000000000000000000000013,00000000000000000000000000000013,QT-SIM-019-3045,sim_openid_019_623976,leave_question,8,1782910230831,离开第10题,,,,,,
000000000000000000000000000004f1,00000000000000000000000000000013,00000000000000000000000000000013,QT-SIM-019-3045,sim_openid_019_623976,submit_exam,-1,1782910231221,提交试卷,,,,,,
000000000000000000000000000004f2,00000000000000000000000000000014,00000000000000000000000000000014,QT-SIM-020-5296,sim_openid_020_495370,start_exam,-1,1782910651390,开始答题,,,,,,
000000000000000000000000000004f3,00000000000000000000000000000014,00000000000000000000000000000014,QT-SIM-020-5296,sim_openid_020_495370,enter_exam,-1,1782910651458,进入试卷页面,,,,,,
000000000000000000000000000004f4,00000000000000000000000000000014,00000000000000000000000000000014,QT-SIM-020-5296,sim_openid_020_495370,enter_question,1,1782910654030,进入第1题,sorting,,,,,
000000000000000000000000000004f5,00000000000000000000000000000014,00000000000000000000000000000014,QT-SIM-020-5296,sim_openid_020_495370,change_sorting_option,1,1782910668882,"拖动D(4→3)，A,B,C,D → A,B,D,C",sorting,"""A,B,C,D""","""A,B,D,C""","""D""",4,3
000000000000000000000000000004f6,00000000000000000000000000000014,00000000000000000000000000000014,QT-SIM-020-5296,sim_openid_020_495370,change_sorting_option,1,1782910670152,"拖动A(1→2)，A,B,D,C → B,A,D,C",sorting,"""A,B,D,C""","""B,A,D,C""","""A""",1,2
000000000000000000000000000004f7,00000000000000000000000000000014,00000000000000000000000000000014,QT-SIM-020-5296,sim_openid_020_495370,leave_question,1,1782910679392,离开第1题,,,,,,
000000000000000000000000000004f8,00000000000000000000000000000014,00000000000000000000000000000014,QT-SIM-020-5296,sim_openid_020_495370,enter_question,4,1782910681202,进入第2题,sorting,,,,,
000000000000000000000000000004f9,00000000000000000000000000000014,00000000000000000000000000000014,QT-SIM-020-5296,sim_openid_020_495370,change_sorting_option,4,1782910694235,"拖动C(3→1)，A,B,C,D → C,A,B,D",sorting,"""A,B,C,D""","""C,A,B,D""","""C""",3,1
000000000000000000000000000004fa,00000000000000000000000000000014,00000000000000000000000000000014,QT-SIM-020-5296,sim_openid_020_495370,change_sorting_option,4,1782910696287,"拖动A(2→4)，C,A,B,D → C,B,D,A",sorting,"""C,A,B,D""","""C,B,D,A""","""A""",2,4
000000000000000000000000000004fb,00000000000000000000000000000014,00000000000000000000000000000014,QT-SIM-020-5296,sim_openid_020_495370,change_sorting_option,4,1782910701614,"拖动B(2→3)，C,B,D,A → C,D,B,A",sorting,"""C,B,D,A""","""C,D,B,A""","""B""",2,3
000000000000000000000000000004fc,00000000000000000000000000000014,00000000000000000000000000000014,QT-SIM-020-5296,sim_openid_020_495370,leave_question,4,1782910708224,离开第2题,,,,,,
000000000000000000000000000004fd,00000000000000000000000000000014,00000000000000000000000000000014,QT-SIM-020-5296,sim_openid_020_495370,enter_question,6,1782910709252,进入第3题,sorting,,,,,
000000000000000000000000000004fe,00000000000000000000000000000014,00000000000000000000000000000014,QT-SIM-020-5296,sim_openid_020_495370,change_sorting_option,6,1782910718496,"拖动A(1→4)，A,B,C,D → B,C,D,A",sorting,"""A,B,C,D""","""B,C,D,A""","""A""",1,4
000000000000000000000000000004ff,00000000000000000000000000000014,00000000000000000000000000000014,QT-SIM-020-5296,sim_openid_020_495370,change_sorting_option,6,1782910720820,"拖动D(3→1)，B,C,D,A → D,B,C,A",sorting,"""B,C,D,A""","""D,B,C,A""","""D""",3,1
00000000000000000000000000000500,00000000000000000000000000000014,00000000000000000000000000000014,QT-SIM-020-5296,sim_openid_020_495370,change_sorting_option,6,1782910725602,"拖动B(2→3)，D,B,C,A → D,C,B,A",sorting,"""D,B,C,A""","""D,C,B,A""","""B""",2,3
00000000000000000000000000000501,00000000000000000000000000000014,00000000000000000000000000000014,QT-SIM-020-5296,sim_openid_020_495370,leave_question,6,1782910733425,离开第3题,,,,,,
00000000000000000000000000000502,00000000000000000000000000000014,00000000000000000000000000000014,QT-SIM-020-5296,sim_openid_020_495370,enter_question,2,1782910736677,进入第4题,sorting,,,,,
00000000000000000000000000000503,00000000000000000000000000000014,00000000000000000000000000000014,QT-SIM-020-5296,sim_openid_020_495370,change_sorting_option,2,1782910744373,"拖动C(3→4)，A,B,C,D → A,B,D,C",sorting,"""A,B,C,D""","""A,B,D,C""","""C""",3,4
00000000000000000000000000000504,00000000000000000000000000000014,00000000000000000000000000000014,QT-SIM-020-5296,sim_openid_020_495370,change_sorting_option,2,1782910748161,"拖动A(1→2)，A,B,D,C → B,A,D,C",sorting,"""A,B,D,C""","""B,A,D,C""","""A""",1,2
00000000000000000000000000000505,00000000000000000000000000000014,00000000000000000000000000000014,QT-SIM-020-5296,sim_openid_020_495370,change_sorting_option,2,1782910753393,"拖动A(2→1)，B,A,D,C → A,B,D,C",sorting,"""B,A,D,C""","""A,B,D,C""","""A""",2,1
00000000000000000000000000000506,00000000000000000000000000000014,00000000000000000000000000000014,QT-SIM-020-5296,sim_openid_020_495370,leave_question,2,1782910761689,离开第4题,,,,,,
00000000000000000000000000000507,00000000000000000000000000000014,00000000000000000000000000000014,QT-SIM-020-5296,sim_openid_020_495370,enter_question,5,1782910764519,进入第5题,sorting,,,,,
00000000000000000000000000000508,00000000000000000000000000000014,00000000000000000000000000000014,QT-SIM-020-5296,sim_openid_020_495370,change_sorting_option,5,1782910785542,"拖动B(2→1)，A,B,C,D → B,A,C,D",sorting,"""A,B,C,D""","""B,A,C,D""","""B""",2,1
00000000000000000000000000000509,00000000000000000000000000000014,00000000000000000000000000000014,QT-SIM-020-5296,sim_openid_020_495370,change_sorting_option,5,1782910791757,"拖动D(4→3)，B,A,C,D → B,A,D,C",sorting,"""B,A,C,D""","""B,A,D,C""","""D""",4,3
0000000000000000000000000000050a,00000000000000000000000000000014,00000000000000000000000000000014,QT-SIM-020-5296,sim_openid_020_495370,change_sorting_option,5,1782910796068,"拖动C(4→2)，B,A,D,C → B,C,A,D",sorting,"""B,A,D,C""","""B,C,A,D""","""C""",4,2
0000000000000000000000000000050b,00000000000000000000000000000014,00000000000000000000000000000014,QT-SIM-020-5296,sim_openid_020_495370,change_sorting_option,5,1782910801252,"拖动C(2→4)，B,C,A,D → B,A,D,C",sorting,"""B,C,A,D""","""B,A,D,C""","""C""",2,4
0000000000000000000000000000050c,00000000000000000000000000000014,00000000000000000000000000000014,QT-SIM-020-5296,sim_openid_020_495370,leave_question,5,1782910811631,离开第5题,,,,,,
0000000000000000000000000000050d,00000000000000000000000000000014,00000000000000000000000000000014,QT-SIM-020-5296,sim_openid_020_495370,enter_question,3,1782910814557,进入第6题,sorting,,,,,
0000000000000000000000000000050e,00000000000000000000000000000014,00000000000000000000000000000014,QT-SIM-020-5296,sim_openid_020_495370,change_sorting_option,3,1782910822275,"拖动D(4→2)，A,B,C,D → A,D,B,C",sorting,"""A,B,C,D""","""A,D,B,C""","""D""",4,2
0000000000000000000000000000050f,00000000000000000000000000000014,00000000000000000000000000000014,QT-SIM-020-5296,sim_openid_020_495370,change_sorting_option,3,1782910824825,"拖动A(1→3)，A,D,B,C → D,B,A,C",sorting,"""A,D,B,C""","""D,B,A,C""","""A""",1,3
00000000000000000000000000000510,00000000000000000000000000000014,00000000000000000000000000000014,QT-SIM-020-5296,sim_openid_020_495370,change_sorting_option,3,1782910829702,"拖动C(4→2)，D,B,A,C → D,C,B,A",sorting,"""D,B,A,C""","""D,C,B,A""","""C""",4,2
00000000000000000000000000000511,00000000000000000000000000000014,00000000000000000000000000000014,QT-SIM-020-5296,sim_openid_020_495370,change_sorting_option,3,1782910835209,"拖动B(3→1)，D,C,B,A → B,D,C,A",sorting,"""D,C,B,A""","""B,D,C,A""","""B""",3,1
00000000000000000000000000000512,00000000000000000000000000000014,00000000000000000000000000000014,QT-SIM-020-5296,sim_openid_020_495370,change_sorting_option,3,1782910839654,"拖动A(4→3)，B,D,C,A → B,D,A,C",sorting,"""B,D,C,A""","""B,D,A,C""","""A""",4,3
00000000000000000000000000000513,00000000000000000000000000000014,00000000000000000000000000000014,QT-SIM-020-5296,sim_openid_020_495370,change_sorting_option,3,1782910843739,"拖动C(4→2)，B,D,A,C → B,C,D,A",sorting,"""B,D,A,C""","""B,C,D,A""","""C""",4,2
00000000000000000000000000000514,00000000000000000000000000000014,00000000000000000000000000000014,QT-SIM-020-5296,sim_openid_020_495370,change_sorting_option,3,1782910846297,"拖动D(3→4)，B,C,D,A → B,C,A,D",sorting,"""B,C,D,A""","""B,C,A,D""","""D""",3,4
00000000000000000000000000000515,00000000000000000000000000000014,00000000000000000000000000000014,QT-SIM-020-5296,sim_openid_020_495370,leave_question,3,1782910857142,离开第6题,,,,,,
00000000000000000000000000000516,00000000000000000000000000000014,00000000000000000000000000000014,QT-SIM-020-5296,sim_openid_020_495370,enter_question,9,1782910860086,进入第7题,sorting,,,,,
00000000000000000000000000000517,00000000000000000000000000000014,00000000000000000000000000000014,QT-SIM-020-5296,sim_openid_020_495370,change_sorting_option,9,1782910873054,"拖动D(4→2)，A,B,C,D → A,D,B,C",sorting,"""A,B,C,D""","""A,D,B,C""","""D""",4,2
00000000000000000000000000000518,00000000000000000000000000000014,00000000000000000000000000000014,QT-SIM-020-5296,sim_openid_020_495370,change_sorting_option,9,1782910878868,"拖动B(3→2)，A,D,B,C → A,B,D,C",sorting,"""A,D,B,C""","""A,B,D,C""","""B""",3,2
00000000000000000000000000000519,00000000000000000000000000000014,00000000000000000000000000000014,QT-SIM-020-5296,sim_openid_020_495370,change_sorting_option,9,1782910880542,"拖动D(3→4)，A,B,D,C → A,B,C,D",sorting,"""A,B,D,C""","""A,B,C,D""","""D""",3,4
0000000000000000000000000000051a,00000000000000000000000000000014,00000000000000000000000000000014,QT-SIM-020-5296,sim_openid_020_495370,leave_question,9,1782910885408,离开第7题,,,,,,
0000000000000000000000000000051b,00000000000000000000000000000014,00000000000000000000000000000014,QT-SIM-020-5296,sim_openid_020_495370,enter_question,10,1782910887022,进入第8题,sorting,,,,,
0000000000000000000000000000051c,00000000000000000000000000000014,00000000000000000000000000000014,QT-SIM-020-5296,sim_openid_020_495370,change_sorting_option,10,1782910896011,"拖动C(3→4)，A,B,C,D → A,B,D,C",sorting,"""A,B,C,D""","""A,B,D,C""","""C""",3,4
0000000000000000000000000000051d,00000000000000000000000000000014,00000000000000000000000000000014,QT-SIM-020-5296,sim_openid_020_495370,leave_question,10,1782910904943,离开第8题,,,,,,
0000000000000000000000000000051e,00000000000000000000000000000014,00000000000000000000000000000014,QT-SIM-020-5296,sim_openid_020_495370,enter_question,7,1782910907105,进入第9题,sorting,,,,,
0000000000000000000000000000051f,00000000000000000000000000000014,00000000000000000000000000000014,QT-SIM-020-5296,sim_openid_020_495370,change_sorting_option,7,1782910915871,"拖动A(1→2)，A,B,C,D → B,A,C,D",sorting,"""A,B,C,D""","""B,A,C,D""","""A""",1,2
00000000000000000000000000000520,00000000000000000000000000000014,00000000000000000000000000000014,QT-SIM-020-5296,sim_openid_020_495370,change_sorting_option,7,1782910917067,"拖动B(1→4)，B,A,C,D → A,C,D,B",sorting,"""B,A,C,D""","""A,C,D,B""","""B""",1,4
00000000000000000000000000000521,00000000000000000000000000000014,00000000000000000000000000000014,QT-SIM-020-5296,sim_openid_020_495370,change_sorting_option,7,1782910922360,"拖动A(1→2)，A,C,D,B → C,A,D,B",sorting,"""A,C,D,B""","""C,A,D,B""","""A""",1,2
00000000000000000000000000000522,00000000000000000000000000000014,00000000000000000000000000000014,QT-SIM-020-5296,sim_openid_020_495370,change_sorting_option,7,1782910925673,"拖动D(3→1)，C,A,D,B → D,C,A,B",sorting,"""C,A,D,B""","""D,C,A,B""","""D""",3,1
00000000000000000000000000000523,00000000000000000000000000000014,00000000000000000000000000000014,QT-SIM-020-5296,sim_openid_020_495370,change_sorting_option,7,1782910932031,"拖动C(2→3)，D,C,A,B → D,A,C,B",sorting,"""D,C,A,B""","""D,A,C,B""","""C""",2,3
00000000000000000000000000000524,00000000000000000000000000000014,00000000000000000000000000000014,QT-SIM-020-5296,sim_openid_020_495370,leave_question,7,1782910940994,离开第9题,,,,,,
00000000000000000000000000000525,00000000000000000000000000000014,00000000000000000000000000000014,QT-SIM-020-5296,sim_openid_020_495370,enter_question,8,1782910943377,进入第10题,sorting,,,,,
00000000000000000000000000000526,00000000000000000000000000000014,00000000000000000000000000000014,QT-SIM-020-5296,sim_openid_020_495370,change_sorting_option,8,1782910953892,"拖动D(4→2)，A,B,C,D → A,D,B,C",sorting,"""A,B,C,D""","""A,D,B,C""","""D""",4,2
00000000000000000000000000000527,00000000000000000000000000000014,00000000000000000000000000000014,QT-SIM-020-5296,sim_openid_020_495370,change_sorting_option,8,1782910955233,"拖动D(2→1)，A,D,B,C → D,A,B,C",sorting,"""A,D,B,C""","""D,A,B,C""","""D""",2,1
00000000000000000000000000000528,00000000000000000000000000000014,00000000000000000000000000000014,QT-SIM-020-5296,sim_openid_020_495370,change_sorting_option,8,1782910959276,"拖动C(4→3)，D,A,B,C → D,A,C,B",sorting,"""D,A,B,C""","""D,A,C,B""","""C""",4,3
00000000000000000000000000000529,00000000000000000000000000000014,00000000000000000000000000000014,QT-SIM-020-5296,sim_openid_020_495370,change_sorting_option,8,1782910962531,"拖动D(1→2)，D,A,C,B → A,D,C,B",sorting,"""D,A,C,B""","""A,D,C,B""","""D""",1,2
0000000000000000000000000000052a,00000000000000000000000000000014,00000000000000000000000000000014,QT-SIM-020-5296,sim_openid_020_495370,leave_question,8,1782910965851,离开第10题,,,,,,
0000000000000000000000000000052b,00000000000000000000000000000014,00000000000000000000000000000014,QT-SIM-020-5296,sim_openid_020_495370,submit_exam,-1,1782910966552,提交试卷,,,,,,
0000000000000000000000000000052c,00000000000000000000000000000015,00000000000000000000000000000015,QT-SIM-021-4521,sim_openid_021_366613,start_exam,-1,1782911552611,开始答题,,,,,,
0000000000000000000000000000052d,00000000000000000000000000000015,00000000000000000000000000000015,QT-SIM-021-4521,sim_openid_021_366613,enter_exam,-1,1782911552630,进入试卷页面,,,,,,
0000000000000000000000000000052e,00000000000000000000000000000015,00000000000000000000000000000015,QT-SIM-021-4521,sim_openid_021_366613,enter_question,1,1782911555120,进入第1题,sorting,,,,,
0000000000000000000000000000052f,00000000000000000000000000000015,00000000000000000000000000000015,QT-SIM-021-4521,sim_openid_021_366613,change_sorting_option,1,1782911578326,"拖动D(4→2)，A,B,C,D → A,D,B,C",sorting,"""A,B,C,D""","""A,D,B,C""","""D""",4,2
00000000000000000000000000000530,00000000000000000000000000000015,00000000000000000000000000000015,QT-SIM-021-4521,sim_openid_021_366613,change_sorting_option,1,1782911580706,"拖动B(3→2)，A,D,B,C → A,B,D,C",sorting,"""A,D,B,C""","""A,B,D,C""","""B""",3,2
00000000000000000000000000000531,00000000000000000000000000000015,00000000000000000000000000000015,QT-SIM-021-4521,sim_openid_021_366613,change_sorting_option,1,1782911588284,"拖动D(3→4)，A,B,D,C → A,B,C,D",sorting,"""A,B,D,C""","""A,B,C,D""","""D""",3,4
00000000000000000000000000000532,00000000000000000000000000000015,00000000000000000000000000000015,QT-SIM-021-4521,sim_openid_021_366613,change_sorting_option,1,1782911595983,"拖动D(4→2)，A,B,C,D → A,D,B,C",sorting,"""A,B,C,D""","""A,D,B,C""","""D""",4,2
00000000000000000000000000000533,00000000000000000000000000000015,00000000000000000000000000000015,QT-SIM-021-4521,sim_openid_021_366613,change_sorting_option,1,1782911601745,"拖动D(2→3)，A,D,B,C → A,B,D,C",sorting,"""A,D,B,C""","""A,B,D,C""","""D""",2,3
00000000000000000000000000000534,00000000000000000000000000000015,00000000000000000000000000000015,QT-SIM-021-4521,sim_openid_021_366613,leave_question,1,1782911606332,离开第1题,,,,,,
00000000000000000000000000000535,00000000000000000000000000000015,00000000000000000000000000000015,QT-SIM-021-4521,sim_openid_021_366613,enter_question,4,1782911609750,进入第2题,sorting,,,,,
00000000000000000000000000000536,00000000000000000000000000000015,00000000000000000000000000000015,QT-SIM-021-4521,sim_openid_021_366613,change_sorting_option,4,1782911639071,"拖动D(4→3)，A,B,C,D → A,B,D,C",sorting,"""A,B,C,D""","""A,B,D,C""","""D""",4,3
00000000000000000000000000000537,00000000000000000000000000000015,00000000000000000000000000000015,QT-SIM-021-4521,sim_openid_021_366613,change_sorting_option,4,1782911643921,"拖动C(4→2)，A,B,D,C → A,C,B,D",sorting,"""A,B,D,C""","""A,C,B,D""","""C""",4,2
00000000000000000000000000000538,00000000000000000000000000000015,00000000000000000000000000000015,QT-SIM-021-4521,sim_openid_021_366613,change_sorting_option,4,1782911649380,"拖动D(4→2)，A,C,B,D → A,D,C,B",sorting,"""A,C,B,D""","""A,D,C,B""","""D""",4,2
00000000000000000000000000000539,00000000000000000000000000000015,00000000000000000000000000000015,QT-SIM-021-4521,sim_openid_021_366613,change_sorting_option,4,1782911651011,"拖动B(4→1)，A,D,C,B → B,A,D,C",sorting,"""A,D,C,B""","""B,A,D,C""","""B""",4,1
0000000000000000000000000000053a,00000000000000000000000000000015,00000000000000000000000000000015,QT-SIM-021-4521,sim_openid_021_366613,change_sorting_option,4,1782911653841,"拖动C(4→2)，B,A,D,C → B,C,A,D",sorting,"""B,A,D,C""","""B,C,A,D""","""C""",4,2
0000000000000000000000000000053b,00000000000000000000000000000015,00000000000000000000000000000015,QT-SIM-021-4521,sim_openid_021_366613,change_sorting_option,4,1782911658949,"拖动D(4→3)，B,C,A,D → B,C,D,A",sorting,"""B,C,A,D""","""B,C,D,A""","""D""",4,3
0000000000000000000000000000053c,00000000000000000000000000000015,00000000000000000000000000000015,QT-SIM-021-4521,sim_openid_021_366613,leave_question,4,1782911663767,离开第2题,,,,,,
0000000000000000000000000000053d,00000000000000000000000000000015,00000000000000000000000000000015,QT-SIM-021-4521,sim_openid_021_366613,enter_question,6,1782911667195,进入第3题,sorting,,,,,
0000000000000000000000000000053e,00000000000000000000000000000015,00000000000000000000000000000015,QT-SIM-021-4521,sim_openid_021_366613,change_sorting_option,6,1782911678727,"拖动B(2→4)，A,B,C,D → A,C,D,B",sorting,"""A,B,C,D""","""A,C,D,B""","""B""",2,4
0000000000000000000000000000053f,00000000000000000000000000000015,00000000000000000000000000000015,QT-SIM-021-4521,sim_openid_021_366613,change_sorting_option,6,1782911683862,"拖动C(2→3)，A,C,D,B → A,D,C,B",sorting,"""A,C,D,B""","""A,D,C,B""","""C""",2,3
00000000000000000000000000000540,00000000000000000000000000000015,00000000000000000000000000000015,QT-SIM-021-4521,sim_openid_021_366613,change_sorting_option,6,1782911685209,"拖动D(2→1)，A,D,C,B → D,A,C,B",sorting,"""A,D,C,B""","""D,A,C,B""","""D""",2,1
00000000000000000000000000000541,00000000000000000000000000000015,00000000000000000000000000000015,QT-SIM-021-4521,sim_openid_021_366613,change_sorting_option,6,1782911687654,"拖动D(1→2)，D,A,C,B → A,D,C,B",sorting,"""D,A,C,B""","""A,D,C,B""","""D""",1,2
00000000000000000000000000000542,00000000000000000000000000000015,00000000000000000000000000000015,QT-SIM-021-4521,sim_openid_021_366613,change_sorting_option,6,1782911694376,"拖动C(3→2)，A,D,C,B → A,C,D,B",sorting,"""A,D,C,B""","""A,C,D,B""","""C""",3,2
00000000000000000000000000000543,00000000000000000000000000000015,00000000000000000000000000000015,QT-SIM-021-4521,sim_openid_021_366613,change_sorting_option,6,1782911696756,"拖动C(2→3)，A,C,D,B → A,D,C,B",sorting,"""A,C,D,B""","""A,D,C,B""","""C""",2,3
00000000000000000000000000000544,00000000000000000000000000000015,00000000000000000000000000000015,QT-SIM-021-4521,sim_openid_021_366613,change_sorting_option,6,1782911698203,"拖动A(1→2)，A,D,C,B → D,A,C,B",sorting,"""A,D,C,B""","""D,A,C,B""","""A""",1,2
00000000000000000000000000000545,00000000000000000000000000000015,00000000000000000000000000000015,QT-SIM-021-4521,sim_openid_021_366613,leave_question,6,1782911707659,离开第3题,,,,,,
00000000000000000000000000000546,00000000000000000000000000000015,00000000000000000000000000000015,QT-SIM-021-4521,sim_openid_021_366613,enter_question,2,1782911708629,进入第4题,sorting,,,,,
00000000000000000000000000000547,00000000000000000000000000000015,00000000000000000000000000000015,QT-SIM-021-4521,sim_openid_021_366613,change_sorting_option,2,1782911735222,"拖动B(2→3)，A,B,C,D → A,C,B,D",sorting,"""A,B,C,D""","""A,C,B,D""","""B""",2,3
00000000000000000000000000000548,00000000000000000000000000000015,00000000000000000000000000000015,QT-SIM-021-4521,sim_openid_021_366613,change_sorting_option,2,1782911739685,"拖动B(3→1)，A,C,B,D → B,A,C,D",sorting,"""A,C,B,D""","""B,A,C,D""","""B""",3,1
00000000000000000000000000000549,00000000000000000000000000000015,00000000000000000000000000000015,QT-SIM-021-4521,sim_openid_021_366613,change_sorting_option,2,1782911745379,"拖动A(2→1)，B,A,C,D → A,B,C,D",sorting,"""B,A,C,D""","""A,B,C,D""","""A""",2,1
0000000000000000000000000000054a,00000000000000000000000000000015,00000000000000000000000000000015,QT-SIM-021-4521,sim_openid_021_366613,change_sorting_option,2,1782911747857,"拖动A(1→4)，A,B,C,D → B,C,D,A",sorting,"""A,B,C,D""","""B,C,D,A""","""A""",1,4
0000000000000000000000000000054b,00000000000000000000000000000015,00000000000000000000000000000015,QT-SIM-021-4521,sim_openid_021_366613,change_sorting_option,2,1782911750664,"拖动A(4→1)，B,C,D,A → A,B,C,D",sorting,"""B,C,D,A""","""A,B,C,D""","""A""",4,1
0000000000000000000000000000054c,00000000000000000000000000000015,00000000000000000000000000000015,QT-SIM-021-4521,sim_openid_021_366613,leave_question,2,1782911756935,离开第4题,,,,,,
0000000000000000000000000000054d,00000000000000000000000000000015,00000000000000000000000000000015,QT-SIM-021-4521,sim_openid_021_366613,enter_question,5,1782911759771,进入第5题,sorting,,,,,
0000000000000000000000000000054e,00000000000000000000000000000015,00000000000000000000000000000015,QT-SIM-021-4521,sim_openid_021_366613,change_sorting_option,5,1782911770816,"拖动D(4→3)，A,B,C,D → A,B,D,C",sorting,"""A,B,C,D""","""A,B,D,C""","""D""",4,3
0000000000000000000000000000054f,00000000000000000000000000000015,00000000000000000000000000000015,QT-SIM-021-4521,sim_openid_021_366613,change_sorting_option,5,1782911773868,"拖动A(1→4)，A,B,D,C → B,D,C,A",sorting,"""A,B,D,C""","""B,D,C,A""","""A""",1,4
00000000000000000000000000000550,00000000000000000000000000000015,00000000000000000000000000000015,QT-SIM-021-4521,sim_openid_021_366613,change_sorting_option,5,1782911776779,"拖动A(4→1)，B,D,C,A → A,B,D,C",sorting,"""B,D,C,A""","""A,B,D,C""","""A""",4,1
00000000000000000000000000000551,00000000000000000000000000000015,00000000000000000000000000000015,QT-SIM-021-4521,sim_openid_021_366613,change_sorting_option,5,1782911781111,"拖动A(1→4)，A,B,D,C → B,D,C,A",sorting,"""A,B,D,C""","""B,D,C,A""","""A""",1,4
00000000000000000000000000000552,00000000000000000000000000000015,00000000000000000000000000000015,QT-SIM-021-4521,sim_openid_021_366613,change_sorting_option,5,1782911788989,"拖动D(2→3)，B,D,C,A → B,C,D,A",sorting,"""B,D,C,A""","""B,C,D,A""","""D""",2,3
00000000000000000000000000000553,00000000000000000000000000000015,00000000000000000000000000000015,QT-SIM-021-4521,sim_openid_021_366613,change_sorting_option,5,1782911792335,"拖动B(1→2)，B,C,D,A → C,B,D,A",sorting,"""B,C,D,A""","""C,B,D,A""","""B""",1,2
00000000000000000000000000000554,00000000000000000000000000000015,00000000000000000000000000000015,QT-SIM-021-4521,sim_openid_021_366613,change_sorting_option,5,1782911796536,"拖动C(1→4)，C,B,D,A → B,D,A,C",sorting,"""C,B,D,A""","""B,D,A,C""","""C""",1,4
00000000000000000000000000000555,00000000000000000000000000000015,00000000000000000000000000000015,QT-SIM-021-4521,sim_openid_021_366613,change_sorting_option,5,1782911800641,"拖动B(1→2)，B,D,A,C → D,B,A,C",sorting,"""B,D,A,C""","""D,B,A,C""","""B""",1,2
00000000000000000000000000000556,00000000000000000000000000000015,00000000000000000000000000000015,QT-SIM-021-4521,sim_openid_021_366613,change_sorting_option,5,1782911803264,"拖动D(1→3)，D,B,A,C → B,A,D,C",sorting,"""D,B,A,C""","""B,A,D,C""","""D""",1,3
00000000000000000000000000000557,00000000000000000000000000000015,00000000000000000000000000000015,QT-SIM-021-4521,sim_openid_021_366613,change_sorting_option,5,1782911806179,"拖动B(1→2)，B,A,D,C → A,B,D,C",sorting,"""B,A,D,C""","""A,B,D,C""","""B""",1,2
00000000000000000000000000000558,00000000000000000000000000000015,00000000000000000000000000000015,QT-SIM-021-4521,sim_openid_021_366613,leave_question,5,1782911811536,离开第5题,,,,,,
00000000000000000000000000000559,00000000000000000000000000000015,00000000000000000000000000000015,QT-SIM-021-4521,sim_openid_021_366613,enter_question,3,1782911812891,进入第6题,sorting,,,,,
0000000000000000000000000000055a,00000000000000000000000000000015,00000000000000000000000000000015,QT-SIM-021-4521,sim_openid_021_366613,change_sorting_option,3,1782911827709,"拖动A(1→4)，A,B,C,D → B,C,D,A",sorting,"""A,B,C,D""","""B,C,D,A""","""A""",1,4
0000000000000000000000000000055b,00000000000000000000000000000015,00000000000000000000000000000015,QT-SIM-021-4521,sim_openid_021_366613,change_sorting_option,3,1782911834690,"拖动A(4→2)，B,C,D,A → B,A,C,D",sorting,"""B,C,D,A""","""B,A,C,D""","""A""",4,2
0000000000000000000000000000055c,00000000000000000000000000000015,00000000000000000000000000000015,QT-SIM-021-4521,sim_openid_021_366613,change_sorting_option,3,1782911842062,"拖动B(1→3)，B,A,C,D → A,C,B,D",sorting,"""B,A,C,D""","""A,C,B,D""","""B""",1,3
0000000000000000000000000000055d,00000000000000000000000000000015,00000000000000000000000000000015,QT-SIM-021-4521,sim_openid_021_366613,change_sorting_option,3,1782911844648,"拖动D(4→2)，A,C,B,D → A,D,C,B",sorting,"""A,C,B,D""","""A,D,C,B""","""D""",4,2
0000000000000000000000000000055e,00000000000000000000000000000015,00000000000000000000000000000015,QT-SIM-021-4521,sim_openid_021_366613,change_sorting_option,3,1782911846832,"拖动A(1→2)，A,D,C,B → D,A,C,B",sorting,"""A,D,C,B""","""D,A,C,B""","""A""",1,2
0000000000000000000000000000055f,00000000000000000000000000000015,00000000000000000000000000000015,QT-SIM-021-4521,sim_openid_021_366613,change_sorting_option,3,1782911848568,"拖动B(4→3)，D,A,C,B → D,A,B,C",sorting,"""D,A,C,B""","""D,A,B,C""","""B""",4,3
00000000000000000000000000000560,00000000000000000000000000000015,00000000000000000000000000000015,QT-SIM-021-4521,sim_openid_021_366613,leave_question,3,1782911855211,离开第6题,,,,,,
00000000000000000000000000000561,00000000000000000000000000000015,00000000000000000000000000000015,QT-SIM-021-4521,sim_openid_021_366613,enter_question,9,1782911858294,进入第7题,sorting,,,,,
00000000000000000000000000000562,00000000000000000000000000000015,00000000000000000000000000000015,QT-SIM-021-4521,sim_openid_021_366613,change_sorting_option,9,1782911865774,"拖动B(2→1)，A,B,C,D → B,A,C,D",sorting,"""A,B,C,D""","""B,A,C,D""","""B""",2,1
00000000000000000000000000000563,00000000000000000000000000000015,00000000000000000000000000000015,QT-SIM-021-4521,sim_openid_021_366613,change_sorting_option,9,1782911868541,"拖动A(2→4)，B,A,C,D → B,C,D,A",sorting,"""B,A,C,D""","""B,C,D,A""","""A""",2,4
00000000000000000000000000000564,00000000000000000000000000000015,00000000000000000000000000000015,QT-SIM-021-4521,sim_openid_021_366613,change_sorting_option,9,1782911875535,"拖动D(3→2)，B,C,D,A → B,D,C,A",sorting,"""B,C,D,A""","""B,D,C,A""","""D""",3,2
00000000000000000000000000000565,00000000000000000000000000000015,00000000000000000000000000000015,QT-SIM-021-4521,sim_openid_021_366613,change_sorting_option,9,1782911880591,"拖动C(3→2)，B,D,C,A → B,C,D,A",sorting,"""B,D,C,A""","""B,C,D,A""","""C""",3,2
00000000000000000000000000000566,00000000000000000000000000000015,00000000000000000000000000000015,QT-SIM-021-4521,sim_openid_021_366613,change_sorting_option,9,1782911888218,"拖动C(2→3)，B,C,D,A → B,D,C,A",sorting,"""B,C,D,A""","""B,D,C,A""","""C""",2,3
00000000000000000000000000000567,00000000000000000000000000000015,00000000000000000000000000000015,QT-SIM-021-4521,sim_openid_021_366613,leave_question,9,1782911891948,离开第7题,,,,,,
00000000000000000000000000000568,00000000000000000000000000000015,00000000000000000000000000000015,QT-SIM-021-4521,sim_openid_021_366613,enter_question,10,1782911893345,进入第8题,sorting,,,,,
00000000000000000000000000000569,00000000000000000000000000000015,00000000000000000000000000000015,QT-SIM-021-4521,sim_openid_021_366613,change_sorting_option,10,1782911922471,"拖动C(3→2)，A,B,C,D → A,C,B,D",sorting,"""A,B,C,D""","""A,C,B,D""","""C""",3,2
0000000000000000000000000000056a,00000000000000000000000000000015,00000000000000000000000000000015,QT-SIM-021-4521,sim_openid_021_366613,change_sorting_option,10,1782911924647,"拖动C(2→1)，A,C,B,D → C,A,B,D",sorting,"""A,C,B,D""","""C,A,B,D""","""C""",2,1
0000000000000000000000000000056b,00000000000000000000000000000015,00000000000000000000000000000015,QT-SIM-021-4521,sim_openid_021_366613,change_sorting_option,10,1782911930175,"拖动D(4→3)，C,A,B,D → C,A,D,B",sorting,"""C,A,B,D""","""C,A,D,B""","""D""",4,3
0000000000000000000000000000056c,00000000000000000000000000000015,00000000000000000000000000000015,QT-SIM-021-4521,sim_openid_021_366613,change_sorting_option,10,1782911935814,"拖动B(4→3)，C,A,D,B → C,A,B,D",sorting,"""C,A,D,B""","""C,A,B,D""","""B""",4,3
0000000000000000000000000000056d,00000000000000000000000000000015,00000000000000000000000000000015,QT-SIM-021-4521,sim_openid_021_366613,leave_question,10,1782911945640,离开第8题,,,,,,
0000000000000000000000000000056e,00000000000000000000000000000015,00000000000000000000000000000015,QT-SIM-021-4521,sim_openid_021_366613,enter_question,7,1782911947853,进入第9题,sorting,,,,,
0000000000000000000000000000056f,00000000000000000000000000000015,00000000000000000000000000000015,QT-SIM-021-4521,sim_openid_021_366613,change_sorting_option,7,1782911964265,"拖动C(3→2)，A,B,C,D → A,C,B,D",sorting,"""A,B,C,D""","""A,C,B,D""","""C""",3,2
00000000000000000000000000000570,00000000000000000000000000000015,00000000000000000000000000000015,QT-SIM-021-4521,sim_openid_021_366613,change_sorting_option,7,1782911969939,"拖动A(1→2)，A,C,B,D → C,A,B,D",sorting,"""A,C,B,D""","""C,A,B,D""","""A""",1,2
00000000000000000000000000000571,00000000000000000000000000000015,00000000000000000000000000000015,QT-SIM-021-4521,sim_openid_021_366613,leave_question,7,1782911975216,离开第9题,,,,,,
00000000000000000000000000000572,00000000000000000000000000000015,00000000000000000000000000000015,QT-SIM-021-4521,sim_openid_021_366613,enter_question,8,1782911977004,进入第10题,sorting,,,,,
00000000000000000000000000000573,00000000000000000000000000000015,00000000000000000000000000000015,QT-SIM-021-4521,sim_openid_021_366613,change_sorting_option,8,1782912005899,"拖动D(4→1)，A,B,C,D → D,A,B,C",sorting,"""A,B,C,D""","""D,A,B,C""","""D""",4,1
00000000000000000000000000000574,00000000000000000000000000000015,00000000000000000000000000000015,QT-SIM-021-4521,sim_openid_021_366613,change_sorting_option,8,1782912012409,"拖动C(4→3)，D,A,B,C → D,A,C,B",sorting,"""D,A,B,C""","""D,A,C,B""","""C""",4,3
00000000000000000000000000000575,00000000000000000000000000000015,00000000000000000000000000000015,QT-SIM-021-4521,sim_openid_021_366613,change_sorting_option,8,1782912015150,"拖动C(3→4)，D,A,C,B → D,A,B,C",sorting,"""D,A,C,B""","""D,A,B,C""","""C""",3,4
00000000000000000000000000000576,00000000000000000000000000000015,00000000000000000000000000000015,QT-SIM-021-4521,sim_openid_021_366613,change_sorting_option,8,1782912021177,"拖动C(4→2)，D,A,B,C → D,C,A,B",sorting,"""D,A,B,C""","""D,C,A,B""","""C""",4,2
00000000000000000000000000000577,00000000000000000000000000000015,00000000000000000000000000000015,QT-SIM-021-4521,sim_openid_021_366613,change_sorting_option,8,1782912028586,"拖动B(4→3)，D,C,A,B → D,C,B,A",sorting,"""D,C,A,B""","""D,C,B,A""","""B""",4,3
00000000000000000000000000000578,00000000000000000000000000000015,00000000000000000000000000000015,QT-SIM-021-4521,sim_openid_021_366613,leave_question,8,1782912036099,离开第10题,,,,,,
00000000000000000000000000000579,00000000000000000000000000000015,00000000000000000000000000000015,QT-SIM-021-4521,sim_openid_021_366613,submit_exam,-1,1782912036631,提交试卷,,,,,,
0000000000000000000000000000057a,00000000000000000000000000000016,00000000000000000000000000000016,QT-SIM-022-2360,sim_openid_022_632137,start_exam,-1,1782912453734,开始答题,,,,,,
0000000000000000000000000000057b,00000000000000000000000000000016,00000000000000000000000000000016,QT-SIM-022-2360,sim_openid_022_632137,enter_exam,-1,1782912453784,进入试卷页面,,,,,,
0000000000000000000000000000057c,00000000000000000000000000000016,00000000000000000000000000000016,QT-SIM-022-2360,sim_openid_022_632137,enter_question,1,1782912455857,进入第1题,sorting,,,,,
0000000000000000000000000000057d,00000000000000000000000000000016,00000000000000000000000000000016,QT-SIM-022-2360,sim_openid_022_632137,change_sorting_option,1,1782912478502,"拖动A(1→3)，A,B,C,D → B,C,A,D",sorting,"""A,B,C,D""","""B,C,A,D""","""A""",1,3
0000000000000000000000000000057e,00000000000000000000000000000016,00000000000000000000000000000016,QT-SIM-022-2360,sim_openid_022_632137,change_sorting_option,1,1782912481471,"拖动C(2→1)，B,C,A,D → C,B,A,D",sorting,"""B,C,A,D""","""C,B,A,D""","""C""",2,1
0000000000000000000000000000057f,00000000000000000000000000000016,00000000000000000000000000000016,QT-SIM-022-2360,sim_openid_022_632137,change_sorting_option,1,1782912486598,"拖动B(2→4)，C,B,A,D → C,A,D,B",sorting,"""C,B,A,D""","""C,A,D,B""","""B""",2,4
00000000000000000000000000000580,00000000000000000000000000000016,00000000000000000000000000000016,QT-SIM-022-2360,sim_openid_022_632137,change_sorting_option,1,1782912492064,"拖动D(3→2)，C,A,D,B → C,D,A,B",sorting,"""C,A,D,B""","""C,D,A,B""","""D""",3,2
00000000000000000000000000000581,00000000000000000000000000000016,00000000000000000000000000000016,QT-SIM-022-2360,sim_openid_022_632137,leave_question,1,1782912495119,离开第1题,,,,,,
00000000000000000000000000000582,00000000000000000000000000000016,00000000000000000000000000000016,QT-SIM-022-2360,sim_openid_022_632137,enter_question,4,1782912496233,进入第2题,sorting,,,,,
00000000000000000000000000000583,00000000000000000000000000000016,00000000000000000000000000000016,QT-SIM-022-2360,sim_openid_022_632137,change_sorting_option,4,1782912502330,"拖动A(1→3)，A,B,C,D → B,C,A,D",sorting,"""A,B,C,D""","""B,C,A,D""","""A""",1,3
00000000000000000000000000000584,00000000000000000000000000000016,00000000000000000000000000000016,QT-SIM-022-2360,sim_openid_022_632137,change_sorting_option,4,1782912507731,"拖动C(2→4)，B,C,A,D → B,A,D,C",sorting,"""B,C,A,D""","""B,A,D,C""","""C""",2,4
00000000000000000000000000000585,00000000000000000000000000000016,00000000000000000000000000000016,QT-SIM-022-2360,sim_openid_022_632137,change_sorting_option,4,1782912509254,"拖动A(2→3)，B,A,D,C → B,D,A,C",sorting,"""B,A,D,C""","""B,D,A,C""","""A""",2,3
00000000000000000000000000000586,00000000000000000000000000000016,00000000000000000000000000000016,QT-SIM-022-2360,sim_openid_022_632137,change_sorting_option,4,1782912510693,"拖动B(1→2)，B,D,A,C → D,B,A,C",sorting,"""B,D,A,C""","""D,B,A,C""","""B""",1,2
00000000000000000000000000000587,00000000000000000000000000000016,00000000000000000000000000000016,QT-SIM-022-2360,sim_openid_022_632137,leave_question,4,1782912516045,离开第2题,,,,,,
00000000000000000000000000000588,00000000000000000000000000000016,00000000000000000000000000000016,QT-SIM-022-2360,sim_openid_022_632137,enter_question,6,1782912519236,进入第3题,sorting,,,,,
00000000000000000000000000000589,00000000000000000000000000000016,00000000000000000000000000000016,QT-SIM-022-2360,sim_openid_022_632137,change_sorting_option,6,1782912545397,"拖动C(3→4)，A,B,C,D → A,B,D,C",sorting,"""A,B,C,D""","""A,B,D,C""","""C""",3,4
0000000000000000000000000000058a,00000000000000000000000000000016,00000000000000000000000000000016,QT-SIM-022-2360,sim_openid_022_632137,change_sorting_option,6,1782912550735,"拖动D(3→1)，A,B,D,C → D,A,B,C",sorting,"""A,B,D,C""","""D,A,B,C""","""D""",3,1
0000000000000000000000000000058b,00000000000000000000000000000016,00000000000000000000000000000016,QT-SIM-022-2360,sim_openid_022_632137,change_sorting_option,6,1782912554706,"拖动D(1→3)，D,A,B,C → A,B,D,C",sorting,"""D,A,B,C""","""A,B,D,C""","""D""",1,3
0000000000000000000000000000058c,00000000000000000000000000000016,00000000000000000000000000000016,QT-SIM-022-2360,sim_openid_022_632137,change_sorting_option,6,1782912557931,"拖动B(2→3)，A,B,D,C → A,D,B,C",sorting,"""A,B,D,C""","""A,D,B,C""","""B""",2,3
0000000000000000000000000000058d,00000000000000000000000000000016,00000000000000000000000000000016,QT-SIM-022-2360,sim_openid_022_632137,change_sorting_option,6,1782912559008,"拖动B(3→2)，A,D,B,C → A,B,D,C",sorting,"""A,D,B,C""","""A,B,D,C""","""B""",3,2
0000000000000000000000000000058e,00000000000000000000000000000016,00000000000000000000000000000016,QT-SIM-022-2360,sim_openid_022_632137,leave_question,6,1782912560934,离开第3题,,,,,,
0000000000000000000000000000058f,00000000000000000000000000000016,00000000000000000000000000000016,QT-SIM-022-2360,sim_openid_022_632137,enter_question,2,1782912563477,进入第4题,sorting,,,,,
00000000000000000000000000000590,00000000000000000000000000000016,00000000000000000000000000000016,QT-SIM-022-2360,sim_openid_022_632137,change_sorting_option,2,1782912584818,"拖动B(2→4)，A,B,C,D → A,C,D,B",sorting,"""A,B,C,D""","""A,C,D,B""","""B""",2,4
00000000000000000000000000000591,00000000000000000000000000000016,00000000000000000000000000000016,QT-SIM-022-2360,sim_openid_022_632137,change_sorting_option,2,1782912588430,"拖动C(2→1)，A,C,D,B → C,A,D,B",sorting,"""A,C,D,B""","""C,A,D,B""","""C""",2,1
00000000000000000000000000000592,00000000000000000000000000000016,00000000000000000000000000000016,QT-SIM-022-2360,sim_openid_022_632137,change_sorting_option,2,1782912593456,"拖动C(1→2)，C,A,D,B → A,C,D,B",sorting,"""C,A,D,B""","""A,C,D,B""","""C""",1,2
00000000000000000000000000000593,00000000000000000000000000000016,00000000000000000000000000000016,QT-SIM-022-2360,sim_openid_022_632137,leave_question,2,1782912601191,离开第4题,,,,,,
00000000000000000000000000000594,00000000000000000000000000000016,00000000000000000000000000000016,QT-SIM-022-2360,sim_openid_022_632137,enter_question,5,1782912604476,进入第5题,sorting,,,,,
00000000000000000000000000000595,00000000000000000000000000000016,00000000000000000000000000000016,QT-SIM-022-2360,sim_openid_022_632137,leave_question,5,1782912614121,离开第5题,,,,,,
00000000000000000000000000000596,00000000000000000000000000000016,00000000000000000000000000000016,QT-SIM-022-2360,sim_openid_022_632137,enter_question,3,1782912617477,进入第6题,sorting,,,,,
00000000000000000000000000000597,00000000000000000000000000000016,00000000000000000000000000000016,QT-SIM-022-2360,sim_openid_022_632137,change_sorting_option,3,1782912632550,"拖动C(3→2)，A,B,C,D → A,C,B,D",sorting,"""A,B,C,D""","""A,C,B,D""","""C""",3,2
00000000000000000000000000000598,00000000000000000000000000000016,00000000000000000000000000000016,QT-SIM-022-2360,sim_openid_022_632137,change_sorting_option,3,1782912634985,"拖动A(1→3)，A,C,B,D → C,B,A,D",sorting,"""A,C,B,D""","""C,B,A,D""","""A""",1,3
00000000000000000000000000000599,00000000000000000000000000000016,00000000000000000000000000000016,QT-SIM-022-2360,sim_openid_022_632137,change_sorting_option,3,1782912641096,"拖动C(1→2)，C,B,A,D → B,C,A,D",sorting,"""C,B,A,D""","""B,C,A,D""","""C""",1,2
0000000000000000000000000000059a,00000000000000000000000000000016,00000000000000000000000000000016,QT-SIM-022-2360,sim_openid_022_632137,leave_question,3,1782912645737,离开第6题,,,,,,
0000000000000000000000000000059b,00000000000000000000000000000016,00000000000000000000000000000016,QT-SIM-022-2360,sim_openid_022_632137,enter_question,9,1782912647911,进入第7题,sorting,,,,,
0000000000000000000000000000059c,00000000000000000000000000000016,00000000000000000000000000000016,QT-SIM-022-2360,sim_openid_022_632137,change_sorting_option,9,1782912671150,"拖动D(4→3)，A,B,C,D → A,B,D,C",sorting,"""A,B,C,D""","""A,B,D,C""","""D""",4,3
0000000000000000000000000000059d,00000000000000000000000000000016,00000000000000000000000000000016,QT-SIM-022-2360,sim_openid_022_632137,change_sorting_option,9,1782912672446,"拖动B(2→4)，A,B,D,C → A,D,C,B",sorting,"""A,B,D,C""","""A,D,C,B""","""B""",2,4
0000000000000000000000000000059e,00000000000000000000000000000016,00000000000000000000000000000016,QT-SIM-022-2360,sim_openid_022_632137,change_sorting_option,9,1782912674598,"拖动B(4→2)，A,D,C,B → A,B,D,C",sorting,"""A,D,C,B""","""A,B,D,C""","""B""",4,2
0000000000000000000000000000059f,00000000000000000000000000000016,00000000000000000000000000000016,QT-SIM-022-2360,sim_openid_022_632137,leave_question,9,1782912681315,离开第7题,,,,,,
000000000000000000000000000005a0,00000000000000000000000000000016,00000000000000000000000000000016,QT-SIM-022-2360,sim_openid_022_632137,enter_question,10,1782912682523,进入第8题,sorting,,,,,
000000000000000000000000000005a1,00000000000000000000000000000016,00000000000000000000000000000016,QT-SIM-022-2360,sim_openid_022_632137,change_sorting_option,10,1782912689371,"拖动D(4→2)，A,B,C,D → A,D,B,C",sorting,"""A,B,C,D""","""A,D,B,C""","""D""",4,2
000000000000000000000000000005a2,00000000000000000000000000000016,00000000000000000000000000000016,QT-SIM-022-2360,sim_openid_022_632137,change_sorting_option,10,1782912691211,"拖动B(3→1)，A,D,B,C → B,A,D,C",sorting,"""A,D,B,C""","""B,A,D,C""","""B""",3,1
000000000000000000000000000005a3,00000000000000000000000000000016,00000000000000000000000000000016,QT-SIM-022-2360,sim_openid_022_632137,change_sorting_option,10,1782912696043,"拖动A(2→3)，B,A,D,C → B,D,A,C",sorting,"""B,A,D,C""","""B,D,A,C""","""A""",2,3
000000000000000000000000000005a4,00000000000000000000000000000016,00000000000000000000000000000016,QT-SIM-022-2360,sim_openid_022_632137,leave_question,10,1782912700904,离开第8题,,,,,,
000000000000000000000000000005a5,00000000000000000000000000000016,00000000000000000000000000000016,QT-SIM-022-2360,sim_openid_022_632137,enter_question,7,1782912702355,进入第9题,sorting,,,,,
000000000000000000000000000005a6,00000000000000000000000000000016,00000000000000000000000000000016,QT-SIM-022-2360,sim_openid_022_632137,change_sorting_option,7,1782912712581,"拖动B(2→3)，A,B,C,D → A,C,B,D",sorting,"""A,B,C,D""","""A,C,B,D""","""B""",2,3
000000000000000000000000000005a7,00000000000000000000000000000016,00000000000000000000000000000016,QT-SIM-022-2360,sim_openid_022_632137,change_sorting_option,7,1782912718629,"拖动C(2→1)，A,C,B,D → C,A,B,D",sorting,"""A,C,B,D""","""C,A,B,D""","""C""",2,1
000000000000000000000000000005a8,00000000000000000000000000000016,00000000000000000000000000000016,QT-SIM-022-2360,sim_openid_022_632137,change_sorting_option,7,1782912723669,"拖动D(4→1)，C,A,B,D → D,C,A,B",sorting,"""C,A,B,D""","""D,C,A,B""","""D""",4,1
000000000000000000000000000005a9,00000000000000000000000000000016,00000000000000000000000000000016,QT-SIM-022-2360,sim_openid_022_632137,change_sorting_option,7,1782912729723,"拖动B(4→3)，D,C,A,B → D,C,B,A",sorting,"""D,C,A,B""","""D,C,B,A""","""B""",4,3
000000000000000000000000000005aa,00000000000000000000000000000016,00000000000000000000000000000016,QT-SIM-022-2360,sim_openid_022_632137,change_sorting_option,7,1782912733087,"拖动A(4→2)，D,C,B,A → D,A,C,B",sorting,"""D,C,B,A""","""D,A,C,B""","""A""",4,2
000000000000000000000000000005ab,00000000000000000000000000000016,00000000000000000000000000000016,QT-SIM-022-2360,sim_openid_022_632137,change_sorting_option,7,1782912736240,"拖动C(3→1)，D,A,C,B → C,D,A,B",sorting,"""D,A,C,B""","""C,D,A,B""","""C""",3,1
000000000000000000000000000005ac,00000000000000000000000000000016,00000000000000000000000000000016,QT-SIM-022-2360,sim_openid_022_632137,change_sorting_option,7,1782912737698,"拖动B(4→3)，C,D,A,B → C,D,B,A",sorting,"""C,D,A,B""","""C,D,B,A""","""B""",4,3
000000000000000000000000000005ad,00000000000000000000000000000016,00000000000000000000000000000016,QT-SIM-022-2360,sim_openid_022_632137,change_sorting_option,7,1782912742641,"拖动A(4→2)，C,D,B,A → C,A,D,B",sorting,"""C,D,B,A""","""C,A,D,B""","""A""",4,2
000000000000000000000000000005ae,00000000000000000000000000000016,00000000000000000000000000000016,QT-SIM-022-2360,sim_openid_022_632137,leave_question,7,1782912750215,离开第9题,,,,,,
000000000000000000000000000005af,00000000000000000000000000000016,00000000000000000000000000000016,QT-SIM-022-2360,sim_openid_022_632137,enter_question,8,1782912752308,进入第10题,sorting,,,,,
000000000000000000000000000005b0,00000000000000000000000000000016,00000000000000000000000000000016,QT-SIM-022-2360,sim_openid_022_632137,change_sorting_option,8,1782912765745,"拖动A(1→3)，A,B,C,D → B,C,A,D",sorting,"""A,B,C,D""","""B,C,A,D""","""A""",1,3
000000000000000000000000000005b1,00000000000000000000000000000016,00000000000000000000000000000016,QT-SIM-022-2360,sim_openid_022_632137,change_sorting_option,8,1782912771146,"拖动A(3→1)，B,C,A,D → A,B,C,D",sorting,"""B,C,A,D""","""A,B,C,D""","""A""",3,1
000000000000000000000000000005b2,00000000000000000000000000000016,00000000000000000000000000000016,QT-SIM-022-2360,sim_openid_022_632137,change_sorting_option,8,1782912776865,"拖动A(1→3)，A,B,C,D → B,C,A,D",sorting,"""A,B,C,D""","""B,C,A,D""","""A""",1,3
000000000000000000000000000005b3,00000000000000000000000000000016,00000000000000000000000000000016,QT-SIM-022-2360,sim_openid_022_632137,change_sorting_option,8,1782912779363,"拖动C(2→1)，B,C,A,D → C,B,A,D",sorting,"""B,C,A,D""","""C,B,A,D""","""C""",2,1
000000000000000000000000000005b4,00000000000000000000000000000016,00000000000000000000000000000016,QT-SIM-022-2360,sim_openid_022_632137,change_sorting_option,8,1782912783329,"拖动D(4→3)，C,B,A,D → C,B,D,A",sorting,"""C,B,A,D""","""C,B,D,A""","""D""",4,3
000000000000000000000000000005b5,00000000000000000000000000000016,00000000000000000000000000000016,QT-SIM-022-2360,sim_openid_022_632137,change_sorting_option,8,1782912788470,"拖动A(4→3)，C,B,D,A → C,B,A,D",sorting,"""C,B,D,A""","""C,B,A,D""","""A""",4,3
000000000000000000000000000005b6,00000000000000000000000000000016,00000000000000000000000000000016,QT-SIM-022-2360,sim_openid_022_632137,leave_question,8,1782912792733,离开第10题,,,,,,
000000000000000000000000000005b7,00000000000000000000000000000016,00000000000000000000000000000016,QT-SIM-022-2360,sim_openid_022_632137,submit_exam,-1,1782912792918,提交试卷,,,,,,
000000000000000000000000000005b8,00000000000000000000000000000017,00000000000000000000000000000017,QT-SIM-023-7102,sim_openid_023_844087,start_exam,-1,1782913352194,开始答题,,,,,,
000000000000000000000000000005b9,00000000000000000000000000000017,00000000000000000000000000000017,QT-SIM-023-7102,sim_openid_023_844087,enter_exam,-1,1782913352265,进入试卷页面,,,,,,
000000000000000000000000000005ba,00000000000000000000000000000017,00000000000000000000000000000017,QT-SIM-023-7102,sim_openid_023_844087,enter_question,1,1782913354401,进入第1题,sorting,,,,,
000000000000000000000000000005bb,00000000000000000000000000000017,00000000000000000000000000000017,QT-SIM-023-7102,sim_openid_023_844087,change_sorting_option,1,1782913376793,"拖动D(4→3)，A,B,C,D → A,B,D,C",sorting,"""A,B,C,D""","""A,B,D,C""","""D""",4,3
000000000000000000000000000005bc,00000000000000000000000000000017,00000000000000000000000000000017,QT-SIM-023-7102,sim_openid_023_844087,change_sorting_option,1,1782913381191,"拖动A(1→4)，A,B,D,C → B,D,C,A",sorting,"""A,B,D,C""","""B,D,C,A""","""A""",1,4
000000000000000000000000000005bd,00000000000000000000000000000017,00000000000000000000000000000017,QT-SIM-023-7102,sim_openid_023_844087,change_sorting_option,1,1782913385000,"拖动B(1→3)，B,D,C,A → D,C,B,A",sorting,"""B,D,C,A""","""D,C,B,A""","""B""",1,3
000000000000000000000000000005be,00000000000000000000000000000017,00000000000000000000000000000017,QT-SIM-023-7102,sim_openid_023_844087,change_sorting_option,1,1782913386934,"拖动C(2→1)，D,C,B,A → C,D,B,A",sorting,"""D,C,B,A""","""C,D,B,A""","""C""",2,1
000000000000000000000000000005bf,00000000000000000000000000000017,00000000000000000000000000000017,QT-SIM-023-7102,sim_openid_023_844087,leave_question,1,1782913391000,离开第1题,,,,,,
000000000000000000000000000005c0,00000000000000000000000000000017,00000000000000000000000000000017,QT-SIM-023-7102,sim_openid_023_844087,enter_question,4,1782913393725,进入第2题,sorting,,,,,
000000000000000000000000000005c1,00000000000000000000000000000017,00000000000000000000000000000017,QT-SIM-023-7102,sim_openid_023_844087,change_sorting_option,4,1782913418374,"拖动B(2→4)，A,B,C,D → A,C,D,B",sorting,"""A,B,C,D""","""A,C,D,B""","""B""",2,4
000000000000000000000000000005c2,00000000000000000000000000000017,00000000000000000000000000000017,QT-SIM-023-7102,sim_openid_023_844087,change_sorting_option,4,1782913420514,"拖动C(2→1)，A,C,D,B → C,A,D,B",sorting,"""A,C,D,B""","""C,A,D,B""","""C""",2,1
000000000000000000000000000005c3,00000000000000000000000000000017,00000000000000000000000000000017,QT-SIM-023-7102,sim_openid_023_844087,leave_question,4,1782913427616,离开第2题,,,,,,
000000000000000000000000000005c4,00000000000000000000000000000017,00000000000000000000000000000017,QT-SIM-023-7102,sim_openid_023_844087,enter_question,6,1782913429828,进入第3题,sorting,,,,,
000000000000000000000000000005c5,00000000000000000000000000000017,00000000000000000000000000000017,QT-SIM-023-7102,sim_openid_023_844087,change_sorting_option,6,1782913453333,"拖动A(1→4)，A,B,C,D → B,C,D,A",sorting,"""A,B,C,D""","""B,C,D,A""","""A""",1,4
000000000000000000000000000005c6,00000000000000000000000000000017,00000000000000000000000000000017,QT-SIM-023-7102,sim_openid_023_844087,change_sorting_option,6,1782913458313,"拖动B(1→2)，B,C,D,A → C,B,D,A",sorting,"""B,C,D,A""","""C,B,D,A""","""B""",1,2
000000000000000000000000000005c7,00000000000000000000000000000017,00000000000000000000000000000017,QT-SIM-023-7102,sim_openid_023_844087,change_sorting_option,6,1782913464588,"拖动C(1→2)，C,B,D,A → B,C,D,A",sorting,"""C,B,D,A""","""B,C,D,A""","""C""",1,2
000000000000000000000000000005c8,00000000000000000000000000000017,00000000000000000000000000000017,QT-SIM-023-7102,sim_openid_023_844087,change_sorting_option,6,1782913470980,"拖动A(4→3)，B,C,D,A → B,C,A,D",sorting,"""B,C,D,A""","""B,C,A,D""","""A""",4,3
000000000000000000000000000005c9,00000000000000000000000000000017,00000000000000000000000000000017,QT-SIM-023-7102,sim_openid_023_844087,change_sorting_option,6,1782913472436,"拖动D(4→1)，B,C,A,D → D,B,C,A",sorting,"""B,C,A,D""","""D,B,C,A""","""D""",4,1
000000000000000000000000000005ca,00000000000000000000000000000017,00000000000000000000000000000017,QT-SIM-023-7102,sim_openid_023_844087,change_sorting_option,6,1782913478455,"拖动C(3→2)，D,B,C,A → D,C,B,A",sorting,"""D,B,C,A""","""D,C,B,A""","""C""",3,2
000000000000000000000000000005cb,00000000000000000000000000000017,00000000000000000000000000000017,QT-SIM-023-7102,sim_openid_023_844087,leave_question,6,1782913486070,离开第3题,,,,,,
000000000000000000000000000005cc,00000000000000000000000000000017,00000000000000000000000000000017,QT-SIM-023-7102,sim_openid_023_844087,enter_question,2,1782913487785,进入第4题,sorting,,,,,
000000000000000000000000000005cd,00000000000000000000000000000017,00000000000000000000000000000017,QT-SIM-023-7102,sim_openid_023_844087,change_sorting_option,2,1782913506619,"拖动B(2→4)，A,B,C,D → A,C,D,B",sorting,"""A,B,C,D""","""A,C,D,B""","""B""",2,4
000000000000000000000000000005ce,00000000000000000000000000000017,00000000000000000000000000000017,QT-SIM-023-7102,sim_openid_023_844087,change_sorting_option,2,1782913509785,"拖动C(2→4)，A,C,D,B → A,D,B,C",sorting,"""A,C,D,B""","""A,D,B,C""","""C""",2,4
000000000000000000000000000005cf,00000000000000000000000000000017,00000000000000000000000000000017,QT-SIM-023-7102,sim_openid_023_844087,change_sorting_option,2,1782913515261,"拖动D(2→3)，A,D,B,C → A,B,D,C",sorting,"""A,D,B,C""","""A,B,D,C""","""D""",2,3
000000000000000000000000000005d0,00000000000000000000000000000017,00000000000000000000000000000017,QT-SIM-023-7102,sim_openid_023_844087,change_sorting_option,2,1782913517928,"拖动C(4→2)，A,B,D,C → A,C,B,D",sorting,"""A,B,D,C""","""A,C,B,D""","""C""",4,2
000000000000000000000000000005d1,00000000000000000000000000000017,00000000000000000000000000000017,QT-SIM-023-7102,sim_openid_023_844087,change_sorting_option,2,1782913519142,"拖动B(3→4)，A,C,B,D → A,C,D,B",sorting,"""A,C,B,D""","""A,C,D,B""","""B""",3,4
000000000000000000000000000005d2,00000000000000000000000000000017,00000000000000000000000000000017,QT-SIM-023-7102,sim_openid_023_844087,leave_question,2,1782913522310,离开第4题,,,,,,
000000000000000000000000000005d3,00000000000000000000000000000017,00000000000000000000000000000017,QT-SIM-023-7102,sim_openid_023_844087,enter_question,5,1782913523934,进入第5题,sorting,,,,,
000000000000000000000000000005d4,00000000000000000000000000000017,00000000000000000000000000000017,QT-SIM-023-7102,sim_openid_023_844087,change_sorting_option,5,1782913537044,"拖动D(4→2)，A,B,C,D → A,D,B,C",sorting,"""A,B,C,D""","""A,D,B,C""","""D""",4,2
000000000000000000000000000005d5,00000000000000000000000000000017,00000000000000000000000000000017,QT-SIM-023-7102,sim_openid_023_844087,change_sorting_option,5,1782913539867,"拖动D(2→3)，A,D,B,C → A,B,D,C",sorting,"""A,D,B,C""","""A,B,D,C""","""D""",2,3
000000000000000000000000000005d6,00000000000000000000000000000017,00000000000000000000000000000017,QT-SIM-023-7102,sim_openid_023_844087,leave_question,5,1782913546323,离开第5题,,,,,,
000000000000000000000000000005d7,00000000000000000000000000000017,00000000000000000000000000000017,QT-SIM-023-7102,sim_openid_023_844087,enter_question,3,1782913547587,进入第6题,sorting,,,,,
000000000000000000000000000005d8,00000000000000000000000000000017,00000000000000000000000000000017,QT-SIM-023-7102,sim_openid_023_844087,change_sorting_option,3,1782913566029,"拖动D(4→1)，A,B,C,D → D,A,B,C",sorting,"""A,B,C,D""","""D,A,B,C""","""D""",4,1
000000000000000000000000000005d9,00000000000000000000000000000017,00000000000000000000000000000017,QT-SIM-023-7102,sim_openid_023_844087,change_sorting_option,3,1782913572453,"拖动B(3→2)，D,A,B,C → D,B,A,C",sorting,"""D,A,B,C""","""D,B,A,C""","""B""",3,2
000000000000000000000000000005da,00000000000000000000000000000017,00000000000000000000000000000017,QT-SIM-023-7102,sim_openid_023_844087,change_sorting_option,3,1782913576969,"拖动B(2→4)，D,B,A,C → D,A,C,B",sorting,"""D,B,A,C""","""D,A,C,B""","""B""",2,4
000000000000000000000000000005db,00000000000000000000000000000017,00000000000000000000000000000017,QT-SIM-023-7102,sim_openid_023_844087,change_sorting_option,3,1782913581683,"拖动A(2→3)，D,A,C,B → D,C,A,B",sorting,"""D,A,C,B""","""D,C,A,B""","""A""",2,3
000000000000000000000000000005dc,00000000000000000000000000000017,00000000000000000000000000000017,QT-SIM-023-7102,sim_openid_023_844087,change_sorting_option,3,1782913583184,"拖动B(4→2)，D,C,A,B → D,B,C,A",sorting,"""D,C,A,B""","""D,B,C,A""","""B""",4,2
000000000000000000000000000005dd,00000000000000000000000000000017,00000000000000000000000000000017,QT-SIM-023-7102,sim_openid_023_844087,change_sorting_option,3,1782913589344,"拖动C(3→4)，D,B,C,A → D,B,A,C",sorting,"""D,B,C,A""","""D,B,A,C""","""C""",3,4
000000000000000000000000000005de,00000000000000000000000000000017,00000000000000000000000000000017,QT-SIM-023-7102,sim_openid_023_844087,leave_question,3,1782913593764,离开第6题,,,,,,
000000000000000000000000000005df,00000000000000000000000000000017,00000000000000000000000000000017,QT-SIM-023-7102,sim_openid_023_844087,enter_question,9,1782913595092,进入第7题,sorting,,,,,
000000000000000000000000000005e0,00000000000000000000000000000017,00000000000000000000000000000017,QT-SIM-023-7102,sim_openid_023_844087,change_sorting_option,9,1782913622443,"拖动C(3→4)，A,B,C,D → A,B,D,C",sorting,"""A,B,C,D""","""A,B,D,C""","""C""",3,4
000000000000000000000000000005e1,00000000000000000000000000000017,00000000000000000000000000000017,QT-SIM-023-7102,sim_openid_023_844087,leave_question,9,1782913628827,离开第7题,,,,,,
000000000000000000000000000005e2,00000000000000000000000000000017,00000000000000000000000000000017,QT-SIM-023-7102,sim_openid_023_844087,enter_question,10,1782913630750,进入第8题,sorting,,,,,
000000000000000000000000000005e3,00000000000000000000000000000017,00000000000000000000000000000017,QT-SIM-023-7102,sim_openid_023_844087,change_sorting_option,10,1782913640193,"拖动B(2→1)，A,B,C,D → B,A,C,D",sorting,"""A,B,C,D""","""B,A,C,D""","""B""",2,1
000000000000000000000000000005e4,00000000000000000000000000000017,00000000000000000000000000000017,QT-SIM-023-7102,sim_openid_023_844087,change_sorting_option,10,1782913645717,"拖动A(2→3)，B,A,C,D → B,C,A,D",sorting,"""B,A,C,D""","""B,C,A,D""","""A""",2,3
000000000000000000000000000005e5,00000000000000000000000000000017,00000000000000000000000000000017,QT-SIM-023-7102,sim_openid_023_844087,change_sorting_option,10,1782913649020,"拖动D(4→1)，B,C,A,D → D,B,C,A",sorting,"""B,C,A,D""","""D,B,C,A""","""D""",4,1
000000000000000000000000000005e6,00000000000000000000000000000017,00000000000000000000000000000017,QT-SIM-023-7102,sim_openid_023_844087,change_sorting_option,10,1782913655496,"拖动D(1→3)，D,B,C,A → B,C,D,A",sorting,"""D,B,C,A""","""B,C,D,A""","""D""",1,3
000000000000000000000000000005e7,00000000000000000000000000000017,00000000000000000000000000000017,QT-SIM-023-7102,sim_openid_023_844087,change_sorting_option,10,1782913659025,"拖动B(1→4)，B,C,D,A → C,D,A,B",sorting,"""B,C,D,A""","""C,D,A,B""","""B""",1,4
000000000000000000000000000005e8,00000000000000000000000000000017,00000000000000000000000000000017,QT-SIM-023-7102,sim_openid_023_844087,change_sorting_option,10,1782913664020,"拖动D(2→1)，C,D,A,B → D,C,A,B",sorting,"""C,D,A,B""","""D,C,A,B""","""D""",2,1
000000000000000000000000000005e9,00000000000000000000000000000017,00000000000000000000000000000017,QT-SIM-023-7102,sim_openid_023_844087,leave_question,10,1782913668786,离开第8题,,,,,,
000000000000000000000000000005ea,00000000000000000000000000000017,00000000000000000000000000000017,QT-SIM-023-7102,sim_openid_023_844087,enter_question,7,1782913670329,进入第9题,sorting,,,,,
000000000000000000000000000005eb,00000000000000000000000000000017,00000000000000000000000000000017,QT-SIM-023-7102,sim_openid_023_844087,change_sorting_option,7,1782913696033,"拖动B(2→3)，A,B,C,D → A,C,B,D",sorting,"""A,B,C,D""","""A,C,B,D""","""B""",2,3
000000000000000000000000000005ec,00000000000000000000000000000017,00000000000000000000000000000017,QT-SIM-023-7102,sim_openid_023_844087,change_sorting_option,7,1782913702221,"拖动A(1→4)，A,C,B,D → C,B,D,A",sorting,"""A,C,B,D""","""C,B,D,A""","""A""",1,4
000000000000000000000000000005ed,00000000000000000000000000000017,00000000000000000000000000000017,QT-SIM-023-7102,sim_openid_023_844087,change_sorting_option,7,1782913706756,"拖动C(1→2)，C,B,D,A → B,C,D,A",sorting,"""C,B,D,A""","""B,C,D,A""","""C""",1,2
000000000000000000000000000005ee,00000000000000000000000000000017,00000000000000000000000000000017,QT-SIM-023-7102,sim_openid_023_844087,change_sorting_option,7,1782913712528,"拖动B(1→3)，B,C,D,A → C,D,B,A",sorting,"""B,C,D,A""","""C,D,B,A""","""B""",1,3
000000000000000000000000000005ef,00000000000000000000000000000017,00000000000000000000000000000017,QT-SIM-023-7102,sim_openid_023_844087,change_sorting_option,7,1782913715465,"拖动D(2→1)，C,D,B,A → D,C,B,A",sorting,"""C,D,B,A""","""D,C,B,A""","""D""",2,1
000000000000000000000000000005f0,00000000000000000000000000000017,00000000000000000000000000000017,QT-SIM-023-7102,sim_openid_023_844087,leave_question,7,1782913722456,离开第9题,,,,,,
000000000000000000000000000005f1,00000000000000000000000000000017,00000000000000000000000000000017,QT-SIM-023-7102,sim_openid_023_844087,enter_question,8,1782913725728,进入第10题,sorting,,,,,
000000000000000000000000000005f2,00000000000000000000000000000017,00000000000000000000000000000017,QT-SIM-023-7102,sim_openid_023_844087,change_sorting_option,8,1782913747133,"拖动C(3→1)，A,B,C,D → C,A,B,D",sorting,"""A,B,C,D""","""C,A,B,D""","""C""",3,1
000000000000000000000000000005f3,00000000000000000000000000000017,00000000000000000000000000000017,QT-SIM-023-7102,sim_openid_023_844087,change_sorting_option,8,1782913751195,"拖动A(2→3)，C,A,B,D → C,B,A,D",sorting,"""C,A,B,D""","""C,B,A,D""","""A""",2,3
000000000000000000000000000005f4,00000000000000000000000000000017,00000000000000000000000000000017,QT-SIM-023-7102,sim_openid_023_844087,leave_question,8,1782913758010,离开第10题,,,,,,
000000000000000000000000000005f5,00000000000000000000000000000017,00000000000000000000000000000017,QT-SIM-023-7102,sim_openid_023_844087,submit_exam,-1,1782913758900,提交试卷,,,,,,
000000000000000000000000000005f6,00000000000000000000000000000018,00000000000000000000000000000018,QT-SIM-024-5068,sim_openid_024_664191,start_exam,-1,1782914257349,开始答题,,,,,,
000000000000000000000000000005f7,00000000000000000000000000000018,00000000000000000000000000000018,QT-SIM-024-5068,sim_openid_024_664191,enter_exam,-1,1782914257388,进入试卷页面,,,,,,
000000000000000000000000000005f8,00000000000000000000000000000018,00000000000000000000000000000018,QT-SIM-024-5068,sim_openid_024_664191,enter_question,1,1782914260148,进入第1题,sorting,,,,,
000000000000000000000000000005f9,00000000000000000000000000000018,00000000000000000000000000000018,QT-SIM-024-5068,sim_openid_024_664191,change_sorting_option,1,1782914280205,"拖动B(2→3)，A,B,C,D → A,C,B,D",sorting,"""A,B,C,D""","""A,C,B,D""","""B""",2,3
000000000000000000000000000005fa,00000000000000000000000000000018,00000000000000000000000000000018,QT-SIM-024-5068,sim_openid_024_664191,change_sorting_option,1,1782914285468,"拖动A(1→2)，A,C,B,D → C,A,B,D",sorting,"""A,C,B,D""","""C,A,B,D""","""A""",1,2
000000000000000000000000000005fb,00000000000000000000000000000018,00000000000000000000000000000018,QT-SIM-024-5068,sim_openid_024_664191,change_sorting_option,1,1782914290629,"拖动D(4→3)，C,A,B,D → C,A,D,B",sorting,"""C,A,B,D""","""C,A,D,B""","""D""",4,3
000000000000000000000000000005fc,00000000000000000000000000000018,00000000000000000000000000000018,QT-SIM-024-5068,sim_openid_024_664191,change_sorting_option,1,1782914295776,"拖动D(3→4)，C,A,D,B → C,A,B,D",sorting,"""C,A,D,B""","""C,A,B,D""","""D""",3,4
000000000000000000000000000005fd,00000000000000000000000000000018,00000000000000000000000000000018,QT-SIM-024-5068,sim_openid_024_664191,leave_question,1,1782914299103,离开第1题,,,,,,
000000000000000000000000000005fe,00000000000000000000000000000018,00000000000000000000000000000018,QT-SIM-024-5068,sim_openid_024_664191,enter_question,4,1782914301852,进入第2题,sorting,,,,,
000000000000000000000000000005ff,00000000000000000000000000000018,00000000000000000000000000000018,QT-SIM-024-5068,sim_openid_024_664191,change_sorting_option,4,1782914326745,"拖动D(4→2)，A,B,C,D → A,D,B,C",sorting,"""A,B,C,D""","""A,D,B,C""","""D""",4,2
00000000000000000000000000000600,00000000000000000000000000000018,00000000000000000000000000000018,QT-SIM-024-5068,sim_openid_024_664191,change_sorting_option,4,1782914329149,"拖动B(3→1)，A,D,B,C → B,A,D,C",sorting,"""A,D,B,C""","""B,A,D,C""","""B""",3,1
00000000000000000000000000000601,00000000000000000000000000000018,00000000000000000000000000000018,QT-SIM-024-5068,sim_openid_024_664191,change_sorting_option,4,1782914331949,"拖动D(3→2)，B,A,D,C → B,D,A,C",sorting,"""B,A,D,C""","""B,D,A,C""","""D""",3,2
00000000000000000000000000000602,00000000000000000000000000000018,00000000000000000000000000000018,QT-SIM-024-5068,sim_openid_024_664191,leave_question,4,1782914335520,离开第2题,,,,,,
00000000000000000000000000000603,00000000000000000000000000000018,00000000000000000000000000000018,QT-SIM-024-5068,sim_openid_024_664191,enter_question,6,1782914337882,进入第3题,sorting,,,,,
00000000000000000000000000000604,00000000000000000000000000000018,00000000000000000000000000000018,QT-SIM-024-5068,sim_openid_024_664191,change_sorting_option,6,1782914344057,"拖动A(1→2)，A,B,C,D → B,A,C,D",sorting,"""A,B,C,D""","""B,A,C,D""","""A""",1,2
00000000000000000000000000000605,00000000000000000000000000000018,00000000000000000000000000000018,QT-SIM-024-5068,sim_openid_024_664191,change_sorting_option,6,1782914349138,"拖动C(3→4)，B,A,C,D → B,A,D,C",sorting,"""B,A,C,D""","""B,A,D,C""","""C""",3,4
00000000000000000000000000000606,00000000000000000000000000000018,00000000000000000000000000000018,QT-SIM-024-5068,sim_openid_024_664191,change_sorting_option,6,1782914353304,"拖动A(2→4)，B,A,D,C → B,D,C,A",sorting,"""B,A,D,C""","""B,D,C,A""","""A""",2,4
00000000000000000000000000000607,00000000000000000000000000000018,00000000000000000000000000000018,QT-SIM-024-5068,sim_openid_024_664191,change_sorting_option,6,1782914357766,"拖动D(2→3)，B,D,C,A → B,C,D,A",sorting,"""B,D,C,A""","""B,C,D,A""","""D""",2,3
00000000000000000000000000000608,00000000000000000000000000000018,00000000000000000000000000000018,QT-SIM-024-5068,sim_openid_024_664191,change_sorting_option,6,1782914362124,"拖动C(2→1)，B,C,D,A → C,B,D,A",sorting,"""B,C,D,A""","""C,B,D,A""","""C""",2,1
00000000000000000000000000000609,00000000000000000000000000000018,00000000000000000000000000000018,QT-SIM-024-5068,sim_openid_024_664191,change_sorting_option,6,1782914367918,"拖动A(4→2)，C,B,D,A → C,A,B,D",sorting,"""C,B,D,A""","""C,A,B,D""","""A""",4,2
0000000000000000000000000000060a,00000000000000000000000000000018,00000000000000000000000000000018,QT-SIM-024-5068,sim_openid_024_664191,change_sorting_option,6,1782914374019,"拖动D(4→3)，C,A,B,D → C,A,D,B",sorting,"""C,A,B,D""","""C,A,D,B""","""D""",4,3
0000000000000000000000000000060b,00000000000000000000000000000018,00000000000000000000000000000018,QT-SIM-024-5068,sim_openid_024_664191,change_sorting_option,6,1782914379978,"拖动C(1→4)，C,A,D,B → A,D,B,C",sorting,"""C,A,D,B""","""A,D,B,C""","""C""",1,4
0000000000000000000000000000060c,00000000000000000000000000000018,00000000000000000000000000000018,QT-SIM-024-5068,sim_openid_024_664191,change_sorting_option,6,1782914384837,"拖动B(3→1)，A,D,B,C → B,A,D,C",sorting,"""A,D,B,C""","""B,A,D,C""","""B""",3,1
0000000000000000000000000000060d,00000000000000000000000000000018,00000000000000000000000000000018,QT-SIM-024-5068,sim_openid_024_664191,leave_question,6,1782914391016,离开第3题,,,,,,
0000000000000000000000000000060e,00000000000000000000000000000018,00000000000000000000000000000018,QT-SIM-024-5068,sim_openid_024_664191,enter_question,2,1782914392549,进入第4题,sorting,,,,,
0000000000000000000000000000060f,00000000000000000000000000000018,00000000000000000000000000000018,QT-SIM-024-5068,sim_openid_024_664191,change_sorting_option,2,1782914407144,"拖动C(3→2)，A,B,C,D → A,C,B,D",sorting,"""A,B,C,D""","""A,C,B,D""","""C""",3,2
00000000000000000000000000000610,00000000000000000000000000000018,00000000000000000000000000000018,QT-SIM-024-5068,sim_openid_024_664191,change_sorting_option,2,1782914412536,"拖动B(3→4)，A,C,B,D → A,C,D,B",sorting,"""A,C,B,D""","""A,C,D,B""","""B""",3,4
00000000000000000000000000000611,00000000000000000000000000000018,00000000000000000000000000000018,QT-SIM-024-5068,sim_openid_024_664191,change_sorting_option,2,1782914418540,"拖动B(4→1)，A,C,D,B → B,A,C,D",sorting,"""A,C,D,B""","""B,A,C,D""","""B""",4,1
00000000000000000000000000000612,00000000000000000000000000000018,00000000000000000000000000000018,QT-SIM-024-5068,sim_openid_024_664191,change_sorting_option,2,1782914424104,"拖动D(4→3)，B,A,C,D → B,A,D,C",sorting,"""B,A,C,D""","""B,A,D,C""","""D""",4,3
00000000000000000000000000000613,00000000000000000000000000000018,00000000000000000000000000000018,QT-SIM-024-5068,sim_openid_024_664191,change_sorting_option,2,1782914427230,"拖动C(4→2)，B,A,D,C → B,C,A,D",sorting,"""B,A,D,C""","""B,C,A,D""","""C""",4,2
00000000000000000000000000000614,00000000000000000000000000000018,00000000000000000000000000000018,QT-SIM-024-5068,sim_openid_024_664191,change_sorting_option,2,1782914429785,"拖动A(3→1)，B,C,A,D → A,B,C,D",sorting,"""B,C,A,D""","""A,B,C,D""","""A""",3,1
00000000000000000000000000000615,00000000000000000000000000000018,00000000000000000000000000000018,QT-SIM-024-5068,sim_openid_024_664191,change_sorting_option,2,1782914434685,"拖动C(3→2)，A,B,C,D → A,C,B,D",sorting,"""A,B,C,D""","""A,C,B,D""","""C""",3,2
00000000000000000000000000000616,00000000000000000000000000000018,00000000000000000000000000000018,QT-SIM-024-5068,sim_openid_024_664191,change_sorting_option,2,1782914435717,"拖动D(4→3)，A,C,B,D → A,C,D,B",sorting,"""A,C,B,D""","""A,C,D,B""","""D""",4,3
00000000000000000000000000000617,00000000000000000000000000000018,00000000000000000000000000000018,QT-SIM-024-5068,sim_openid_024_664191,leave_question,2,1782914440575,离开第4题,,,,,,
00000000000000000000000000000618,00000000000000000000000000000018,00000000000000000000000000000018,QT-SIM-024-5068,sim_openid_024_664191,enter_question,5,1782914443655,进入第5题,sorting,,,,,
00000000000000000000000000000619,00000000000000000000000000000018,00000000000000000000000000000018,QT-SIM-024-5068,sim_openid_024_664191,change_sorting_option,5,1782914449976,"拖动D(4→2)，A,B,C,D → A,D,B,C",sorting,"""A,B,C,D""","""A,D,B,C""","""D""",4,2
0000000000000000000000000000061a,00000000000000000000000000000018,00000000000000000000000000000018,QT-SIM-024-5068,sim_openid_024_664191,change_sorting_option,5,1782914455196,"拖动B(3→2)，A,D,B,C → A,B,D,C",sorting,"""A,D,B,C""","""A,B,D,C""","""B""",3,2
0000000000000000000000000000061b,00000000000000000000000000000018,00000000000000000000000000000018,QT-SIM-024-5068,sim_openid_024_664191,change_sorting_option,5,1782914461368,"拖动C(4→3)，A,B,D,C → A,B,C,D",sorting,"""A,B,D,C""","""A,B,C,D""","""C""",4,3
0000000000000000000000000000061c,00000000000000000000000000000018,00000000000000000000000000000018,QT-SIM-024-5068,sim_openid_024_664191,leave_question,5,1782914466695,离开第5题,,,,,,
0000000000000000000000000000061d,00000000000000000000000000000018,00000000000000000000000000000018,QT-SIM-024-5068,sim_openid_024_664191,enter_question,3,1782914469717,进入第6题,sorting,,,,,
0000000000000000000000000000061e,00000000000000000000000000000018,00000000000000000000000000000018,QT-SIM-024-5068,sim_openid_024_664191,change_sorting_option,3,1782914496706,"拖动A(1→3)，A,B,C,D → B,C,A,D",sorting,"""A,B,C,D""","""B,C,A,D""","""A""",1,3
0000000000000000000000000000061f,00000000000000000000000000000018,00000000000000000000000000000018,QT-SIM-024-5068,sim_openid_024_664191,change_sorting_option,3,1782914501952,"拖动C(2→1)，B,C,A,D → C,B,A,D",sorting,"""B,C,A,D""","""C,B,A,D""","""C""",2,1
00000000000000000000000000000620,00000000000000000000000000000018,00000000000000000000000000000018,QT-SIM-024-5068,sim_openid_024_664191,leave_question,3,1782914510074,离开第6题,,,,,,
00000000000000000000000000000621,00000000000000000000000000000018,00000000000000000000000000000018,QT-SIM-024-5068,sim_openid_024_664191,enter_question,9,1782914512951,进入第7题,sorting,,,,,
00000000000000000000000000000622,00000000000000000000000000000018,00000000000000000000000000000018,QT-SIM-024-5068,sim_openid_024_664191,change_sorting_option,9,1782914524684,"拖动C(3→2)，A,B,C,D → A,C,B,D",sorting,"""A,B,C,D""","""A,C,B,D""","""C""",3,2
00000000000000000000000000000623,00000000000000000000000000000018,00000000000000000000000000000018,QT-SIM-024-5068,sim_openid_024_664191,change_sorting_option,9,1782914527897,"拖动A(1→4)，A,C,B,D → C,B,D,A",sorting,"""A,C,B,D""","""C,B,D,A""","""A""",1,4
00000000000000000000000000000624,00000000000000000000000000000018,00000000000000000000000000000018,QT-SIM-024-5068,sim_openid_024_664191,change_sorting_option,9,1782914533159,"拖动C(1→2)，C,B,D,A → B,C,D,A",sorting,"""C,B,D,A""","""B,C,D,A""","""C""",1,2
00000000000000000000000000000625,00000000000000000000000000000018,00000000000000000000000000000018,QT-SIM-024-5068,sim_openid_024_664191,change_sorting_option,9,1782914536164,"拖动D(3→1)，B,C,D,A → D,B,C,A",sorting,"""B,C,D,A""","""D,B,C,A""","""D""",3,1
00000000000000000000000000000626,00000000000000000000000000000018,00000000000000000000000000000018,QT-SIM-024-5068,sim_openid_024_664191,change_sorting_option,9,1782914541299,"拖动B(2→3)，D,B,C,A → D,C,B,A",sorting,"""D,B,C,A""","""D,C,B,A""","""B""",2,3
00000000000000000000000000000627,00000000000000000000000000000018,00000000000000000000000000000018,QT-SIM-024-5068,sim_openid_024_664191,leave_question,9,1782914548469,离开第7题,,,,,,
00000000000000000000000000000628,00000000000000000000000000000018,00000000000000000000000000000018,QT-SIM-024-5068,sim_openid_024_664191,enter_question,10,1782914550098,进入第8题,sorting,,,,,
00000000000000000000000000000629,00000000000000000000000000000018,00000000000000000000000000000018,QT-SIM-024-5068,sim_openid_024_664191,change_sorting_option,10,1782914560919,"拖动D(4→3)，A,B,C,D → A,B,D,C",sorting,"""A,B,C,D""","""A,B,D,C""","""D""",4,3
0000000000000000000000000000062a,00000000000000000000000000000018,00000000000000000000000000000018,QT-SIM-024-5068,sim_openid_024_664191,change_sorting_option,10,1782914564186,"拖动A(1→3)，A,B,D,C → B,D,A,C",sorting,"""A,B,D,C""","""B,D,A,C""","""A""",1,3
0000000000000000000000000000062b,00000000000000000000000000000018,00000000000000000000000000000018,QT-SIM-024-5068,sim_openid_024_664191,change_sorting_option,10,1782914565890,"拖动A(3→1)，B,D,A,C → A,B,D,C",sorting,"""B,D,A,C""","""A,B,D,C""","""A""",3,1
0000000000000000000000000000062c,00000000000000000000000000000018,00000000000000000000000000000018,QT-SIM-024-5068,sim_openid_024_664191,leave_question,10,1782914576127,离开第8题,,,,,,
0000000000000000000000000000062d,00000000000000000000000000000018,00000000000000000000000000000018,QT-SIM-024-5068,sim_openid_024_664191,enter_question,7,1782914578840,进入第9题,sorting,,,,,
0000000000000000000000000000062e,00000000000000000000000000000018,00000000000000000000000000000018,QT-SIM-024-5068,sim_openid_024_664191,change_sorting_option,7,1782914603140,"拖动A(1→2)，A,B,C,D → B,A,C,D",sorting,"""A,B,C,D""","""B,A,C,D""","""A""",1,2
0000000000000000000000000000062f,00000000000000000000000000000018,00000000000000000000000000000018,QT-SIM-024-5068,sim_openid_024_664191,change_sorting_option,7,1782914605662,"拖动D(4→1)，B,A,C,D → D,B,A,C",sorting,"""B,A,C,D""","""D,B,A,C""","""D""",4,1
00000000000000000000000000000630,00000000000000000000000000000018,00000000000000000000000000000018,QT-SIM-024-5068,sim_openid_024_664191,change_sorting_option,7,1782914609879,"拖动A(3→2)，D,B,A,C → D,A,B,C",sorting,"""D,B,A,C""","""D,A,B,C""","""A""",3,2
00000000000000000000000000000631,00000000000000000000000000000018,00000000000000000000000000000018,QT-SIM-024-5068,sim_openid_024_664191,change_sorting_option,7,1782914611475,"拖动C(4→3)，D,A,B,C → D,A,C,B",sorting,"""D,A,B,C""","""D,A,C,B""","""C""",4,3
00000000000000000000000000000632,00000000000000000000000000000018,00000000000000000000000000000018,QT-SIM-024-5068,sim_openid_024_664191,leave_question,7,1782914616096,离开第9题,,,,,,
00000000000000000000000000000633,00000000000000000000000000000018,00000000000000000000000000000018,QT-SIM-024-5068,sim_openid_024_664191,enter_question,8,1782914617526,进入第10题,sorting,,,,,
00000000000000000000000000000634,00000000000000000000000000000018,00000000000000000000000000000018,QT-SIM-024-5068,sim_openid_024_664191,change_sorting_option,8,1782914638526,"拖动B(2→4)，A,B,C,D → A,C,D,B",sorting,"""A,B,C,D""","""A,C,D,B""","""B""",2,4
00000000000000000000000000000635,00000000000000000000000000000018,00000000000000000000000000000018,QT-SIM-024-5068,sim_openid_024_664191,change_sorting_option,8,1782914640299,"拖动D(3→2)，A,C,D,B → A,D,C,B",sorting,"""A,C,D,B""","""A,D,C,B""","""D""",3,2
00000000000000000000000000000636,00000000000000000000000000000018,00000000000000000000000000000018,QT-SIM-024-5068,sim_openid_024_664191,leave_question,8,1782914645019,离开第10题,,,,,,
00000000000000000000000000000637,00000000000000000000000000000018,00000000000000000000000000000018,QT-SIM-024-5068,sim_openid_024_664191,submit_exam,-1,1782914645154,提交试卷,,,,,,
00000000000000000000000000000638,00000000000000000000000000000019,00000000000000000000000000000019,QT-SIM-025-7890,sim_openid_025_365395,start_exam,-1,1782915155126,开始答题,,,,,,
00000000000000000000000000000639,00000000000000000000000000000019,00000000000000000000000000000019,QT-SIM-025-7890,sim_openid_025_365395,enter_exam,-1,1782915155134,进入试卷页面,,,,,,
0000000000000000000000000000063a,00000000000000000000000000000019,00000000000000000000000000000019,QT-SIM-025-7890,sim_openid_025_365395,enter_question,1,1782915157171,进入第1题,sorting,,,,,
0000000000000000000000000000063b,00000000000000000000000000000019,00000000000000000000000000000019,QT-SIM-025-7890,sim_openid_025_365395,change_sorting_option,1,1782915176192,"拖动D(4→2)，A,B,C,D → A,D,B,C",sorting,"""A,B,C,D""","""A,D,B,C""","""D""",4,2
0000000000000000000000000000063c,00000000000000000000000000000019,00000000000000000000000000000019,QT-SIM-025-7890,sim_openid_025_365395,change_sorting_option,1,1782915180113,"拖动A(1→3)，A,D,B,C → D,B,A,C",sorting,"""A,D,B,C""","""D,B,A,C""","""A""",1,3
0000000000000000000000000000063d,00000000000000000000000000000019,00000000000000000000000000000019,QT-SIM-025-7890,sim_openid_025_365395,change_sorting_option,1,1782915185195,"拖动B(2→1)，D,B,A,C → B,D,A,C",sorting,"""D,B,A,C""","""B,D,A,C""","""B""",2,1
0000000000000000000000000000063e,00000000000000000000000000000019,00000000000000000000000000000019,QT-SIM-025-7890,sim_openid_025_365395,leave_question,1,1782915191972,离开第1题,,,,,,
0000000000000000000000000000063f,00000000000000000000000000000019,00000000000000000000000000000019,QT-SIM-025-7890,sim_openid_025_365395,enter_question,4,1782915194712,进入第2题,sorting,,,,,
00000000000000000000000000000640,00000000000000000000000000000019,00000000000000000000000000000019,QT-SIM-025-7890,sim_openid_025_365395,change_sorting_option,4,1782915209294,"拖动B(2→1)，A,B,C,D → B,A,C,D",sorting,"""A,B,C,D""","""B,A,C,D""","""B""",2,1
00000000000000000000000000000641,00000000000000000000000000000019,00000000000000000000000000000019,QT-SIM-025-7890,sim_openid_025_365395,change_sorting_option,4,1782915215191,"拖动B(1→4)，B,A,C,D → A,C,D,B",sorting,"""B,A,C,D""","""A,C,D,B""","""B""",1,4
00000000000000000000000000000642,00000000000000000000000000000019,00000000000000000000000000000019,QT-SIM-025-7890,sim_openid_025_365395,change_sorting_option,4,1782915217914,"拖动B(4→1)，A,C,D,B → B,A,C,D",sorting,"""A,C,D,B""","""B,A,C,D""","""B""",4,1
00000000000000000000000000000643,00000000000000000000000000000019,00000000000000000000000000000019,QT-SIM-025-7890,sim_openid_025_365395,change_sorting_option,4,1782915219368,"拖动C(3→2)，B,A,C,D → B,C,A,D",sorting,"""B,A,C,D""","""B,C,A,D""","""C""",3,2
00000000000000000000000000000644,00000000000000000000000000000019,00000000000000000000000000000019,QT-SIM-025-7890,sim_openid_025_365395,leave_question,4,1782915226503,离开第2题,,,,,,
00000000000000000000000000000645,00000000000000000000000000000019,00000000000000000000000000000019,QT-SIM-025-7890,sim_openid_025_365395,enter_question,6,1782915228613,进入第3题,sorting,,,,,
00000000000000000000000000000646,00000000000000000000000000000019,00000000000000000000000000000019,QT-SIM-025-7890,sim_openid_025_365395,change_sorting_option,6,1782915238726,"拖动C(3→4)，A,B,C,D → A,B,D,C",sorting,"""A,B,C,D""","""A,B,D,C""","""C""",3,4
00000000000000000000000000000647,00000000000000000000000000000019,00000000000000000000000000000019,QT-SIM-025-7890,sim_openid_025_365395,change_sorting_option,6,1782915239889,"拖动B(2→1)，A,B,D,C → B,A,D,C",sorting,"""A,B,D,C""","""B,A,D,C""","""B""",2,1
00000000000000000000000000000648,00000000000000000000000000000019,00000000000000000000000000000019,QT-SIM-025-7890,sim_openid_025_365395,change_sorting_option,6,1782915245426,"拖动A(2→3)，B,A,D,C → B,D,A,C",sorting,"""B,A,D,C""","""B,D,A,C""","""A""",2,3
00000000000000000000000000000649,00000000000000000000000000000019,00000000000000000000000000000019,QT-SIM-025-7890,sim_openid_025_365395,leave_question,6,1782915250609,离开第3题,,,,,,
0000000000000000000000000000064a,00000000000000000000000000000019,00000000000000000000000000000019,QT-SIM-025-7890,sim_openid_025_365395,enter_question,2,1782915251950,进入第4题,sorting,,,,,
0000000000000000000000000000064b,00000000000000000000000000000019,00000000000000000000000000000019,QT-SIM-025-7890,sim_openid_025_365395,change_sorting_option,2,1782915275616,"拖动B(2→1)，A,B,C,D → B,A,C,D",sorting,"""A,B,C,D""","""B,A,C,D""","""B""",2,1
0000000000000000000000000000064c,00000000000000000000000000000019,00000000000000000000000000000019,QT-SIM-025-7890,sim_openid_025_365395,change_sorting_option,2,1782915278386,"拖动A(2→4)，B,A,C,D → B,C,D,A",sorting,"""B,A,C,D""","""B,C,D,A""","""A""",2,4
0000000000000000000000000000064d,00000000000000000000000000000019,00000000000000000000000000000019,QT-SIM-025-7890,sim_openid_025_365395,change_sorting_option,2,1782915279850,"拖动C(2→3)，B,C,D,A → B,D,C,A",sorting,"""B,C,D,A""","""B,D,C,A""","""C""",2,3
0000000000000000000000000000064e,00000000000000000000000000000019,00000000000000000000000000000019,QT-SIM-025-7890,sim_openid_025_365395,leave_question,2,1782915284878,离开第4题,,,,,,
0000000000000000000000000000064f,00000000000000000000000000000019,00000000000000000000000000000019,QT-SIM-025-7890,sim_openid_025_365395,enter_question,5,1782915286845,进入第5题,sorting,,,,,
00000000000000000000000000000650,00000000000000000000000000000019,00000000000000000000000000000019,QT-SIM-025-7890,sim_openid_025_365395,change_sorting_option,5,1782915295828,"拖动B(2→3)，A,B,C,D → A,C,B,D",sorting,"""A,B,C,D""","""A,C,B,D""","""B""",2,3
00000000000000000000000000000651,00000000000000000000000000000019,00000000000000000000000000000019,QT-SIM-025-7890,sim_openid_025_365395,change_sorting_option,5,1782915298268,"拖动D(4→1)，A,C,B,D → D,A,C,B",sorting,"""A,C,B,D""","""D,A,C,B""","""D""",4,1
00000000000000000000000000000652,00000000000000000000000000000019,00000000000000000000000000000019,QT-SIM-025-7890,sim_openid_025_365395,change_sorting_option,5,1782915303641,"拖动C(3→2)，D,A,C,B → D,C,A,B",sorting,"""D,A,C,B""","""D,C,A,B""","""C""",3,2
00000000000000000000000000000653,00000000000000000000000000000019,00000000000000000000000000000019,QT-SIM-025-7890,sim_openid_025_365395,change_sorting_option,5,1782915305813,"拖动A(3→4)，D,C,A,B → D,C,B,A",sorting,"""D,C,A,B""","""D,C,B,A""","""A""",3,4
00000000000000000000000000000654,00000000000000000000000000000019,00000000000000000000000000000019,QT-SIM-025-7890,sim_openid_025_365395,leave_question,5,1782915313170,离开第5题,,,,,,
00000000000000000000000000000655,00000000000000000000000000000019,00000000000000000000000000000019,QT-SIM-025-7890,sim_openid_025_365395,enter_question,3,1782915314365,进入第6题,sorting,,,,,
00000000000000000000000000000656,00000000000000000000000000000019,00000000000000000000000000000019,QT-SIM-025-7890,sim_openid_025_365395,change_sorting_option,3,1782915340958,"拖动C(3→4)，A,B,C,D → A,B,D,C",sorting,"""A,B,C,D""","""A,B,D,C""","""C""",3,4
00000000000000000000000000000657,00000000000000000000000000000019,00000000000000000000000000000019,QT-SIM-025-7890,sim_openid_025_365395,change_sorting_option,3,1782915343489,"拖动A(1→3)，A,B,D,C → B,D,A,C",sorting,"""A,B,D,C""","""B,D,A,C""","""A""",1,3
00000000000000000000000000000658,00000000000000000000000000000019,00000000000000000000000000000019,QT-SIM-025-7890,sim_openid_025_365395,change_sorting_option,3,1782915346377,"拖动C(4→1)，B,D,A,C → C,B,D,A",sorting,"""B,D,A,C""","""C,B,D,A""","""C""",4,1
00000000000000000000000000000659,00000000000000000000000000000019,00000000000000000000000000000019,QT-SIM-025-7890,sim_openid_025_365395,change_sorting_option,3,1782915352489,"拖动A(4→3)，C,B,D,A → C,B,A,D",sorting,"""C,B,D,A""","""C,B,A,D""","""A""",4,3
0000000000000000000000000000065a,00000000000000000000000000000019,00000000000000000000000000000019,QT-SIM-025-7890,sim_openid_025_365395,leave_question,3,1782915359321,离开第6题,,,,,,
0000000000000000000000000000065b,00000000000000000000000000000019,00000000000000000000000000000019,QT-SIM-025-7890,sim_openid_025_365395,enter_question,9,1782915362548,进入第7题,sorting,,,,,
0000000000000000000000000000065c,00000000000000000000000000000019,00000000000000000000000000000019,QT-SIM-025-7890,sim_openid_025_365395,change_sorting_option,9,1782915376461,"拖动A(1→3)，A,B,C,D → B,C,A,D",sorting,"""A,B,C,D""","""B,C,A,D""","""A""",1,3
0000000000000000000000000000065d,00000000000000000000000000000019,00000000000000000000000000000019,QT-SIM-025-7890,sim_openid_025_365395,change_sorting_option,9,1782915381659,"拖动B(1→4)，B,C,A,D → C,A,D,B",sorting,"""B,C,A,D""","""C,A,D,B""","""B""",1,4
0000000000000000000000000000065e,00000000000000000000000000000019,00000000000000000000000000000019,QT-SIM-025-7890,sim_openid_025_365395,change_sorting_option,9,1782915385798,"拖动A(2→3)，C,A,D,B → C,D,A,B",sorting,"""C,A,D,B""","""C,D,A,B""","""A""",2,3
0000000000000000000000000000065f,00000000000000000000000000000019,00000000000000000000000000000019,QT-SIM-025-7890,sim_openid_025_365395,leave_question,9,1782915393561,离开第7题,,,,,,
00000000000000000000000000000660,00000000000000000000000000000019,00000000000000000000000000000019,QT-SIM-025-7890,sim_openid_025_365395,enter_question,10,1782915395675,进入第8题,sorting,,,,,
00000000000000000000000000000661,00000000000000000000000000000019,00000000000000000000000000000019,QT-SIM-025-7890,sim_openid_025_365395,change_sorting_option,10,1782915403946,"拖动B(2→1)，A,B,C,D → B,A,C,D",sorting,"""A,B,C,D""","""B,A,C,D""","""B""",2,1
00000000000000000000000000000662,00000000000000000000000000000019,00000000000000000000000000000019,QT-SIM-025-7890,sim_openid_025_365395,change_sorting_option,10,1782915409648,"拖动A(2→1)，B,A,C,D → A,B,C,D",sorting,"""B,A,C,D""","""A,B,C,D""","""A""",2,1
00000000000000000000000000000663,00000000000000000000000000000019,00000000000000000000000000000019,QT-SIM-025-7890,sim_openid_025_365395,leave_question,10,1782915414618,离开第8题,,,,,,
00000000000000000000000000000664,00000000000000000000000000000019,00000000000000000000000000000019,QT-SIM-025-7890,sim_openid_025_365395,enter_question,7,1782915416890,进入第9题,sorting,,,,,
00000000000000000000000000000665,00000000000000000000000000000019,00000000000000000000000000000019,QT-SIM-025-7890,sim_openid_025_365395,change_sorting_option,7,1782915428013,"拖动A(1→3)，A,B,C,D → B,C,A,D",sorting,"""A,B,C,D""","""B,C,A,D""","""A""",1,3
00000000000000000000000000000666,00000000000000000000000000000019,00000000000000000000000000000019,QT-SIM-025-7890,sim_openid_025_365395,change_sorting_option,7,1782915430000,"拖动D(4→1)，B,C,A,D → D,B,C,A",sorting,"""B,C,A,D""","""D,B,C,A""","""D""",4,1
00000000000000000000000000000667,00000000000000000000000000000019,00000000000000000000000000000019,QT-SIM-025-7890,sim_openid_025_365395,change_sorting_option,7,1782915435684,"拖动C(3→2)，D,B,C,A → D,C,B,A",sorting,"""D,B,C,A""","""D,C,B,A""","""C""",3,2
00000000000000000000000000000668,00000000000000000000000000000019,00000000000000000000000000000019,QT-SIM-025-7890,sim_openid_025_365395,change_sorting_option,7,1782915438832,"拖动A(4→3)，D,C,B,A → D,C,A,B",sorting,"""D,C,B,A""","""D,C,A,B""","""A""",4,3
00000000000000000000000000000669,00000000000000000000000000000019,00000000000000000000000000000019,QT-SIM-025-7890,sim_openid_025_365395,change_sorting_option,7,1782915440619,"拖动C(2→4)，D,C,A,B → D,A,B,C",sorting,"""D,C,A,B""","""D,A,B,C""","""C""",2,4
0000000000000000000000000000066a,00000000000000000000000000000019,00000000000000000000000000000019,QT-SIM-025-7890,sim_openid_025_365395,change_sorting_option,7,1782915442487,"拖动B(3→2)，D,A,B,C → D,B,A,C",sorting,"""D,A,B,C""","""D,B,A,C""","""B""",3,2
0000000000000000000000000000066b,00000000000000000000000000000019,00000000000000000000000000000019,QT-SIM-025-7890,sim_openid_025_365395,leave_question,7,1782915449729,离开第9题,,,,,,
0000000000000000000000000000066c,00000000000000000000000000000019,00000000000000000000000000000019,QT-SIM-025-7890,sim_openid_025_365395,enter_question,8,1782915452609,进入第10题,sorting,,,,,
0000000000000000000000000000066d,00000000000000000000000000000019,00000000000000000000000000000019,QT-SIM-025-7890,sim_openid_025_365395,change_sorting_option,8,1782915472068,"拖动A(1→2)，A,B,C,D → B,A,C,D",sorting,"""A,B,C,D""","""B,A,C,D""","""A""",1,2
0000000000000000000000000000066e,00000000000000000000000000000019,00000000000000000000000000000019,QT-SIM-025-7890,sim_openid_025_365395,change_sorting_option,8,1782915476212,"拖动B(1→4)，B,A,C,D → A,C,D,B",sorting,"""B,A,C,D""","""A,C,D,B""","""B""",1,4
0000000000000000000000000000066f,00000000000000000000000000000019,00000000000000000000000000000019,QT-SIM-025-7890,sim_openid_025_365395,change_sorting_option,8,1782915482271,"拖动C(2→1)，A,C,D,B → C,A,D,B",sorting,"""A,C,D,B""","""C,A,D,B""","""C""",2,1
00000000000000000000000000000670,00000000000000000000000000000019,00000000000000000000000000000019,QT-SIM-025-7890,sim_openid_025_365395,change_sorting_option,8,1782915485768,"拖动B(4→3)，C,A,D,B → C,A,B,D",sorting,"""C,A,D,B""","""C,A,B,D""","""B""",4,3
00000000000000000000000000000671,00000000000000000000000000000019,00000000000000000000000000000019,QT-SIM-025-7890,sim_openid_025_365395,change_sorting_option,8,1782915492242,"拖动B(3→4)，C,A,B,D → C,A,D,B",sorting,"""C,A,B,D""","""C,A,D,B""","""B""",3,4
00000000000000000000000000000672,00000000000000000000000000000019,00000000000000000000000000000019,QT-SIM-025-7890,sim_openid_025_365395,leave_question,8,1782915497656,离开第10题,,,,,,
00000000000000000000000000000673,00000000000000000000000000000019,00000000000000000000000000000019,QT-SIM-025-7890,sim_openid_025_365395,submit_exam,-1,1782915497973,提交试卷,,,,,,
00000000000000000000000000000674,0000000000000000000000000000001a,0000000000000000000000000000001a,QT-SIM-026-8445,sim_openid_026_708122,start_exam,-1,1782916053287,开始答题,,,,,,
00000000000000000000000000000675,0000000000000000000000000000001a,0000000000000000000000000000001a,QT-SIM-026-8445,sim_openid_026_708122,enter_exam,-1,1782916053357,进入试卷页面,,,,,,
00000000000000000000000000000676,0000000000000000000000000000001a,0000000000000000000000000000001a,QT-SIM-026-8445,sim_openid_026_708122,enter_question,1,1782916054754,进入第1题,sorting,,,,,
00000000000000000000000000000677,0000000000000000000000000000001a,0000000000000000000000000000001a,QT-SIM-026-8445,sim_openid_026_708122,change_sorting_option,1,1782916078024,"拖动A(1→4)，A,B,C,D → B,C,D,A",sorting,"""A,B,C,D""","""B,C,D,A""","""A""",1,4
00000000000000000000000000000678,0000000000000000000000000000001a,0000000000000000000000000000001a,QT-SIM-026-8445,sim_openid_026_708122,change_sorting_option,1,1782916079812,"拖动D(3→4)，B,C,D,A → B,C,A,D",sorting,"""B,C,D,A""","""B,C,A,D""","""D""",3,4
00000000000000000000000000000679,0000000000000000000000000000001a,0000000000000000000000000000001a,QT-SIM-026-8445,sim_openid_026_708122,change_sorting_option,1,1782916085198,"拖动C(2→3)，B,C,A,D → B,A,C,D",sorting,"""B,C,A,D""","""B,A,C,D""","""C""",2,3
0000000000000000000000000000067a,0000000000000000000000000000001a,0000000000000000000000000000001a,QT-SIM-026-8445,sim_openid_026_708122,change_sorting_option,1,1782916089339,"拖动B(1→2)，B,A,C,D → A,B,C,D",sorting,"""B,A,C,D""","""A,B,C,D""","""B""",1,2
0000000000000000000000000000067b,0000000000000000000000000000001a,0000000000000000000000000000001a,QT-SIM-026-8445,sim_openid_026_708122,leave_question,1,1782916099392,离开第1题,,,,,,
0000000000000000000000000000067c,0000000000000000000000000000001a,0000000000000000000000000000001a,QT-SIM-026-8445,sim_openid_026_708122,enter_question,4,1782916101578,进入第2题,sorting,,,,,
0000000000000000000000000000067d,0000000000000000000000000000001a,0000000000000000000000000000001a,QT-SIM-026-8445,sim_openid_026_708122,change_sorting_option,4,1782916119732,"拖动B(2→1)，A,B,C,D → B,A,C,D",sorting,"""A,B,C,D""","""B,A,C,D""","""B""",2,1
0000000000000000000000000000067e,0000000000000000000000000000001a,0000000000000000000000000000001a,QT-SIM-026-8445,sim_openid_026_708122,change_sorting_option,4,1782916124225,"拖动B(1→3)，B,A,C,D → A,C,B,D",sorting,"""B,A,C,D""","""A,C,B,D""","""B""",1,3
0000000000000000000000000000067f,0000000000000000000000000000001a,0000000000000000000000000000001a,QT-SIM-026-8445,sim_openid_026_708122,change_sorting_option,4,1782916126869,"拖动C(2→4)，A,C,B,D → A,B,D,C",sorting,"""A,C,B,D""","""A,B,D,C""","""C""",2,4
00000000000000000000000000000680,0000000000000000000000000000001a,0000000000000000000000000000001a,QT-SIM-026-8445,sim_openid_026_708122,change_sorting_option,4,1782916130135,"拖动D(3→2)，A,B,D,C → A,D,B,C",sorting,"""A,B,D,C""","""A,D,B,C""","""D""",3,2
00000000000000000000000000000681,0000000000000000000000000000001a,0000000000000000000000000000001a,QT-SIM-026-8445,sim_openid_026_708122,change_sorting_option,4,1782916131927,"拖动A(1→3)，A,D,B,C → D,B,A,C",sorting,"""A,D,B,C""","""D,B,A,C""","""A""",1,3
00000000000000000000000000000682,0000000000000000000000000000001a,0000000000000000000000000000001a,QT-SIM-026-8445,sim_openid_026_708122,change_sorting_option,4,1782916135182,"拖动D(1→2)，D,B,A,C → B,D,A,C",sorting,"""D,B,A,C""","""B,D,A,C""","""D""",1,2
00000000000000000000000000000683,0000000000000000000000000000001a,0000000000000000000000000000001a,QT-SIM-026-8445,sim_openid_026_708122,leave_question,4,1782916140733,离开第2题,,,,,,
00000000000000000000000000000684,0000000000000000000000000000001a,0000000000000000000000000000001a,QT-SIM-026-8445,sim_openid_026_708122,enter_question,6,1782916142877,进入第3题,sorting,,,,,
00000000000000000000000000000685,0000000000000000000000000000001a,0000000000000000000000000000001a,QT-SIM-026-8445,sim_openid_026_708122,change_sorting_option,6,1782916153343,"拖动A(1→4)，A,B,C,D → B,C,D,A",sorting,"""A,B,C,D""","""B,C,D,A""","""A""",1,4
00000000000000000000000000000686,0000000000000000000000000000001a,0000000000000000000000000000001a,QT-SIM-026-8445,sim_openid_026_708122,change_sorting_option,6,1782916157134,"拖动C(2→1)，B,C,D,A → C,B,D,A",sorting,"""B,C,D,A""","""C,B,D,A""","""C""",2,1
00000000000000000000000000000687,0000000000000000000000000000001a,0000000000000000000000000000001a,QT-SIM-026-8445,sim_openid_026_708122,leave_question,6,1782916162204,离开第3题,,,,,,
00000000000000000000000000000688,0000000000000000000000000000001a,0000000000000000000000000000001a,QT-SIM-026-8445,sim_openid_026_708122,enter_question,2,1782916165162,进入第4题,sorting,,,,,
00000000000000000000000000000689,0000000000000000000000000000001a,0000000000000000000000000000001a,QT-SIM-026-8445,sim_openid_026_708122,change_sorting_option,2,1782916192902,"拖动C(3→2)，A,B,C,D → A,C,B,D",sorting,"""A,B,C,D""","""A,C,B,D""","""C""",3,2
0000000000000000000000000000068a,0000000000000000000000000000001a,0000000000000000000000000000001a,QT-SIM-026-8445,sim_openid_026_708122,change_sorting_option,2,1782916193998,"拖动B(3→4)，A,C,B,D → A,C,D,B",sorting,"""A,C,B,D""","""A,C,D,B""","""B""",3,4
0000000000000000000000000000068b,0000000000000000000000000000001a,0000000000000000000000000000001a,QT-SIM-026-8445,sim_openid_026_708122,change_sorting_option,2,1782916196217,"拖动A(1→2)，A,C,D,B → C,A,D,B",sorting,"""A,C,D,B""","""C,A,D,B""","""A""",1,2
0000000000000000000000000000068c,0000000000000000000000000000001a,0000000000000000000000000000001a,QT-SIM-026-8445,sim_openid_026_708122,change_sorting_option,2,1782916202281,"拖动C(1→2)，C,A,D,B → A,C,D,B",sorting,"""C,A,D,B""","""A,C,D,B""","""C""",1,2
0000000000000000000000000000068d,0000000000000000000000000000001a,0000000000000000000000000000001a,QT-SIM-026-8445,sim_openid_026_708122,leave_question,2,1782916204624,离开第4题,,,,,,
0000000000000000000000000000068e,0000000000000000000000000000001a,0000000000000000000000000000001a,QT-SIM-026-8445,sim_openid_026_708122,enter_question,5,1782916206717,进入第5题,sorting,,,,,
0000000000000000000000000000068f,0000000000000000000000000000001a,0000000000000000000000000000001a,QT-SIM-026-8445,sim_openid_026_708122,change_sorting_option,5,1782916232995,"拖动A(1→2)，A,B,C,D → B,A,C,D",sorting,"""A,B,C,D""","""B,A,C,D""","""A""",1,2
00000000000000000000000000000690,0000000000000000000000000000001a,0000000000000000000000000000001a,QT-SIM-026-8445,sim_openid_026_708122,change_sorting_option,5,1782916239042,"拖动B(1→2)，B,A,C,D → A,B,C,D",sorting,"""B,A,C,D""","""A,B,C,D""","""B""",1,2
00000000000000000000000000000691,0000000000000000000000000000001a,0000000000000000000000000000001a,QT-SIM-026-8445,sim_openid_026_708122,leave_question,5,1782916245843,离开第5题,,,,,,
00000000000000000000000000000692,0000000000000000000000000000001a,0000000000000000000000000000001a,QT-SIM-026-8445,sim_openid_026_708122,enter_question,3,1782916247286,进入第6题,sorting,,,,,
00000000000000000000000000000693,0000000000000000000000000000001a,0000000000000000000000000000001a,QT-SIM-026-8445,sim_openid_026_708122,change_sorting_option,3,1782916269202,"拖动A(1→3)，A,B,C,D → B,C,A,D",sorting,"""A,B,C,D""","""B,C,A,D""","""A""",1,3
00000000000000000000000000000694,0000000000000000000000000000001a,0000000000000000000000000000001a,QT-SIM-026-8445,sim_openid_026_708122,change_sorting_option,3,1782916275231,"拖动A(3→1)，B,C,A,D → A,B,C,D",sorting,"""B,C,A,D""","""A,B,C,D""","""A""",3,1
00000000000000000000000000000695,0000000000000000000000000000001a,0000000000000000000000000000001a,QT-SIM-026-8445,sim_openid_026_708122,change_sorting_option,3,1782916280470,"拖动D(4→2)，A,B,C,D → A,D,B,C",sorting,"""A,B,C,D""","""A,D,B,C""","""D""",4,2
00000000000000000000000000000696,0000000000000000000000000000001a,0000000000000000000000000000001a,QT-SIM-026-8445,sim_openid_026_708122,leave_question,3,1782916287723,离开第6题,,,,,,
00000000000000000000000000000697,0000000000000000000000000000001a,0000000000000000000000000000001a,QT-SIM-026-8445,sim_openid_026_708122,enter_question,9,1782916290929,进入第7题,sorting,,,,,
00000000000000000000000000000698,0000000000000000000000000000001a,0000000000000000000000000000001a,QT-SIM-026-8445,sim_openid_026_708122,change_sorting_option,9,1782916314311,"拖动A(1→3)，A,B,C,D → B,C,A,D",sorting,"""A,B,C,D""","""B,C,A,D""","""A""",1,3
00000000000000000000000000000699,0000000000000000000000000000001a,0000000000000000000000000000001a,QT-SIM-026-8445,sim_openid_026_708122,change_sorting_option,9,1782916316096,"拖动A(3→4)，B,C,A,D → B,C,D,A",sorting,"""B,C,A,D""","""B,C,D,A""","""A""",3,4
0000000000000000000000000000069a,0000000000000000000000000000001a,0000000000000000000000000000001a,QT-SIM-026-8445,sim_openid_026_708122,change_sorting_option,9,1782916318556,"拖动D(3→1)，B,C,D,A → D,B,C,A",sorting,"""B,C,D,A""","""D,B,C,A""","""D""",3,1
0000000000000000000000000000069b,0000000000000000000000000000001a,0000000000000000000000000000001a,QT-SIM-026-8445,sim_openid_026_708122,change_sorting_option,9,1782916321446,"拖动B(2→3)，D,B,C,A → D,C,B,A",sorting,"""D,B,C,A""","""D,C,B,A""","""B""",2,3
0000000000000000000000000000069c,0000000000000000000000000000001a,0000000000000000000000000000001a,QT-SIM-026-8445,sim_openid_026_708122,leave_question,9,1782916325205,离开第7题,,,,,,
0000000000000000000000000000069d,0000000000000000000000000000001a,0000000000000000000000000000001a,QT-SIM-026-8445,sim_openid_026_708122,enter_question,10,1782916327503,进入第8题,sorting,,,,,
0000000000000000000000000000069e,0000000000000000000000000000001a,0000000000000000000000000000001a,QT-SIM-026-8445,sim_openid_026_708122,change_sorting_option,10,1782916351257,"拖动A(1→2)，A,B,C,D → B,A,C,D",sorting,"""A,B,C,D""","""B,A,C,D""","""A""",1,2
0000000000000000000000000000069f,0000000000000000000000000000001a,0000000000000000000000000000001a,QT-SIM-026-8445,sim_openid_026_708122,change_sorting_option,10,1782916356460,"拖动C(3→4)，B,A,C,D → B,A,D,C",sorting,"""B,A,C,D""","""B,A,D,C""","""C""",3,4
000000000000000000000000000006a0,0000000000000000000000000000001a,0000000000000000000000000000001a,QT-SIM-026-8445,sim_openid_026_708122,leave_question,10,1782916362792,离开第8题,,,,,,
000000000000000000000000000006a1,0000000000000000000000000000001a,0000000000000000000000000000001a,QT-SIM-026-8445,sim_openid_026_708122,enter_question,7,1782916365516,进入第9题,sorting,,,,,
000000000000000000000000000006a2,0000000000000000000000000000001a,0000000000000000000000000000001a,QT-SIM-026-8445,sim_openid_026_708122,change_sorting_option,7,1782916392214,"拖动B(2→4)，A,B,C,D → A,C,D,B",sorting,"""A,B,C,D""","""A,C,D,B""","""B""",2,4
000000000000000000000000000006a3,0000000000000000000000000000001a,0000000000000000000000000000001a,QT-SIM-026-8445,sim_openid_026_708122,leave_question,7,1782916397986,离开第9题,,,,,,
000000000000000000000000000006a4,0000000000000000000000000000001a,0000000000000000000000000000001a,QT-SIM-026-8445,sim_openid_026_708122,enter_question,8,1782916400879,进入第10题,sorting,,,,,
000000000000000000000000000006a5,0000000000000000000000000000001a,0000000000000000000000000000001a,QT-SIM-026-8445,sim_openid_026_708122,change_sorting_option,8,1782916416672,"拖动B(2→4)，A,B,C,D → A,C,D,B",sorting,"""A,B,C,D""","""A,C,D,B""","""B""",2,4
000000000000000000000000000006a6,0000000000000000000000000000001a,0000000000000000000000000000001a,QT-SIM-026-8445,sim_openid_026_708122,change_sorting_option,8,1782916417750,"拖动A(1→2)，A,C,D,B → C,A,D,B",sorting,"""A,C,D,B""","""C,A,D,B""","""A""",1,2
000000000000000000000000000006a7,0000000000000000000000000000001a,0000000000000000000000000000001a,QT-SIM-026-8445,sim_openid_026_708122,change_sorting_option,8,1782916419425,"拖动C(1→3)，C,A,D,B → A,D,C,B",sorting,"""C,A,D,B""","""A,D,C,B""","""C""",1,3
000000000000000000000000000006a8,0000000000000000000000000000001a,0000000000000000000000000000001a,QT-SIM-026-8445,sim_openid_026_708122,change_sorting_option,8,1782916422361,"拖动D(2→1)，A,D,C,B → D,A,C,B",sorting,"""A,D,C,B""","""D,A,C,B""","""D""",2,1
000000000000000000000000000006a9,0000000000000000000000000000001a,0000000000000000000000000000001a,QT-SIM-026-8445,sim_openid_026_708122,leave_question,8,1782916429921,离开第10题,,,,,,
000000000000000000000000000006aa,0000000000000000000000000000001a,0000000000000000000000000000001a,QT-SIM-026-8445,sim_openid_026_708122,submit_exam,-1,1782916430224,提交试卷,,,,,,
000000000000000000000000000006ab,0000000000000000000000000000001b,0000000000000000000000000000001b,QT-SIM-027-7392,sim_openid_027_120869,start_exam,-1,1782916954869,开始答题,,,,,,
000000000000000000000000000006ac,0000000000000000000000000000001b,0000000000000000000000000000001b,QT-SIM-027-7392,sim_openid_027_120869,enter_exam,-1,1782916954872,进入试卷页面,,,,,,
000000000000000000000000000006ad,0000000000000000000000000000001b,0000000000000000000000000000001b,QT-SIM-027-7392,sim_openid_027_120869,enter_question,1,1782916958136,进入第1题,sorting,,,,,
000000000000000000000000000006ae,0000000000000000000000000000001b,0000000000000000000000000000001b,QT-SIM-027-7392,sim_openid_027_120869,change_sorting_option,1,1782916966031,"拖动C(3→2)，A,B,C,D → A,C,B,D",sorting,"""A,B,C,D""","""A,C,B,D""","""C""",3,2
000000000000000000000000000006af,0000000000000000000000000000001b,0000000000000000000000000000001b,QT-SIM-027-7392,sim_openid_027_120869,change_sorting_option,1,1782916970897,"拖动C(2→4)，A,C,B,D → A,B,D,C",sorting,"""A,C,B,D""","""A,B,D,C""","""C""",2,4
000000000000000000000000000006b0,0000000000000000000000000000001b,0000000000000000000000000000001b,QT-SIM-027-7392,sim_openid_027_120869,change_sorting_option,1,1782916974759,"拖动C(4→2)，A,B,D,C → A,C,B,D",sorting,"""A,B,D,C""","""A,C,B,D""","""C""",4,2
000000000000000000000000000006b1,0000000000000000000000000000001b,0000000000000000000000000000001b,QT-SIM-027-7392,sim_openid_027_120869,leave_question,1,1782916982419,离开第1题,,,,,,
000000000000000000000000000006b2,0000000000000000000000000000001b,0000000000000000000000000000001b,QT-SIM-027-7392,sim_openid_027_120869,enter_question,4,1782916985262,进入第2题,sorting,,,,,
000000000000000000000000000006b3,0000000000000000000000000000001b,0000000000000000000000000000001b,QT-SIM-027-7392,sim_openid_027_120869,change_sorting_option,4,1782916997009,"拖动D(4→1)，A,B,C,D → D,A,B,C",sorting,"""A,B,C,D""","""D,A,B,C""","""D""",4,1
000000000000000000000000000006b4,0000000000000000000000000000001b,0000000000000000000000000000001b,QT-SIM-027-7392,sim_openid_027_120869,change_sorting_option,4,1782916999853,"拖动B(3→2)，D,A,B,C → D,B,A,C",sorting,"""D,A,B,C""","""D,B,A,C""","""B""",3,2
000000000000000000000000000006b5,0000000000000000000000000000001b,0000000000000000000000000000001b,QT-SIM-027-7392,sim_openid_027_120869,leave_question,4,1782917003627,离开第2题,,,,,,
000000000000000000000000000006b6,0000000000000000000000000000001b,0000000000000000000000000000001b,QT-SIM-027-7392,sim_openid_027_120869,enter_question,6,1782917006906,进入第3题,sorting,,,,,
000000000000000000000000000006b7,0000000000000000000000000000001b,0000000000000000000000000000001b,QT-SIM-027-7392,sim_openid_027_120869,change_sorting_option,6,1782917019699,"拖动A(1→4)，A,B,C,D → B,C,D,A",sorting,"""A,B,C,D""","""B,C,D,A""","""A""",1,4
000000000000000000000000000006b8,0000000000000000000000000000001b,0000000000000000000000000000001b,QT-SIM-027-7392,sim_openid_027_120869,change_sorting_option,6,1782917025323,"拖动B(1→3)，B,C,D,A → C,D,B,A",sorting,"""B,C,D,A""","""C,D,B,A""","""B""",1,3
000000000000000000000000000006b9,0000000000000000000000000000001b,0000000000000000000000000000001b,QT-SIM-027-7392,sim_openid_027_120869,change_sorting_option,6,1782917031820,"拖动C(1→2)，C,D,B,A → D,C,B,A",sorting,"""C,D,B,A""","""D,C,B,A""","""C""",1,2
000000000000000000000000000006ba,0000000000000000000000000000001b,0000000000000000000000000000001b,QT-SIM-027-7392,sim_openid_027_120869,change_sorting_option,6,1782917034167,"拖动B(3→4)，D,C,B,A → D,C,A,B",sorting,"""D,C,B,A""","""D,C,A,B""","""B""",3,4
000000000000000000000000000006bb,0000000000000000000000000000001b,0000000000000000000000000000001b,QT-SIM-027-7392,sim_openid_027_120869,change_sorting_option,6,1782917035860,"拖动B(4→3)，D,C,A,B → D,C,B,A",sorting,"""D,C,A,B""","""D,C,B,A""","""B""",4,3
000000000000000000000000000006bc,0000000000000000000000000000001b,0000000000000000000000000000001b,QT-SIM-027-7392,sim_openid_027_120869,leave_question,6,1782917045189,离开第3题,,,,,,
000000000000000000000000000006bd,0000000000000000000000000000001b,0000000000000000000000000000001b,QT-SIM-027-7392,sim_openid_027_120869,enter_question,2,1782917047080,进入第4题,sorting,,,,,
000000000000000000000000000006be,0000000000000000000000000000001b,0000000000000000000000000000001b,QT-SIM-027-7392,sim_openid_027_120869,change_sorting_option,2,1782917053848,"拖动C(3→1)，A,B,C,D → C,A,B,D",sorting,"""A,B,C,D""","""C,A,B,D""","""C""",3,1
000000000000000000000000000006bf,0000000000000000000000000000001b,0000000000000000000000000000001b,QT-SIM-027-7392,sim_openid_027_120869,change_sorting_option,2,1782917058648,"拖动D(4→3)，C,A,B,D → C,A,D,B",sorting,"""C,A,B,D""","""C,A,D,B""","""D""",4,3
000000000000000000000000000006c0,0000000000000000000000000000001b,0000000000000000000000000000001b,QT-SIM-027-7392,sim_openid_027_120869,leave_question,2,1782917065625,离开第4题,,,,,,
000000000000000000000000000006c1,0000000000000000000000000000001b,0000000000000000000000000000001b,QT-SIM-027-7392,sim_openid_027_120869,enter_question,5,1782917067038,进入第5题,sorting,,,,,
000000000000000000000000000006c2,0000000000000000000000000000001b,0000000000000000000000000000001b,QT-SIM-027-7392,sim_openid_027_120869,change_sorting_option,5,1782917094425,"拖动C(3→4)，A,B,C,D → A,B,D,C",sorting,"""A,B,C,D""","""A,B,D,C""","""C""",3,4
000000000000000000000000000006c3,0000000000000000000000000000001b,0000000000000000000000000000001b,QT-SIM-027-7392,sim_openid_027_120869,change_sorting_option,5,1782917099377,"拖动A(1→2)，A,B,D,C → B,A,D,C",sorting,"""A,B,D,C""","""B,A,D,C""","""A""",1,2
000000000000000000000000000006c4,0000000000000000000000000000001b,0000000000000000000000000000001b,QT-SIM-027-7392,sim_openid_027_120869,leave_question,5,1782917108049,离开第5题,,,,,,
000000000000000000000000000006c5,0000000000000000000000000000001b,0000000000000000000000000000001b,QT-SIM-027-7392,sim_openid_027_120869,enter_question,3,1782917109229,进入第6题,sorting,,,,,
000000000000000000000000000006c6,0000000000000000000000000000001b,0000000000000000000000000000001b,QT-SIM-027-7392,sim_openid_027_120869,change_sorting_option,3,1782917134273,"拖动C(3→4)，A,B,C,D → A,B,D,C",sorting,"""A,B,C,D""","""A,B,D,C""","""C""",3,4
000000000000000000000000000006c7,0000000000000000000000000000001b,0000000000000000000000000000001b,QT-SIM-027-7392,sim_openid_027_120869,change_sorting_option,3,1782917139109,"拖动B(2→1)，A,B,D,C → B,A,D,C",sorting,"""A,B,D,C""","""B,A,D,C""","""B""",2,1
000000000000000000000000000006c8,0000000000000000000000000000001b,0000000000000000000000000000001b,QT-SIM-027-7392,sim_openid_027_120869,change_sorting_option,3,1782917140812,"拖动D(3→2)，B,A,D,C → B,D,A,C",sorting,"""B,A,D,C""","""B,D,A,C""","""D""",3,2
000000000000000000000000000006c9,0000000000000000000000000000001b,0000000000000000000000000000001b,QT-SIM-027-7392,sim_openid_027_120869,leave_question,3,1782917148455,离开第6题,,,,,,
000000000000000000000000000006ca,0000000000000000000000000000001b,0000000000000000000000000000001b,QT-SIM-027-7392,sim_openid_027_120869,enter_question,9,1782917151584,进入第7题,sorting,,,,,
000000000000000000000000000006cb,0000000000000000000000000000001b,0000000000000000000000000000001b,QT-SIM-027-7392,sim_openid_027_120869,change_sorting_option,9,1782917160950,"拖动C(3→2)，A,B,C,D → A,C,B,D",sorting,"""A,B,C,D""","""A,C,B,D""","""C""",3,2
000000000000000000000000000006cc,0000000000000000000000000000001b,0000000000000000000000000000001b,QT-SIM-027-7392,sim_openid_027_120869,change_sorting_option,9,1782917163540,"拖动A(1→3)，A,C,B,D → C,B,A,D",sorting,"""A,C,B,D""","""C,B,A,D""","""A""",1,3
000000000000000000000000000006cd,0000000000000000000000000000001b,0000000000000000000000000000001b,QT-SIM-027-7392,sim_openid_027_120869,change_sorting_option,9,1782917165579,"拖动B(2→3)，C,B,A,D → C,A,B,D",sorting,"""C,B,A,D""","""C,A,B,D""","""B""",2,3
000000000000000000000000000006ce,0000000000000000000000000000001b,0000000000000000000000000000001b,QT-SIM-027-7392,sim_openid_027_120869,change_sorting_option,9,1782917170921,"拖动B(3→4)，C,A,B,D → C,A,D,B",sorting,"""C,A,B,D""","""C,A,D,B""","""B""",3,4
000000000000000000000000000006cf,0000000000000000000000000000001b,0000000000000000000000000000001b,QT-SIM-027-7392,sim_openid_027_120869,change_sorting_option,9,1782917172013,"拖动A(2→3)，C,A,D,B → C,D,A,B",sorting,"""C,A,D,B""","""C,D,A,B""","""A""",2,3
000000000000000000000000000006d0,0000000000000000000000000000001b,0000000000000000000000000000001b,QT-SIM-027-7392,sim_openid_027_120869,change_sorting_option,9,1782917177803,"拖动C(1→2)，C,D,A,B → D,C,A,B",sorting,"""C,D,A,B""","""D,C,A,B""","""C""",1,2
000000000000000000000000000006d1,0000000000000000000000000000001b,0000000000000000000000000000001b,QT-SIM-027-7392,sim_openid_027_120869,leave_question,9,1782917184062,离开第7题,,,,,,
000000000000000000000000000006d2,0000000000000000000000000000001b,0000000000000000000000000000001b,QT-SIM-027-7392,sim_openid_027_120869,enter_question,10,1782917186048,进入第8题,sorting,,,,,
000000000000000000000000000006d3,0000000000000000000000000000001b,0000000000000000000000000000001b,QT-SIM-027-7392,sim_openid_027_120869,change_sorting_option,10,1782917208879,"拖动D(4→2)，A,B,C,D → A,D,B,C",sorting,"""A,B,C,D""","""A,D,B,C""","""D""",4,2
000000000000000000000000000006d4,0000000000000000000000000000001b,0000000000000000000000000000001b,QT-SIM-027-7392,sim_openid_027_120869,change_sorting_option,10,1782917213873,"拖动C(4→3)，A,D,B,C → A,D,C,B",sorting,"""A,D,B,C""","""A,D,C,B""","""C""",4,3
000000000000000000000000000006d5,0000000000000000000000000000001b,0000000000000000000000000000001b,QT-SIM-027-7392,sim_openid_027_120869,change_sorting_option,10,1782917215102,"拖动D(2→4)，A,D,C,B → A,C,B,D",sorting,"""A,D,C,B""","""A,C,B,D""","""D""",2,4
000000000000000000000000000006d6,0000000000000000000000000000001b,0000000000000000000000000000001b,QT-SIM-027-7392,sim_openid_027_120869,change_sorting_option,10,1782917216112,"拖动B(3→2)，A,C,B,D → A,B,C,D",sorting,"""A,C,B,D""","""A,B,C,D""","""B""",3,2
000000000000000000000000000006d7,0000000000000000000000000000001b,0000000000000000000000000000001b,QT-SIM-027-7392,sim_openid_027_120869,leave_question,10,1782917220892,离开第8题,,,,,,
000000000000000000000000000006d8,0000000000000000000000000000001b,0000000000000000000000000000001b,QT-SIM-027-7392,sim_openid_027_120869,enter_question,7,1782917223054,进入第9题,sorting,,,,,
000000000000000000000000000006d9,0000000000000000000000000000001b,0000000000000000000000000000001b,QT-SIM-027-7392,sim_openid_027_120869,change_sorting_option,7,1782917249934,"拖动D(4→3)，A,B,C,D → A,B,D,C",sorting,"""A,B,C,D""","""A,B,D,C""","""D""",4,3
000000000000000000000000000006da,0000000000000000000000000000001b,0000000000000000000000000000001b,QT-SIM-027-7392,sim_openid_027_120869,change_sorting_option,7,1782917253517,"拖动B(2→4)，A,B,D,C → A,D,C,B",sorting,"""A,B,D,C""","""A,D,C,B""","""B""",2,4
000000000000000000000000000006db,0000000000000000000000000000001b,0000000000000000000000000000001b,QT-SIM-027-7392,sim_openid_027_120869,change_sorting_option,7,1782917258831,"拖动C(3→1)，A,D,C,B → C,A,D,B",sorting,"""A,D,C,B""","""C,A,D,B""","""C""",3,1
000000000000000000000000000006dc,0000000000000000000000000000001b,0000000000000000000000000000001b,QT-SIM-027-7392,sim_openid_027_120869,leave_question,7,1782917264679,离开第9题,,,,,,
000000000000000000000000000006dd,0000000000000000000000000000001b,0000000000000000000000000000001b,QT-SIM-027-7392,sim_openid_027_120869,enter_question,8,1782917267748,进入第10题,sorting,,,,,
000000000000000000000000000006de,0000000000000000000000000000001b,0000000000000000000000000000001b,QT-SIM-027-7392,sim_openid_027_120869,change_sorting_option,8,1782917280650,"拖动B(2→4)，A,B,C,D → A,C,D,B",sorting,"""A,B,C,D""","""A,C,D,B""","""B""",2,4
000000000000000000000000000006df,0000000000000000000000000000001b,0000000000000000000000000000001b,QT-SIM-027-7392,sim_openid_027_120869,change_sorting_option,8,1782917284512,"拖动C(2→3)，A,C,D,B → A,D,C,B",sorting,"""A,C,D,B""","""A,D,C,B""","""C""",2,3
000000000000000000000000000006e0,0000000000000000000000000000001b,0000000000000000000000000000001b,QT-SIM-027-7392,sim_openid_027_120869,change_sorting_option,8,1782917286222,"拖动D(2→1)，A,D,C,B → D,A,C,B",sorting,"""A,D,C,B""","""D,A,C,B""","""D""",2,1
000000000000000000000000000006e1,0000000000000000000000000000001b,0000000000000000000000000000001b,QT-SIM-027-7392,sim_openid_027_120869,change_sorting_option,8,1782917288283,"拖动A(2→3)，D,A,C,B → D,C,A,B",sorting,"""D,A,C,B""","""D,C,A,B""","""A""",2,3
000000000000000000000000000006e2,0000000000000000000000000000001b,0000000000000000000000000000001b,QT-SIM-027-7392,sim_openid_027_120869,change_sorting_option,8,1782917292288,"拖动A(3→2)，D,C,A,B → D,A,C,B",sorting,"""D,C,A,B""","""D,A,C,B""","""A""",3,2
000000000000000000000000000006e3,0000000000000000000000000000001b,0000000000000000000000000000001b,QT-SIM-027-7392,sim_openid_027_120869,leave_question,8,1782917296319,离开第10题,,,,,,
000000000000000000000000000006e4,0000000000000000000000000000001b,0000000000000000000000000000001b,QT-SIM-027-7392,sim_openid_027_120869,submit_exam,-1,1782917296813,提交试卷,,,,,,
000000000000000000000000000006e5,0000000000000000000000000000001c,0000000000000000000000000000001c,QT-SIM-028-5042,sim_openid_028_602925,start_exam,-1,1782917854413,开始答题,,,,,,
000000000000000000000000000006e6,0000000000000000000000000000001c,0000000000000000000000000000001c,QT-SIM-028-5042,sim_openid_028_602925,enter_exam,-1,1782917854469,进入试卷页面,,,,,,
000000000000000000000000000006e7,0000000000000000000000000000001c,0000000000000000000000000000001c,QT-SIM-028-5042,sim_openid_028_602925,enter_question,1,1782917857922,进入第1题,sorting,,,,,
000000000000000000000000000006e8,0000000000000000000000000000001c,0000000000000000000000000000001c,QT-SIM-028-5042,sim_openid_028_602925,change_sorting_option,1,1782917870588,"拖动D(4→3)，A,B,C,D → A,B,D,C",sorting,"""A,B,C,D""","""A,B,D,C""","""D""",4,3
000000000000000000000000000006e9,0000000000000000000000000000001c,0000000000000000000000000000001c,QT-SIM-028-5042,sim_openid_028_602925,change_sorting_option,1,1782917876260,"拖动A(1→4)，A,B,D,C → B,D,C,A",sorting,"""A,B,D,C""","""B,D,C,A""","""A""",1,4
000000000000000000000000000006ea,0000000000000000000000000000001c,0000000000000000000000000000001c,QT-SIM-028-5042,sim_openid_028_602925,change_sorting_option,1,1782917882083,"拖动C(3→2)，B,D,C,A → B,C,D,A",sorting,"""B,D,C,A""","""B,C,D,A""","""C""",3,2
000000000000000000000000000006eb,0000000000000000000000000000001c,0000000000000000000000000000001c,QT-SIM-028-5042,sim_openid_028_602925,leave_question,1,1782917884903,离开第1题,,,,,,
000000000000000000000000000006ec,0000000000000000000000000000001c,0000000000000000000000000000001c,QT-SIM-028-5042,sim_openid_028_602925,enter_question,4,1782917886586,进入第2题,sorting,,,,,
000000000000000000000000000006ed,0000000000000000000000000000001c,0000000000000000000000000000001c,QT-SIM-028-5042,sim_openid_028_602925,change_sorting_option,4,1782917898052,"拖动C(3→4)，A,B,C,D → A,B,D,C",sorting,"""A,B,C,D""","""A,B,D,C""","""C""",3,4
000000000000000000000000000006ee,0000000000000000000000000000001c,0000000000000000000000000000001c,QT-SIM-028-5042,sim_openid_028_602925,change_sorting_option,4,1782917903511,"拖动B(2→4)，A,B,D,C → A,D,C,B",sorting,"""A,B,D,C""","""A,D,C,B""","""B""",2,4
000000000000000000000000000006ef,0000000000000000000000000000001c,0000000000000000000000000000001c,QT-SIM-028-5042,sim_openid_028_602925,change_sorting_option,4,1782917907126,"拖动A(1→3)，A,D,C,B → D,C,A,B",sorting,"""A,D,C,B""","""D,C,A,B""","""A""",1,3
000000000000000000000000000006f0,0000000000000000000000000000001c,0000000000000000000000000000001c,QT-SIM-028-5042,sim_openid_028_602925,change_sorting_option,4,1782917908137,"拖动D(1→2)，D,C,A,B → C,D,A,B",sorting,"""D,C,A,B""","""C,D,A,B""","""D""",1,2
000000000000000000000000000006f1,0000000000000000000000000000001c,0000000000000000000000000000001c,QT-SIM-028-5042,sim_openid_028_602925,leave_question,4,1782917915026,离开第2题,,,,,,
000000000000000000000000000006f2,0000000000000000000000000000001c,0000000000000000000000000000001c,QT-SIM-028-5042,sim_openid_028_602925,enter_question,6,1782917916678,进入第3题,sorting,,,,,
000000000000000000000000000006f3,0000000000000000000000000000001c,0000000000000000000000000000001c,QT-SIM-028-5042,sim_openid_028_602925,change_sorting_option,6,1782917939696,"拖动B(2→3)，A,B,C,D → A,C,B,D",sorting,"""A,B,C,D""","""A,C,B,D""","""B""",2,3
000000000000000000000000000006f4,0000000000000000000000000000001c,0000000000000000000000000000001c,QT-SIM-028-5042,sim_openid_028_602925,change_sorting_option,6,1782917944168,"拖动D(4→1)，A,C,B,D → D,A,C,B",sorting,"""A,C,B,D""","""D,A,C,B""","""D""",4,1
000000000000000000000000000006f5,0000000000000000000000000000001c,0000000000000000000000000000001c,QT-SIM-028-5042,sim_openid_028_602925,change_sorting_option,6,1782917948554,"拖动B(4→3)，D,A,C,B → D,A,B,C",sorting,"""D,A,C,B""","""D,A,B,C""","""B""",4,3
000000000000000000000000000006f6,0000000000000000000000000000001c,0000000000000000000000000000001c,QT-SIM-028-5042,sim_openid_028_602925,leave_question,6,1782917952246,离开第3题,,,,,,
000000000000000000000000000006f7,0000000000000000000000000000001c,0000000000000000000000000000001c,QT-SIM-028-5042,sim_openid_028_602925,enter_question,2,1782917955499,进入第4题,sorting,,,,,
000000000000000000000000000006f8,0000000000000000000000000000001c,0000000000000000000000000000001c,QT-SIM-028-5042,sim_openid_028_602925,change_sorting_option,2,1782917973894,"拖动A(1→4)，A,B,C,D → B,C,D,A",sorting,"""A,B,C,D""","""B,C,D,A""","""A""",1,4
000000000000000000000000000006f9,0000000000000000000000000000001c,0000000000000000000000000000001c,QT-SIM-028-5042,sim_openid_028_602925,change_sorting_option,2,1782917977915,"拖动D(3→1)，B,C,D,A → D,B,C,A",sorting,"""B,C,D,A""","""D,B,C,A""","""D""",3,1
000000000000000000000000000006fa,0000000000000000000000000000001c,0000000000000000000000000000001c,QT-SIM-028-5042,sim_openid_028_602925,change_sorting_option,2,1782917982553,"拖动B(2→3)，D,B,C,A → D,C,B,A",sorting,"""D,B,C,A""","""D,C,B,A""","""B""",2,3
000000000000000000000000000006fb,0000000000000000000000000000001c,0000000000000000000000000000001c,QT-SIM-028-5042,sim_openid_028_602925,leave_question,2,1782917989992,离开第4题,,,,,,
000000000000000000000000000006fc,0000000000000000000000000000001c,0000000000000000000000000000001c,QT-SIM-028-5042,sim_openid_028_602925,enter_question,5,1782917991723,进入第5题,sorting,,,,,
000000000000000000000000000006fd,0000000000000000000000000000001c,0000000000000000000000000000001c,QT-SIM-028-5042,sim_openid_028_602925,change_sorting_option,5,1782917999932,"拖动A(1→4)，A,B,C,D → B,C,D,A",sorting,"""A,B,C,D""","""B,C,D,A""","""A""",1,4
000000000000000000000000000006fe,0000000000000000000000000000001c,0000000000000000000000000000001c,QT-SIM-028-5042,sim_openid_028_602925,change_sorting_option,5,1782918002346,"拖动B(1→2)，B,C,D,A → C,B,D,A",sorting,"""B,C,D,A""","""C,B,D,A""","""B""",1,2
000000000000000000000000000006ff,0000000000000000000000000000001c,0000000000000000000000000000001c,QT-SIM-028-5042,sim_openid_028_602925,change_sorting_option,5,1782918008618,"拖动D(3→4)，C,B,D,A → C,B,A,D",sorting,"""C,B,D,A""","""C,B,A,D""","""D""",3,4
00000000000000000000000000000700,0000000000000000000000000000001c,0000000000000000000000000000001c,QT-SIM-028-5042,sim_openid_028_602925,change_sorting_option,5,1782918012112,"拖动C(1→3)，C,B,A,D → B,A,C,D",sorting,"""C,B,A,D""","""B,A,C,D""","""C""",1,3
00000000000000000000000000000701,0000000000000000000000000000001c,0000000000000000000000000000001c,QT-SIM-028-5042,sim_openid_028_602925,change_sorting_option,5,1782918014906,"拖动B(1→2)，B,A,C,D → A,B,C,D",sorting,"""B,A,C,D""","""A,B,C,D""","""B""",1,2
00000000000000000000000000000702,0000000000000000000000000000001c,0000000000000000000000000000001c,QT-SIM-028-5042,sim_openid_028_602925,leave_question,5,1782918022544,离开第5题,,,,,,
00000000000000000000000000000703,0000000000000000000000000000001c,0000000000000000000000000000001c,QT-SIM-028-5042,sim_openid_028_602925,enter_question,3,1782918024787,进入第6题,sorting,,,,,
00000000000000000000000000000704,0000000000000000000000000000001c,0000000000000000000000000000001c,QT-SIM-028-5042,sim_openid_028_602925,change_sorting_option,3,1782918049411,"拖动A(1→3)，A,B,C,D → B,C,A,D",sorting,"""A,B,C,D""","""B,C,A,D""","""A""",1,3
00000000000000000000000000000705,0000000000000000000000000000001c,0000000000000000000000000000001c,QT-SIM-028-5042,sim_openid_028_602925,change_sorting_option,3,1782918054817,"拖动C(2→4)，B,C,A,D → B,A,D,C",sorting,"""B,C,A,D""","""B,A,D,C""","""C""",2,4
00000000000000000000000000000706,0000000000000000000000000000001c,0000000000000000000000000000001c,QT-SIM-028-5042,sim_openid_028_602925,change_sorting_option,3,1782918060474,"拖动D(3→4)，B,A,D,C → B,A,C,D",sorting,"""B,A,D,C""","""B,A,C,D""","""D""",3,4
00000000000000000000000000000707,0000000000000000000000000000001c,0000000000000000000000000000001c,QT-SIM-028-5042,sim_openid_028_602925,change_sorting_option,3,1782918064442,"拖动A(2→3)，B,A,C,D → B,C,A,D",sorting,"""B,A,C,D""","""B,C,A,D""","""A""",2,3
00000000000000000000000000000708,0000000000000000000000000000001c,0000000000000000000000000000001c,QT-SIM-028-5042,sim_openid_028_602925,leave_question,3,1782918070340,离开第6题,,,,,,
00000000000000000000000000000709,0000000000000000000000000000001c,0000000000000000000000000000001c,QT-SIM-028-5042,sim_openid_028_602925,enter_question,9,1782918072070,进入第7题,sorting,,,,,
0000000000000000000000000000070a,0000000000000000000000000000001c,0000000000000000000000000000001c,QT-SIM-028-5042,sim_openid_028_602925,change_sorting_option,9,1782918080859,"拖动A(1→4)，A,B,C,D → B,C,D,A",sorting,"""A,B,C,D""","""B,C,D,A""","""A""",1,4
0000000000000000000000000000070b,0000000000000000000000000000001c,0000000000000000000000000000001c,QT-SIM-028-5042,sim_openid_028_602925,change_sorting_option,9,1782918086255,"拖动C(2→3)，B,C,D,A → B,D,C,A",sorting,"""B,C,D,A""","""B,D,C,A""","""C""",2,3
0000000000000000000000000000070c,0000000000000000000000000000001c,0000000000000000000000000000001c,QT-SIM-028-5042,sim_openid_028_602925,change_sorting_option,9,1782918092658,"拖动B(1→2)，B,D,C,A → D,B,C,A",sorting,"""B,D,C,A""","""D,B,C,A""","""B""",1,2
0000000000000000000000000000070d,0000000000000000000000000000001c,0000000000000000000000000000001c,QT-SIM-028-5042,sim_openid_028_602925,leave_question,9,1782918095728,离开第7题,,,,,,
0000000000000000000000000000070e,0000000000000000000000000000001c,0000000000000000000000000000001c,QT-SIM-028-5042,sim_openid_028_602925,enter_question,10,1782918098186,进入第8题,sorting,,,,,
0000000000000000000000000000070f,0000000000000000000000000000001c,0000000000000000000000000000001c,QT-SIM-028-5042,sim_openid_028_602925,change_sorting_option,10,1782918113789,"拖动D(4→2)，A,B,C,D → A,D,B,C",sorting,"""A,B,C,D""","""A,D,B,C""","""D""",4,2
00000000000000000000000000000710,0000000000000000000000000000001c,0000000000000000000000000000001c,QT-SIM-028-5042,sim_openid_028_602925,change_sorting_option,10,1782918119377,"拖动B(3→1)，A,D,B,C → B,A,D,C",sorting,"""A,D,B,C""","""B,A,D,C""","""B""",3,1
00000000000000000000000000000711,0000000000000000000000000000001c,0000000000000000000000000000001c,QT-SIM-028-5042,sim_openid_028_602925,change_sorting_option,10,1782918122583,"拖动D(3→2)，B,A,D,C → B,D,A,C",sorting,"""B,A,D,C""","""B,D,A,C""","""D""",3,2
00000000000000000000000000000712,0000000000000000000000000000001c,0000000000000000000000000000001c,QT-SIM-028-5042,sim_openid_028_602925,leave_question,10,1782918128016,离开第8题,,,,,,
00000000000000000000000000000713,0000000000000000000000000000001c,0000000000000000000000000000001c,QT-SIM-028-5042,sim_openid_028_602925,enter_question,7,1782918130694,进入第9题,sorting,,,,,
00000000000000000000000000000714,0000000000000000000000000000001c,0000000000000000000000000000001c,QT-SIM-028-5042,sim_openid_028_602925,change_sorting_option,7,1782918145709,"拖动D(4→2)，A,B,C,D → A,D,B,C",sorting,"""A,B,C,D""","""A,D,B,C""","""D""",4,2
00000000000000000000000000000715,0000000000000000000000000000001c,0000000000000000000000000000001c,QT-SIM-028-5042,sim_openid_028_602925,change_sorting_option,7,1782918150007,"拖动B(3→4)，A,D,B,C → A,D,C,B",sorting,"""A,D,B,C""","""A,D,C,B""","""B""",3,4
00000000000000000000000000000716,0000000000000000000000000000001c,0000000000000000000000000000001c,QT-SIM-028-5042,sim_openid_028_602925,change_sorting_option,7,1782918151792,"拖动A(1→3)，A,D,C,B → D,C,A,B",sorting,"""A,D,C,B""","""D,C,A,B""","""A""",1,3
00000000000000000000000000000717,0000000000000000000000000000001c,0000000000000000000000000000001c,QT-SIM-028-5042,sim_openid_028_602925,change_sorting_option,7,1782918155388,"拖动D(1→2)，D,C,A,B → C,D,A,B",sorting,"""D,C,A,B""","""C,D,A,B""","""D""",1,2
00000000000000000000000000000718,0000000000000000000000000000001c,0000000000000000000000000000001c,QT-SIM-028-5042,sim_openid_028_602925,leave_question,7,1782918162477,离开第9题,,,,,,
00000000000000000000000000000719,0000000000000000000000000000001c,0000000000000000000000000000001c,QT-SIM-028-5042,sim_openid_028_602925,enter_question,8,1782918164632,进入第10题,sorting,,,,,
0000000000000000000000000000071a,0000000000000000000000000000001c,0000000000000000000000000000001c,QT-SIM-028-5042,sim_openid_028_602925,change_sorting_option,8,1782918172671,"拖动A(1→2)，A,B,C,D → B,A,C,D",sorting,"""A,B,C,D""","""B,A,C,D""","""A""",1,2
0000000000000000000000000000071b,0000000000000000000000000000001c,0000000000000000000000000000001c,QT-SIM-028-5042,sim_openid_028_602925,change_sorting_option,8,1782918177976,"拖动B(1→4)，B,A,C,D → A,C,D,B",sorting,"""B,A,C,D""","""A,C,D,B""","""B""",1,4
0000000000000000000000000000071c,0000000000000000000000000000001c,0000000000000000000000000000001c,QT-SIM-028-5042,sim_openid_028_602925,change_sorting_option,8,1782918181592,"拖动D(3→1)，A,C,D,B → D,A,C,B",sorting,"""A,C,D,B""","""D,A,C,B""","""D""",3,1
0000000000000000000000000000071d,0000000000000000000000000000001c,0000000000000000000000000000001c,QT-SIM-028-5042,sim_openid_028_602925,leave_question,8,1782918189783,离开第10题,,,,,,
0000000000000000000000000000071e,0000000000000000000000000000001c,0000000000000000000000000000001c,QT-SIM-028-5042,sim_openid_028_602925,submit_exam,-1,1782918190515,提交试卷,,,,,,
0000000000000000000000000000071f,0000000000000000000000000000001d,0000000000000000000000000000001d,QT-SIM-029-2375,sim_openid_029_918357,start_exam,-1,1782918757687,开始答题,,,,,,
00000000000000000000000000000720,0000000000000000000000000000001d,0000000000000000000000000000001d,QT-SIM-029-2375,sim_openid_029_918357,enter_exam,-1,1782918757728,进入试卷页面,,,,,,
00000000000000000000000000000721,0000000000000000000000000000001d,0000000000000000000000000000001d,QT-SIM-029-2375,sim_openid_029_918357,enter_question,1,1782918758948,进入第1题,sorting,,,,,
00000000000000000000000000000722,0000000000000000000000000000001d,0000000000000000000000000000001d,QT-SIM-029-2375,sim_openid_029_918357,change_sorting_option,1,1782918764954,"拖动C(3→1)，A,B,C,D → C,A,B,D",sorting,"""A,B,C,D""","""C,A,B,D""","""C""",3,1
00000000000000000000000000000723,0000000000000000000000000000001d,0000000000000000000000000000001d,QT-SIM-029-2375,sim_openid_029_918357,change_sorting_option,1,1782918768697,"拖动B(3→2)，C,A,B,D → C,B,A,D",sorting,"""C,A,B,D""","""C,B,A,D""","""B""",3,2
00000000000000000000000000000724,0000000000000000000000000000001d,0000000000000000000000000000001d,QT-SIM-029-2375,sim_openid_029_918357,change_sorting_option,1,1782918770117,"拖动D(4→3)，C,B,A,D → C,B,D,A",sorting,"""C,B,A,D""","""C,B,D,A""","""D""",4,3
00000000000000000000000000000725,0000000000000000000000000000001d,0000000000000000000000000000001d,QT-SIM-029-2375,sim_openid_029_918357,leave_question,1,1782918778044,离开第1题,,,,,,
00000000000000000000000000000726,0000000000000000000000000000001d,0000000000000000000000000000001d,QT-SIM-029-2375,sim_openid_029_918357,enter_question,4,1782918780076,进入第2题,sorting,,,,,
00000000000000000000000000000727,0000000000000000000000000000001d,0000000000000000000000000000001d,QT-SIM-029-2375,sim_openid_029_918357,change_sorting_option,4,1782918795221,"拖动D(4→2)，A,B,C,D → A,D,B,C",sorting,"""A,B,C,D""","""A,D,B,C""","""D""",4,2
00000000000000000000000000000728,0000000000000000000000000000001d,0000000000000000000000000000001d,QT-SIM-029-2375,sim_openid_029_918357,change_sorting_option,4,1782918797410,"拖动B(3→2)，A,D,B,C → A,B,D,C",sorting,"""A,D,B,C""","""A,B,D,C""","""B""",3,2
00000000000000000000000000000729,0000000000000000000000000000001d,0000000000000000000000000000001d,QT-SIM-029-2375,sim_openid_029_918357,change_sorting_option,4,1782918799303,"拖动A(1→4)，A,B,D,C → B,D,C,A",sorting,"""A,B,D,C""","""B,D,C,A""","""A""",1,4
0000000000000000000000000000072a,0000000000000000000000000000001d,0000000000000000000000000000001d,QT-SIM-029-2375,sim_openid_029_918357,change_sorting_option,4,1782918802084,"拖动D(2→1)，B,D,C,A → D,B,C,A",sorting,"""B,D,C,A""","""D,B,C,A""","""D""",2,1
0000000000000000000000000000072b,0000000000000000000000000000001d,0000000000000000000000000000001d,QT-SIM-029-2375,sim_openid_029_918357,change_sorting_option,4,1782918807835,"拖动D(1→2)，D,B,C,A → B,D,C,A",sorting,"""D,B,C,A""","""B,D,C,A""","""D""",1,2
0000000000000000000000000000072c,0000000000000000000000000000001d,0000000000000000000000000000001d,QT-SIM-029-2375,sim_openid_029_918357,change_sorting_option,4,1782918809956,"拖动C(3→1)，B,D,C,A → C,B,D,A",sorting,"""B,D,C,A""","""C,B,D,A""","""C""",3,1
0000000000000000000000000000072d,0000000000000000000000000000001d,0000000000000000000000000000001d,QT-SIM-029-2375,sim_openid_029_918357,change_sorting_option,4,1782918811894,"拖动D(3→2)，C,B,D,A → C,D,B,A",sorting,"""C,B,D,A""","""C,D,B,A""","""D""",3,2
0000000000000000000000000000072e,0000000000000000000000000000001d,0000000000000000000000000000001d,QT-SIM-029-2375,sim_openid_029_918357,leave_question,4,1782918818285,离开第2题,,,,,,
0000000000000000000000000000072f,0000000000000000000000000000001d,0000000000000000000000000000001d,QT-SIM-029-2375,sim_openid_029_918357,enter_question,6,1782918819893,进入第3题,sorting,,,,,
00000000000000000000000000000730,0000000000000000000000000000001d,0000000000000000000000000000001d,QT-SIM-029-2375,sim_openid_029_918357,change_sorting_option,6,1782918839361,"拖动A(1→3)，A,B,C,D → B,C,A,D",sorting,"""A,B,C,D""","""B,C,A,D""","""A""",1,3
00000000000000000000000000000731,0000000000000000000000000000001d,0000000000000000000000000000001d,QT-SIM-029-2375,sim_openid_029_918357,change_sorting_option,6,1782918841768,"拖动C(2→4)，B,C,A,D → B,A,D,C",sorting,"""B,C,A,D""","""B,A,D,C""","""C""",2,4
00000000000000000000000000000732,0000000000000000000000000000001d,0000000000000000000000000000001d,QT-SIM-029-2375,sim_openid_029_918357,change_sorting_option,6,1782918843978,"拖动A(2→3)，B,A,D,C → B,D,A,C",sorting,"""B,A,D,C""","""B,D,A,C""","""A""",2,3
00000000000000000000000000000733,0000000000000000000000000000001d,0000000000000000000000000000001d,QT-SIM-029-2375,sim_openid_029_918357,change_sorting_option,6,1782918846747,"拖动B(1→2)，B,D,A,C → D,B,A,C",sorting,"""B,D,A,C""","""D,B,A,C""","""B""",1,2
00000000000000000000000000000734,0000000000000000000000000000001d,0000000000000000000000000000001d,QT-SIM-029-2375,sim_openid_029_918357,leave_question,6,1782918853194,离开第3题,,,,,,
00000000000000000000000000000735,0000000000000000000000000000001d,0000000000000000000000000000001d,QT-SIM-029-2375,sim_openid_029_918357,enter_question,2,1782918854720,进入第4题,sorting,,,,,
00000000000000000000000000000736,0000000000000000000000000000001d,0000000000000000000000000000001d,QT-SIM-029-2375,sim_openid_029_918357,change_sorting_option,2,1782918882553,"拖动B(2→4)，A,B,C,D → A,C,D,B",sorting,"""A,B,C,D""","""A,C,D,B""","""B""",2,4
00000000000000000000000000000737,0000000000000000000000000000001d,0000000000000000000000000000001d,QT-SIM-029-2375,sim_openid_029_918357,change_sorting_option,2,1782918888454,"拖动C(2→1)，A,C,D,B → C,A,D,B",sorting,"""A,C,D,B""","""C,A,D,B""","""C""",2,1
00000000000000000000000000000738,0000000000000000000000000000001d,0000000000000000000000000000001d,QT-SIM-029-2375,sim_openid_029_918357,leave_question,2,1782918894716,离开第4题,,,,,,
00000000000000000000000000000739,0000000000000000000000000000001d,0000000000000000000000000000001d,QT-SIM-029-2375,sim_openid_029_918357,enter_question,5,1782918895943,进入第5题,sorting,,,,,
0000000000000000000000000000073a,0000000000000000000000000000001d,0000000000000000000000000000001d,QT-SIM-029-2375,sim_openid_029_918357,change_sorting_option,5,1782918903318,"拖动B(2→3)，A,B,C,D → A,C,B,D",sorting,"""A,B,C,D""","""A,C,B,D""","""B""",2,3
0000000000000000000000000000073b,0000000000000000000000000000001d,0000000000000000000000000000001d,QT-SIM-029-2375,sim_openid_029_918357,change_sorting_option,5,1782918908241,"拖动C(2→4)，A,C,B,D → A,B,D,C",sorting,"""A,C,B,D""","""A,B,D,C""","""C""",2,4
0000000000000000000000000000073c,0000000000000000000000000000001d,0000000000000000000000000000001d,QT-SIM-029-2375,sim_openid_029_918357,change_sorting_option,5,1782918913880,"拖动B(2→3)，A,B,D,C → A,D,B,C",sorting,"""A,B,D,C""","""A,D,B,C""","""B""",2,3
0000000000000000000000000000073d,0000000000000000000000000000001d,0000000000000000000000000000001d,QT-SIM-029-2375,sim_openid_029_918357,change_sorting_option,5,1782918919625,"拖动C(4→2)，A,D,B,C → A,C,D,B",sorting,"""A,D,B,C""","""A,C,D,B""","""C""",4,2
0000000000000000000000000000073e,0000000000000000000000000000001d,0000000000000000000000000000001d,QT-SIM-029-2375,sim_openid_029_918357,change_sorting_option,5,1782918921234,"拖动B(4→3)，A,C,D,B → A,C,B,D",sorting,"""A,C,D,B""","""A,C,B,D""","""B""",4,3
0000000000000000000000000000073f,0000000000000000000000000000001d,0000000000000000000000000000001d,QT-SIM-029-2375,sim_openid_029_918357,leave_question,5,1782918926342,离开第5题,,,,,,
00000000000000000000000000000740,0000000000000000000000000000001d,0000000000000000000000000000001d,QT-SIM-029-2375,sim_openid_029_918357,enter_question,3,1782918929271,进入第6题,sorting,,,,,
00000000000000000000000000000741,0000000000000000000000000000001d,0000000000000000000000000000001d,QT-SIM-029-2375,sim_openid_029_918357,leave_question,3,1782918948792,离开第6题,,,,,,
00000000000000000000000000000742,0000000000000000000000000000001d,0000000000000000000000000000001d,QT-SIM-029-2375,sim_openid_029_918357,enter_question,9,1782918950721,进入第7题,sorting,,,,,
00000000000000000000000000000743,0000000000000000000000000000001d,0000000000000000000000000000001d,QT-SIM-029-2375,sim_openid_029_918357,change_sorting_option,9,1782918972105,"拖动C(3→4)，A,B,C,D → A,B,D,C",sorting,"""A,B,C,D""","""A,B,D,C""","""C""",3,4
00000000000000000000000000000744,0000000000000000000000000000001d,0000000000000000000000000000001d,QT-SIM-029-2375,sim_openid_029_918357,change_sorting_option,9,1782918976217,"拖动D(3→2)，A,B,D,C → A,D,B,C",sorting,"""A,B,D,C""","""A,D,B,C""","""D""",3,2
00000000000000000000000000000745,0000000000000000000000000000001d,0000000000000000000000000000001d,QT-SIM-029-2375,sim_openid_029_918357,change_sorting_option,9,1782918981870,"拖动A(1→3)，A,D,B,C → D,B,A,C",sorting,"""A,D,B,C""","""D,B,A,C""","""A""",1,3
00000000000000000000000000000746,0000000000000000000000000000001d,0000000000000000000000000000001d,QT-SIM-029-2375,sim_openid_029_918357,change_sorting_option,9,1782918985263,"拖动B(2→1)，D,B,A,C → B,D,A,C",sorting,"""D,B,A,C""","""B,D,A,C""","""B""",2,1
00000000000000000000000000000747,0000000000000000000000000000001d,0000000000000000000000000000001d,QT-SIM-029-2375,sim_openid_029_918357,leave_question,9,1782918990784,离开第7题,,,,,,
00000000000000000000000000000748,0000000000000000000000000000001d,0000000000000000000000000000001d,QT-SIM-029-2375,sim_openid_029_918357,enter_question,10,1782918991832,进入第8题,sorting,,,,,
00000000000000000000000000000749,0000000000000000000000000000001d,0000000000000000000000000000001d,QT-SIM-029-2375,sim_openid_029_918357,change_sorting_option,10,1782919007306,"拖动A(1→3)，A,B,C,D → B,C,A,D",sorting,"""A,B,C,D""","""B,C,A,D""","""A""",1,3
0000000000000000000000000000074a,0000000000000000000000000000001d,0000000000000000000000000000001d,QT-SIM-029-2375,sim_openid_029_918357,change_sorting_option,10,1782919011255,"拖动C(2→4)，B,C,A,D → B,A,D,C",sorting,"""B,C,A,D""","""B,A,D,C""","""C""",2,4
0000000000000000000000000000074b,0000000000000000000000000000001d,0000000000000000000000000000001d,QT-SIM-029-2375,sim_openid_029_918357,change_sorting_option,10,1782919016657,"拖动B(1→3)，B,A,D,C → A,D,B,C",sorting,"""B,A,D,C""","""A,D,B,C""","""B""",1,3
0000000000000000000000000000074c,0000000000000000000000000000001d,0000000000000000000000000000001d,QT-SIM-029-2375,sim_openid_029_918357,change_sorting_option,10,1782919022283,"拖动A(1→3)，A,D,B,C → D,B,A,C",sorting,"""A,D,B,C""","""D,B,A,C""","""A""",1,3
0000000000000000000000000000074d,0000000000000000000000000000001d,0000000000000000000000000000001d,QT-SIM-029-2375,sim_openid_029_918357,change_sorting_option,10,1782919024157,"拖动B(2→1)，D,B,A,C → B,D,A,C",sorting,"""D,B,A,C""","""B,D,A,C""","""B""",2,1
0000000000000000000000000000074e,0000000000000000000000000000001d,0000000000000000000000000000001d,QT-SIM-029-2375,sim_openid_029_918357,leave_question,10,1782919032016,离开第8题,,,,,,
0000000000000000000000000000074f,0000000000000000000000000000001d,0000000000000000000000000000001d,QT-SIM-029-2375,sim_openid_029_918357,enter_question,7,1782919032978,进入第9题,sorting,,,,,
00000000000000000000000000000750,0000000000000000000000000000001d,0000000000000000000000000000001d,QT-SIM-029-2375,sim_openid_029_918357,change_sorting_option,7,1782919055435,"拖动C(3→2)，A,B,C,D → A,C,B,D",sorting,"""A,B,C,D""","""A,C,B,D""","""C""",3,2
00000000000000000000000000000751,0000000000000000000000000000001d,0000000000000000000000000000001d,QT-SIM-029-2375,sim_openid_029_918357,change_sorting_option,7,1782919059416,"拖动C(2→3)，A,C,B,D → A,B,C,D",sorting,"""A,C,B,D""","""A,B,C,D""","""C""",2,3
00000000000000000000000000000752,0000000000000000000000000000001d,0000000000000000000000000000001d,QT-SIM-029-2375,sim_openid_029_918357,leave_question,7,1782919066494,离开第9题,,,,,,
00000000000000000000000000000753,0000000000000000000000000000001d,0000000000000000000000000000001d,QT-SIM-029-2375,sim_openid_029_918357,enter_question,8,1782919068572,进入第10题,sorting,,,,,
00000000000000000000000000000754,0000000000000000000000000000001d,0000000000000000000000000000001d,QT-SIM-029-2375,sim_openid_029_918357,change_sorting_option,8,1782919075687,"拖动C(3→1)，A,B,C,D → C,A,B,D",sorting,"""A,B,C,D""","""C,A,B,D""","""C""",3,1
00000000000000000000000000000755,0000000000000000000000000000001d,0000000000000000000000000000001d,QT-SIM-029-2375,sim_openid_029_918357,change_sorting_option,8,1782919077109,"拖动D(4→2)，C,A,B,D → C,D,A,B",sorting,"""C,A,B,D""","""C,D,A,B""","""D""",4,2
00000000000000000000000000000756,0000000000000000000000000000001d,0000000000000000000000000000001d,QT-SIM-029-2375,sim_openid_029_918357,change_sorting_option,8,1782919078134,"拖动B(4→3)，C,D,A,B → C,D,B,A",sorting,"""C,D,A,B""","""C,D,B,A""","""B""",4,3
00000000000000000000000000000757,0000000000000000000000000000001d,0000000000000000000000000000001d,QT-SIM-029-2375,sim_openid_029_918357,leave_question,8,1782919088375,离开第10题,,,,,,
00000000000000000000000000000758,0000000000000000000000000000001d,0000000000000000000000000000001d,QT-SIM-029-2375,sim_openid_029_918357,submit_exam,-1,1782919089241,提交试卷,,,,,,
00000000000000000000000000000759,0000000000000000000000000000001e,0000000000000000000000000000001e,QT-SIM-030-4202,sim_openid_030_839976,start_exam,-1,1782919656206,开始答题,,,,,,
0000000000000000000000000000075a,0000000000000000000000000000001e,0000000000000000000000000000001e,QT-SIM-030-4202,sim_openid_030_839976,enter_exam,-1,1782919656213,进入试卷页面,,,,,,
0000000000000000000000000000075b,0000000000000000000000000000001e,0000000000000000000000000000001e,QT-SIM-030-4202,sim_openid_030_839976,enter_question,1,1782919658139,进入第1题,sorting,,,,,
0000000000000000000000000000075c,0000000000000000000000000000001e,0000000000000000000000000000001e,QT-SIM-030-4202,sim_openid_030_839976,change_sorting_option,1,1782919674529,"拖动B(2→1)，A,B,C,D → B,A,C,D",sorting,"""A,B,C,D""","""B,A,C,D""","""B""",2,1
0000000000000000000000000000075d,0000000000000000000000000000001e,0000000000000000000000000000001e,QT-SIM-030-4202,sim_openid_030_839976,change_sorting_option,1,1782919679793,"拖动B(1→2)，B,A,C,D → A,B,C,D",sorting,"""B,A,C,D""","""A,B,C,D""","""B""",1,2
0000000000000000000000000000075e,0000000000000000000000000000001e,0000000000000000000000000000001e,QT-SIM-030-4202,sim_openid_030_839976,change_sorting_option,1,1782919686288,"拖动A(1→3)，A,B,C,D → B,C,A,D",sorting,"""A,B,C,D""","""B,C,A,D""","""A""",1,3
0000000000000000000000000000075f,0000000000000000000000000000001e,0000000000000000000000000000001e,QT-SIM-030-4202,sim_openid_030_839976,change_sorting_option,1,1782919691633,"拖动B(1→2)，B,C,A,D → C,B,A,D",sorting,"""B,C,A,D""","""C,B,A,D""","""B""",1,2
00000000000000000000000000000760,0000000000000000000000000000001e,0000000000000000000000000000001e,QT-SIM-030-4202,sim_openid_030_839976,leave_question,1,1782919697906,离开第1题,,,,,,
00000000000000000000000000000761,0000000000000000000000000000001e,0000000000000000000000000000001e,QT-SIM-030-4202,sim_openid_030_839976,enter_question,4,1782919701291,进入第2题,sorting,,,,,
00000000000000000000000000000762,0000000000000000000000000000001e,0000000000000000000000000000001e,QT-SIM-030-4202,sim_openid_030_839976,change_sorting_option,4,1782919720790,"拖动B(2→3)，A,B,C,D → A,C,B,D",sorting,"""A,B,C,D""","""A,C,B,D""","""B""",2,3
00000000000000000000000000000763,0000000000000000000000000000001e,0000000000000000000000000000001e,QT-SIM-030-4202,sim_openid_030_839976,change_sorting_option,4,1782919725539,"拖动B(3→1)，A,C,B,D → B,A,C,D",sorting,"""A,C,B,D""","""B,A,C,D""","""B""",3,1
00000000000000000000000000000764,0000000000000000000000000000001e,0000000000000000000000000000001e,QT-SIM-030-4202,sim_openid_030_839976,change_sorting_option,4,1782919731970,"拖动A(2→4)，B,A,C,D → B,C,D,A",sorting,"""B,A,C,D""","""B,C,D,A""","""A""",2,4
00000000000000000000000000000765,0000000000000000000000000000001e,0000000000000000000000000000001e,QT-SIM-030-4202,sim_openid_030_839976,change_sorting_option,4,1782919735476,"拖动D(3→2)，B,C,D,A → B,D,C,A",sorting,"""B,C,D,A""","""B,D,C,A""","""D""",3,2
00000000000000000000000000000766,0000000000000000000000000000001e,0000000000000000000000000000001e,QT-SIM-030-4202,sim_openid_030_839976,leave_question,4,1782919738757,离开第2题,,,,,,
00000000000000000000000000000767,0000000000000000000000000000001e,0000000000000000000000000000001e,QT-SIM-030-4202,sim_openid_030_839976,enter_question,6,1782919741274,进入第3题,sorting,,,,,
00000000000000000000000000000768,0000000000000000000000000000001e,0000000000000000000000000000001e,QT-SIM-030-4202,sim_openid_030_839976,change_sorting_option,6,1782919748796,"拖动C(3→4)，A,B,C,D → A,B,D,C",sorting,"""A,B,C,D""","""A,B,D,C""","""C""",3,4
00000000000000000000000000000769,0000000000000000000000000000001e,0000000000000000000000000000001e,QT-SIM-030-4202,sim_openid_030_839976,change_sorting_option,6,1782919752636,"拖动A(1→3)，A,B,D,C → B,D,A,C",sorting,"""A,B,D,C""","""B,D,A,C""","""A""",1,3
0000000000000000000000000000076a,0000000000000000000000000000001e,0000000000000000000000000000001e,QT-SIM-030-4202,sim_openid_030_839976,change_sorting_option,6,1782919754965,"拖动D(2→1)，B,D,A,C → D,B,A,C",sorting,"""B,D,A,C""","""D,B,A,C""","""D""",2,1
0000000000000000000000000000076b,0000000000000000000000000000001e,0000000000000000000000000000001e,QT-SIM-030-4202,sim_openid_030_839976,change_sorting_option,6,1782919757529,"拖动C(4→3)，D,B,A,C → D,B,C,A",sorting,"""D,B,A,C""","""D,B,C,A""","""C""",4,3
0000000000000000000000000000076c,0000000000000000000000000000001e,0000000000000000000000000000001e,QT-SIM-030-4202,sim_openid_030_839976,change_sorting_option,6,1782919758706,"拖动A(4→3)，D,B,C,A → D,B,A,C",sorting,"""D,B,C,A""","""D,B,A,C""","""A""",4,3
0000000000000000000000000000076d,0000000000000000000000000000001e,0000000000000000000000000000001e,QT-SIM-030-4202,sim_openid_030_839976,leave_question,6,1782919764330,离开第3题,,,,,,
0000000000000000000000000000076e,0000000000000000000000000000001e,0000000000000000000000000000001e,QT-SIM-030-4202,sim_openid_030_839976,enter_question,2,1782919767397,进入第4题,sorting,,,,,
0000000000000000000000000000076f,0000000000000000000000000000001e,0000000000000000000000000000001e,QT-SIM-030-4202,sim_openid_030_839976,change_sorting_option,2,1782919790444,"拖动D(4→3)，A,B,C,D → A,B,D,C",sorting,"""A,B,C,D""","""A,B,D,C""","""D""",4,3
00000000000000000000000000000770,0000000000000000000000000000001e,0000000000000000000000000000001e,QT-SIM-030-4202,sim_openid_030_839976,change_sorting_option,2,1782919796449,"拖动D(3→2)，A,B,D,C → A,D,B,C",sorting,"""A,B,D,C""","""A,D,B,C""","""D""",3,2
00000000000000000000000000000771,0000000000000000000000000000001e,0000000000000000000000000000001e,QT-SIM-030-4202,sim_openid_030_839976,change_sorting_option,2,1782919798933,"拖动B(3→2)，A,D,B,C → A,B,D,C",sorting,"""A,D,B,C""","""A,B,D,C""","""B""",3,2
00000000000000000000000000000772,0000000000000000000000000000001e,0000000000000000000000000000001e,QT-SIM-030-4202,sim_openid_030_839976,leave_question,2,1782919803043,离开第4题,,,,,,
00000000000000000000000000000773,0000000000000000000000000000001e,0000000000000000000000000000001e,QT-SIM-030-4202,sim_openid_030_839976,enter_question,5,1782919803965,进入第5题,sorting,,,,,
00000000000000000000000000000774,0000000000000000000000000000001e,0000000000000000000000000000001e,QT-SIM-030-4202,sim_openid_030_839976,change_sorting_option,5,1782919826578,"拖动C(3→4)，A,B,C,D → A,B,D,C",sorting,"""A,B,C,D""","""A,B,D,C""","""C""",3,4
00000000000000000000000000000775,0000000000000000000000000000001e,0000000000000000000000000000001e,QT-SIM-030-4202,sim_openid_030_839976,change_sorting_option,5,1782919830058,"拖动D(3→2)，A,B,D,C → A,D,B,C",sorting,"""A,B,D,C""","""A,D,B,C""","""D""",3,2
00000000000000000000000000000776,0000000000000000000000000000001e,0000000000000000000000000000001e,QT-SIM-030-4202,sim_openid_030_839976,change_sorting_option,5,1782919833850,"拖动A(1→3)，A,D,B,C → D,B,A,C",sorting,"""A,D,B,C""","""D,B,A,C""","""A""",1,3
00000000000000000000000000000777,0000000000000000000000000000001e,0000000000000000000000000000001e,QT-SIM-030-4202,sim_openid_030_839976,change_sorting_option,5,1782919835294,"拖动B(2→1)，D,B,A,C → B,D,A,C",sorting,"""D,B,A,C""","""B,D,A,C""","""B""",2,1
00000000000000000000000000000778,0000000000000000000000000000001e,0000000000000000000000000000001e,QT-SIM-030-4202,sim_openid_030_839976,leave_question,5,1782919842698,离开第5题,,,,,,
00000000000000000000000000000779,0000000000000000000000000000001e,0000000000000000000000000000001e,QT-SIM-030-4202,sim_openid_030_839976,enter_question,3,1782919845615,进入第6题,sorting,,,,,
0000000000000000000000000000077a,0000000000000000000000000000001e,0000000000000000000000000000001e,QT-SIM-030-4202,sim_openid_030_839976,change_sorting_option,3,1782919861387,"拖动A(1→3)，A,B,C,D → B,C,A,D",sorting,"""A,B,C,D""","""B,C,A,D""","""A""",1,3
0000000000000000000000000000077b,0000000000000000000000000000001e,0000000000000000000000000000001e,QT-SIM-030-4202,sim_openid_030_839976,change_sorting_option,3,1782919864444,"拖动B(1→2)，B,C,A,D → C,B,A,D",sorting,"""B,C,A,D""","""C,B,A,D""","""B""",1,2
0000000000000000000000000000077c,0000000000000000000000000000001e,0000000000000000000000000000001e,QT-SIM-030-4202,sim_openid_030_839976,change_sorting_option,3,1782919868338,"拖动D(4→1)，C,B,A,D → D,C,B,A",sorting,"""C,B,A,D""","""D,C,B,A""","""D""",4,1
0000000000000000000000000000077d,0000000000000000000000000000001e,0000000000000000000000000000001e,QT-SIM-030-4202,sim_openid_030_839976,change_sorting_option,3,1782919874786,"拖动B(3→2)，D,C,B,A → D,B,C,A",sorting,"""D,C,B,A""","""D,B,C,A""","""B""",3,2
0000000000000000000000000000077e,0000000000000000000000000000001e,0000000000000000000000000000001e,QT-SIM-030-4202,sim_openid_030_839976,change_sorting_option,3,1782919879439,"拖动C(3→4)，D,B,C,A → D,B,A,C",sorting,"""D,B,C,A""","""D,B,A,C""","""C""",3,4
0000000000000000000000000000077f,0000000000000000000000000000001e,0000000000000000000000000000001e,QT-SIM-030-4202,sim_openid_030_839976,leave_question,3,1782919886771,离开第6题,,,,,,
00000000000000000000000000000780,0000000000000000000000000000001e,0000000000000000000000000000001e,QT-SIM-030-4202,sim_openid_030_839976,enter_question,9,1782919889825,进入第7题,sorting,,,,,
00000000000000000000000000000781,0000000000000000000000000000001e,0000000000000000000000000000001e,QT-SIM-030-4202,sim_openid_030_839976,change_sorting_option,9,1782919896513,"拖动A(1→2)，A,B,C,D → B,A,C,D",sorting,"""A,B,C,D""","""B,A,C,D""","""A""",1,2
00000000000000000000000000000782,0000000000000000000000000000001e,0000000000000000000000000000001e,QT-SIM-030-4202,sim_openid_030_839976,change_sorting_option,9,1782919900844,"拖动C(3→2)，B,A,C,D → B,C,A,D",sorting,"""B,A,C,D""","""B,C,A,D""","""C""",3,2
00000000000000000000000000000783,0000000000000000000000000000001e,0000000000000000000000000000001e,QT-SIM-030-4202,sim_openid_030_839976,change_sorting_option,9,1782919905219,"拖动A(3→1)，B,C,A,D → A,B,C,D",sorting,"""B,C,A,D""","""A,B,C,D""","""A""",3,1
00000000000000000000000000000784,0000000000000000000000000000001e,0000000000000000000000000000001e,QT-SIM-030-4202,sim_openid_030_839976,change_sorting_option,9,1782919907497,"拖动D(4→3)，A,B,C,D → A,B,D,C",sorting,"""A,B,C,D""","""A,B,D,C""","""D""",4,3
00000000000000000000000000000785,0000000000000000000000000000001e,0000000000000000000000000000001e,QT-SIM-030-4202,sim_openid_030_839976,leave_question,9,1782919914194,离开第7题,,,,,,
00000000000000000000000000000786,0000000000000000000000000000001e,0000000000000000000000000000001e,QT-SIM-030-4202,sim_openid_030_839976,enter_question,10,1782919915522,进入第8题,sorting,,,,,
00000000000000000000000000000787,0000000000000000000000000000001e,0000000000000000000000000000001e,QT-SIM-030-4202,sim_openid_030_839976,change_sorting_option,10,1782919938659,"拖动A(1→3)，A,B,C,D → B,C,A,D",sorting,"""A,B,C,D""","""B,C,A,D""","""A""",1,3
00000000000000000000000000000788,0000000000000000000000000000001e,0000000000000000000000000000001e,QT-SIM-030-4202,sim_openid_030_839976,change_sorting_option,10,1782919941515,"拖动C(2→4)，B,C,A,D → B,A,D,C",sorting,"""B,C,A,D""","""B,A,D,C""","""C""",2,4
00000000000000000000000000000789,0000000000000000000000000000001e,0000000000000000000000000000001e,QT-SIM-030-4202,sim_openid_030_839976,change_sorting_option,10,1782919943495,"拖动A(2→3)，B,A,D,C → B,D,A,C",sorting,"""B,A,D,C""","""B,D,A,C""","""A""",2,3
0000000000000000000000000000078a,0000000000000000000000000000001e,0000000000000000000000000000001e,QT-SIM-030-4202,sim_openid_030_839976,change_sorting_option,10,1782919949291,"拖动D(2→1)，B,D,A,C → D,B,A,C",sorting,"""B,D,A,C""","""D,B,A,C""","""D""",2,1
0000000000000000000000000000078b,0000000000000000000000000000001e,0000000000000000000000000000001e,QT-SIM-030-4202,sim_openid_030_839976,leave_question,10,1782919957855,离开第8题,,,,,,
0000000000000000000000000000078c,0000000000000000000000000000001e,0000000000000000000000000000001e,QT-SIM-030-4202,sim_openid_030_839976,enter_question,7,1782919960827,进入第9题,sorting,,,,,
0000000000000000000000000000078d,0000000000000000000000000000001e,0000000000000000000000000000001e,QT-SIM-030-4202,sim_openid_030_839976,change_sorting_option,7,1782919970633,"拖动B(2→1)，A,B,C,D → B,A,C,D",sorting,"""A,B,C,D""","""B,A,C,D""","""B""",2,1
0000000000000000000000000000078e,0000000000000000000000000000001e,0000000000000000000000000000001e,QT-SIM-030-4202,sim_openid_030_839976,change_sorting_option,7,1782919974150,"拖动A(2→3)，B,A,C,D → B,C,A,D",sorting,"""B,A,C,D""","""B,C,A,D""","""A""",2,3
0000000000000000000000000000078f,0000000000000000000000000000001e,0000000000000000000000000000001e,QT-SIM-030-4202,sim_openid_030_839976,change_sorting_option,7,1782919978986,"拖动C(2→4)，B,C,A,D → B,A,D,C",sorting,"""B,C,A,D""","""B,A,D,C""","""C""",2,4
00000000000000000000000000000790,0000000000000000000000000000001e,0000000000000000000000000000001e,QT-SIM-030-4202,sim_openid_030_839976,change_sorting_option,7,1782919984001,"拖动A(2→3)，B,A,D,C → B,D,A,C",sorting,"""B,A,D,C""","""B,D,A,C""","""A""",2,3
00000000000000000000000000000791,0000000000000000000000000000001e,0000000000000000000000000000001e,QT-SIM-030-4202,sim_openid_030_839976,leave_question,7,1782919989566,离开第9题,,,,,,
00000000000000000000000000000792,0000000000000000000000000000001e,0000000000000000000000000000001e,QT-SIM-030-4202,sim_openid_030_839976,enter_question,8,1782919992403,进入第10题,sorting,,,,,
00000000000000000000000000000793,0000000000000000000000000000001e,0000000000000000000000000000001e,QT-SIM-030-4202,sim_openid_030_839976,change_sorting_option,8,1782920014203,"拖动D(4→2)，A,B,C,D → A,D,B,C",sorting,"""A,B,C,D""","""A,D,B,C""","""D""",4,2
00000000000000000000000000000794,0000000000000000000000000000001e,0000000000000000000000000000001e,QT-SIM-030-4202,sim_openid_030_839976,change_sorting_option,8,1782920016679,"拖动C(4→3)，A,D,B,C → A,D,C,B",sorting,"""A,D,B,C""","""A,D,C,B""","""C""",4,3
00000000000000000000000000000795,0000000000000000000000000000001e,0000000000000000000000000000001e,QT-SIM-030-4202,sim_openid_030_839976,change_sorting_option,8,1782920023048,"拖动B(4→1)，A,D,C,B → B,A,D,C",sorting,"""A,D,C,B""","""B,A,D,C""","""B""",4,1
00000000000000000000000000000796,0000000000000000000000000000001e,0000000000000000000000000000001e,QT-SIM-030-4202,sim_openid_030_839976,change_sorting_option,8,1782920026128,"拖动C(4→3)，B,A,D,C → B,A,C,D",sorting,"""B,A,D,C""","""B,A,C,D""","""C""",4,3
00000000000000000000000000000797,0000000000000000000000000000001e,0000000000000000000000000000001e,QT-SIM-030-4202,sim_openid_030_839976,change_sorting_option,8,1782920027488,"拖动D(4→2)，B,A,C,D → B,D,A,C",sorting,"""B,A,C,D""","""B,D,A,C""","""D""",4,2
00000000000000000000000000000798,0000000000000000000000000000001e,0000000000000000000000000000001e,QT-SIM-030-4202,sim_openid_030_839976,change_sorting_option,8,1782920032071,"拖动A(3→4)，B,D,A,C → B,D,C,A",sorting,"""B,D,A,C""","""B,D,C,A""","""A""",3,4
00000000000000000000000000000799,0000000000000000000000000000001e,0000000000000000000000000000001e,QT-SIM-030-4202,sim_openid_030_839976,leave_question,8,1782920038082,离开第10题,,,,,,
0000000000000000000000000000079a,0000000000000000000000000000001e,0000000000000000000000000000001e,QT-SIM-030-4202,sim_openid_030_839976,submit_exam,-1,1782920038239,提交试卷,,,,,,
0000000000000000000000000000079b,0000000000000000000000000000001f,0000000000000000000000000000001f,QT-SIM-031-6956,sim_openid_031_118844,start_exam,-1,1782920552086,开始答题,,,,,,
0000000000000000000000000000079c,0000000000000000000000000000001f,0000000000000000000000000000001f,QT-SIM-031-6956,sim_openid_031_118844,enter_exam,-1,1782920552130,进入试卷页面,,,,,,
0000000000000000000000000000079d,0000000000000000000000000000001f,0000000000000000000000000000001f,QT-SIM-031-6956,sim_openid_031_118844,enter_question,1,1782920555614,进入第1题,sorting,,,,,
0000000000000000000000000000079e,0000000000000000000000000000001f,0000000000000000000000000000001f,QT-SIM-031-6956,sim_openid_031_118844,change_sorting_option,1,1782920578495,"拖动C(3→4)，A,B,C,D → A,B,D,C",sorting,"""A,B,C,D""","""A,B,D,C""","""C""",3,4
0000000000000000000000000000079f,0000000000000000000000000000001f,0000000000000000000000000000001f,QT-SIM-031-6956,sim_openid_031_118844,change_sorting_option,1,1782920584737,"拖动A(1→3)，A,B,D,C → B,D,A,C",sorting,"""A,B,D,C""","""B,D,A,C""","""A""",1,3
000000000000000000000000000007a0,0000000000000000000000000000001f,0000000000000000000000000000001f,QT-SIM-031-6956,sim_openid_031_118844,change_sorting_option,1,1782920588310,"拖动D(2→3)，B,D,A,C → B,A,D,C",sorting,"""B,D,A,C""","""B,A,D,C""","""D""",2,3
000000000000000000000000000007a1,0000000000000000000000000000001f,0000000000000000000000000000001f,QT-SIM-031-6956,sim_openid_031_118844,change_sorting_option,1,1782920593455,"拖动B(1→2)，B,A,D,C → A,B,D,C",sorting,"""B,A,D,C""","""A,B,D,C""","""B""",1,2
000000000000000000000000000007a2,0000000000000000000000000000001f,0000000000000000000000000000001f,QT-SIM-031-6956,sim_openid_031_118844,leave_question,1,1782920600050,离开第1题,,,,,,
000000000000000000000000000007a3,0000000000000000000000000000001f,0000000000000000000000000000001f,QT-SIM-031-6956,sim_openid_031_118844,enter_question,4,1782920602991,进入第2题,sorting,,,,,
000000000000000000000000000007a4,0000000000000000000000000000001f,0000000000000000000000000000001f,QT-SIM-031-6956,sim_openid_031_118844,change_sorting_option,4,1782920619106,"拖动D(4→3)，A,B,C,D → A,B,D,C",sorting,"""A,B,C,D""","""A,B,D,C""","""D""",4,3
000000000000000000000000000007a5,0000000000000000000000000000001f,0000000000000000000000000000001f,QT-SIM-031-6956,sim_openid_031_118844,change_sorting_option,4,1782920624407,"拖动C(4→2)，A,B,D,C → A,C,B,D",sorting,"""A,B,D,C""","""A,C,B,D""","""C""",4,2
000000000000000000000000000007a6,0000000000000000000000000000001f,0000000000000000000000000000001f,QT-SIM-031-6956,sim_openid_031_118844,change_sorting_option,4,1782920627891,"拖动D(4→3)，A,C,B,D → A,C,D,B",sorting,"""A,C,B,D""","""A,C,D,B""","""D""",4,3
000000000000000000000000000007a7,0000000000000000000000000000001f,0000000000000000000000000000001f,QT-SIM-031-6956,sim_openid_031_118844,change_sorting_option,4,1782920634274,"拖动B(4→1)，A,C,D,B → B,A,C,D",sorting,"""A,C,D,B""","""B,A,C,D""","""B""",4,1
000000000000000000000000000007a8,0000000000000000000000000000001f,0000000000000000000000000000001f,QT-SIM-031-6956,sim_openid_031_118844,change_sorting_option,4,1782920635600,"拖动C(3→2)，B,A,C,D → B,C,A,D",sorting,"""B,A,C,D""","""B,C,A,D""","""C""",3,2
000000000000000000000000000007a9,0000000000000000000000000000001f,0000000000000000000000000000001f,QT-SIM-031-6956,sim_openid_031_118844,change_sorting_option,4,1782920638393,"拖动A(3→4)，B,C,A,D → B,C,D,A",sorting,"""B,C,A,D""","""B,C,D,A""","""A""",3,4
000000000000000000000000000007aa,0000000000000000000000000000001f,0000000000000000000000000000001f,QT-SIM-031-6956,sim_openid_031_118844,leave_question,4,1782920646447,离开第2题,,,,,,
000000000000000000000000000007ab,0000000000000000000000000000001f,0000000000000000000000000000001f,QT-SIM-031-6956,sim_openid_031_118844,enter_question,6,1782920648867,进入第3题,sorting,,,,,
000000000000000000000000000007ac,0000000000000000000000000000001f,0000000000000000000000000000001f,QT-SIM-031-6956,sim_openid_031_118844,change_sorting_option,6,1782920668964,"拖动C(3→1)，A,B,C,D → C,A,B,D",sorting,"""A,B,C,D""","""C,A,B,D""","""C""",3,1
000000000000000000000000000007ad,0000000000000000000000000000001f,0000000000000000000000000000001f,QT-SIM-031-6956,sim_openid_031_118844,change_sorting_option,6,1782920670147,"拖动A(2→3)，C,A,B,D → C,B,A,D",sorting,"""C,A,B,D""","""C,B,A,D""","""A""",2,3
000000000000000000000000000007ae,0000000000000000000000000000001f,0000000000000000000000000000001f,QT-SIM-031-6956,sim_openid_031_118844,change_sorting_option,6,1782920671822,"拖动B(2→3)，C,B,A,D → C,A,B,D",sorting,"""C,B,A,D""","""C,A,B,D""","""B""",2,3
000000000000000000000000000007af,0000000000000000000000000000001f,0000000000000000000000000000001f,QT-SIM-031-6956,sim_openid_031_118844,change_sorting_option,6,1782920673925,"拖动A(2→3)，C,A,B,D → C,B,A,D",sorting,"""C,A,B,D""","""C,B,A,D""","""A""",2,3
000000000000000000000000000007b0,0000000000000000000000000000001f,0000000000000000000000000000001f,QT-SIM-031-6956,sim_openid_031_118844,leave_question,6,1782920681914,离开第3题,,,,,,
000000000000000000000000000007b1,0000000000000000000000000000001f,0000000000000000000000000000001f,QT-SIM-031-6956,sim_openid_031_118844,enter_question,2,1782920683626,进入第4题,sorting,,,,,
000000000000000000000000000007b2,0000000000000000000000000000001f,0000000000000000000000000000001f,QT-SIM-031-6956,sim_openid_031_118844,change_sorting_option,2,1782920697951,"拖动B(2→3)，A,B,C,D → A,C,B,D",sorting,"""A,B,C,D""","""A,C,B,D""","""B""",2,3
000000000000000000000000000007b3,0000000000000000000000000000001f,0000000000000000000000000000001f,QT-SIM-031-6956,sim_openid_031_118844,change_sorting_option,2,1782920703195,"拖动B(3→1)，A,C,B,D → B,A,C,D",sorting,"""A,C,B,D""","""B,A,C,D""","""B""",3,1
000000000000000000000000000007b4,0000000000000000000000000000001f,0000000000000000000000000000001f,QT-SIM-031-6956,sim_openid_031_118844,change_sorting_option,2,1782920707982,"拖动B(1→3)，B,A,C,D → A,C,B,D",sorting,"""B,A,C,D""","""A,C,B,D""","""B""",1,3
000000000000000000000000000007b5,0000000000000000000000000000001f,0000000000000000000000000000001f,QT-SIM-031-6956,sim_openid_031_118844,change_sorting_option,2,1782920711796,"拖动A(1→2)，A,C,B,D → C,A,B,D",sorting,"""A,C,B,D""","""C,A,B,D""","""A""",1,2
000000000000000000000000000007b6,0000000000000000000000000000001f,0000000000000000000000000000001f,QT-SIM-031-6956,sim_openid_031_118844,change_sorting_option,2,1782920718022,"拖动C(1→2)，C,A,B,D → A,C,B,D",sorting,"""C,A,B,D""","""A,C,B,D""","""C""",1,2
000000000000000000000000000007b7,0000000000000000000000000000001f,0000000000000000000000000000001f,QT-SIM-031-6956,sim_openid_031_118844,leave_question,2,1782920725069,离开第4题,,,,,,
000000000000000000000000000007b8,0000000000000000000000000000001f,0000000000000000000000000000001f,QT-SIM-031-6956,sim_openid_031_118844,enter_question,5,1782920726724,进入第5题,sorting,,,,,
000000000000000000000000000007b9,0000000000000000000000000000001f,0000000000000000000000000000001f,QT-SIM-031-6956,sim_openid_031_118844,change_sorting_option,5,1782920741267,"拖动B(2→4)，A,B,C,D → A,C,D,B",sorting,"""A,B,C,D""","""A,C,D,B""","""B""",2,4
000000000000000000000000000007ba,0000000000000000000000000000001f,0000000000000000000000000000001f,QT-SIM-031-6956,sim_openid_031_118844,change_sorting_option,5,1782920746061,"拖动D(3→1)，A,C,D,B → D,A,C,B",sorting,"""A,C,D,B""","""D,A,C,B""","""D""",3,1
000000000000000000000000000007bb,0000000000000000000000000000001f,0000000000000000000000000000001f,QT-SIM-031-6956,sim_openid_031_118844,change_sorting_option,5,1782920748451,"拖动C(3→2)，D,A,C,B → D,C,A,B",sorting,"""D,A,C,B""","""D,C,A,B""","""C""",3,2
000000000000000000000000000007bc,0000000000000000000000000000001f,0000000000000000000000000000001f,QT-SIM-031-6956,sim_openid_031_118844,change_sorting_option,5,1782920751285,"拖动D(1→3)，D,C,A,B → C,A,D,B",sorting,"""D,C,A,B""","""C,A,D,B""","""D""",1,3
000000000000000000000000000007bd,0000000000000000000000000000001f,0000000000000000000000000000001f,QT-SIM-031-6956,sim_openid_031_118844,change_sorting_option,5,1782920754903,"拖动A(2→1)，C,A,D,B → A,C,D,B",sorting,"""C,A,D,B""","""A,C,D,B""","""A""",2,1
000000000000000000000000000007be,0000000000000000000000000000001f,0000000000000000000000000000001f,QT-SIM-031-6956,sim_openid_031_118844,leave_question,5,1782920763658,离开第5题,,,,,,
000000000000000000000000000007bf,0000000000000000000000000000001f,0000000000000000000000000000001f,QT-SIM-031-6956,sim_openid_031_118844,enter_question,3,1782920766778,进入第6题,sorting,,,,,
000000000000000000000000000007c0,0000000000000000000000000000001f,0000000000000000000000000000001f,QT-SIM-031-6956,sim_openid_031_118844,change_sorting_option,3,1782920788341,"拖动C(3→1)，A,B,C,D → C,A,B,D",sorting,"""A,B,C,D""","""C,A,B,D""","""C""",3,1
000000000000000000000000000007c1,0000000000000000000000000000001f,0000000000000000000000000000001f,QT-SIM-031-6956,sim_openid_031_118844,change_sorting_option,3,1782920790168,"拖动C(1→4)，C,A,B,D → A,B,D,C",sorting,"""C,A,B,D""","""A,B,D,C""","""C""",1,4
000000000000000000000000000007c2,0000000000000000000000000000001f,0000000000000000000000000000001f,QT-SIM-031-6956,sim_openid_031_118844,change_sorting_option,3,1782920792748,"拖动C(4→1)，A,B,D,C → C,A,B,D",sorting,"""A,B,D,C""","""C,A,B,D""","""C""",4,1
000000000000000000000000000007c3,0000000000000000000000000000001f,0000000000000000000000000000001f,QT-SIM-031-6956,sim_openid_031_118844,change_sorting_option,3,1782920797861,"拖动B(3→4)，C,A,B,D → C,A,D,B",sorting,"""C,A,B,D""","""C,A,D,B""","""B""",3,4
000000000000000000000000000007c4,0000000000000000000000000000001f,0000000000000000000000000000001f,QT-SIM-031-6956,sim_openid_031_118844,change_sorting_option,3,1782920803811,"拖动A(2→3)，C,A,D,B → C,D,A,B",sorting,"""C,A,D,B""","""C,D,A,B""","""A""",2,3
000000000000000000000000000007c5,0000000000000000000000000000001f,0000000000000000000000000000001f,QT-SIM-031-6956,sim_openid_031_118844,leave_question,3,1782920810406,离开第6题,,,,,,
000000000000000000000000000007c6,0000000000000000000000000000001f,0000000000000000000000000000001f,QT-SIM-031-6956,sim_openid_031_118844,enter_question,9,1782920813737,进入第7题,sorting,,,,,
000000000000000000000000000007c7,0000000000000000000000000000001f,0000000000000000000000000000001f,QT-SIM-031-6956,sim_openid_031_118844,change_sorting_option,9,1782920830994,"拖动D(4→2)，A,B,C,D → A,D,B,C",sorting,"""A,B,C,D""","""A,D,B,C""","""D""",4,2
000000000000000000000000000007c8,0000000000000000000000000000001f,0000000000000000000000000000001f,QT-SIM-031-6956,sim_openid_031_118844,change_sorting_option,9,1782920834477,"拖动B(3→1)，A,D,B,C → B,A,D,C",sorting,"""A,D,B,C""","""B,A,D,C""","""B""",3,1
000000000000000000000000000007c9,0000000000000000000000000000001f,0000000000000000000000000000001f,QT-SIM-031-6956,sim_openid_031_118844,change_sorting_option,9,1782920838846,"拖动A(2→3)，B,A,D,C → B,D,A,C",sorting,"""B,A,D,C""","""B,D,A,C""","""A""",2,3
000000000000000000000000000007ca,0000000000000000000000000000001f,0000000000000000000000000000001f,QT-SIM-031-6956,sim_openid_031_118844,change_sorting_option,9,1782920839931,"拖动B(1→2)，B,D,A,C → D,B,A,C",sorting,"""B,D,A,C""","""D,B,A,C""","""B""",1,2
000000000000000000000000000007cb,0000000000000000000000000000001f,0000000000000000000000000000001f,QT-SIM-031-6956,sim_openid_031_118844,change_sorting_option,9,1782920846339,"拖动D(1→4)，D,B,A,C → B,A,C,D",sorting,"""D,B,A,C""","""B,A,C,D""","""D""",1,4
000000000000000000000000000007cc,0000000000000000000000000000001f,0000000000000000000000000000001f,QT-SIM-031-6956,sim_openid_031_118844,change_sorting_option,9,1782920848422,"拖动C(3→4)，B,A,C,D → B,A,D,C",sorting,"""B,A,C,D""","""B,A,D,C""","""C""",3,4
000000000000000000000000000007cd,0000000000000000000000000000001f,0000000000000000000000000000001f,QT-SIM-031-6956,sim_openid_031_118844,change_sorting_option,9,1782920854709,"拖动D(3→2)，B,A,D,C → B,D,A,C",sorting,"""B,A,D,C""","""B,D,A,C""","""D""",3,2
000000000000000000000000000007ce,0000000000000000000000000000001f,0000000000000000000000000000001f,QT-SIM-031-6956,sim_openid_031_118844,leave_question,9,1782920861366,离开第7题,,,,,,
000000000000000000000000000007cf,0000000000000000000000000000001f,0000000000000000000000000000001f,QT-SIM-031-6956,sim_openid_031_118844,enter_question,10,1782920862571,进入第8题,sorting,,,,,
000000000000000000000000000007d0,0000000000000000000000000000001f,0000000000000000000000000000001f,QT-SIM-031-6956,sim_openid_031_118844,change_sorting_option,10,1782920875972,"拖动B(2→3)，A,B,C,D → A,C,B,D",sorting,"""A,B,C,D""","""A,C,B,D""","""B""",2,3
000000000000000000000000000007d1,0000000000000000000000000000001f,0000000000000000000000000000001f,QT-SIM-031-6956,sim_openid_031_118844,change_sorting_option,10,1782920881127,"拖动A(1→2)，A,C,B,D → C,A,B,D",sorting,"""A,C,B,D""","""C,A,B,D""","""A""",1,2
000000000000000000000000000007d2,0000000000000000000000000000001f,0000000000000000000000000000001f,QT-SIM-031-6956,sim_openid_031_118844,leave_question,10,1782920888540,离开第8题,,,,,,
000000000000000000000000000007d3,0000000000000000000000000000001f,0000000000000000000000000000001f,QT-SIM-031-6956,sim_openid_031_118844,enter_question,7,1782920891440,进入第9题,sorting,,,,,
000000000000000000000000000007d4,0000000000000000000000000000001f,0000000000000000000000000000001f,QT-SIM-031-6956,sim_openid_031_118844,change_sorting_option,7,1782920902506,"拖动B(2→4)，A,B,C,D → A,C,D,B",sorting,"""A,B,C,D""","""A,C,D,B""","""B""",2,4
000000000000000000000000000007d5,0000000000000000000000000000001f,0000000000000000000000000000001f,QT-SIM-031-6956,sim_openid_031_118844,change_sorting_option,7,1782920907699,"拖动C(2→3)，A,C,D,B → A,D,C,B",sorting,"""A,C,D,B""","""A,D,C,B""","""C""",2,3
000000000000000000000000000007d6,0000000000000000000000000000001f,0000000000000000000000000000001f,QT-SIM-031-6956,sim_openid_031_118844,leave_question,7,1782920914814,离开第9题,,,,,,
000000000000000000000000000007d7,0000000000000000000000000000001f,0000000000000000000000000000001f,QT-SIM-031-6956,sim_openid_031_118844,enter_question,8,1782920918128,进入第10题,sorting,,,,,
000000000000000000000000000007d8,0000000000000000000000000000001f,0000000000000000000000000000001f,QT-SIM-031-6956,sim_openid_031_118844,change_sorting_option,8,1782920927495,"拖动D(4→1)，A,B,C,D → D,A,B,C",sorting,"""A,B,C,D""","""D,A,B,C""","""D""",4,1
000000000000000000000000000007d9,0000000000000000000000000000001f,0000000000000000000000000000001f,QT-SIM-031-6956,sim_openid_031_118844,change_sorting_option,8,1782920930036,"拖动B(3→4)，D,A,B,C → D,A,C,B",sorting,"""D,A,B,C""","""D,A,C,B""","""B""",3,4
000000000000000000000000000007da,0000000000000000000000000000001f,0000000000000000000000000000001f,QT-SIM-031-6956,sim_openid_031_118844,leave_question,8,1782920937488,离开第10题,,,,,,
000000000000000000000000000007db,0000000000000000000000000000001f,0000000000000000000000000000001f,QT-SIM-031-6956,sim_openid_031_118844,submit_exam,-1,1782920937771,提交试卷,,,,,,
000000000000000000000000000007dc,00000000000000000000000000000020,00000000000000000000000000000020,QT-SIM-032-5781,sim_openid_032_852002,start_exam,-1,1782921456497,开始答题,,,,,,
000000000000000000000000000007dd,00000000000000000000000000000020,00000000000000000000000000000020,QT-SIM-032-5781,sim_openid_032_852002,enter_exam,-1,1782921456508,进入试卷页面,,,,,,
000000000000000000000000000007de,00000000000000000000000000000020,00000000000000000000000000000020,QT-SIM-032-5781,sim_openid_032_852002,enter_question,1,1782921458837,进入第1题,sorting,,,,,
000000000000000000000000000007df,00000000000000000000000000000020,00000000000000000000000000000020,QT-SIM-032-5781,sim_openid_032_852002,leave_question,1,1782921486172,离开第1题,,,,,,
000000000000000000000000000007e0,00000000000000000000000000000020,00000000000000000000000000000020,QT-SIM-032-5781,sim_openid_032_852002,enter_question,4,1782921487892,进入第2题,sorting,,,,,
000000000000000000000000000007e1,00000000000000000000000000000020,00000000000000000000000000000020,QT-SIM-032-5781,sim_openid_032_852002,change_sorting_option,4,1782921500794,"拖动D(4→1)，A,B,C,D → D,A,B,C",sorting,"""A,B,C,D""","""D,A,B,C""","""D""",4,1
000000000000000000000000000007e2,00000000000000000000000000000020,00000000000000000000000000000020,QT-SIM-032-5781,sim_openid_032_852002,change_sorting_option,4,1782921504529,"拖动D(1→4)，D,A,B,C → A,B,C,D",sorting,"""D,A,B,C""","""A,B,C,D""","""D""",1,4
000000000000000000000000000007e3,00000000000000000000000000000020,00000000000000000000000000000020,QT-SIM-032-5781,sim_openid_032_852002,change_sorting_option,4,1782921512518,"拖动B(2→3)，A,B,C,D → A,C,B,D",sorting,"""A,B,C,D""","""A,C,B,D""","""B""",2,3
000000000000000000000000000007e4,00000000000000000000000000000020,00000000000000000000000000000020,QT-SIM-032-5781,sim_openid_032_852002,change_sorting_option,4,1782921519259,"拖动D(4→1)，A,C,B,D → D,A,C,B",sorting,"""A,C,B,D""","""D,A,C,B""","""D""",4,1
000000000000000000000000000007e5,00000000000000000000000000000020,00000000000000000000000000000020,QT-SIM-032-5781,sim_openid_032_852002,change_sorting_option,4,1782921522800,"拖动C(3→2)，D,A,C,B → D,C,A,B",sorting,"""D,A,C,B""","""D,C,A,B""","""C""",3,2
000000000000000000000000000007e6,00000000000000000000000000000020,00000000000000000000000000000020,QT-SIM-032-5781,sim_openid_032_852002,change_sorting_option,4,1782921526008,"拖动D(1→4)，D,C,A,B → C,A,B,D",sorting,"""D,C,A,B""","""C,A,B,D""","""D""",1,4
000000000000000000000000000007e7,00000000000000000000000000000020,00000000000000000000000000000020,QT-SIM-032-5781,sim_openid_032_852002,change_sorting_option,4,1782921532030,"拖动C(1→2)，C,A,B,D → A,C,B,D",sorting,"""C,A,B,D""","""A,C,B,D""","""C""",1,2
000000000000000000000000000007e8,00000000000000000000000000000020,00000000000000000000000000000020,QT-SIM-032-5781,sim_openid_032_852002,leave_question,4,1782921536657,离开第2题,,,,,,
000000000000000000000000000007e9,00000000000000000000000000000020,00000000000000000000000000000020,QT-SIM-032-5781,sim_openid_032_852002,enter_question,6,1782921538083,进入第3题,sorting,,,,,
000000000000000000000000000007ea,00000000000000000000000000000020,00000000000000000000000000000020,QT-SIM-032-5781,sim_openid_032_852002,change_sorting_option,6,1782921563909,"拖动A(1→4)，A,B,C,D → B,C,D,A",sorting,"""A,B,C,D""","""B,C,D,A""","""A""",1,4
000000000000000000000000000007eb,00000000000000000000000000000020,00000000000000000000000000000020,QT-SIM-032-5781,sim_openid_032_852002,change_sorting_option,6,1782921565965,"拖动D(3→2)，B,C,D,A → B,D,C,A",sorting,"""B,C,D,A""","""B,D,C,A""","""D""",3,2
000000000000000000000000000007ec,00000000000000000000000000000020,00000000000000000000000000000020,QT-SIM-032-5781,sim_openid_032_852002,leave_question,6,1782921574317,离开第3题,,,,,,
000000000000000000000000000007ed,00000000000000000000000000000020,00000000000000000000000000000020,QT-SIM-032-5781,sim_openid_032_852002,enter_question,2,1782921575735,进入第4题,sorting,,,,,
000000000000000000000000000007ee,00000000000000000000000000000020,00000000000000000000000000000020,QT-SIM-032-5781,sim_openid_032_852002,change_sorting_option,2,1782921598505,"拖动B(2→4)，A,B,C,D → A,C,D,B",sorting,"""A,B,C,D""","""A,C,D,B""","""B""",2,4
000000000000000000000000000007ef,00000000000000000000000000000020,00000000000000000000000000000020,QT-SIM-032-5781,sim_openid_032_852002,change_sorting_option,2,1782921600225,"拖动C(2→4)，A,C,D,B → A,D,B,C",sorting,"""A,C,D,B""","""A,D,B,C""","""C""",2,4
000000000000000000000000000007f0,00000000000000000000000000000020,00000000000000000000000000000020,QT-SIM-032-5781,sim_openid_032_852002,change_sorting_option,2,1782921605428,"拖动B(3→1)，A,D,B,C → B,A,D,C",sorting,"""A,D,B,C""","""B,A,D,C""","""B""",3,1
000000000000000000000000000007f1,00000000000000000000000000000020,00000000000000000000000000000020,QT-SIM-032-5781,sim_openid_032_852002,change_sorting_option,2,1782921611516,"拖动B(1→2)，B,A,D,C → A,B,D,C",sorting,"""B,A,D,C""","""A,B,D,C""","""B""",1,2
000000000000000000000000000007f2,00000000000000000000000000000020,00000000000000000000000000000020,QT-SIM-032-5781,sim_openid_032_852002,change_sorting_option,2,1782921618912,"拖动A(1→2)，A,B,D,C → B,A,D,C",sorting,"""A,B,D,C""","""B,A,D,C""","""A""",1,2
000000000000000000000000000007f3,00000000000000000000000000000020,00000000000000000000000000000020,QT-SIM-032-5781,sim_openid_032_852002,leave_question,2,1782921624769,离开第4题,,,,,,
000000000000000000000000000007f4,00000000000000000000000000000020,00000000000000000000000000000020,QT-SIM-032-5781,sim_openid_032_852002,enter_question,5,1782921626939,进入第5题,sorting,,,,,
000000000000000000000000000007f5,00000000000000000000000000000020,00000000000000000000000000000020,QT-SIM-032-5781,sim_openid_032_852002,change_sorting_option,5,1782921643525,"拖动A(1→4)，A,B,C,D → B,C,D,A",sorting,"""A,B,C,D""","""B,C,D,A""","""A""",1,4
000000000000000000000000000007f6,00000000000000000000000000000020,00000000000000000000000000000020,QT-SIM-032-5781,sim_openid_032_852002,change_sorting_option,5,1782921651089,"拖动D(3→4)，B,C,D,A → B,C,A,D",sorting,"""B,C,D,A""","""B,C,A,D""","""D""",3,4
000000000000000000000000000007f7,00000000000000000000000000000020,00000000000000000000000000000020,QT-SIM-032-5781,sim_openid_032_852002,change_sorting_option,5,1782921653180,"拖动A(3→2)，B,C,A,D → B,A,C,D",sorting,"""B,C,A,D""","""B,A,C,D""","""A""",3,2
000000000000000000000000000007f8,00000000000000000000000000000020,00000000000000000000000000000020,QT-SIM-032-5781,sim_openid_032_852002,change_sorting_option,5,1782921656530,"拖动C(3→4)，B,A,C,D → B,A,D,C",sorting,"""B,A,C,D""","""B,A,D,C""","""C""",3,4
000000000000000000000000000007f9,00000000000000000000000000000020,00000000000000000000000000000020,QT-SIM-032-5781,sim_openid_032_852002,change_sorting_option,5,1782921657904,"拖动B(1→3)，B,A,D,C → A,D,B,C",sorting,"""B,A,D,C""","""A,D,B,C""","""B""",1,3
000000000000000000000000000007fa,00000000000000000000000000000020,00000000000000000000000000000020,QT-SIM-032-5781,sim_openid_032_852002,change_sorting_option,5,1782921660654,"拖动C(4→2)，A,D,B,C → A,C,D,B",sorting,"""A,D,B,C""","""A,C,D,B""","""C""",4,2
000000000000000000000000000007fb,00000000000000000000000000000020,00000000000000000000000000000020,QT-SIM-032-5781,sim_openid_032_852002,change_sorting_option,5,1782921664688,"拖动B(4→1)，A,C,D,B → B,A,C,D",sorting,"""A,C,D,B""","""B,A,C,D""","""B""",4,1
000000000000000000000000000007fc,00000000000000000000000000000020,00000000000000000000000000000020,QT-SIM-032-5781,sim_openid_032_852002,change_sorting_option,5,1782921669683,"拖动D(4→3)，B,A,C,D → B,A,D,C",sorting,"""B,A,C,D""","""B,A,D,C""","""D""",4,3
000000000000000000000000000007fd,00000000000000000000000000000020,00000000000000000000000000000020,QT-SIM-032-5781,sim_openid_032_852002,leave_question,5,1782921673158,离开第5题,,,,,,
000000000000000000000000000007fe,00000000000000000000000000000020,00000000000000000000000000000020,QT-SIM-032-5781,sim_openid_032_852002,enter_question,3,1782921676445,进入第6题,sorting,,,,,
000000000000000000000000000007ff,00000000000000000000000000000020,00000000000000000000000000000020,QT-SIM-032-5781,sim_openid_032_852002,change_sorting_option,3,1782921696123,"拖动C(3→4)，A,B,C,D → A,B,D,C",sorting,"""A,B,C,D""","""A,B,D,C""","""C""",3,4
00000000000000000000000000000800,00000000000000000000000000000020,00000000000000000000000000000020,QT-SIM-032-5781,sim_openid_032_852002,change_sorting_option,3,1782921703147,"拖动D(3→1)，A,B,D,C → D,A,B,C",sorting,"""A,B,D,C""","""D,A,B,C""","""D""",3,1
00000000000000000000000000000801,00000000000000000000000000000020,00000000000000000000000000000020,QT-SIM-032-5781,sim_openid_032_852002,change_sorting_option,3,1782921706681,"拖动A(2→1)，D,A,B,C → A,D,B,C",sorting,"""D,A,B,C""","""A,D,B,C""","""A""",2,1
00000000000000000000000000000802,00000000000000000000000000000020,00000000000000000000000000000020,QT-SIM-032-5781,sim_openid_032_852002,change_sorting_option,3,1782921710833,"拖动D(2→4)，A,D,B,C → A,B,C,D",sorting,"""A,D,B,C""","""A,B,C,D""","""D""",2,4
00000000000000000000000000000803,00000000000000000000000000000020,00000000000000000000000000000020,QT-SIM-032-5781,sim_openid_032_852002,change_sorting_option,3,1782921717276,"拖动D(4→1)，A,B,C,D → D,A,B,C",sorting,"""A,B,C,D""","""D,A,B,C""","""D""",4,1
00000000000000000000000000000804,00000000000000000000000000000020,00000000000000000000000000000020,QT-SIM-032-5781,sim_openid_032_852002,leave_question,3,1782921721858,离开第6题,,,,,,
00000000000000000000000000000805,00000000000000000000000000000020,00000000000000000000000000000020,QT-SIM-032-5781,sim_openid_032_852002,enter_question,9,1782921725218,进入第7题,sorting,,,,,
00000000000000000000000000000806,00000000000000000000000000000020,00000000000000000000000000000020,QT-SIM-032-5781,sim_openid_032_852002,change_sorting_option,9,1782921738915,"拖动A(1→4)，A,B,C,D → B,C,D,A",sorting,"""A,B,C,D""","""B,C,D,A""","""A""",1,4
00000000000000000000000000000807,00000000000000000000000000000020,00000000000000000000000000000020,QT-SIM-032-5781,sim_openid_032_852002,change_sorting_option,9,1782921745260,"拖动D(3→2)，B,C,D,A → B,D,C,A",sorting,"""B,C,D,A""","""B,D,C,A""","""D""",3,2
00000000000000000000000000000808,00000000000000000000000000000020,00000000000000000000000000000020,QT-SIM-032-5781,sim_openid_032_852002,change_sorting_option,9,1782921746989,"拖动A(4→3)，B,D,C,A → B,D,A,C",sorting,"""B,D,C,A""","""B,D,A,C""","""A""",4,3
00000000000000000000000000000809,00000000000000000000000000000020,00000000000000000000000000000020,QT-SIM-032-5781,sim_openid_032_852002,leave_question,9,1782921752996,离开第7题,,,,,,
0000000000000000000000000000080a,00000000000000000000000000000020,00000000000000000000000000000020,QT-SIM-032-5781,sim_openid_032_852002,enter_question,10,1782921755700,进入第8题,sorting,,,,,
0000000000000000000000000000080b,00000000000000000000000000000020,00000000000000000000000000000020,QT-SIM-032-5781,sim_openid_032_852002,change_sorting_option,10,1782921764569,"拖动C(3→2)，A,B,C,D → A,C,B,D",sorting,"""A,B,C,D""","""A,C,B,D""","""C""",3,2
0000000000000000000000000000080c,00000000000000000000000000000020,00000000000000000000000000000020,QT-SIM-032-5781,sim_openid_032_852002,change_sorting_option,10,1782921769444,"拖动C(2→1)，A,C,B,D → C,A,B,D",sorting,"""A,C,B,D""","""C,A,B,D""","""C""",2,1
0000000000000000000000000000080d,00000000000000000000000000000020,00000000000000000000000000000020,QT-SIM-032-5781,sim_openid_032_852002,change_sorting_option,10,1782921772398,"拖动C(1→2)，C,A,B,D → A,C,B,D",sorting,"""C,A,B,D""","""A,C,B,D""","""C""",1,2
0000000000000000000000000000080e,00000000000000000000000000000020,00000000000000000000000000000020,QT-SIM-032-5781,sim_openid_032_852002,change_sorting_option,10,1782921776333,"拖动A(1→4)，A,C,B,D → C,B,D,A",sorting,"""A,C,B,D""","""C,B,D,A""","""A""",1,4
0000000000000000000000000000080f,00000000000000000000000000000020,00000000000000000000000000000020,QT-SIM-032-5781,sim_openid_032_852002,change_sorting_option,10,1782921779209,"拖动B(2→3)，C,B,D,A → C,D,B,A",sorting,"""C,B,D,A""","""C,D,B,A""","""B""",2,3
00000000000000000000000000000810,00000000000000000000000000000020,00000000000000000000000000000020,QT-SIM-032-5781,sim_openid_032_852002,change_sorting_option,10,1782921781634,"拖动D(2→1)，C,D,B,A → D,C,B,A",sorting,"""C,D,B,A""","""D,C,B,A""","""D""",2,1
00000000000000000000000000000811,00000000000000000000000000000020,00000000000000000000000000000020,QT-SIM-032-5781,sim_openid_032_852002,leave_question,10,1782921789481,离开第8题,,,,,,
00000000000000000000000000000812,00000000000000000000000000000020,00000000000000000000000000000020,QT-SIM-032-5781,sim_openid_032_852002,enter_question,7,1782921792749,进入第9题,sorting,,,,,
00000000000000000000000000000813,00000000000000000000000000000020,00000000000000000000000000000020,QT-SIM-032-5781,sim_openid_032_852002,change_sorting_option,7,1782921801440,"拖动D(4→3)，A,B,C,D → A,B,D,C",sorting,"""A,B,C,D""","""A,B,D,C""","""D""",4,3
00000000000000000000000000000814,00000000000000000000000000000020,00000000000000000000000000000020,QT-SIM-032-5781,sim_openid_032_852002,change_sorting_option,7,1782921808174,"拖动C(4→2)，A,B,D,C → A,C,B,D",sorting,"""A,B,D,C""","""A,C,B,D""","""C""",4,2
00000000000000000000000000000815,00000000000000000000000000000020,00000000000000000000000000000020,QT-SIM-032-5781,sim_openid_032_852002,change_sorting_option,7,1782921813136,"拖动D(4→3)，A,C,B,D → A,C,D,B",sorting,"""A,C,B,D""","""A,C,D,B""","""D""",4,3
00000000000000000000000000000816,00000000000000000000000000000020,00000000000000000000000000000020,QT-SIM-032-5781,sim_openid_032_852002,change_sorting_option,7,1782921817482,"拖动B(4→1)，A,C,D,B → B,A,C,D",sorting,"""A,C,D,B""","""B,A,C,D""","""B""",4,1
00000000000000000000000000000817,00000000000000000000000000000020,00000000000000000000000000000020,QT-SIM-032-5781,sim_openid_032_852002,change_sorting_option,7,1782921825394,"拖动C(3→2)，B,A,C,D → B,C,A,D",sorting,"""B,A,C,D""","""B,C,A,D""","""C""",3,2
00000000000000000000000000000818,00000000000000000000000000000020,00000000000000000000000000000020,QT-SIM-032-5781,sim_openid_032_852002,change_sorting_option,7,1782921828543,"拖动A(3→4)，B,C,A,D → B,C,D,A",sorting,"""B,C,A,D""","""B,C,D,A""","""A""",3,4
00000000000000000000000000000819,00000000000000000000000000000020,00000000000000000000000000000020,QT-SIM-032-5781,sim_openid_032_852002,leave_question,7,1782921835041,离开第9题,,,,,,
0000000000000000000000000000081a,00000000000000000000000000000020,00000000000000000000000000000020,QT-SIM-032-5781,sim_openid_032_852002,enter_question,8,1782921837145,进入第10题,sorting,,,,,
0000000000000000000000000000081b,00000000000000000000000000000020,00000000000000000000000000000020,QT-SIM-032-5781,sim_openid_032_852002,change_sorting_option,8,1782921865451,"拖动B(2→4)，A,B,C,D → A,C,D,B",sorting,"""A,B,C,D""","""A,C,D,B""","""B""",2,4
0000000000000000000000000000081c,00000000000000000000000000000020,00000000000000000000000000000020,QT-SIM-032-5781,sim_openid_032_852002,change_sorting_option,8,1782921870112,"拖动B(4→2)，A,C,D,B → A,B,C,D",sorting,"""A,C,D,B""","""A,B,C,D""","""B""",4,2
0000000000000000000000000000081d,00000000000000000000000000000020,00000000000000000000000000000020,QT-SIM-032-5781,sim_openid_032_852002,change_sorting_option,8,1782921877043,"拖动B(2→4)，A,B,C,D → A,C,D,B",sorting,"""A,B,C,D""","""A,C,D,B""","""B""",2,4
0000000000000000000000000000081e,00000000000000000000000000000020,00000000000000000000000000000020,QT-SIM-032-5781,sim_openid_032_852002,change_sorting_option,8,1782921878720,"拖动A(1→3)，A,C,D,B → C,D,A,B",sorting,"""A,C,D,B""","""C,D,A,B""","""A""",1,3
0000000000000000000000000000081f,00000000000000000000000000000020,00000000000000000000000000000020,QT-SIM-032-5781,sim_openid_032_852002,change_sorting_option,8,1782921885113,"拖动C(1→2)，C,D,A,B → D,C,A,B",sorting,"""C,D,A,B""","""D,C,A,B""","""C""",1,2
00000000000000000000000000000820,00000000000000000000000000000020,00000000000000000000000000000020,QT-SIM-032-5781,sim_openid_032_852002,leave_question,8,1782921891540,离开第10题,,,,,,
00000000000000000000000000000821,00000000000000000000000000000020,00000000000000000000000000000020,QT-SIM-032-5781,sim_openid_032_852002,submit_exam,-1,1782921891791,提交试卷,,,,,,
00000000000000000000000000000822,00000000000000000000000000000021,00000000000000000000000000000021,QT-SIM-033-5121,sim_openid_033_569567,start_exam,-1,1782922353899,开始答题,,,,,,
00000000000000000000000000000823,00000000000000000000000000000021,00000000000000000000000000000021,QT-SIM-033-5121,sim_openid_033_569567,enter_exam,-1,1782922353989,进入试卷页面,,,,,,
00000000000000000000000000000824,00000000000000000000000000000021,00000000000000000000000000000021,QT-SIM-033-5121,sim_openid_033_569567,enter_question,1,1782922356892,进入第1题,sorting,,,,,
00000000000000000000000000000825,00000000000000000000000000000021,00000000000000000000000000000021,QT-SIM-033-5121,sim_openid_033_569567,leave_question,1,1782922383547,离开第1题,,,,,,
00000000000000000000000000000826,00000000000000000000000000000021,00000000000000000000000000000021,QT-SIM-033-5121,sim_openid_033_569567,enter_question,4,1782922386744,进入第2题,sorting,,,,,
00000000000000000000000000000827,00000000000000000000000000000021,00000000000000000000000000000021,QT-SIM-033-5121,sim_openid_033_569567,change_sorting_option,4,1782922412956,"拖动C(3→1)，A,B,C,D → C,A,B,D",sorting,"""A,B,C,D""","""C,A,B,D""","""C""",3,1
00000000000000000000000000000828,00000000000000000000000000000021,00000000000000000000000000000021,QT-SIM-033-5121,sim_openid_033_569567,change_sorting_option,4,1782922418884,"拖动A(2→4)，C,A,B,D → C,B,D,A",sorting,"""C,A,B,D""","""C,B,D,A""","""A""",2,4
00000000000000000000000000000829,00000000000000000000000000000021,00000000000000000000000000000021,QT-SIM-033-5121,sim_openid_033_569567,change_sorting_option,4,1782922422701,"拖动D(3→2)，C,B,D,A → C,D,B,A",sorting,"""C,B,D,A""","""C,D,B,A""","""D""",3,2
0000000000000000000000000000082a,00000000000000000000000000000021,00000000000000000000000000000021,QT-SIM-033-5121,sim_openid_033_569567,change_sorting_option,4,1782922424808,"拖动D(2→4)，C,D,B,A → C,B,A,D",sorting,"""C,D,B,A""","""C,B,A,D""","""D""",2,4
0000000000000000000000000000082b,00000000000000000000000000000021,00000000000000000000000000000021,QT-SIM-033-5121,sim_openid_033_569567,change_sorting_option,4,1782922430258,"拖动B(2→3)，C,B,A,D → C,A,B,D",sorting,"""C,B,A,D""","""C,A,B,D""","""B""",2,3
0000000000000000000000000000082c,00000000000000000000000000000021,00000000000000000000000000000021,QT-SIM-033-5121,sim_openid_033_569567,leave_question,4,1782922443338,离开第2题,,,,,,
0000000000000000000000000000082d,00000000000000000000000000000021,00000000000000000000000000000021,QT-SIM-033-5121,sim_openid_033_569567,enter_question,6,1782922444502,进入第3题,sorting,,,,,
0000000000000000000000000000082e,00000000000000000000000000000021,00000000000000000000000000000021,QT-SIM-033-5121,sim_openid_033_569567,change_sorting_option,6,1782922468698,"拖动C(3→1)，A,B,C,D → C,A,B,D",sorting,"""A,B,C,D""","""C,A,B,D""","""C""",3,1
0000000000000000000000000000082f,00000000000000000000000000000021,00000000000000000000000000000021,QT-SIM-033-5121,sim_openid_033_569567,change_sorting_option,6,1782922475311,"拖动D(4→1)，C,A,B,D → D,C,A,B",sorting,"""C,A,B,D""","""D,C,A,B""","""D""",4,1
00000000000000000000000000000830,00000000000000000000000000000021,00000000000000000000000000000021,QT-SIM-033-5121,sim_openid_033_569567,change_sorting_option,6,1782922480540,"拖动A(3→2)，D,C,A,B → D,A,C,B",sorting,"""D,C,A,B""","""D,A,C,B""","""A""",3,2
00000000000000000000000000000831,00000000000000000000000000000021,00000000000000000000000000000021,QT-SIM-033-5121,sim_openid_033_569567,change_sorting_option,6,1782922484540,"拖动A(2→4)，D,A,C,B → D,C,B,A",sorting,"""D,A,C,B""","""D,C,B,A""","""A""",2,4
00000000000000000000000000000832,00000000000000000000000000000021,00000000000000000000000000000021,QT-SIM-033-5121,sim_openid_033_569567,change_sorting_option,6,1782922488297,"拖动A(4→2)，D,C,B,A → D,A,C,B",sorting,"""D,C,B,A""","""D,A,C,B""","""A""",4,2
00000000000000000000000000000833,00000000000000000000000000000021,00000000000000000000000000000021,QT-SIM-033-5121,sim_openid_033_569567,leave_question,6,1782922500604,离开第3题,,,,,,
00000000000000000000000000000834,00000000000000000000000000000021,00000000000000000000000000000021,QT-SIM-033-5121,sim_openid_033_569567,enter_question,2,1782922503936,进入第4题,sorting,,,,,
00000000000000000000000000000835,00000000000000000000000000000021,00000000000000000000000000000021,QT-SIM-033-5121,sim_openid_033_569567,change_sorting_option,2,1782922519571,"拖动B(2→4)，A,B,C,D → A,C,D,B",sorting,"""A,B,C,D""","""A,C,D,B""","""B""",2,4
00000000000000000000000000000836,00000000000000000000000000000021,00000000000000000000000000000021,QT-SIM-033-5121,sim_openid_033_569567,change_sorting_option,2,1782922522080,"拖动A(1→3)，A,C,D,B → C,D,A,B",sorting,"""A,C,D,B""","""C,D,A,B""","""A""",1,3
00000000000000000000000000000837,00000000000000000000000000000021,00000000000000000000000000000021,QT-SIM-033-5121,sim_openid_033_569567,change_sorting_option,2,1782922524432,"拖动B(4→1)，C,D,A,B → B,C,D,A",sorting,"""C,D,A,B""","""B,C,D,A""","""B""",4,1
00000000000000000000000000000838,00000000000000000000000000000021,00000000000000000000000000000021,QT-SIM-033-5121,sim_openid_033_569567,change_sorting_option,2,1782922532263,"拖动A(4→3)，B,C,D,A → B,C,A,D",sorting,"""B,C,D,A""","""B,C,A,D""","""A""",4,3
00000000000000000000000000000839,00000000000000000000000000000021,00000000000000000000000000000021,QT-SIM-033-5121,sim_openid_033_569567,change_sorting_option,2,1782922537972,"拖动B(1→4)，B,C,A,D → C,A,D,B",sorting,"""B,C,A,D""","""C,A,D,B""","""B""",1,4
0000000000000000000000000000083a,00000000000000000000000000000021,00000000000000000000000000000021,QT-SIM-033-5121,sim_openid_033_569567,change_sorting_option,2,1782922541639,"拖动D(3→2)，C,A,D,B → C,D,A,B",sorting,"""C,A,D,B""","""C,D,A,B""","""D""",3,2
0000000000000000000000000000083b,00000000000000000000000000000021,00000000000000000000000000000021,QT-SIM-033-5121,sim_openid_033_569567,leave_question,2,1782922546404,离开第4题,,,,,,
0000000000000000000000000000083c,00000000000000000000000000000021,00000000000000000000000000000021,QT-SIM-033-5121,sim_openid_033_569567,enter_question,5,1782922548340,进入第5题,sorting,,,,,
0000000000000000000000000000083d,00000000000000000000000000000021,00000000000000000000000000000021,QT-SIM-033-5121,sim_openid_033_569567,change_sorting_option,5,1782922592432,"拖动C(3→2)，A,B,C,D → A,C,B,D",sorting,"""A,B,C,D""","""A,C,B,D""","""C""",3,2
0000000000000000000000000000083e,00000000000000000000000000000021,00000000000000000000000000000021,QT-SIM-033-5121,sim_openid_033_569567,change_sorting_option,5,1782922600215,"拖动C(2→1)，A,C,B,D → C,A,B,D",sorting,"""A,C,B,D""","""C,A,B,D""","""C""",2,1
0000000000000000000000000000083f,00000000000000000000000000000021,00000000000000000000000000000021,QT-SIM-033-5121,sim_openid_033_569567,change_sorting_option,5,1782922604904,"拖动D(4→2)，C,A,B,D → C,D,A,B",sorting,"""C,A,B,D""","""C,D,A,B""","""D""",4,2
00000000000000000000000000000840,00000000000000000000000000000021,00000000000000000000000000000021,QT-SIM-033-5121,sim_openid_033_569567,change_sorting_option,5,1782922610658,"拖动B(4→3)，C,D,A,B → C,D,B,A",sorting,"""C,D,A,B""","""C,D,B,A""","""B""",4,3
00000000000000000000000000000841,00000000000000000000000000000021,00000000000000000000000000000021,QT-SIM-033-5121,sim_openid_033_569567,leave_question,5,1782922621594,离开第5题,,,,,,
00000000000000000000000000000842,00000000000000000000000000000021,00000000000000000000000000000021,QT-SIM-033-5121,sim_openid_033_569567,enter_question,3,1782922623579,进入第6题,sorting,,,,,
00000000000000000000000000000843,00000000000000000000000000000021,00000000000000000000000000000021,QT-SIM-033-5121,sim_openid_033_569567,change_sorting_option,3,1782922637510,"拖动B(2→1)，A,B,C,D → B,A,C,D",sorting,"""A,B,C,D""","""B,A,C,D""","""B""",2,1
00000000000000000000000000000844,00000000000000000000000000000021,00000000000000000000000000000021,QT-SIM-033-5121,sim_openid_033_569567,change_sorting_option,3,1782922644760,"拖动B(1→2)，B,A,C,D → A,B,C,D",sorting,"""B,A,C,D""","""A,B,C,D""","""B""",1,2
00000000000000000000000000000845,00000000000000000000000000000021,00000000000000000000000000000021,QT-SIM-033-5121,sim_openid_033_569567,change_sorting_option,3,1782922647456,"拖动D(4→1)，A,B,C,D → D,A,B,C",sorting,"""A,B,C,D""","""D,A,B,C""","""D""",4,1
00000000000000000000000000000846,00000000000000000000000000000021,00000000000000000000000000000021,QT-SIM-033-5121,sim_openid_033_569567,change_sorting_option,3,1782922655645,"拖动A(2→1)，D,A,B,C → A,D,B,C",sorting,"""D,A,B,C""","""A,D,B,C""","""A""",2,1
00000000000000000000000000000847,00000000000000000000000000000021,00000000000000000000000000000021,QT-SIM-033-5121,sim_openid_033_569567,change_sorting_option,3,1782922659072,"拖动B(3→2)，A,D,B,C → A,B,D,C",sorting,"""A,D,B,C""","""A,B,D,C""","""B""",3,2
00000000000000000000000000000848,00000000000000000000000000000021,00000000000000000000000000000021,QT-SIM-033-5121,sim_openid_033_569567,change_sorting_option,3,1782922664981,"拖动D(3→4)，A,B,D,C → A,B,C,D",sorting,"""A,B,D,C""","""A,B,C,D""","""D""",3,4
00000000000000000000000000000849,00000000000000000000000000000021,00000000000000000000000000000021,QT-SIM-033-5121,sim_openid_033_569567,leave_question,3,1782922671510,离开第6题,,,,,,
0000000000000000000000000000084a,00000000000000000000000000000021,00000000000000000000000000000021,QT-SIM-033-5121,sim_openid_033_569567,enter_question,9,1782922674358,进入第7题,sorting,,,,,
0000000000000000000000000000084b,00000000000000000000000000000021,00000000000000000000000000000021,QT-SIM-033-5121,sim_openid_033_569567,change_sorting_option,9,1782922706146,"拖动C(3→4)，A,B,C,D → A,B,D,C",sorting,"""A,B,C,D""","""A,B,D,C""","""C""",3,4
0000000000000000000000000000084c,00000000000000000000000000000021,00000000000000000000000000000021,QT-SIM-033-5121,sim_openid_033_569567,change_sorting_option,9,1782922715042,"拖动B(2→4)，A,B,D,C → A,D,C,B",sorting,"""A,B,D,C""","""A,D,C,B""","""B""",2,4
0000000000000000000000000000084d,00000000000000000000000000000021,00000000000000000000000000000021,QT-SIM-033-5121,sim_openid_033_569567,change_sorting_option,9,1782922720092,"拖动A(1→3)，A,D,C,B → D,C,A,B",sorting,"""A,D,C,B""","""D,C,A,B""","""A""",1,3
0000000000000000000000000000084e,00000000000000000000000000000021,00000000000000000000000000000021,QT-SIM-033-5121,sim_openid_033_569567,change_sorting_option,9,1782922723703,"拖动C(2→4)，D,C,A,B → D,A,B,C",sorting,"""D,C,A,B""","""D,A,B,C""","""C""",2,4
0000000000000000000000000000084f,00000000000000000000000000000021,00000000000000000000000000000021,QT-SIM-033-5121,sim_openid_033_569567,change_sorting_option,9,1782922726791,"拖动B(3→2)，D,A,B,C → D,B,A,C",sorting,"""D,A,B,C""","""D,B,A,C""","""B""",3,2
00000000000000000000000000000850,00000000000000000000000000000021,00000000000000000000000000000021,QT-SIM-033-5121,sim_openid_033_569567,change_sorting_option,9,1782922732631,"拖动D(1→3)，D,B,A,C → B,A,D,C",sorting,"""D,B,A,C""","""B,A,D,C""","""D""",1,3
00000000000000000000000000000851,00000000000000000000000000000021,00000000000000000000000000000021,QT-SIM-033-5121,sim_openid_033_569567,change_sorting_option,9,1782922735072,"拖动B(1→2)，B,A,D,C → A,B,D,C",sorting,"""B,A,D,C""","""A,B,D,C""","""B""",1,2
00000000000000000000000000000852,00000000000000000000000000000021,00000000000000000000000000000021,QT-SIM-033-5121,sim_openid_033_569567,leave_question,9,1782922742081,离开第7题,,,,,,
00000000000000000000000000000853,00000000000000000000000000000021,00000000000000000000000000000021,QT-SIM-033-5121,sim_openid_033_569567,enter_question,10,1782922743128,进入第8题,sorting,,,,,
00000000000000000000000000000854,00000000000000000000000000000021,00000000000000000000000000000021,QT-SIM-033-5121,sim_openid_033_569567,change_sorting_option,10,1782922768667,"拖动C(3→4)，A,B,C,D → A,B,D,C",sorting,"""A,B,C,D""","""A,B,D,C""","""C""",3,4
00000000000000000000000000000855,00000000000000000000000000000021,00000000000000000000000000000021,QT-SIM-033-5121,sim_openid_033_569567,change_sorting_option,10,1782922776120,"拖动A(1→2)，A,B,D,C → B,A,D,C",sorting,"""A,B,D,C""","""B,A,D,C""","""A""",1,2
00000000000000000000000000000856,00000000000000000000000000000021,00000000000000000000000000000021,QT-SIM-033-5121,sim_openid_033_569567,change_sorting_option,10,1782922780948,"拖动C(4→1)，B,A,D,C → C,B,A,D",sorting,"""B,A,D,C""","""C,B,A,D""","""C""",4,1
00000000000000000000000000000857,00000000000000000000000000000021,00000000000000000000000000000021,QT-SIM-033-5121,sim_openid_033_569567,change_sorting_option,10,1782922787199,"拖动D(4→2)，C,B,A,D → C,D,B,A",sorting,"""C,B,A,D""","""C,D,B,A""","""D""",4,2
00000000000000000000000000000858,00000000000000000000000000000021,00000000000000000000000000000021,QT-SIM-033-5121,sim_openid_033_569567,change_sorting_option,10,1782922792704,"拖动A(4→1)，C,D,B,A → A,C,D,B",sorting,"""C,D,B,A""","""A,C,D,B""","""A""",4,1
00000000000000000000000000000859,00000000000000000000000000000021,00000000000000000000000000000021,QT-SIM-033-5121,sim_openid_033_569567,change_sorting_option,10,1782922798928,"拖动B(4→2)，A,C,D,B → A,B,C,D",sorting,"""A,C,D,B""","""A,B,C,D""","""B""",4,2
0000000000000000000000000000085a,00000000000000000000000000000021,00000000000000000000000000000021,QT-SIM-033-5121,sim_openid_033_569567,change_sorting_option,10,1782922803848,"拖动D(4→3)，A,B,C,D → A,B,D,C",sorting,"""A,B,C,D""","""A,B,D,C""","""D""",4,3
0000000000000000000000000000085b,00000000000000000000000000000021,00000000000000000000000000000021,QT-SIM-033-5121,sim_openid_033_569567,leave_question,10,1782922813762,离开第8题,,,,,,
0000000000000000000000000000085c,00000000000000000000000000000021,00000000000000000000000000000021,QT-SIM-033-5121,sim_openid_033_569567,enter_question,7,1782922815639,进入第9题,sorting,,,,,
0000000000000000000000000000085d,00000000000000000000000000000021,00000000000000000000000000000021,QT-SIM-033-5121,sim_openid_033_569567,change_sorting_option,7,1782922832700,"拖动B(2→4)，A,B,C,D → A,C,D,B",sorting,"""A,B,C,D""","""A,C,D,B""","""B""",2,4
0000000000000000000000000000085e,00000000000000000000000000000021,00000000000000000000000000000021,QT-SIM-033-5121,sim_openid_033_569567,change_sorting_option,7,1782922839350,"拖动A(1→2)，A,C,D,B → C,A,D,B",sorting,"""A,C,D,B""","""C,A,D,B""","""A""",1,2
0000000000000000000000000000085f,00000000000000000000000000000021,00000000000000000000000000000021,QT-SIM-033-5121,sim_openid_033_569567,change_sorting_option,7,1782922845209,"拖动C(1→3)，C,A,D,B → A,D,C,B",sorting,"""C,A,D,B""","""A,D,C,B""","""C""",1,3
00000000000000000000000000000860,00000000000000000000000000000021,00000000000000000000000000000021,QT-SIM-033-5121,sim_openid_033_569567,change_sorting_option,7,1782922847910,"拖动D(2→1)，A,D,C,B → D,A,C,B",sorting,"""A,D,C,B""","""D,A,C,B""","""D""",2,1
00000000000000000000000000000861,00000000000000000000000000000021,00000000000000000000000000000021,QT-SIM-033-5121,sim_openid_033_569567,leave_question,7,1782922858208,离开第9题,,,,,,
00000000000000000000000000000862,00000000000000000000000000000021,00000000000000000000000000000021,QT-SIM-033-5121,sim_openid_033_569567,enter_question,8,1782922860434,进入第10题,sorting,,,,,
00000000000000000000000000000863,00000000000000000000000000000021,00000000000000000000000000000021,QT-SIM-033-5121,sim_openid_033_569567,change_sorting_option,8,1782922875462,"拖动A(1→2)，A,B,C,D → B,A,C,D",sorting,"""A,B,C,D""","""B,A,C,D""","""A""",1,2
00000000000000000000000000000864,00000000000000000000000000000021,00000000000000000000000000000021,QT-SIM-033-5121,sim_openid_033_569567,change_sorting_option,8,1782922884097,"拖动A(2→3)，B,A,C,D → B,C,A,D",sorting,"""B,A,C,D""","""B,C,A,D""","""A""",2,3
00000000000000000000000000000865,00000000000000000000000000000021,00000000000000000000000000000021,QT-SIM-033-5121,sim_openid_033_569567,change_sorting_option,8,1782922887374,"拖动D(4→1)，B,C,A,D → D,B,C,A",sorting,"""B,C,A,D""","""D,B,C,A""","""D""",4,1
00000000000000000000000000000866,00000000000000000000000000000021,00000000000000000000000000000021,QT-SIM-033-5121,sim_openid_033_569567,change_sorting_option,8,1782922890961,"拖动A(4→2)，D,B,C,A → D,A,B,C",sorting,"""D,B,C,A""","""D,A,B,C""","""A""",4,2
00000000000000000000000000000867,00000000000000000000000000000021,00000000000000000000000000000021,QT-SIM-033-5121,sim_openid_033_569567,change_sorting_option,8,1782922896315,"拖动B(3→4)，D,A,B,C → D,A,C,B",sorting,"""D,A,B,C""","""D,A,C,B""","""B""",3,4
00000000000000000000000000000868,00000000000000000000000000000021,00000000000000000000000000000021,QT-SIM-033-5121,sim_openid_033_569567,leave_question,8,1782922899746,离开第10题,,,,,,
00000000000000000000000000000869,00000000000000000000000000000021,00000000000000000000000000000021,QT-SIM-033-5121,sim_openid_033_569567,submit_exam,-1,1782922900211,提交试卷,,,,,,
0000000000000000000000000000086a,00000000000000000000000000000022,00000000000000000000000000000022,QT-SIM-034-6990,sim_openid_034_769373,start_exam,-1,1782923253545,开始答题,,,,,,
0000000000000000000000000000086b,00000000000000000000000000000022,00000000000000000000000000000022,QT-SIM-034-6990,sim_openid_034_769373,enter_exam,-1,1782923253549,进入试卷页面,,,,,,
0000000000000000000000000000086c,00000000000000000000000000000022,00000000000000000000000000000022,QT-SIM-034-6990,sim_openid_034_769373,enter_question,1,1782923256409,进入第1题,sorting,,,,,
0000000000000000000000000000086d,00000000000000000000000000000022,00000000000000000000000000000022,QT-SIM-034-6990,sim_openid_034_769373,change_sorting_option,1,1782923276409,"拖动D(4→2)，A,B,C,D → A,D,B,C",sorting,"""A,B,C,D""","""A,D,B,C""","""D""",4,2
0000000000000000000000000000086e,00000000000000000000000000000022,00000000000000000000000000000022,QT-SIM-034-6990,sim_openid_034_769373,change_sorting_option,1,1782923280127,"拖动D(2→1)，A,D,B,C → D,A,B,C",sorting,"""A,D,B,C""","""D,A,B,C""","""D""",2,1
0000000000000000000000000000086f,00000000000000000000000000000022,00000000000000000000000000000022,QT-SIM-034-6990,sim_openid_034_769373,change_sorting_option,1,1782923282068,"拖动B(3→1)，D,A,B,C → B,D,A,C",sorting,"""D,A,B,C""","""B,D,A,C""","""B""",3,1
00000000000000000000000000000870,00000000000000000000000000000022,00000000000000000000000000000022,QT-SIM-034-6990,sim_openid_034_769373,change_sorting_option,1,1782923287288,"拖动C(4→3)，B,D,A,C → B,D,C,A",sorting,"""B,D,A,C""","""B,D,C,A""","""C""",4,3
00000000000000000000000000000871,00000000000000000000000000000022,00000000000000000000000000000022,QT-SIM-034-6990,sim_openid_034_769373,leave_question,1,1782923294920,离开第1题,,,,,,
00000000000000000000000000000872,00000000000000000000000000000022,00000000000000000000000000000022,QT-SIM-034-6990,sim_openid_034_769373,enter_question,4,1782923296130,进入第2题,sorting,,,,,
00000000000000000000000000000873,00000000000000000000000000000022,00000000000000000000000000000022,QT-SIM-034-6990,sim_openid_034_769373,change_sorting_option,4,1782923302222,"拖动B(2→1)，A,B,C,D → B,A,C,D",sorting,"""A,B,C,D""","""B,A,C,D""","""B""",2,1
00000000000000000000000000000874,00000000000000000000000000000022,00000000000000000000000000000022,QT-SIM-034-6990,sim_openid_034_769373,change_sorting_option,4,1782923304575,"拖动C(3→1)，B,A,C,D → C,B,A,D",sorting,"""B,A,C,D""","""C,B,A,D""","""C""",3,1
00000000000000000000000000000875,00000000000000000000000000000022,00000000000000000000000000000022,QT-SIM-034-6990,sim_openid_034_769373,change_sorting_option,4,1782923308207,"拖动A(3→4)，C,B,A,D → C,B,D,A",sorting,"""C,B,A,D""","""C,B,D,A""","""A""",3,4
00000000000000000000000000000876,00000000000000000000000000000022,00000000000000000000000000000022,QT-SIM-034-6990,sim_openid_034_769373,leave_question,4,1782923315557,离开第2题,,,,,,
00000000000000000000000000000877,00000000000000000000000000000022,00000000000000000000000000000022,QT-SIM-034-6990,sim_openid_034_769373,enter_question,6,1782923316890,进入第3题,sorting,,,,,
00000000000000000000000000000878,00000000000000000000000000000022,00000000000000000000000000000022,QT-SIM-034-6990,sim_openid_034_769373,change_sorting_option,6,1782923331186,"拖动D(4→1)，A,B,C,D → D,A,B,C",sorting,"""A,B,C,D""","""D,A,B,C""","""D""",4,1
00000000000000000000000000000879,00000000000000000000000000000022,00000000000000000000000000000022,QT-SIM-034-6990,sim_openid_034_769373,change_sorting_option,6,1782923333136,"拖动C(4→2)，D,A,B,C → D,C,A,B",sorting,"""D,A,B,C""","""D,C,A,B""","""C""",4,2
0000000000000000000000000000087a,00000000000000000000000000000022,00000000000000000000000000000022,QT-SIM-034-6990,sim_openid_034_769373,change_sorting_option,6,1782923336106,"拖动B(4→3)，D,C,A,B → D,C,B,A",sorting,"""D,C,A,B""","""D,C,B,A""","""B""",4,3
0000000000000000000000000000087b,00000000000000000000000000000022,00000000000000000000000000000022,QT-SIM-034-6990,sim_openid_034_769373,change_sorting_option,6,1782923337675,"拖动B(3→1)，D,C,B,A → B,D,C,A",sorting,"""D,C,B,A""","""B,D,C,A""","""B""",3,1
0000000000000000000000000000087c,00000000000000000000000000000022,00000000000000000000000000000022,QT-SIM-034-6990,sim_openid_034_769373,change_sorting_option,6,1782923340617,"拖动B(1→3)，B,D,C,A → D,C,B,A",sorting,"""B,D,C,A""","""D,C,B,A""","""B""",1,3
0000000000000000000000000000087d,00000000000000000000000000000022,00000000000000000000000000000022,QT-SIM-034-6990,sim_openid_034_769373,leave_question,6,1782923343052,离开第3题,,,,,,
0000000000000000000000000000087e,00000000000000000000000000000022,00000000000000000000000000000022,QT-SIM-034-6990,sim_openid_034_769373,enter_question,2,1782923345883,进入第4题,sorting,,,,,
0000000000000000000000000000087f,00000000000000000000000000000022,00000000000000000000000000000022,QT-SIM-034-6990,sim_openid_034_769373,change_sorting_option,2,1782923354853,"拖动A(1→2)，A,B,C,D → B,A,C,D",sorting,"""A,B,C,D""","""B,A,C,D""","""A""",1,2
00000000000000000000000000000880,00000000000000000000000000000022,00000000000000000000000000000022,QT-SIM-034-6990,sim_openid_034_769373,change_sorting_option,2,1782923359292,"拖动D(4→1)，B,A,C,D → D,B,A,C",sorting,"""B,A,C,D""","""D,B,A,C""","""D""",4,1
00000000000000000000000000000881,00000000000000000000000000000022,00000000000000000000000000000022,QT-SIM-034-6990,sim_openid_034_769373,change_sorting_option,2,1782923361018,"拖动A(3→2)，D,B,A,C → D,A,B,C",sorting,"""D,B,A,C""","""D,A,B,C""","""A""",3,2
00000000000000000000000000000882,00000000000000000000000000000022,00000000000000000000000000000022,QT-SIM-034-6990,sim_openid_034_769373,leave_question,2,1782923368395,离开第4题,,,,,,
00000000000000000000000000000883,00000000000000000000000000000022,00000000000000000000000000000022,QT-SIM-034-6990,sim_openid_034_769373,enter_question,5,1782923369365,进入第5题,sorting,,,,,
00000000000000000000000000000884,00000000000000000000000000000022,00000000000000000000000000000022,QT-SIM-034-6990,sim_openid_034_769373,change_sorting_option,5,1782923393417,"拖动A(1→3)，A,B,C,D → B,C,A,D",sorting,"""A,B,C,D""","""B,C,A,D""","""A""",1,3
00000000000000000000000000000885,00000000000000000000000000000022,00000000000000000000000000000022,QT-SIM-034-6990,sim_openid_034_769373,change_sorting_option,5,1782923399645,"拖动B(1→2)，B,C,A,D → C,B,A,D",sorting,"""B,C,A,D""","""C,B,A,D""","""B""",1,2
00000000000000000000000000000886,00000000000000000000000000000022,00000000000000000000000000000022,QT-SIM-034-6990,sim_openid_034_769373,change_sorting_option,5,1782923404020,"拖动C(1→3)，C,B,A,D → B,A,C,D",sorting,"""C,B,A,D""","""B,A,C,D""","""C""",1,3
00000000000000000000000000000887,00000000000000000000000000000022,00000000000000000000000000000022,QT-SIM-034-6990,sim_openid_034_769373,change_sorting_option,5,1782923409154,"拖动A(2→1)，B,A,C,D → A,B,C,D",sorting,"""B,A,C,D""","""A,B,C,D""","""A""",2,1
00000000000000000000000000000888,00000000000000000000000000000022,00000000000000000000000000000022,QT-SIM-034-6990,sim_openid_034_769373,leave_question,5,1782923415351,离开第5题,,,,,,
00000000000000000000000000000889,00000000000000000000000000000022,00000000000000000000000000000022,QT-SIM-034-6990,sim_openid_034_769373,enter_question,3,1782923417659,进入第6题,sorting,,,,,
0000000000000000000000000000088a,00000000000000000000000000000022,00000000000000000000000000000022,QT-SIM-034-6990,sim_openid_034_769373,change_sorting_option,3,1782923425837,"拖动A(1→2)，A,B,C,D → B,A,C,D",sorting,"""A,B,C,D""","""B,A,C,D""","""A""",1,2
0000000000000000000000000000088b,00000000000000000000000000000022,00000000000000000000000000000022,QT-SIM-034-6990,sim_openid_034_769373,change_sorting_option,3,1782923428839,"拖动C(3→4)，B,A,C,D → B,A,D,C",sorting,"""B,A,C,D""","""B,A,D,C""","""C""",3,4
0000000000000000000000000000088c,00000000000000000000000000000022,00000000000000000000000000000022,QT-SIM-034-6990,sim_openid_034_769373,change_sorting_option,3,1782923431581,"拖动D(3→2)，B,A,D,C → B,D,A,C",sorting,"""B,A,D,C""","""B,D,A,C""","""D""",3,2
0000000000000000000000000000088d,00000000000000000000000000000022,00000000000000000000000000000022,QT-SIM-034-6990,sim_openid_034_769373,change_sorting_option,3,1782923434542,"拖动B(1→3)，B,D,A,C → D,A,B,C",sorting,"""B,D,A,C""","""D,A,B,C""","""B""",1,3
0000000000000000000000000000088e,00000000000000000000000000000022,00000000000000000000000000000022,QT-SIM-034-6990,sim_openid_034_769373,change_sorting_option,3,1782923436456,"拖动A(2→4)，D,A,B,C → D,B,C,A",sorting,"""D,A,B,C""","""D,B,C,A""","""A""",2,4
0000000000000000000000000000088f,00000000000000000000000000000022,00000000000000000000000000000022,QT-SIM-034-6990,sim_openid_034_769373,change_sorting_option,3,1782923437874,"拖动B(2→3)，D,B,C,A → D,C,B,A",sorting,"""D,B,C,A""","""D,C,B,A""","""B""",2,3
00000000000000000000000000000890,00000000000000000000000000000022,00000000000000000000000000000022,QT-SIM-034-6990,sim_openid_034_769373,change_sorting_option,3,1782923441978,"拖动D(1→2)，D,C,B,A → C,D,B,A",sorting,"""D,C,B,A""","""C,D,B,A""","""D""",1,2
00000000000000000000000000000891,00000000000000000000000000000022,00000000000000000000000000000022,QT-SIM-034-6990,sim_openid_034_769373,leave_question,3,1782923447785,离开第6题,,,,,,
00000000000000000000000000000892,00000000000000000000000000000022,00000000000000000000000000000022,QT-SIM-034-6990,sim_openid_034_769373,enter_question,9,1782923450140,进入第7题,sorting,,,,,
00000000000000000000000000000893,00000000000000000000000000000022,00000000000000000000000000000022,QT-SIM-034-6990,sim_openid_034_769373,leave_question,9,1782923475369,离开第7题,,,,,,
00000000000000000000000000000894,00000000000000000000000000000022,00000000000000000000000000000022,QT-SIM-034-6990,sim_openid_034_769373,enter_question,10,1782923476962,进入第8题,sorting,,,,,
00000000000000000000000000000895,00000000000000000000000000000022,00000000000000000000000000000022,QT-SIM-034-6990,sim_openid_034_769373,change_sorting_option,10,1782923500198,"拖动B(2→1)，A,B,C,D → B,A,C,D",sorting,"""A,B,C,D""","""B,A,C,D""","""B""",2,1
00000000000000000000000000000896,00000000000000000000000000000022,00000000000000000000000000000022,QT-SIM-034-6990,sim_openid_034_769373,change_sorting_option,10,1782923506164,"拖动D(4→2)，B,A,C,D → B,D,A,C",sorting,"""B,A,C,D""","""B,D,A,C""","""D""",4,2
00000000000000000000000000000897,00000000000000000000000000000022,00000000000000000000000000000022,QT-SIM-034-6990,sim_openid_034_769373,leave_question,10,1782923511852,离开第8题,,,,,,
00000000000000000000000000000898,00000000000000000000000000000022,00000000000000000000000000000022,QT-SIM-034-6990,sim_openid_034_769373,enter_question,7,1782923513642,进入第9题,sorting,,,,,
00000000000000000000000000000899,00000000000000000000000000000022,00000000000000000000000000000022,QT-SIM-034-6990,sim_openid_034_769373,change_sorting_option,7,1782923526694,"拖动C(3→1)，A,B,C,D → C,A,B,D",sorting,"""A,B,C,D""","""C,A,B,D""","""C""",3,1
0000000000000000000000000000089a,00000000000000000000000000000022,00000000000000000000000000000022,QT-SIM-034-6990,sim_openid_034_769373,change_sorting_option,7,1782923532027,"拖动D(4→3)，C,A,B,D → C,A,D,B",sorting,"""C,A,B,D""","""C,A,D,B""","""D""",4,3
0000000000000000000000000000089b,00000000000000000000000000000022,00000000000000000000000000000022,QT-SIM-034-6990,sim_openid_034_769373,change_sorting_option,7,1782923538309,"拖动A(2→3)，C,A,D,B → C,D,A,B",sorting,"""C,A,D,B""","""C,D,A,B""","""A""",2,3
0000000000000000000000000000089c,00000000000000000000000000000022,00000000000000000000000000000022,QT-SIM-034-6990,sim_openid_034_769373,change_sorting_option,7,1782923544617,"拖动D(2→3)，C,D,A,B → C,A,D,B",sorting,"""C,D,A,B""","""C,A,D,B""","""D""",2,3
0000000000000000000000000000089d,00000000000000000000000000000022,00000000000000000000000000000022,QT-SIM-034-6990,sim_openid_034_769373,change_sorting_option,7,1782923547529,"拖动A(2→4)，C,A,D,B → C,D,B,A",sorting,"""C,A,D,B""","""C,D,B,A""","""A""",2,4
0000000000000000000000000000089e,00000000000000000000000000000022,00000000000000000000000000000022,QT-SIM-034-6990,sim_openid_034_769373,change_sorting_option,7,1782923551891,"拖动D(2→3)，C,D,B,A → C,B,D,A",sorting,"""C,D,B,A""","""C,B,D,A""","""D""",2,3
0000000000000000000000000000089f,00000000000000000000000000000022,00000000000000000000000000000022,QT-SIM-034-6990,sim_openid_034_769373,change_sorting_option,7,1782923555029,"拖动A(4→2)，C,B,D,A → C,A,B,D",sorting,"""C,B,D,A""","""C,A,B,D""","""A""",4,2
000000000000000000000000000008a0,00000000000000000000000000000022,00000000000000000000000000000022,QT-SIM-034-6990,sim_openid_034_769373,change_sorting_option,7,1782923559163,"拖动D(4→3)，C,A,B,D → C,A,D,B",sorting,"""C,A,B,D""","""C,A,D,B""","""D""",4,3
000000000000000000000000000008a1,00000000000000000000000000000022,00000000000000000000000000000022,QT-SIM-034-6990,sim_openid_034_769373,leave_question,7,1782923566096,离开第9题,,,,,,
000000000000000000000000000008a2,00000000000000000000000000000022,00000000000000000000000000000022,QT-SIM-034-6990,sim_openid_034_769373,enter_question,8,1782923569101,进入第10题,sorting,,,,,
000000000000000000000000000008a3,00000000000000000000000000000022,00000000000000000000000000000022,QT-SIM-034-6990,sim_openid_034_769373,change_sorting_option,8,1782923576679,"拖动A(1→2)，A,B,C,D → B,A,C,D",sorting,"""A,B,C,D""","""B,A,C,D""","""A""",1,2
000000000000000000000000000008a4,00000000000000000000000000000022,00000000000000000000000000000022,QT-SIM-034-6990,sim_openid_034_769373,change_sorting_option,8,1782923578961,"拖动B(1→3)，B,A,C,D → A,C,B,D",sorting,"""B,A,C,D""","""A,C,B,D""","""B""",1,3
000000000000000000000000000008a5,00000000000000000000000000000022,00000000000000000000000000000022,QT-SIM-034-6990,sim_openid_034_769373,change_sorting_option,8,1782923581934,"拖动C(2→1)，A,C,B,D → C,A,B,D",sorting,"""A,C,B,D""","""C,A,B,D""","""C""",2,1
000000000000000000000000000008a6,00000000000000000000000000000022,00000000000000000000000000000022,QT-SIM-034-6990,sim_openid_034_769373,leave_question,8,1782923591535,离开第10题,,,,,,
000000000000000000000000000008a7,00000000000000000000000000000022,00000000000000000000000000000022,QT-SIM-034-6990,sim_openid_034_769373,submit_exam,-1,1782923591958,提交试卷,,,,,,
000000000000000000000000000008a8,00000000000000000000000000000023,00000000000000000000000000000023,QT-SIM-035-8147,sim_openid_035_385846,start_exam,-1,1782924158520,开始答题,,,,,,
000000000000000000000000000008a9,00000000000000000000000000000023,00000000000000000000000000000023,QT-SIM-035-8147,sim_openid_035_385846,enter_exam,-1,1782924158541,进入试卷页面,,,,,,
000000000000000000000000000008aa,00000000000000000000000000000023,00000000000000000000000000000023,QT-SIM-035-8147,sim_openid_035_385846,enter_question,1,1782924159972,进入第1题,sorting,,,,,
000000000000000000000000000008ab,00000000000000000000000000000023,00000000000000000000000000000023,QT-SIM-035-8147,sim_openid_035_385846,change_sorting_option,1,1782924180957,"拖动D(4→3)，A,B,C,D → A,B,D,C",sorting,"""A,B,C,D""","""A,B,D,C""","""D""",4,3
000000000000000000000000000008ac,00000000000000000000000000000023,00000000000000000000000000000023,QT-SIM-035-8147,sim_openid_035_385846,change_sorting_option,1,1782924188962,"拖动C(4→3)，A,B,D,C → A,B,C,D",sorting,"""A,B,D,C""","""A,B,C,D""","""C""",4,3
000000000000000000000000000008ad,00000000000000000000000000000023,00000000000000000000000000000023,QT-SIM-035-8147,sim_openid_035_385846,change_sorting_option,1,1782924192262,"拖动A(1→4)，A,B,C,D → B,C,D,A",sorting,"""A,B,C,D""","""B,C,D,A""","""A""",1,4
000000000000000000000000000008ae,00000000000000000000000000000023,00000000000000000000000000000023,QT-SIM-035-8147,sim_openid_035_385846,change_sorting_option,1,1782924199145,"拖动B(1→2)，B,C,D,A → C,B,D,A",sorting,"""B,C,D,A""","""C,B,D,A""","""B""",1,2
000000000000000000000000000008af,00000000000000000000000000000023,00000000000000000000000000000023,QT-SIM-035-8147,sim_openid_035_385846,change_sorting_option,1,1782924204964,"拖动C(1→3)，C,B,D,A → B,D,C,A",sorting,"""C,B,D,A""","""B,D,C,A""","""C""",1,3
000000000000000000000000000008b0,00000000000000000000000000000023,00000000000000000000000000000023,QT-SIM-035-8147,sim_openid_035_385846,change_sorting_option,1,1782924213290,"拖动B(1→2)，B,D,C,A → D,B,C,A",sorting,"""B,D,C,A""","""D,B,C,A""","""B""",1,2
000000000000000000000000000008b1,00000000000000000000000000000023,00000000000000000000000000000023,QT-SIM-035-8147,sim_openid_035_385846,leave_question,1,1782924217252,离开第1题,,,,,,
000000000000000000000000000008b2,00000000000000000000000000000023,00000000000000000000000000000023,QT-SIM-035-8147,sim_openid_035_385846,enter_question,4,1782924220419,进入第2题,sorting,,,,,
000000000000000000000000000008b3,00000000000000000000000000000023,00000000000000000000000000000023,QT-SIM-035-8147,sim_openid_035_385846,change_sorting_option,4,1782924262030,"拖动D(4→3)，A,B,C,D → A,B,D,C",sorting,"""A,B,C,D""","""A,B,D,C""","""D""",4,3
000000000000000000000000000008b4,00000000000000000000000000000023,00000000000000000000000000000023,QT-SIM-035-8147,sim_openid_035_385846,change_sorting_option,4,1782924266150,"拖动A(1→4)，A,B,D,C → B,D,C,A",sorting,"""A,B,D,C""","""B,D,C,A""","""A""",1,4
000000000000000000000000000008b5,00000000000000000000000000000023,00000000000000000000000000000023,QT-SIM-035-8147,sim_openid_035_385846,change_sorting_option,4,1782924269829,"拖动B(1→2)，B,D,C,A → D,B,C,A",sorting,"""B,D,C,A""","""D,B,C,A""","""B""",1,2
000000000000000000000000000008b6,00000000000000000000000000000023,00000000000000000000000000000023,QT-SIM-035-8147,sim_openid_035_385846,change_sorting_option,4,1782924276098,"拖动D(1→4)，D,B,C,A → B,C,A,D",sorting,"""D,B,C,A""","""B,C,A,D""","""D""",1,4
000000000000000000000000000008b7,00000000000000000000000000000023,00000000000000000000000000000023,QT-SIM-035-8147,sim_openid_035_385846,change_sorting_option,4,1782924279713,"拖动A(3→1)，B,C,A,D → A,B,C,D",sorting,"""B,C,A,D""","""A,B,C,D""","""A""",3,1
000000000000000000000000000008b8,00000000000000000000000000000023,00000000000000000000000000000023,QT-SIM-035-8147,sim_openid_035_385846,leave_question,4,1782924285567,离开第2题,,,,,,
000000000000000000000000000008b9,00000000000000000000000000000023,00000000000000000000000000000023,QT-SIM-035-8147,sim_openid_035_385846,enter_question,6,1782924287440,进入第3题,sorting,,,,,
000000000000000000000000000008ba,00000000000000000000000000000023,00000000000000000000000000000023,QT-SIM-035-8147,sim_openid_035_385846,change_sorting_option,6,1782924318424,"拖动D(4→2)，A,B,C,D → A,D,B,C",sorting,"""A,B,C,D""","""A,D,B,C""","""D""",4,2
000000000000000000000000000008bb,00000000000000000000000000000023,00000000000000000000000000000023,QT-SIM-035-8147,sim_openid_035_385846,change_sorting_option,6,1782924322901,"拖动D(2→4)，A,D,B,C → A,B,C,D",sorting,"""A,D,B,C""","""A,B,C,D""","""D""",2,4
000000000000000000000000000008bc,00000000000000000000000000000023,00000000000000000000000000000023,QT-SIM-035-8147,sim_openid_035_385846,change_sorting_option,6,1782924324854,"拖动D(4→1)，A,B,C,D → D,A,B,C",sorting,"""A,B,C,D""","""D,A,B,C""","""D""",4,1
000000000000000000000000000008bd,00000000000000000000000000000023,00000000000000000000000000000023,QT-SIM-035-8147,sim_openid_035_385846,change_sorting_option,6,1782924330357,"拖动C(4→3)，D,A,B,C → D,A,C,B",sorting,"""D,A,B,C""","""D,A,C,B""","""C""",4,3
000000000000000000000000000008be,00000000000000000000000000000023,00000000000000000000000000000023,QT-SIM-035-8147,sim_openid_035_385846,change_sorting_option,6,1782924332854,"拖动D(1→2)，D,A,C,B → A,D,C,B",sorting,"""D,A,C,B""","""A,D,C,B""","""D""",1,2
000000000000000000000000000008bf,00000000000000000000000000000023,00000000000000000000000000000023,QT-SIM-035-8147,sim_openid_035_385846,leave_question,6,1782924338960,离开第3题,,,,,,
000000000000000000000000000008c0,00000000000000000000000000000023,00000000000000000000000000000023,QT-SIM-035-8147,sim_openid_035_385846,enter_question,2,1782924342161,进入第4题,sorting,,,,,
000000000000000000000000000008c1,00000000000000000000000000000023,00000000000000000000000000000023,QT-SIM-035-8147,sim_openid_035_385846,leave_question,2,1782924366066,离开第4题,,,,,,
000000000000000000000000000008c2,00000000000000000000000000000023,00000000000000000000000000000023,QT-SIM-035-8147,sim_openid_035_385846,enter_question,5,1782924367333,进入第5题,sorting,,,,,
000000000000000000000000000008c3,00000000000000000000000000000023,00000000000000000000000000000023,QT-SIM-035-8147,sim_openid_035_385846,change_sorting_option,5,1782924396670,"拖动B(2→4)，A,B,C,D → A,C,D,B",sorting,"""A,B,C,D""","""A,C,D,B""","""B""",2,4
000000000000000000000000000008c4,00000000000000000000000000000023,00000000000000000000000000000023,QT-SIM-035-8147,sim_openid_035_385846,change_sorting_option,5,1782924403486,"拖动D(3→1)，A,C,D,B → D,A,C,B",sorting,"""A,C,D,B""","""D,A,C,B""","""D""",3,1
000000000000000000000000000008c5,00000000000000000000000000000023,00000000000000000000000000000023,QT-SIM-035-8147,sim_openid_035_385846,change_sorting_option,5,1782924408031,"拖动D(1→4)，D,A,C,B → A,C,B,D",sorting,"""D,A,C,B""","""A,C,B,D""","""D""",1,4
000000000000000000000000000008c6,00000000000000000000000000000023,00000000000000000000000000000023,QT-SIM-035-8147,sim_openid_035_385846,change_sorting_option,5,1782924410668,"拖动C(2→1)，A,C,B,D → C,A,B,D",sorting,"""A,C,B,D""","""C,A,B,D""","""C""",2,1
000000000000000000000000000008c7,00000000000000000000000000000023,00000000000000000000000000000023,QT-SIM-035-8147,sim_openid_035_385846,change_sorting_option,5,1782924416356,"拖动C(1→2)，C,A,B,D → A,C,B,D",sorting,"""C,A,B,D""","""A,C,B,D""","""C""",1,2
000000000000000000000000000008c8,00000000000000000000000000000023,00000000000000000000000000000023,QT-SIM-035-8147,sim_openid_035_385846,change_sorting_option,5,1782924420888,"拖动B(3→4)，A,C,B,D → A,C,D,B",sorting,"""A,C,B,D""","""A,C,D,B""","""B""",3,4
000000000000000000000000000008c9,00000000000000000000000000000023,00000000000000000000000000000023,QT-SIM-035-8147,sim_openid_035_385846,change_sorting_option,5,1782924426343,"拖动A(1→3)，A,C,D,B → C,D,A,B",sorting,"""A,C,D,B""","""C,D,A,B""","""A""",1,3
000000000000000000000000000008ca,00000000000000000000000000000023,00000000000000000000000000000023,QT-SIM-035-8147,sim_openid_035_385846,change_sorting_option,5,1782924433185,"拖动D(2→1)，C,D,A,B → D,C,A,B",sorting,"""C,D,A,B""","""D,C,A,B""","""D""",2,1
000000000000000000000000000008cb,00000000000000000000000000000023,00000000000000000000000000000023,QT-SIM-035-8147,sim_openid_035_385846,leave_question,5,1782924444326,离开第5题,,,,,,
000000000000000000000000000008cc,00000000000000000000000000000023,00000000000000000000000000000023,QT-SIM-035-8147,sim_openid_035_385846,enter_question,3,1782924445997,进入第6题,sorting,,,,,
000000000000000000000000000008cd,00000000000000000000000000000023,00000000000000000000000000000023,QT-SIM-035-8147,sim_openid_035_385846,change_sorting_option,3,1782924490344,"拖动C(3→2)，A,B,C,D → A,C,B,D",sorting,"""A,B,C,D""","""A,C,B,D""","""C""",3,2
000000000000000000000000000008ce,00000000000000000000000000000023,00000000000000000000000000000023,QT-SIM-035-8147,sim_openid_035_385846,change_sorting_option,3,1782924492216,"拖动D(4→2)，A,C,B,D → A,D,C,B",sorting,"""A,C,B,D""","""A,D,C,B""","""D""",4,2
000000000000000000000000000008cf,00000000000000000000000000000023,00000000000000000000000000000023,QT-SIM-035-8147,sim_openid_035_385846,change_sorting_option,3,1782924499172,"拖动A(1→3)，A,D,C,B → D,C,A,B",sorting,"""A,D,C,B""","""D,C,A,B""","""A""",1,3
000000000000000000000000000008d0,00000000000000000000000000000023,00000000000000000000000000000023,QT-SIM-035-8147,sim_openid_035_385846,change_sorting_option,3,1782924501665,"拖动B(4→1)，D,C,A,B → B,D,C,A",sorting,"""D,C,A,B""","""B,D,C,A""","""B""",4,1
000000000000000000000000000008d1,00000000000000000000000000000023,00000000000000000000000000000023,QT-SIM-035-8147,sim_openid_035_385846,change_sorting_option,3,1782924507551,"拖动A(4→3)，B,D,C,A → B,D,A,C",sorting,"""B,D,C,A""","""B,D,A,C""","""A""",4,3
000000000000000000000000000008d2,00000000000000000000000000000023,00000000000000000000000000000023,QT-SIM-035-8147,sim_openid_035_385846,leave_question,3,1782924520328,离开第6题,,,,,,
000000000000000000000000000008d3,00000000000000000000000000000023,00000000000000000000000000000023,QT-SIM-035-8147,sim_openid_035_385846,enter_question,9,1782924521804,进入第7题,sorting,,,,,
000000000000000000000000000008d4,00000000000000000000000000000023,00000000000000000000000000000023,QT-SIM-035-8147,sim_openid_035_385846,change_sorting_option,9,1782924537371,"拖动D(4→1)，A,B,C,D → D,A,B,C",sorting,"""A,B,C,D""","""D,A,B,C""","""D""",4,1
000000000000000000000000000008d5,00000000000000000000000000000023,00000000000000000000000000000023,QT-SIM-035-8147,sim_openid_035_385846,change_sorting_option,9,1782924539690,"拖动C(4→2)，D,A,B,C → D,C,A,B",sorting,"""D,A,B,C""","""D,C,A,B""","""C""",4,2
000000000000000000000000000008d6,00000000000000000000000000000023,00000000000000000000000000000023,QT-SIM-035-8147,sim_openid_035_385846,change_sorting_option,9,1782924543010,"拖动B(4→3)，D,C,A,B → D,C,B,A",sorting,"""D,C,A,B""","""D,C,B,A""","""B""",4,3
000000000000000000000000000008d7,00000000000000000000000000000023,00000000000000000000000000000023,QT-SIM-035-8147,sim_openid_035_385846,leave_question,9,1782924550551,离开第7题,,,,,,
000000000000000000000000000008d8,00000000000000000000000000000023,00000000000000000000000000000023,QT-SIM-035-8147,sim_openid_035_385846,enter_question,10,1782924553375,进入第8题,sorting,,,,,
000000000000000000000000000008d9,00000000000000000000000000000023,00000000000000000000000000000023,QT-SIM-035-8147,sim_openid_035_385846,change_sorting_option,10,1782924580643,"拖动A(1→2)，A,B,C,D → B,A,C,D",sorting,"""A,B,C,D""","""B,A,C,D""","""A""",1,2
000000000000000000000000000008da,00000000000000000000000000000023,00000000000000000000000000000023,QT-SIM-035-8147,sim_openid_035_385846,change_sorting_option,10,1782924583877,"拖动D(4→3)，B,A,C,D → B,A,D,C",sorting,"""B,A,C,D""","""B,A,D,C""","""D""",4,3
000000000000000000000000000008db,00000000000000000000000000000023,00000000000000000000000000000023,QT-SIM-035-8147,sim_openid_035_385846,change_sorting_option,10,1782924589572,"拖动D(3→4)，B,A,D,C → B,A,C,D",sorting,"""B,A,D,C""","""B,A,C,D""","""D""",3,4
000000000000000000000000000008dc,00000000000000000000000000000023,00000000000000000000000000000023,QT-SIM-035-8147,sim_openid_035_385846,change_sorting_option,10,1782924591414,"拖动D(4→3)，B,A,C,D → B,A,D,C",sorting,"""B,A,C,D""","""B,A,D,C""","""D""",4,3
000000000000000000000000000008dd,00000000000000000000000000000023,00000000000000000000000000000023,QT-SIM-035-8147,sim_openid_035_385846,leave_question,10,1782924600085,离开第8题,,,,,,
000000000000000000000000000008de,00000000000000000000000000000023,00000000000000000000000000000023,QT-SIM-035-8147,sim_openid_035_385846,enter_question,7,1782924601868,进入第9题,sorting,,,,,
000000000000000000000000000008df,00000000000000000000000000000023,00000000000000000000000000000023,QT-SIM-035-8147,sim_openid_035_385846,change_sorting_option,7,1782924638307,"拖动A(1→4)，A,B,C,D → B,C,D,A",sorting,"""A,B,C,D""","""B,C,D,A""","""A""",1,4
000000000000000000000000000008e0,00000000000000000000000000000023,00000000000000000000000000000023,QT-SIM-035-8147,sim_openid_035_385846,change_sorting_option,7,1782924643884,"拖动D(3→2)，B,C,D,A → B,D,C,A",sorting,"""B,C,D,A""","""B,D,C,A""","""D""",3,2
000000000000000000000000000008e1,00000000000000000000000000000023,00000000000000000000000000000023,QT-SIM-035-8147,sim_openid_035_385846,change_sorting_option,7,1782924649984,"拖动A(4→1)，B,D,C,A → A,B,D,C",sorting,"""B,D,C,A""","""A,B,D,C""","""A""",4,1
000000000000000000000000000008e2,00000000000000000000000000000023,00000000000000000000000000000023,QT-SIM-035-8147,sim_openid_035_385846,change_sorting_option,7,1782924657300,"拖动C(4→3)，A,B,D,C → A,B,C,D",sorting,"""A,B,D,C""","""A,B,C,D""","""C""",4,3
000000000000000000000000000008e3,00000000000000000000000000000023,00000000000000000000000000000023,QT-SIM-035-8147,sim_openid_035_385846,change_sorting_option,7,1782924659318,"拖动D(4→2)，A,B,C,D → A,D,B,C",sorting,"""A,B,C,D""","""A,D,B,C""","""D""",4,2
000000000000000000000000000008e4,00000000000000000000000000000023,00000000000000000000000000000023,QT-SIM-035-8147,sim_openid_035_385846,change_sorting_option,7,1782924662742,"拖动C(4→3)，A,D,B,C → A,D,C,B",sorting,"""A,D,B,C""","""A,D,C,B""","""C""",4,3
000000000000000000000000000008e5,00000000000000000000000000000023,00000000000000000000000000000023,QT-SIM-035-8147,sim_openid_035_385846,leave_question,7,1782924675181,离开第9题,,,,,,
000000000000000000000000000008e6,00000000000000000000000000000023,00000000000000000000000000000023,QT-SIM-035-8147,sim_openid_035_385846,enter_question,8,1782924676195,进入第10题,sorting,,,,,
000000000000000000000000000008e7,00000000000000000000000000000023,00000000000000000000000000000023,QT-SIM-035-8147,sim_openid_035_385846,change_sorting_option,8,1782924718246,"拖动A(1→3)，A,B,C,D → B,C,A,D",sorting,"""A,B,C,D""","""B,C,A,D""","""A""",1,3
000000000000000000000000000008e8,00000000000000000000000000000023,00000000000000000000000000000023,QT-SIM-035-8147,sim_openid_035_385846,change_sorting_option,8,1782924725991,"拖动B(1→4)，B,C,A,D → C,A,D,B",sorting,"""B,C,A,D""","""C,A,D,B""","""B""",1,4
000000000000000000000000000008e9,00000000000000000000000000000023,00000000000000000000000000000023,QT-SIM-035-8147,sim_openid_035_385846,change_sorting_option,8,1782924734738,"拖动C(1→2)，C,A,D,B → A,C,D,B",sorting,"""C,A,D,B""","""A,C,D,B""","""C""",1,2
000000000000000000000000000008ea,00000000000000000000000000000023,00000000000000000000000000000023,QT-SIM-035-8147,sim_openid_035_385846,change_sorting_option,8,1782924741550,"拖动D(3→1)，A,C,D,B → D,A,C,B",sorting,"""A,C,D,B""","""D,A,C,B""","""D""",3,1
000000000000000000000000000008eb,00000000000000000000000000000023,00000000000000000000000000000023,QT-SIM-035-8147,sim_openid_035_385846,change_sorting_option,8,1782924743740,"拖动C(3→2)，D,A,C,B → D,C,A,B",sorting,"""D,A,C,B""","""D,C,A,B""","""C""",3,2
000000000000000000000000000008ec,00000000000000000000000000000023,00000000000000000000000000000023,QT-SIM-035-8147,sim_openid_035_385846,leave_question,8,1782924754519,离开第10题,,,,,,
000000000000000000000000000008ed,00000000000000000000000000000023,00000000000000000000000000000023,QT-SIM-035-8147,sim_openid_035_385846,submit_exam,-1,1782924754752,提交试卷,,,,,,
000000000000000000000000000008ee,00000000000000000000000000000024,00000000000000000000000000000024,QT-SIM-036-4848,sim_openid_036_874418,start_exam,-1,1782925053550,开始答题,,,,,,
000000000000000000000000000008ef,00000000000000000000000000000024,00000000000000000000000000000024,QT-SIM-036-4848,sim_openid_036_874418,enter_exam,-1,1782925053617,进入试卷页面,,,,,,
000000000000000000000000000008f0,00000000000000000000000000000024,00000000000000000000000000000024,QT-SIM-036-4848,sim_openid_036_874418,enter_question,1,1782925054889,进入第1题,sorting,,,,,
000000000000000000000000000008f1,00000000000000000000000000000024,00000000000000000000000000000024,QT-SIM-036-4848,sim_openid_036_874418,change_sorting_option,1,1782925082593,"拖动A(1→3)，A,B,C,D → B,C,A,D",sorting,"""A,B,C,D""","""B,C,A,D""","""A""",1,3
000000000000000000000000000008f2,00000000000000000000000000000024,00000000000000000000000000000024,QT-SIM-036-4848,sim_openid_036_874418,change_sorting_option,1,1782925089516,"拖动B(1→2)，B,C,A,D → C,B,A,D",sorting,"""B,C,A,D""","""C,B,A,D""","""B""",1,2
000000000000000000000000000008f3,00000000000000000000000000000024,00000000000000000000000000000024,QT-SIM-036-4848,sim_openid_036_874418,change_sorting_option,1,1782925093317,"拖动D(4→2)，C,B,A,D → C,D,B,A",sorting,"""C,B,A,D""","""C,D,B,A""","""D""",4,2
000000000000000000000000000008f4,00000000000000000000000000000024,00000000000000000000000000000024,QT-SIM-036-4848,sim_openid_036_874418,change_sorting_option,1,1782925098714,"拖动A(4→3)，C,D,B,A → C,D,A,B",sorting,"""C,D,B,A""","""C,D,A,B""","""A""",4,3
000000000000000000000000000008f5,00000000000000000000000000000024,00000000000000000000000000000024,QT-SIM-036-4848,sim_openid_036_874418,change_sorting_option,1,1782925102870,"拖动B(4→2)，C,D,A,B → C,B,D,A",sorting,"""C,D,A,B""","""C,B,D,A""","""B""",4,2
000000000000000000000000000008f6,00000000000000000000000000000024,00000000000000000000000000000024,QT-SIM-036-4848,sim_openid_036_874418,change_sorting_option,1,1782925110742,"拖动D(3→4)，C,B,D,A → C,B,A,D",sorting,"""C,B,D,A""","""C,B,A,D""","""D""",3,4
000000000000000000000000000008f7,00000000000000000000000000000024,00000000000000000000000000000024,QT-SIM-036-4848,sim_openid_036_874418,leave_question,1,1782925115763,离开第1题,,,,,,
000000000000000000000000000008f8,00000000000000000000000000000024,00000000000000000000000000000024,QT-SIM-036-4848,sim_openid_036_874418,enter_question,4,1782925117080,进入第2题,sorting,,,,,
000000000000000000000000000008f9,00000000000000000000000000000024,00000000000000000000000000000024,QT-SIM-036-4848,sim_openid_036_874418,change_sorting_option,4,1782925142182,"拖动D(4→1)，A,B,C,D → D,A,B,C",sorting,"""A,B,C,D""","""D,A,B,C""","""D""",4,1
000000000000000000000000000008fa,00000000000000000000000000000024,00000000000000000000000000000024,QT-SIM-036-4848,sim_openid_036_874418,change_sorting_option,4,1782925149915,"拖动C(4→3)，D,A,B,C → D,A,C,B",sorting,"""D,A,B,C""","""D,A,C,B""","""C""",4,3
000000000000000000000000000008fb,00000000000000000000000000000024,00000000000000000000000000000024,QT-SIM-036-4848,sim_openid_036_874418,change_sorting_option,4,1782925154834,"拖动A(2→1)，D,A,C,B → A,D,C,B",sorting,"""D,A,C,B""","""A,D,C,B""","""A""",2,1
000000000000000000000000000008fc,00000000000000000000000000000024,00000000000000000000000000000024,QT-SIM-036-4848,sim_openid_036_874418,change_sorting_option,4,1782925162415,"拖动B(4→3)，A,D,C,B → A,D,B,C",sorting,"""A,D,C,B""","""A,D,B,C""","""B""",4,3
000000000000000000000000000008fd,00000000000000000000000000000024,00000000000000000000000000000024,QT-SIM-036-4848,sim_openid_036_874418,change_sorting_option,4,1782925167618,"拖动A(1→2)，A,D,B,C → D,A,B,C",sorting,"""A,D,B,C""","""D,A,B,C""","""A""",1,2
000000000000000000000000000008fe,00000000000000000000000000000024,00000000000000000000000000000024,QT-SIM-036-4848,sim_openid_036_874418,change_sorting_option,4,1782925172189,"拖动C(4→3)，D,A,B,C → D,A,C,B",sorting,"""D,A,B,C""","""D,A,C,B""","""C""",4,3
000000000000000000000000000008ff,00000000000000000000000000000024,00000000000000000000000000000024,QT-SIM-036-4848,sim_openid_036_874418,leave_question,4,1782925182225,离开第2题,,,,,,
00000000000000000000000000000900,00000000000000000000000000000024,00000000000000000000000000000024,QT-SIM-036-4848,sim_openid_036_874418,enter_question,6,1782925184198,进入第3题,sorting,,,,,
00000000000000000000000000000901,00000000000000000000000000000024,00000000000000000000000000000024,QT-SIM-036-4848,sim_openid_036_874418,change_sorting_option,6,1782925203885,"拖动D(4→2)，A,B,C,D → A,D,B,C",sorting,"""A,B,C,D""","""A,D,B,C""","""D""",4,2
00000000000000000000000000000902,00000000000000000000000000000024,00000000000000000000000000000024,QT-SIM-036-4848,sim_openid_036_874418,change_sorting_option,6,1782925210580,"拖动B(3→1)，A,D,B,C → B,A,D,C",sorting,"""A,D,B,C""","""B,A,D,C""","""B""",3,1
00000000000000000000000000000903,00000000000000000000000000000024,00000000000000000000000000000024,QT-SIM-036-4848,sim_openid_036_874418,change_sorting_option,6,1782925216264,"拖动A(2→3)，B,A,D,C → B,D,A,C",sorting,"""B,A,D,C""","""B,D,A,C""","""A""",2,3
00000000000000000000000000000904,00000000000000000000000000000024,00000000000000000000000000000024,QT-SIM-036-4848,sim_openid_036_874418,change_sorting_option,6,1782925219428,"拖动B(1→4)，B,D,A,C → D,A,C,B",sorting,"""B,D,A,C""","""D,A,C,B""","""B""",1,4
00000000000000000000000000000905,00000000000000000000000000000024,00000000000000000000000000000024,QT-SIM-036-4848,sim_openid_036_874418,change_sorting_option,6,1782925224656,"拖动A(2→3)，D,A,C,B → D,C,A,B",sorting,"""D,A,C,B""","""D,C,A,B""","""A""",2,3
00000000000000000000000000000906,00000000000000000000000000000024,00000000000000000000000000000024,QT-SIM-036-4848,sim_openid_036_874418,change_sorting_option,6,1782925231968,"拖动C(2→1)，D,C,A,B → C,D,A,B",sorting,"""D,C,A,B""","""C,D,A,B""","""C""",2,1
00000000000000000000000000000907,00000000000000000000000000000024,00000000000000000000000000000024,QT-SIM-036-4848,sim_openid_036_874418,leave_question,6,1782925239437,离开第3题,,,,,,
00000000000000000000000000000908,00000000000000000000000000000024,00000000000000000000000000000024,QT-SIM-036-4848,sim_openid_036_874418,enter_question,2,1782925241740,进入第4题,sorting,,,,,
00000000000000000000000000000909,00000000000000000000000000000024,00000000000000000000000000000024,QT-SIM-036-4848,sim_openid_036_874418,change_sorting_option,2,1782925264741,"拖动D(4→3)，A,B,C,D → A,B,D,C",sorting,"""A,B,C,D""","""A,B,D,C""","""D""",4,3
0000000000000000000000000000090a,00000000000000000000000000000024,00000000000000000000000000000024,QT-SIM-036-4848,sim_openid_036_874418,change_sorting_option,2,1782925267133,"拖动C(4→1)，A,B,D,C → C,A,B,D",sorting,"""A,B,D,C""","""C,A,B,D""","""C""",4,1
0000000000000000000000000000090b,00000000000000000000000000000024,00000000000000000000000000000024,QT-SIM-036-4848,sim_openid_036_874418,change_sorting_option,2,1782925272073,"拖动B(3→4)，C,A,B,D → C,A,D,B",sorting,"""C,A,B,D""","""C,A,D,B""","""B""",3,4
0000000000000000000000000000090c,00000000000000000000000000000024,00000000000000000000000000000024,QT-SIM-036-4848,sim_openid_036_874418,change_sorting_option,2,1782925279053,"拖动A(2→4)，C,A,D,B → C,D,B,A",sorting,"""C,A,D,B""","""C,D,B,A""","""A""",2,4
0000000000000000000000000000090d,00000000000000000000000000000024,00000000000000000000000000000024,QT-SIM-036-4848,sim_openid_036_874418,change_sorting_option,2,1782925287029,"拖动B(3→4)，C,D,B,A → C,D,A,B",sorting,"""C,D,B,A""","""C,D,A,B""","""B""",3,4
0000000000000000000000000000090e,00000000000000000000000000000024,00000000000000000000000000000024,QT-SIM-036-4848,sim_openid_036_874418,change_sorting_option,2,1782925291763,"拖动A(3→2)，C,D,A,B → C,A,D,B",sorting,"""C,D,A,B""","""C,A,D,B""","""A""",3,2
0000000000000000000000000000090f,00000000000000000000000000000024,00000000000000000000000000000024,QT-SIM-036-4848,sim_openid_036_874418,change_sorting_option,2,1782925296084,"拖动C(1→3)，C,A,D,B → A,D,C,B",sorting,"""C,A,D,B""","""A,D,C,B""","""C""",1,3
00000000000000000000000000000910,00000000000000000000000000000024,00000000000000000000000000000024,QT-SIM-036-4848,sim_openid_036_874418,change_sorting_option,2,1782925303504,"拖动A(1→2)，A,D,C,B → D,A,C,B",sorting,"""A,D,C,B""","""D,A,C,B""","""A""",1,2
00000000000000000000000000000911,00000000000000000000000000000024,00000000000000000000000000000024,QT-SIM-036-4848,sim_openid_036_874418,leave_question,2,1782925310686,离开第4题,,,,,,
00000000000000000000000000000912,00000000000000000000000000000024,00000000000000000000000000000024,QT-SIM-036-4848,sim_openid_036_874418,enter_question,5,1782925312262,进入第5题,sorting,,,,,
00000000000000000000000000000913,00000000000000000000000000000024,00000000000000000000000000000024,QT-SIM-036-4848,sim_openid_036_874418,change_sorting_option,5,1782925327369,"拖动D(4→2)，A,B,C,D → A,D,B,C",sorting,"""A,B,C,D""","""A,D,B,C""","""D""",4,2
00000000000000000000000000000914,00000000000000000000000000000024,00000000000000000000000000000024,QT-SIM-036-4848,sim_openid_036_874418,change_sorting_option,5,1782925328821,"拖动A(1→4)，A,D,B,C → D,B,C,A",sorting,"""A,D,B,C""","""D,B,C,A""","""A""",1,4
00000000000000000000000000000915,00000000000000000000000000000024,00000000000000000000000000000024,QT-SIM-036-4848,sim_openid_036_874418,change_sorting_option,5,1782925333585,"拖动B(2→1)，D,B,C,A → B,D,C,A",sorting,"""D,B,C,A""","""B,D,C,A""","""B""",2,1
00000000000000000000000000000916,00000000000000000000000000000024,00000000000000000000000000000024,QT-SIM-036-4848,sim_openid_036_874418,change_sorting_option,5,1782925339827,"拖动A(4→3)，B,D,C,A → B,D,A,C",sorting,"""B,D,C,A""","""B,D,A,C""","""A""",4,3
00000000000000000000000000000917,00000000000000000000000000000024,00000000000000000000000000000024,QT-SIM-036-4848,sim_openid_036_874418,change_sorting_option,5,1782925343355,"拖动C(4→3)，B,D,A,C → B,D,C,A",sorting,"""B,D,A,C""","""B,D,C,A""","""C""",4,3
00000000000000000000000000000918,00000000000000000000000000000024,00000000000000000000000000000024,QT-SIM-036-4848,sim_openid_036_874418,leave_question,5,1782925346978,离开第5题,,,,,,
00000000000000000000000000000919,00000000000000000000000000000024,00000000000000000000000000000024,QT-SIM-036-4848,sim_openid_036_874418,enter_question,3,1782925349649,进入第6题,sorting,,,,,
0000000000000000000000000000091a,00000000000000000000000000000024,00000000000000000000000000000024,QT-SIM-036-4848,sim_openid_036_874418,change_sorting_option,3,1782925363636,"拖动A(1→2)，A,B,C,D → B,A,C,D",sorting,"""A,B,C,D""","""B,A,C,D""","""A""",1,2
0000000000000000000000000000091b,00000000000000000000000000000024,00000000000000000000000000000024,QT-SIM-036-4848,sim_openid_036_874418,change_sorting_option,3,1782925366287,"拖动D(4→3)，B,A,C,D → B,A,D,C",sorting,"""B,A,C,D""","""B,A,D,C""","""D""",4,3
0000000000000000000000000000091c,00000000000000000000000000000024,00000000000000000000000000000024,QT-SIM-036-4848,sim_openid_036_874418,change_sorting_option,3,1782925368439,"拖动B(1→4)，B,A,D,C → A,D,C,B",sorting,"""B,A,D,C""","""A,D,C,B""","""B""",1,4
0000000000000000000000000000091d,00000000000000000000000000000024,00000000000000000000000000000024,QT-SIM-036-4848,sim_openid_036_874418,change_sorting_option,3,1782925370445,"拖动C(3→1)，A,D,C,B → C,A,D,B",sorting,"""A,D,C,B""","""C,A,D,B""","""C""",3,1
0000000000000000000000000000091e,00000000000000000000000000000024,00000000000000000000000000000024,QT-SIM-036-4848,sim_openid_036_874418,change_sorting_option,3,1782925374525,"拖动A(2→1)，C,A,D,B → A,C,D,B",sorting,"""C,A,D,B""","""A,C,D,B""","""A""",2,1
0000000000000000000000000000091f,00000000000000000000000000000024,00000000000000000000000000000024,QT-SIM-036-4848,sim_openid_036_874418,change_sorting_option,3,1782925376384,"拖动C(2→1)，A,C,D,B → C,A,D,B",sorting,"""A,C,D,B""","""C,A,D,B""","""C""",2,1
00000000000000000000000000000920,00000000000000000000000000000024,00000000000000000000000000000024,QT-SIM-036-4848,sim_openid_036_874418,leave_question,3,1782925383065,离开第6题,,,,,,
00000000000000000000000000000921,00000000000000000000000000000024,00000000000000000000000000000024,QT-SIM-036-4848,sim_openid_036_874418,enter_question,9,1782925384644,进入第7题,sorting,,,,,
00000000000000000000000000000922,00000000000000000000000000000024,00000000000000000000000000000024,QT-SIM-036-4848,sim_openid_036_874418,change_sorting_option,9,1782925397140,"拖动B(2→3)，A,B,C,D → A,C,B,D",sorting,"""A,B,C,D""","""A,C,B,D""","""B""",2,3
00000000000000000000000000000923,00000000000000000000000000000024,00000000000000000000000000000024,QT-SIM-036-4848,sim_openid_036_874418,change_sorting_option,9,1782925399119,"拖动A(1→2)，A,C,B,D → C,A,B,D",sorting,"""A,C,B,D""","""C,A,B,D""","""A""",1,2
00000000000000000000000000000924,00000000000000000000000000000024,00000000000000000000000000000024,QT-SIM-036-4848,sim_openid_036_874418,change_sorting_option,9,1782925405159,"拖动A(2→1)，C,A,B,D → A,C,B,D",sorting,"""C,A,B,D""","""A,C,B,D""","""A""",2,1
00000000000000000000000000000925,00000000000000000000000000000024,00000000000000000000000000000024,QT-SIM-036-4848,sim_openid_036_874418,change_sorting_option,9,1782925407275,"拖动D(4→2)，A,C,B,D → A,D,C,B",sorting,"""A,C,B,D""","""A,D,C,B""","""D""",4,2
00000000000000000000000000000926,00000000000000000000000000000024,00000000000000000000000000000024,QT-SIM-036-4848,sim_openid_036_874418,change_sorting_option,9,1782925414701,"拖动C(3→4)，A,D,C,B → A,D,B,C",sorting,"""A,D,C,B""","""A,D,B,C""","""C""",3,4
00000000000000000000000000000927,00000000000000000000000000000024,00000000000000000000000000000024,QT-SIM-036-4848,sim_openid_036_874418,leave_question,9,1782925425671,离开第7题,,,,,,
00000000000000000000000000000928,00000000000000000000000000000024,00000000000000000000000000000024,QT-SIM-036-4848,sim_openid_036_874418,enter_question,10,1782925428920,进入第8题,sorting,,,,,
00000000000000000000000000000929,00000000000000000000000000000024,00000000000000000000000000000024,QT-SIM-036-4848,sim_openid_036_874418,change_sorting_option,10,1782925451717,"拖动D(4→1)，A,B,C,D → D,A,B,C",sorting,"""A,B,C,D""","""D,A,B,C""","""D""",4,1
0000000000000000000000000000092a,00000000000000000000000000000024,00000000000000000000000000000024,QT-SIM-036-4848,sim_openid_036_874418,change_sorting_option,10,1782925459219,"拖动C(4→3)，D,A,B,C → D,A,C,B",sorting,"""D,A,B,C""","""D,A,C,B""","""C""",4,3
0000000000000000000000000000092b,00000000000000000000000000000024,00000000000000000000000000000024,QT-SIM-036-4848,sim_openid_036_874418,change_sorting_option,10,1782925462318,"拖动D(1→4)，D,A,C,B → A,C,B,D",sorting,"""D,A,C,B""","""A,C,B,D""","""D""",1,4
0000000000000000000000000000092c,00000000000000000000000000000024,00000000000000000000000000000024,QT-SIM-036-4848,sim_openid_036_874418,change_sorting_option,10,1782925469221,"拖动A(1→2)，A,C,B,D → C,A,B,D",sorting,"""A,C,B,D""","""C,A,B,D""","""A""",1,2
0000000000000000000000000000092d,00000000000000000000000000000024,00000000000000000000000000000024,QT-SIM-036-4848,sim_openid_036_874418,change_sorting_option,10,1782925471245,"拖动C(1→3)，C,A,B,D → A,B,C,D",sorting,"""C,A,B,D""","""A,B,C,D""","""C""",1,3
0000000000000000000000000000092e,00000000000000000000000000000024,00000000000000000000000000000024,QT-SIM-036-4848,sim_openid_036_874418,change_sorting_option,10,1782925479001,"拖动A(1→2)，A,B,C,D → B,A,C,D",sorting,"""A,B,C,D""","""B,A,C,D""","""A""",1,2
0000000000000000000000000000092f,00000000000000000000000000000024,00000000000000000000000000000024,QT-SIM-036-4848,sim_openid_036_874418,leave_question,10,1782925486646,离开第8题,,,,,,
00000000000000000000000000000930,00000000000000000000000000000024,00000000000000000000000000000024,QT-SIM-036-4848,sim_openid_036_874418,enter_question,7,1782925490112,进入第9题,sorting,,,,,
00000000000000000000000000000931,00000000000000000000000000000024,00000000000000000000000000000024,QT-SIM-036-4848,sim_openid_036_874418,change_sorting_option,7,1782925519586,"拖动D(4→1)，A,B,C,D → D,A,B,C",sorting,"""A,B,C,D""","""D,A,B,C""","""D""",4,1
00000000000000000000000000000932,00000000000000000000000000000024,00000000000000000000000000000024,QT-SIM-036-4848,sim_openid_036_874418,change_sorting_option,7,1782925526638,"拖动A(2→4)，D,A,B,C → D,B,C,A",sorting,"""D,A,B,C""","""D,B,C,A""","""A""",2,4
00000000000000000000000000000933,00000000000000000000000000000024,00000000000000000000000000000024,QT-SIM-036-4848,sim_openid_036_874418,change_sorting_option,7,1782925534156,"拖动D(1→4)，D,B,C,A → B,C,A,D",sorting,"""D,B,C,A""","""B,C,A,D""","""D""",1,4
00000000000000000000000000000934,00000000000000000000000000000024,00000000000000000000000000000024,QT-SIM-036-4848,sim_openid_036_874418,change_sorting_option,7,1782925536989,"拖动D(4→2)，B,C,A,D → B,D,C,A",sorting,"""B,C,A,D""","""B,D,C,A""","""D""",4,2
00000000000000000000000000000935,00000000000000000000000000000024,00000000000000000000000000000024,QT-SIM-036-4848,sim_openid_036_874418,change_sorting_option,7,1782925541994,"拖动D(2→4)，B,D,C,A → B,C,A,D",sorting,"""B,D,C,A""","""B,C,A,D""","""D""",2,4
00000000000000000000000000000936,00000000000000000000000000000024,00000000000000000000000000000024,QT-SIM-036-4848,sim_openid_036_874418,change_sorting_option,7,1782925549214,"拖动A(3→2)，B,C,A,D → B,A,C,D",sorting,"""B,C,A,D""","""B,A,C,D""","""A""",3,2
00000000000000000000000000000937,00000000000000000000000000000024,00000000000000000000000000000024,QT-SIM-036-4848,sim_openid_036_874418,leave_question,7,1782925556223,离开第9题,,,,,,
00000000000000000000000000000938,00000000000000000000000000000024,00000000000000000000000000000024,QT-SIM-036-4848,sim_openid_036_874418,enter_question,8,1782925557773,进入第10题,sorting,,,,,
00000000000000000000000000000939,00000000000000000000000000000024,00000000000000000000000000000024,QT-SIM-036-4848,sim_openid_036_874418,change_sorting_option,8,1782925568658,"拖动C(3→2)，A,B,C,D → A,C,B,D",sorting,"""A,B,C,D""","""A,C,B,D""","""C""",3,2
0000000000000000000000000000093a,00000000000000000000000000000024,00000000000000000000000000000024,QT-SIM-036-4848,sim_openid_036_874418,change_sorting_option,8,1782925571150,"拖动D(4→2)，A,C,B,D → A,D,C,B",sorting,"""A,C,B,D""","""A,D,C,B""","""D""",4,2
0000000000000000000000000000093b,00000000000000000000000000000024,00000000000000000000000000000024,QT-SIM-036-4848,sim_openid_036_874418,change_sorting_option,8,1782925578293,"拖动D(2→4)，A,D,C,B → A,C,B,D",sorting,"""A,D,C,B""","""A,C,B,D""","""D""",2,4
0000000000000000000000000000093c,00000000000000000000000000000024,00000000000000000000000000000024,QT-SIM-036-4848,sim_openid_036_874418,leave_question,8,1782925585849,离开第10题,,,,,,
0000000000000000000000000000093d,00000000000000000000000000000024,00000000000000000000000000000024,QT-SIM-036-4848,sim_openid_036_874418,submit_exam,-1,1782925586113,提交试卷,,,,,,
0000000000000000000000000000093e,00000000000000000000000000000025,00000000000000000000000000000025,QT-SIM-037-6364,sim_openid_037_400000,start_exam,-1,1782925951066,开始答题,,,,,,
0000000000000000000000000000093f,00000000000000000000000000000025,00000000000000000000000000000025,QT-SIM-037-6364,sim_openid_037_400000,enter_exam,-1,1782925951165,进入试卷页面,,,,,,
00000000000000000000000000000940,00000000000000000000000000000025,00000000000000000000000000000025,QT-SIM-037-6364,sim_openid_037_400000,enter_question,1,1782925954082,进入第1题,sorting,,,,,
00000000000000000000000000000941,00000000000000000000000000000025,00000000000000000000000000000025,QT-SIM-037-6364,sim_openid_037_400000,change_sorting_option,1,1782925977305,"拖动A(1→3)，A,B,C,D → B,C,A,D",sorting,"""A,B,C,D""","""B,C,A,D""","""A""",1,3
00000000000000000000000000000942,00000000000000000000000000000025,00000000000000000000000000000025,QT-SIM-037-6364,sim_openid_037_400000,change_sorting_option,1,1782925982565,"拖动C(2→3)，B,C,A,D → B,A,C,D",sorting,"""B,C,A,D""","""B,A,C,D""","""C""",2,3
00000000000000000000000000000943,00000000000000000000000000000025,00000000000000000000000000000025,QT-SIM-037-6364,sim_openid_037_400000,change_sorting_option,1,1782925988386,"拖动B(1→2)，B,A,C,D → A,B,C,D",sorting,"""B,A,C,D""","""A,B,C,D""","""B""",1,2
00000000000000000000000000000944,00000000000000000000000000000025,00000000000000000000000000000025,QT-SIM-037-6364,sim_openid_037_400000,leave_question,1,1782925994408,离开第1题,,,,,,
00000000000000000000000000000945,00000000000000000000000000000025,00000000000000000000000000000025,QT-SIM-037-6364,sim_openid_037_400000,enter_question,4,1782925996836,进入第2题,sorting,,,,,
00000000000000000000000000000946,00000000000000000000000000000025,00000000000000000000000000000025,QT-SIM-037-6364,sim_openid_037_400000,change_sorting_option,4,1782926024711,"拖动C(3→1)，A,B,C,D → C,A,B,D",sorting,"""A,B,C,D""","""C,A,B,D""","""C""",3,1
00000000000000000000000000000947,00000000000000000000000000000025,00000000000000000000000000000025,QT-SIM-037-6364,sim_openid_037_400000,change_sorting_option,4,1782926031189,"拖动D(4→2)，C,A,B,D → C,D,A,B",sorting,"""C,A,B,D""","""C,D,A,B""","""D""",4,2
00000000000000000000000000000948,00000000000000000000000000000025,00000000000000000000000000000025,QT-SIM-037-6364,sim_openid_037_400000,change_sorting_option,4,1782926035634,"拖动A(3→4)，C,D,A,B → C,D,B,A",sorting,"""C,D,A,B""","""C,D,B,A""","""A""",3,4
00000000000000000000000000000949,00000000000000000000000000000025,00000000000000000000000000000025,QT-SIM-037-6364,sim_openid_037_400000,leave_question,4,1782926043037,离开第2题,,,,,,
0000000000000000000000000000094a,00000000000000000000000000000025,00000000000000000000000000000025,QT-SIM-037-6364,sim_openid_037_400000,enter_question,6,1782926045636,进入第3题,sorting,,,,,
0000000000000000000000000000094b,00000000000000000000000000000025,00000000000000000000000000000025,QT-SIM-037-6364,sim_openid_037_400000,change_sorting_option,6,1782926051742,"拖动D(4→1)，A,B,C,D → D,A,B,C",sorting,"""A,B,C,D""","""D,A,B,C""","""D""",4,1
0000000000000000000000000000094c,00000000000000000000000000000025,00000000000000000000000000000025,QT-SIM-037-6364,sim_openid_037_400000,change_sorting_option,6,1782926052803,"拖动A(2→4)，D,A,B,C → D,B,C,A",sorting,"""D,A,B,C""","""D,B,C,A""","""A""",2,4
0000000000000000000000000000094d,00000000000000000000000000000025,00000000000000000000000000000025,QT-SIM-037-6364,sim_openid_037_400000,change_sorting_option,6,1782926058930,"拖动B(2→1)，D,B,C,A → B,D,C,A",sorting,"""D,B,C,A""","""B,D,C,A""","""B""",2,1
0000000000000000000000000000094e,00000000000000000000000000000025,00000000000000000000000000000025,QT-SIM-037-6364,sim_openid_037_400000,leave_question,6,1782926064671,离开第3题,,,,,,
0000000000000000000000000000094f,00000000000000000000000000000025,00000000000000000000000000000025,QT-SIM-037-6364,sim_openid_037_400000,enter_question,2,1782926066448,进入第4题,sorting,,,,,
00000000000000000000000000000950,00000000000000000000000000000025,00000000000000000000000000000025,QT-SIM-037-6364,sim_openid_037_400000,change_sorting_option,2,1782926080063,"拖动B(2→4)，A,B,C,D → A,C,D,B",sorting,"""A,B,C,D""","""A,C,D,B""","""B""",2,4
00000000000000000000000000000951,00000000000000000000000000000025,00000000000000000000000000000025,QT-SIM-037-6364,sim_openid_037_400000,change_sorting_option,2,1782926085443,"拖动C(2→1)，A,C,D,B → C,A,D,B",sorting,"""A,C,D,B""","""C,A,D,B""","""C""",2,1
00000000000000000000000000000952,00000000000000000000000000000025,00000000000000000000000000000025,QT-SIM-037-6364,sim_openid_037_400000,leave_question,2,1782926090751,离开第4题,,,,,,
00000000000000000000000000000953,00000000000000000000000000000025,00000000000000000000000000000025,QT-SIM-037-6364,sim_openid_037_400000,enter_question,5,1782926092413,进入第5题,sorting,,,,,
00000000000000000000000000000954,00000000000000000000000000000025,00000000000000000000000000000025,QT-SIM-037-6364,sim_openid_037_400000,change_sorting_option,5,1782926111061,"拖动A(1→4)，A,B,C,D → B,C,D,A",sorting,"""A,B,C,D""","""B,C,D,A""","""A""",1,4
00000000000000000000000000000955,00000000000000000000000000000025,00000000000000000000000000000025,QT-SIM-037-6364,sim_openid_037_400000,change_sorting_option,5,1782926115858,"拖动B(1→3)，B,C,D,A → C,D,B,A",sorting,"""B,C,D,A""","""C,D,B,A""","""B""",1,3
00000000000000000000000000000956,00000000000000000000000000000025,00000000000000000000000000000025,QT-SIM-037-6364,sim_openid_037_400000,change_sorting_option,5,1782926118468,"拖动D(2→1)，C,D,B,A → D,C,B,A",sorting,"""C,D,B,A""","""D,C,B,A""","""D""",2,1
00000000000000000000000000000957,00000000000000000000000000000025,00000000000000000000000000000025,QT-SIM-037-6364,sim_openid_037_400000,leave_question,5,1782926127156,离开第5题,,,,,,
00000000000000000000000000000958,00000000000000000000000000000025,00000000000000000000000000000025,QT-SIM-037-6364,sim_openid_037_400000,enter_question,3,1782926129628,进入第6题,sorting,,,,,
00000000000000000000000000000959,00000000000000000000000000000025,00000000000000000000000000000025,QT-SIM-037-6364,sim_openid_037_400000,change_sorting_option,3,1782926156824,"拖动A(1→4)，A,B,C,D → B,C,D,A",sorting,"""A,B,C,D""","""B,C,D,A""","""A""",1,4
0000000000000000000000000000095a,00000000000000000000000000000025,00000000000000000000000000000025,QT-SIM-037-6364,sim_openid_037_400000,change_sorting_option,3,1782926159369,"拖动D(3→4)，B,C,D,A → B,C,A,D",sorting,"""B,C,D,A""","""B,C,A,D""","""D""",3,4
0000000000000000000000000000095b,00000000000000000000000000000025,00000000000000000000000000000025,QT-SIM-037-6364,sim_openid_037_400000,change_sorting_option,3,1782926163466,"拖动A(3→4)，B,C,A,D → B,C,D,A",sorting,"""B,C,A,D""","""B,C,D,A""","""A""",3,4
0000000000000000000000000000095c,00000000000000000000000000000025,00000000000000000000000000000025,QT-SIM-037-6364,sim_openid_037_400000,change_sorting_option,3,1782926168312,"拖动B(1→2)，B,C,D,A → C,B,D,A",sorting,"""B,C,D,A""","""C,B,D,A""","""B""",1,2
0000000000000000000000000000095d,00000000000000000000000000000025,00000000000000000000000000000025,QT-SIM-037-6364,sim_openid_037_400000,change_sorting_option,3,1782926172676,"拖动D(3→4)，C,B,D,A → C,B,A,D",sorting,"""C,B,D,A""","""C,B,A,D""","""D""",3,4
0000000000000000000000000000095e,00000000000000000000000000000025,00000000000000000000000000000025,QT-SIM-037-6364,sim_openid_037_400000,change_sorting_option,3,1782926178397,"拖动A(3→1)，C,B,A,D → A,C,B,D",sorting,"""C,B,A,D""","""A,C,B,D""","""A""",3,1
0000000000000000000000000000095f,00000000000000000000000000000025,00000000000000000000000000000025,QT-SIM-037-6364,sim_openid_037_400000,change_sorting_option,3,1782926180623,"拖动C(2→3)，A,C,B,D → A,B,C,D",sorting,"""A,C,B,D""","""A,B,C,D""","""C""",2,3
00000000000000000000000000000960,00000000000000000000000000000025,00000000000000000000000000000025,QT-SIM-037-6364,sim_openid_037_400000,leave_question,3,1782926184176,离开第6题,,,,,,
00000000000000000000000000000961,00000000000000000000000000000025,00000000000000000000000000000025,QT-SIM-037-6364,sim_openid_037_400000,enter_question,9,1782926187019,进入第7题,sorting,,,,,
00000000000000000000000000000962,00000000000000000000000000000025,00000000000000000000000000000025,QT-SIM-037-6364,sim_openid_037_400000,change_sorting_option,9,1782926202296,"拖动B(2→3)，A,B,C,D → A,C,B,D",sorting,"""A,B,C,D""","""A,C,B,D""","""B""",2,3
00000000000000000000000000000963,00000000000000000000000000000025,00000000000000000000000000000025,QT-SIM-037-6364,sim_openid_037_400000,change_sorting_option,9,1782926207357,"拖动B(3→4)，A,C,B,D → A,C,D,B",sorting,"""A,C,B,D""","""A,C,D,B""","""B""",3,4
00000000000000000000000000000964,00000000000000000000000000000025,00000000000000000000000000000025,QT-SIM-037-6364,sim_openid_037_400000,change_sorting_option,9,1782926212133,"拖动B(4→3)，A,C,D,B → A,C,B,D",sorting,"""A,C,D,B""","""A,C,B,D""","""B""",4,3
00000000000000000000000000000965,00000000000000000000000000000025,00000000000000000000000000000025,QT-SIM-037-6364,sim_openid_037_400000,change_sorting_option,9,1782926216486,"拖动D(4→1)，A,C,B,D → D,A,C,B",sorting,"""A,C,B,D""","""D,A,C,B""","""D""",4,1
00000000000000000000000000000966,00000000000000000000000000000025,00000000000000000000000000000025,QT-SIM-037-6364,sim_openid_037_400000,change_sorting_option,9,1782926218079,"拖动B(4→3)，D,A,C,B → D,A,B,C",sorting,"""D,A,C,B""","""D,A,B,C""","""B""",4,3
00000000000000000000000000000967,00000000000000000000000000000025,00000000000000000000000000000025,QT-SIM-037-6364,sim_openid_037_400000,change_sorting_option,9,1782926223815,"拖动A(2→4)，D,A,B,C → D,B,C,A",sorting,"""D,A,B,C""","""D,B,C,A""","""A""",2,4
00000000000000000000000000000968,00000000000000000000000000000025,00000000000000000000000000000025,QT-SIM-037-6364,sim_openid_037_400000,change_sorting_option,9,1782926227110,"拖动C(3→2)，D,B,C,A → D,C,B,A",sorting,"""D,B,C,A""","""D,C,B,A""","""C""",3,2
00000000000000000000000000000969,00000000000000000000000000000025,00000000000000000000000000000025,QT-SIM-037-6364,sim_openid_037_400000,leave_question,9,1782926233538,离开第7题,,,,,,
0000000000000000000000000000096a,00000000000000000000000000000025,00000000000000000000000000000025,QT-SIM-037-6364,sim_openid_037_400000,enter_question,10,1782926235140,进入第8题,sorting,,,,,
0000000000000000000000000000096b,00000000000000000000000000000025,00000000000000000000000000000025,QT-SIM-037-6364,sim_openid_037_400000,change_sorting_option,10,1782926257591,"拖动C(3→1)，A,B,C,D → C,A,B,D",sorting,"""A,B,C,D""","""C,A,B,D""","""C""",3,1
0000000000000000000000000000096c,00000000000000000000000000000025,00000000000000000000000000000025,QT-SIM-037-6364,sim_openid_037_400000,change_sorting_option,10,1782926261430,"拖动A(2→3)，C,A,B,D → C,B,A,D",sorting,"""C,A,B,D""","""C,B,A,D""","""A""",2,3
0000000000000000000000000000096d,00000000000000000000000000000025,00000000000000000000000000000025,QT-SIM-037-6364,sim_openid_037_400000,leave_question,10,1782926268291,离开第8题,,,,,,
0000000000000000000000000000096e,00000000000000000000000000000025,00000000000000000000000000000025,QT-SIM-037-6364,sim_openid_037_400000,enter_question,7,1782926271343,进入第9题,sorting,,,,,
0000000000000000000000000000096f,00000000000000000000000000000025,00000000000000000000000000000025,QT-SIM-037-6364,sim_openid_037_400000,change_sorting_option,7,1782926286149,"拖动A(1→2)，A,B,C,D → B,A,C,D",sorting,"""A,B,C,D""","""B,A,C,D""","""A""",1,2
00000000000000000000000000000970,00000000000000000000000000000025,00000000000000000000000000000025,QT-SIM-037-6364,sim_openid_037_400000,change_sorting_option,7,1782926287726,"拖动D(4→2)，B,A,C,D → B,D,A,C",sorting,"""B,A,C,D""","""B,D,A,C""","""D""",4,2
00000000000000000000000000000971,00000000000000000000000000000025,00000000000000000000000000000025,QT-SIM-037-6364,sim_openid_037_400000,change_sorting_option,7,1782926291842,"拖动D(2→3)，B,D,A,C → B,A,D,C",sorting,"""B,D,A,C""","""B,A,D,C""","""D""",2,3
00000000000000000000000000000972,00000000000000000000000000000025,00000000000000000000000000000025,QT-SIM-037-6364,sim_openid_037_400000,change_sorting_option,7,1782926295017,"拖动B(1→4)，B,A,D,C → A,D,C,B",sorting,"""B,A,D,C""","""A,D,C,B""","""B""",1,4
00000000000000000000000000000973,00000000000000000000000000000025,00000000000000000000000000000025,QT-SIM-037-6364,sim_openid_037_400000,change_sorting_option,7,1782926298188,"拖动D(2→4)，A,D,C,B → A,C,B,D",sorting,"""A,D,C,B""","""A,C,B,D""","""D""",2,4
00000000000000000000000000000974,00000000000000000000000000000025,00000000000000000000000000000025,QT-SIM-037-6364,sim_openid_037_400000,change_sorting_option,7,1782926300024,"拖动A(1→2)，A,C,B,D → C,A,B,D",sorting,"""A,C,B,D""","""C,A,B,D""","""A""",1,2
00000000000000000000000000000975,00000000000000000000000000000025,00000000000000000000000000000025,QT-SIM-037-6364,sim_openid_037_400000,change_sorting_option,7,1782926303779,"拖动D(4→3)，C,A,B,D → C,A,D,B",sorting,"""C,A,B,D""","""C,A,D,B""","""D""",4,3
00000000000000000000000000000976,00000000000000000000000000000025,00000000000000000000000000000025,QT-SIM-037-6364,sim_openid_037_400000,leave_question,7,1782926307488,离开第9题,,,,,,
00000000000000000000000000000977,00000000000000000000000000000025,00000000000000000000000000000025,QT-SIM-037-6364,sim_openid_037_400000,enter_question,8,1782926309327,进入第10题,sorting,,,,,
00000000000000000000000000000978,00000000000000000000000000000025,00000000000000000000000000000025,QT-SIM-037-6364,sim_openid_037_400000,change_sorting_option,8,1782926326006,"拖动C(3→4)，A,B,C,D → A,B,D,C",sorting,"""A,B,C,D""","""A,B,D,C""","""C""",3,4
00000000000000000000000000000979,00000000000000000000000000000025,00000000000000000000000000000025,QT-SIM-037-6364,sim_openid_037_400000,change_sorting_option,8,1782926331013,"拖动C(4→3)，A,B,D,C → A,B,C,D",sorting,"""A,B,D,C""","""A,B,C,D""","""C""",4,3
0000000000000000000000000000097a,00000000000000000000000000000025,00000000000000000000000000000025,QT-SIM-037-6364,sim_openid_037_400000,change_sorting_option,8,1782926332457,"拖动B(2→4)，A,B,C,D → A,C,D,B",sorting,"""A,B,C,D""","""A,C,D,B""","""B""",2,4
0000000000000000000000000000097b,00000000000000000000000000000025,00000000000000000000000000000025,QT-SIM-037-6364,sim_openid_037_400000,change_sorting_option,8,1782926335959,"拖动A(1→2)，A,C,D,B → C,A,D,B",sorting,"""A,C,D,B""","""C,A,D,B""","""A""",1,2
0000000000000000000000000000097c,00000000000000000000000000000025,00000000000000000000000000000025,QT-SIM-037-6364,sim_openid_037_400000,change_sorting_option,8,1782926341385,"拖动C(1→3)，C,A,D,B → A,D,C,B",sorting,"""C,A,D,B""","""A,D,C,B""","""C""",1,3
0000000000000000000000000000097d,00000000000000000000000000000025,00000000000000000000000000000025,QT-SIM-037-6364,sim_openid_037_400000,change_sorting_option,8,1782926342427,"拖动D(2→1)，A,D,C,B → D,A,C,B",sorting,"""A,D,C,B""","""D,A,C,B""","""D""",2,1
0000000000000000000000000000097e,00000000000000000000000000000025,00000000000000000000000000000025,QT-SIM-037-6364,sim_openid_037_400000,leave_question,8,1782926345793,离开第10题,,,,,,
0000000000000000000000000000097f,00000000000000000000000000000025,00000000000000000000000000000025,QT-SIM-037-6364,sim_openid_037_400000,submit_exam,-1,1782926346648,提交试卷,,,,,,
00000000000000000000000000000980,00000000000000000000000000000026,00000000000000000000000000000026,QT-SIM-038-7365,sim_openid_038_190162,start_exam,-1,1782926853013,开始答题,,,,,,
00000000000000000000000000000981,00000000000000000000000000000026,00000000000000000000000000000026,QT-SIM-038-7365,sim_openid_038_190162,enter_exam,-1,1782926853092,进入试卷页面,,,,,,
00000000000000000000000000000982,00000000000000000000000000000026,00000000000000000000000000000026,QT-SIM-038-7365,sim_openid_038_190162,enter_question,1,1782926854571,进入第1题,sorting,,,,,
00000000000000000000000000000983,00000000000000000000000000000026,00000000000000000000000000000026,QT-SIM-038-7365,sim_openid_038_190162,change_sorting_option,1,1782926878352,"拖动D(4→3)，A,B,C,D → A,B,D,C",sorting,"""A,B,C,D""","""A,B,D,C""","""D""",4,3
00000000000000000000000000000984,00000000000000000000000000000026,00000000000000000000000000000026,QT-SIM-038-7365,sim_openid_038_190162,leave_question,1,1782926883376,离开第1题,,,,,,
00000000000000000000000000000985,00000000000000000000000000000026,00000000000000000000000000000026,QT-SIM-038-7365,sim_openid_038_190162,enter_question,4,1782926884910,进入第2题,sorting,,,,,
00000000000000000000000000000986,00000000000000000000000000000026,00000000000000000000000000000026,QT-SIM-038-7365,sim_openid_038_190162,change_sorting_option,4,1782926891223,"拖动C(3→2)，A,B,C,D → A,C,B,D",sorting,"""A,B,C,D""","""A,C,B,D""","""C""",3,2
00000000000000000000000000000987,00000000000000000000000000000026,00000000000000000000000000000026,QT-SIM-038-7365,sim_openid_038_190162,change_sorting_option,4,1782926895873,"拖动C(2→1)，A,C,B,D → C,A,B,D",sorting,"""A,C,B,D""","""C,A,B,D""","""C""",2,1
00000000000000000000000000000988,00000000000000000000000000000026,00000000000000000000000000000026,QT-SIM-038-7365,sim_openid_038_190162,change_sorting_option,4,1782926902055,"拖动C(1→2)，C,A,B,D → A,C,B,D",sorting,"""C,A,B,D""","""A,C,B,D""","""C""",1,2
00000000000000000000000000000989,00000000000000000000000000000026,00000000000000000000000000000026,QT-SIM-038-7365,sim_openid_038_190162,leave_question,4,1782926910155,离开第2题,,,,,,
0000000000000000000000000000098a,00000000000000000000000000000026,00000000000000000000000000000026,QT-SIM-038-7365,sim_openid_038_190162,enter_question,6,1782926911943,进入第3题,sorting,,,,,
0000000000000000000000000000098b,00000000000000000000000000000026,00000000000000000000000000000026,QT-SIM-038-7365,sim_openid_038_190162,change_sorting_option,6,1782926922300,"拖动A(1→3)，A,B,C,D → B,C,A,D",sorting,"""A,B,C,D""","""B,C,A,D""","""A""",1,3
0000000000000000000000000000098c,00000000000000000000000000000026,00000000000000000000000000000026,QT-SIM-038-7365,sim_openid_038_190162,change_sorting_option,6,1782926923318,"拖动B(1→2)，B,C,A,D → C,B,A,D",sorting,"""B,C,A,D""","""C,B,A,D""","""B""",1,2
0000000000000000000000000000098d,00000000000000000000000000000026,00000000000000000000000000000026,QT-SIM-038-7365,sim_openid_038_190162,leave_question,6,1782926925895,离开第3题,,,,,,
0000000000000000000000000000098e,00000000000000000000000000000026,00000000000000000000000000000026,QT-SIM-038-7365,sim_openid_038_190162,enter_question,2,1782926928531,进入第4题,sorting,,,,,
0000000000000000000000000000098f,00000000000000000000000000000026,00000000000000000000000000000026,QT-SIM-038-7365,sim_openid_038_190162,change_sorting_option,2,1782926938163,"拖动D(4→1)，A,B,C,D → D,A,B,C",sorting,"""A,B,C,D""","""D,A,B,C""","""D""",4,1
00000000000000000000000000000990,00000000000000000000000000000026,00000000000000000000000000000026,QT-SIM-038-7365,sim_openid_038_190162,change_sorting_option,2,1782926943446,"拖动B(3→2)，D,A,B,C → D,B,A,C",sorting,"""D,A,B,C""","""D,B,A,C""","""B""",3,2
00000000000000000000000000000991,00000000000000000000000000000026,00000000000000000000000000000026,QT-SIM-038-7365,sim_openid_038_190162,leave_question,2,1782926953730,离开第4题,,,,,,
00000000000000000000000000000992,00000000000000000000000000000026,00000000000000000000000000000026,QT-SIM-038-7365,sim_openid_038_190162,enter_question,5,1782926956368,进入第5题,sorting,,,,,
00000000000000000000000000000993,00000000000000000000000000000026,00000000000000000000000000000026,QT-SIM-038-7365,sim_openid_038_190162,change_sorting_option,5,1782926973818,"拖动B(2→4)，A,B,C,D → A,C,D,B",sorting,"""A,B,C,D""","""A,C,D,B""","""B""",2,4
00000000000000000000000000000994,00000000000000000000000000000026,00000000000000000000000000000026,QT-SIM-038-7365,sim_openid_038_190162,change_sorting_option,5,1782926975101,"拖动C(2→3)，A,C,D,B → A,D,C,B",sorting,"""A,C,D,B""","""A,D,C,B""","""C""",2,3
00000000000000000000000000000995,00000000000000000000000000000026,00000000000000000000000000000026,QT-SIM-038-7365,sim_openid_038_190162,change_sorting_option,5,1782926977273,"拖动D(2→4)，A,D,C,B → A,C,B,D",sorting,"""A,D,C,B""","""A,C,B,D""","""D""",2,4
00000000000000000000000000000996,00000000000000000000000000000026,00000000000000000000000000000026,QT-SIM-038-7365,sim_openid_038_190162,change_sorting_option,5,1782926980444,"拖动B(3→2)，A,C,B,D → A,B,C,D",sorting,"""A,C,B,D""","""A,B,C,D""","""B""",3,2
00000000000000000000000000000997,00000000000000000000000000000026,00000000000000000000000000000026,QT-SIM-038-7365,sim_openid_038_190162,leave_question,5,1782926990146,离开第5题,,,,,,
00000000000000000000000000000998,00000000000000000000000000000026,00000000000000000000000000000026,QT-SIM-038-7365,sim_openid_038_190162,enter_question,3,1782926991319,进入第6题,sorting,,,,,
00000000000000000000000000000999,00000000000000000000000000000026,00000000000000000000000000000026,QT-SIM-038-7365,sim_openid_038_190162,change_sorting_option,3,1782927001019,"拖动B(2→1)，A,B,C,D → B,A,C,D",sorting,"""A,B,C,D""","""B,A,C,D""","""B""",2,1
0000000000000000000000000000099a,00000000000000000000000000000026,00000000000000000000000000000026,QT-SIM-038-7365,sim_openid_038_190162,change_sorting_option,3,1782927006237,"拖动A(2→1)，B,A,C,D → A,B,C,D",sorting,"""B,A,C,D""","""A,B,C,D""","""A""",2,1
0000000000000000000000000000099b,00000000000000000000000000000026,00000000000000000000000000000026,QT-SIM-038-7365,sim_openid_038_190162,leave_question,3,1782927010235,离开第6题,,,,,,
0000000000000000000000000000099c,00000000000000000000000000000026,00000000000000000000000000000026,QT-SIM-038-7365,sim_openid_038_190162,enter_question,9,1782927013199,进入第7题,sorting,,,,,
0000000000000000000000000000099d,00000000000000000000000000000026,00000000000000000000000000000026,QT-SIM-038-7365,sim_openid_038_190162,change_sorting_option,9,1782927025720,"拖动B(2→3)，A,B,C,D → A,C,B,D",sorting,"""A,B,C,D""","""A,C,B,D""","""B""",2,3
0000000000000000000000000000099e,00000000000000000000000000000026,00000000000000000000000000000026,QT-SIM-038-7365,sim_openid_038_190162,change_sorting_option,9,1782927031855,"拖动D(4→3)，A,C,B,D → A,C,D,B",sorting,"""A,C,B,D""","""A,C,D,B""","""D""",4,3
0000000000000000000000000000099f,00000000000000000000000000000026,00000000000000000000000000000026,QT-SIM-038-7365,sim_openid_038_190162,change_sorting_option,9,1782927036872,"拖动B(4→2)，A,C,D,B → A,B,C,D",sorting,"""A,C,D,B""","""A,B,C,D""","""B""",4,2
000000000000000000000000000009a0,00000000000000000000000000000026,00000000000000000000000000000026,QT-SIM-038-7365,sim_openid_038_190162,change_sorting_option,9,1782927039911,"拖动D(4→3)，A,B,C,D → A,B,D,C",sorting,"""A,B,C,D""","""A,B,D,C""","""D""",4,3
000000000000000000000000000009a1,00000000000000000000000000000026,00000000000000000000000000000026,QT-SIM-038-7365,sim_openid_038_190162,leave_question,9,1782927049265,离开第7题,,,,,,
000000000000000000000000000009a2,00000000000000000000000000000026,00000000000000000000000000000026,QT-SIM-038-7365,sim_openid_038_190162,enter_question,10,1782927052450,进入第8题,sorting,,,,,
000000000000000000000000000009a3,00000000000000000000000000000026,00000000000000000000000000000026,QT-SIM-038-7365,sim_openid_038_190162,change_sorting_option,10,1782927063146,"拖动C(3→2)，A,B,C,D → A,C,B,D",sorting,"""A,B,C,D""","""A,C,B,D""","""C""",3,2
000000000000000000000000000009a4,00000000000000000000000000000026,00000000000000000000000000000026,QT-SIM-038-7365,sim_openid_038_190162,change_sorting_option,10,1782927067594,"拖动C(2→4)，A,C,B,D → A,B,D,C",sorting,"""A,C,B,D""","""A,B,D,C""","""C""",2,4
000000000000000000000000000009a5,00000000000000000000000000000026,00000000000000000000000000000026,QT-SIM-038-7365,sim_openid_038_190162,change_sorting_option,10,1782927072374,"拖动D(3→2)，A,B,D,C → A,D,B,C",sorting,"""A,B,D,C""","""A,D,B,C""","""D""",3,2
000000000000000000000000000009a6,00000000000000000000000000000026,00000000000000000000000000000026,QT-SIM-038-7365,sim_openid_038_190162,change_sorting_option,10,1782927077760,"拖动B(3→2)，A,D,B,C → A,B,D,C",sorting,"""A,D,B,C""","""A,B,D,C""","""B""",3,2
000000000000000000000000000009a7,00000000000000000000000000000026,00000000000000000000000000000026,QT-SIM-038-7365,sim_openid_038_190162,change_sorting_option,10,1782927082666,"拖动B(2→4)，A,B,D,C → A,D,C,B",sorting,"""A,B,D,C""","""A,D,C,B""","""B""",2,4
000000000000000000000000000009a8,00000000000000000000000000000026,00000000000000000000000000000026,QT-SIM-038-7365,sim_openid_038_190162,change_sorting_option,10,1782927085374,"拖动D(2→3)，A,D,C,B → A,C,D,B",sorting,"""A,D,C,B""","""A,C,D,B""","""D""",2,3
000000000000000000000000000009a9,00000000000000000000000000000026,00000000000000000000000000000026,QT-SIM-038-7365,sim_openid_038_190162,change_sorting_option,10,1782927089513,"拖动B(4→2)，A,C,D,B → A,B,C,D",sorting,"""A,C,D,B""","""A,B,C,D""","""B""",4,2
000000000000000000000000000009aa,00000000000000000000000000000026,00000000000000000000000000000026,QT-SIM-038-7365,sim_openid_038_190162,change_sorting_option,10,1782927093133,"拖动C(3→4)，A,B,C,D → A,B,D,C",sorting,"""A,B,C,D""","""A,B,D,C""","""C""",3,4
000000000000000000000000000009ab,00000000000000000000000000000026,00000000000000000000000000000026,QT-SIM-038-7365,sim_openid_038_190162,leave_question,10,1782927097563,离开第8题,,,,,,
000000000000000000000000000009ac,00000000000000000000000000000026,00000000000000000000000000000026,QT-SIM-038-7365,sim_openid_038_190162,enter_question,7,1782927100217,进入第9题,sorting,,,,,
000000000000000000000000000009ad,00000000000000000000000000000026,00000000000000000000000000000026,QT-SIM-038-7365,sim_openid_038_190162,change_sorting_option,7,1782927114687,"拖动B(2→3)，A,B,C,D → A,C,B,D",sorting,"""A,B,C,D""","""A,C,B,D""","""B""",2,3
000000000000000000000000000009ae,00000000000000000000000000000026,00000000000000000000000000000026,QT-SIM-038-7365,sim_openid_038_190162,change_sorting_option,7,1782927119081,"拖动A(1→2)，A,C,B,D → C,A,B,D",sorting,"""A,C,B,D""","""C,A,B,D""","""A""",1,2
000000000000000000000000000009af,00000000000000000000000000000026,00000000000000000000000000000026,QT-SIM-038-7365,sim_openid_038_190162,change_sorting_option,7,1782927120920,"拖动B(3→4)，C,A,B,D → C,A,D,B",sorting,"""C,A,B,D""","""C,A,D,B""","""B""",3,4
000000000000000000000000000009b0,00000000000000000000000000000026,00000000000000000000000000000026,QT-SIM-038-7365,sim_openid_038_190162,change_sorting_option,7,1782927122487,"拖动B(4→3)，C,A,D,B → C,A,B,D",sorting,"""C,A,D,B""","""C,A,B,D""","""B""",4,3
000000000000000000000000000009b1,00000000000000000000000000000026,00000000000000000000000000000026,QT-SIM-038-7365,sim_openid_038_190162,leave_question,7,1782927129698,离开第9题,,,,,,
000000000000000000000000000009b2,00000000000000000000000000000026,00000000000000000000000000000026,QT-SIM-038-7365,sim_openid_038_190162,enter_question,8,1782927130615,进入第10题,sorting,,,,,
000000000000000000000000000009b3,00000000000000000000000000000026,00000000000000000000000000000026,QT-SIM-038-7365,sim_openid_038_190162,change_sorting_option,8,1782927143674,"拖动B(2→3)，A,B,C,D → A,C,B,D",sorting,"""A,B,C,D""","""A,C,B,D""","""B""",2,3
000000000000000000000000000009b4,00000000000000000000000000000026,00000000000000000000000000000026,QT-SIM-038-7365,sim_openid_038_190162,change_sorting_option,8,1782927149983,"拖动C(2→1)，A,C,B,D → C,A,B,D",sorting,"""A,C,B,D""","""C,A,B,D""","""C""",2,1
000000000000000000000000000009b5,00000000000000000000000000000026,00000000000000000000000000000026,QT-SIM-038-7365,sim_openid_038_190162,change_sorting_option,8,1782927155186,"拖动C(1→2)，C,A,B,D → A,C,B,D",sorting,"""C,A,B,D""","""A,C,B,D""","""C""",1,2
000000000000000000000000000009b6,00000000000000000000000000000026,00000000000000000000000000000026,QT-SIM-038-7365,sim_openid_038_190162,leave_question,8,1782927163396,离开第10题,,,,,,
000000000000000000000000000009b7,00000000000000000000000000000026,00000000000000000000000000000026,QT-SIM-038-7365,sim_openid_038_190162,submit_exam,-1,1782927163718,提交试卷,,,,,,
000000000000000000000000000009b8,00000000000000000000000000000027,00000000000000000000000000000027,QT-SIM-039-1593,sim_openid_039_228153,start_exam,-1,1782927752269,开始答题,,,,,,
000000000000000000000000000009b9,00000000000000000000000000000027,00000000000000000000000000000027,QT-SIM-039-1593,sim_openid_039_228153,enter_exam,-1,1782927752328,进入试卷页面,,,,,,
000000000000000000000000000009ba,00000000000000000000000000000027,00000000000000000000000000000027,QT-SIM-039-1593,sim_openid_039_228153,enter_question,1,1782927754930,进入第1题,sorting,,,,,
000000000000000000000000000009bb,00000000000000000000000000000027,00000000000000000000000000000027,QT-SIM-039-1593,sim_openid_039_228153,leave_question,1,1782927776154,离开第1题,,,,,,
000000000000000000000000000009bc,00000000000000000000000000000027,00000000000000000000000000000027,QT-SIM-039-1593,sim_openid_039_228153,enter_question,4,1782927777821,进入第2题,sorting,,,,,
000000000000000000000000000009bd,00000000000000000000000000000027,00000000000000000000000000000027,QT-SIM-039-1593,sim_openid_039_228153,change_sorting_option,4,1782927784703,"拖动B(2→1)，A,B,C,D → B,A,C,D",sorting,"""A,B,C,D""","""B,A,C,D""","""B""",2,1
000000000000000000000000000009be,00000000000000000000000000000027,00000000000000000000000000000027,QT-SIM-039-1593,sim_openid_039_228153,change_sorting_option,4,1782927791107,"拖动A(2→3)，B,A,C,D → B,C,A,D",sorting,"""B,A,C,D""","""B,C,A,D""","""A""",2,3
000000000000000000000000000009bf,00000000000000000000000000000027,00000000000000000000000000000027,QT-SIM-039-1593,sim_openid_039_228153,leave_question,4,1782927799657,离开第2题,,,,,,
000000000000000000000000000009c0,00000000000000000000000000000027,00000000000000000000000000000027,QT-SIM-039-1593,sim_openid_039_228153,enter_question,6,1782927802179,进入第3题,sorting,,,,,
000000000000000000000000000009c1,00000000000000000000000000000027,00000000000000000000000000000027,QT-SIM-039-1593,sim_openid_039_228153,change_sorting_option,6,1782927820100,"拖动A(1→3)，A,B,C,D → B,C,A,D",sorting,"""A,B,C,D""","""B,C,A,D""","""A""",1,3
000000000000000000000000000009c2,00000000000000000000000000000027,00000000000000000000000000000027,QT-SIM-039-1593,sim_openid_039_228153,change_sorting_option,6,1782927823865,"拖动B(1→2)，B,C,A,D → C,B,A,D",sorting,"""B,C,A,D""","""C,B,A,D""","""B""",1,2
000000000000000000000000000009c3,00000000000000000000000000000027,00000000000000000000000000000027,QT-SIM-039-1593,sim_openid_039_228153,leave_question,6,1782927830393,离开第3题,,,,,,
000000000000000000000000000009c4,00000000000000000000000000000027,00000000000000000000000000000027,QT-SIM-039-1593,sim_openid_039_228153,enter_question,2,1782927832020,进入第4题,sorting,,,,,
000000000000000000000000000009c5,00000000000000000000000000000027,00000000000000000000000000000027,QT-SIM-039-1593,sim_openid_039_228153,change_sorting_option,2,1782927855763,"拖动C(3→4)，A,B,C,D → A,B,D,C",sorting,"""A,B,C,D""","""A,B,D,C""","""C""",3,4
000000000000000000000000000009c6,00000000000000000000000000000027,00000000000000000000000000000027,QT-SIM-039-1593,sim_openid_039_228153,change_sorting_option,2,1782927856882,"拖动C(4→3)，A,B,D,C → A,B,C,D",sorting,"""A,B,D,C""","""A,B,C,D""","""C""",4,3
000000000000000000000000000009c7,00000000000000000000000000000027,00000000000000000000000000000027,QT-SIM-039-1593,sim_openid_039_228153,change_sorting_option,2,1782927858689,"拖动A(1→4)，A,B,C,D → B,C,D,A",sorting,"""A,B,C,D""","""B,C,D,A""","""A""",1,4
000000000000000000000000000009c8,00000000000000000000000000000027,00000000000000000000000000000027,QT-SIM-039-1593,sim_openid_039_228153,change_sorting_option,2,1782927861934,"拖动C(2→4)，B,C,D,A → B,D,A,C",sorting,"""B,C,D,A""","""B,D,A,C""","""C""",2,4
000000000000000000000000000009c9,00000000000000000000000000000027,00000000000000000000000000000027,QT-SIM-039-1593,sim_openid_039_228153,change_sorting_option,2,1782927864804,"拖动B(1→2)，B,D,A,C → D,B,A,C",sorting,"""B,D,A,C""","""D,B,A,C""","""B""",1,2
000000000000000000000000000009ca,00000000000000000000000000000027,00000000000000000000000000000027,QT-SIM-039-1593,sim_openid_039_228153,change_sorting_option,2,1782927869292,"拖动A(3→1)，D,B,A,C → A,D,B,C",sorting,"""D,B,A,C""","""A,D,B,C""","""A""",3,1
000000000000000000000000000009cb,00000000000000000000000000000027,00000000000000000000000000000027,QT-SIM-039-1593,sim_openid_039_228153,change_sorting_option,2,1782927870998,"拖动B(3→2)，A,D,B,C → A,B,D,C",sorting,"""A,D,B,C""","""A,B,D,C""","""B""",3,2
000000000000000000000000000009cc,00000000000000000000000000000027,00000000000000000000000000000027,QT-SIM-039-1593,sim_openid_039_228153,change_sorting_option,2,1782927877436,"拖动D(3→4)，A,B,D,C → A,B,C,D",sorting,"""A,B,D,C""","""A,B,C,D""","""D""",3,4
000000000000000000000000000009cd,00000000000000000000000000000027,00000000000000000000000000000027,QT-SIM-039-1593,sim_openid_039_228153,leave_question,2,1782927886841,离开第4题,,,,,,
000000000000000000000000000009ce,00000000000000000000000000000027,00000000000000000000000000000027,QT-SIM-039-1593,sim_openid_039_228153,enter_question,5,1782927888133,进入第5题,sorting,,,,,
000000000000000000000000000009cf,00000000000000000000000000000027,00000000000000000000000000000027,QT-SIM-039-1593,sim_openid_039_228153,change_sorting_option,5,1782927914396,"拖动B(2→4)，A,B,C,D → A,C,D,B",sorting,"""A,B,C,D""","""A,C,D,B""","""B""",2,4
000000000000000000000000000009d0,00000000000000000000000000000027,00000000000000000000000000000027,QT-SIM-039-1593,sim_openid_039_228153,leave_question,5,1782927920128,离开第5题,,,,,,
000000000000000000000000000009d1,00000000000000000000000000000027,00000000000000000000000000000027,QT-SIM-039-1593,sim_openid_039_228153,enter_question,3,1782927921923,进入第6题,sorting,,,,,
000000000000000000000000000009d2,00000000000000000000000000000027,00000000000000000000000000000027,QT-SIM-039-1593,sim_openid_039_228153,change_sorting_option,3,1782927932683,"拖动A(1→2)，A,B,C,D → B,A,C,D",sorting,"""A,B,C,D""","""B,A,C,D""","""A""",1,2
000000000000000000000000000009d3,00000000000000000000000000000027,00000000000000000000000000000027,QT-SIM-039-1593,sim_openid_039_228153,change_sorting_option,3,1782927936653,"拖动C(3→4)，B,A,C,D → B,A,D,C",sorting,"""B,A,C,D""","""B,A,D,C""","""C""",3,4
000000000000000000000000000009d4,00000000000000000000000000000027,00000000000000000000000000000027,QT-SIM-039-1593,sim_openid_039_228153,change_sorting_option,3,1782927938522,"拖动A(2→3)，B,A,D,C → B,D,A,C",sorting,"""B,A,D,C""","""B,D,A,C""","""A""",2,3
000000000000000000000000000009d5,00000000000000000000000000000027,00000000000000000000000000000027,QT-SIM-039-1593,sim_openid_039_228153,change_sorting_option,3,1782927942951,"拖动A(3→2)，B,D,A,C → B,A,D,C",sorting,"""B,D,A,C""","""B,A,D,C""","""A""",3,2
000000000000000000000000000009d6,00000000000000000000000000000027,00000000000000000000000000000027,QT-SIM-039-1593,sim_openid_039_228153,leave_question,3,1782927949686,离开第6题,,,,,,
000000000000000000000000000009d7,00000000000000000000000000000027,00000000000000000000000000000027,QT-SIM-039-1593,sim_openid_039_228153,enter_question,9,1782927952943,进入第7题,sorting,,,,,
000000000000000000000000000009d8,00000000000000000000000000000027,00000000000000000000000000000027,QT-SIM-039-1593,sim_openid_039_228153,change_sorting_option,9,1782927972751,"拖动A(1→2)，A,B,C,D → B,A,C,D",sorting,"""A,B,C,D""","""B,A,C,D""","""A""",1,2
000000000000000000000000000009d9,00000000000000000000000000000027,00000000000000000000000000000027,QT-SIM-039-1593,sim_openid_039_228153,change_sorting_option,9,1782927974004,"拖动C(3→4)，B,A,C,D → B,A,D,C",sorting,"""B,A,C,D""","""B,A,D,C""","""C""",3,4
000000000000000000000000000009da,00000000000000000000000000000027,00000000000000000000000000000027,QT-SIM-039-1593,sim_openid_039_228153,change_sorting_option,9,1782927977675,"拖动D(3→1)，B,A,D,C → D,B,A,C",sorting,"""B,A,D,C""","""D,B,A,C""","""D""",3,1
000000000000000000000000000009db,00000000000000000000000000000027,00000000000000000000000000000027,QT-SIM-039-1593,sim_openid_039_228153,change_sorting_option,9,1782927982138,"拖动B(2→3)，D,B,A,C → D,A,B,C",sorting,"""D,B,A,C""","""D,A,B,C""","""B""",2,3
000000000000000000000000000009dc,00000000000000000000000000000027,00000000000000000000000000000027,QT-SIM-039-1593,sim_openid_039_228153,leave_question,9,1782927987961,离开第7题,,,,,,
000000000000000000000000000009dd,00000000000000000000000000000027,00000000000000000000000000000027,QT-SIM-039-1593,sim_openid_039_228153,enter_question,10,1782927990674,进入第8题,sorting,,,,,
000000000000000000000000000009de,00000000000000000000000000000027,00000000000000000000000000000027,QT-SIM-039-1593,sim_openid_039_228153,change_sorting_option,10,1782928008873,"拖动A(1→4)，A,B,C,D → B,C,D,A",sorting,"""A,B,C,D""","""B,C,D,A""","""A""",1,4
000000000000000000000000000009df,00000000000000000000000000000027,00000000000000000000000000000027,QT-SIM-039-1593,sim_openid_039_228153,change_sorting_option,10,1782928014160,"拖动A(4→1)，B,C,D,A → A,B,C,D",sorting,"""B,C,D,A""","""A,B,C,D""","""A""",4,1
000000000000000000000000000009e0,00000000000000000000000000000027,00000000000000000000000000000027,QT-SIM-039-1593,sim_openid_039_228153,change_sorting_option,10,1782928018316,"拖动C(3→2)，A,B,C,D → A,C,B,D",sorting,"""A,B,C,D""","""A,C,B,D""","""C""",3,2
000000000000000000000000000009e1,00000000000000000000000000000027,00000000000000000000000000000027,QT-SIM-039-1593,sim_openid_039_228153,change_sorting_option,10,1782928022930,"拖动B(3→1)，A,C,B,D → B,A,C,D",sorting,"""A,C,B,D""","""B,A,C,D""","""B""",3,1
000000000000000000000000000009e2,00000000000000000000000000000027,00000000000000000000000000000027,QT-SIM-039-1593,sim_openid_039_228153,change_sorting_option,10,1782928028488,"拖动C(3→2)，B,A,C,D → B,C,A,D",sorting,"""B,A,C,D""","""B,C,A,D""","""C""",3,2
000000000000000000000000000009e3,00000000000000000000000000000027,00000000000000000000000000000027,QT-SIM-039-1593,sim_openid_039_228153,change_sorting_option,10,1782928033615,"拖动D(4→3)，B,C,A,D → B,C,D,A",sorting,"""B,C,A,D""","""B,C,D,A""","""D""",4,3
000000000000000000000000000009e4,00000000000000000000000000000027,00000000000000000000000000000027,QT-SIM-039-1593,sim_openid_039_228153,leave_question,10,1782928042874,离开第8题,,,,,,
000000000000000000000000000009e5,00000000000000000000000000000027,00000000000000000000000000000027,QT-SIM-039-1593,sim_openid_039_228153,enter_question,7,1782928045403,进入第9题,sorting,,,,,
000000000000000000000000000009e6,00000000000000000000000000000027,00000000000000000000000000000027,QT-SIM-039-1593,sim_openid_039_228153,change_sorting_option,7,1782928068146,"拖动B(2→4)，A,B,C,D → A,C,D,B",sorting,"""A,B,C,D""","""A,C,D,B""","""B""",2,4
000000000000000000000000000009e7,00000000000000000000000000000027,00000000000000000000000000000027,QT-SIM-039-1593,sim_openid_039_228153,change_sorting_option,7,1782928070079,"拖动D(3→4)，A,C,D,B → A,C,B,D",sorting,"""A,C,D,B""","""A,C,B,D""","""D""",3,4
000000000000000000000000000009e8,00000000000000000000000000000027,00000000000000000000000000000027,QT-SIM-039-1593,sim_openid_039_228153,change_sorting_option,7,1782928073497,"拖动C(2→3)，A,C,B,D → A,B,C,D",sorting,"""A,C,B,D""","""A,B,C,D""","""C""",2,3
000000000000000000000000000009e9,00000000000000000000000000000027,00000000000000000000000000000027,QT-SIM-039-1593,sim_openid_039_228153,leave_question,7,1782928079953,离开第9题,,,,,,
000000000000000000000000000009ea,00000000000000000000000000000027,00000000000000000000000000000027,QT-SIM-039-1593,sim_openid_039_228153,enter_question,8,1782928083451,进入第10题,sorting,,,,,
000000000000000000000000000009eb,00000000000000000000000000000027,00000000000000000000000000000027,QT-SIM-039-1593,sim_openid_039_228153,change_sorting_option,8,1782928089733,"拖动B(2→3)，A,B,C,D → A,C,B,D",sorting,"""A,B,C,D""","""A,C,B,D""","""B""",2,3
000000000000000000000000000009ec,00000000000000000000000000000027,00000000000000000000000000000027,QT-SIM-039-1593,sim_openid_039_228153,change_sorting_option,8,1782928091913,"拖动C(2→4)，A,C,B,D → A,B,D,C",sorting,"""A,C,B,D""","""A,B,D,C""","""C""",2,4
000000000000000000000000000009ed,00000000000000000000000000000027,00000000000000000000000000000027,QT-SIM-039-1593,sim_openid_039_228153,change_sorting_option,8,1782928096024,"拖动D(3→2)，A,B,D,C → A,D,B,C",sorting,"""A,B,D,C""","""A,D,B,C""","""D""",3,2
000000000000000000000000000009ee,00000000000000000000000000000027,00000000000000000000000000000027,QT-SIM-039-1593,sim_openid_039_228153,leave_question,8,1782928103352,离开第10题,,,,,,
000000000000000000000000000009ef,00000000000000000000000000000027,00000000000000000000000000000027,QT-SIM-039-1593,sim_openid_039_228153,submit_exam,-1,1782928103725,提交试卷,,,,,,
000000000000000000000000000009f0,00000000000000000000000000000028,00000000000000000000000000000028,QT-SIM-040-3458,sim_openid_040_746434,start_exam,-1,1782928659998,开始答题,,,,,,
000000000000000000000000000009f1,00000000000000000000000000000028,00000000000000000000000000000028,QT-SIM-040-3458,sim_openid_040_746434,enter_exam,-1,1782928660021,进入试卷页面,,,,,,
000000000000000000000000000009f2,00000000000000000000000000000028,00000000000000000000000000000028,QT-SIM-040-3458,sim_openid_040_746434,enter_question,1,1782928663471,进入第1题,sorting,,,,,
000000000000000000000000000009f3,00000000000000000000000000000028,00000000000000000000000000000028,QT-SIM-040-3458,sim_openid_040_746434,change_sorting_option,1,1782928670518,"拖动A(1→3)，A,B,C,D → B,C,A,D",sorting,"""A,B,C,D""","""B,C,A,D""","""A""",1,3
000000000000000000000000000009f4,00000000000000000000000000000028,00000000000000000000000000000028,QT-SIM-040-3458,sim_openid_040_746434,change_sorting_option,1,1782928676701,"拖动D(4→2)，B,C,A,D → B,D,C,A",sorting,"""B,C,A,D""","""B,D,C,A""","""D""",4,2
000000000000000000000000000009f5,00000000000000000000000000000028,00000000000000000000000000000028,QT-SIM-040-3458,sim_openid_040_746434,change_sorting_option,1,1782928679253,"拖动B(1→4)，B,D,C,A → D,C,A,B",sorting,"""B,D,C,A""","""D,C,A,B""","""B""",1,4
000000000000000000000000000009f6,00000000000000000000000000000028,00000000000000000000000000000028,QT-SIM-040-3458,sim_openid_040_746434,change_sorting_option,1,1782928683004,"拖动C(2→1)，D,C,A,B → C,D,A,B",sorting,"""D,C,A,B""","""C,D,A,B""","""C""",2,1
000000000000000000000000000009f7,00000000000000000000000000000028,00000000000000000000000000000028,QT-SIM-040-3458,sim_openid_040_746434,leave_question,1,1782928693510,离开第1题,,,,,,
000000000000000000000000000009f8,00000000000000000000000000000028,00000000000000000000000000000028,QT-SIM-040-3458,sim_openid_040_746434,enter_question,4,1782928695183,进入第2题,sorting,,,,,
000000000000000000000000000009f9,00000000000000000000000000000028,00000000000000000000000000000028,QT-SIM-040-3458,sim_openid_040_746434,change_sorting_option,4,1782928722656,"拖动C(3→2)，A,B,C,D → A,C,B,D",sorting,"""A,B,C,D""","""A,C,B,D""","""C""",3,2
000000000000000000000000000009fa,00000000000000000000000000000028,00000000000000000000000000000028,QT-SIM-040-3458,sim_openid_040_746434,change_sorting_option,4,1782928724446,"拖动D(4→1)，A,C,B,D → D,A,C,B",sorting,"""A,C,B,D""","""D,A,C,B""","""D""",4,1
000000000000000000000000000009fb,00000000000000000000000000000028,00000000000000000000000000000028,QT-SIM-040-3458,sim_openid_040_746434,change_sorting_option,4,1782928730939,"拖动B(4→3)，D,A,C,B → D,A,B,C",sorting,"""D,A,C,B""","""D,A,B,C""","""B""",4,3
000000000000000000000000000009fc,00000000000000000000000000000028,00000000000000000000000000000028,QT-SIM-040-3458,sim_openid_040_746434,change_sorting_option,4,1782928736690,"拖动C(4→2)，D,A,B,C → D,C,A,B",sorting,"""D,A,B,C""","""D,C,A,B""","""C""",4,2
000000000000000000000000000009fd,00000000000000000000000000000028,00000000000000000000000000000028,QT-SIM-040-3458,sim_openid_040_746434,change_sorting_option,4,1782928741665,"拖动A(3→4)，D,C,A,B → D,C,B,A",sorting,"""D,C,A,B""","""D,C,B,A""","""A""",3,4
000000000000000000000000000009fe,00000000000000000000000000000028,00000000000000000000000000000028,QT-SIM-040-3458,sim_openid_040_746434,leave_question,4,1782928750766,离开第2题,,,,,,
000000000000000000000000000009ff,00000000000000000000000000000028,00000000000000000000000000000028,QT-SIM-040-3458,sim_openid_040_746434,enter_question,6,1782928754041,进入第3题,sorting,,,,,
00000000000000000000000000000a00,00000000000000000000000000000028,00000000000000000000000000000028,QT-SIM-040-3458,sim_openid_040_746434,change_sorting_option,6,1782928768224,"拖动D(4→3)，A,B,C,D → A,B,D,C",sorting,"""A,B,C,D""","""A,B,D,C""","""D""",4,3
00000000000000000000000000000a01,00000000000000000000000000000028,00000000000000000000000000000028,QT-SIM-040-3458,sim_openid_040_746434,change_sorting_option,6,1782928772413,"拖动C(4→2)，A,B,D,C → A,C,B,D",sorting,"""A,B,D,C""","""A,C,B,D""","""C""",4,2
00000000000000000000000000000a02,00000000000000000000000000000028,00000000000000000000000000000028,QT-SIM-040-3458,sim_openid_040_746434,change_sorting_option,6,1782928774756,"拖动B(3→1)，A,C,B,D → B,A,C,D",sorting,"""A,C,B,D""","""B,A,C,D""","""B""",3,1
00000000000000000000000000000a03,00000000000000000000000000000028,00000000000000000000000000000028,QT-SIM-040-3458,sim_openid_040_746434,change_sorting_option,6,1782928778838,"拖动A(2→4)，B,A,C,D → B,C,D,A",sorting,"""B,A,C,D""","""B,C,D,A""","""A""",2,4
00000000000000000000000000000a04,00000000000000000000000000000028,00000000000000000000000000000028,QT-SIM-040-3458,sim_openid_040_746434,leave_question,6,1782928782590,离开第3题,,,,,,
00000000000000000000000000000a05,00000000000000000000000000000028,00000000000000000000000000000028,QT-SIM-040-3458,sim_openid_040_746434,enter_question,2,1782928783987,进入第4题,sorting,,,,,
00000000000000000000000000000a06,00000000000000000000000000000028,00000000000000000000000000000028,QT-SIM-040-3458,sim_openid_040_746434,change_sorting_option,2,1782928791188,"拖动D(4→1)，A,B,C,D → D,A,B,C",sorting,"""A,B,C,D""","""D,A,B,C""","""D""",4,1
00000000000000000000000000000a07,00000000000000000000000000000028,00000000000000000000000000000028,QT-SIM-040-3458,sim_openid_040_746434,change_sorting_option,2,1782928794775,"拖动A(2→4)，D,A,B,C → D,B,C,A",sorting,"""D,A,B,C""","""D,B,C,A""","""A""",2,4
00000000000000000000000000000a08,00000000000000000000000000000028,00000000000000000000000000000028,QT-SIM-040-3458,sim_openid_040_746434,change_sorting_option,2,1782928799314,"拖动B(2→3)，D,B,C,A → D,C,B,A",sorting,"""D,B,C,A""","""D,C,B,A""","""B""",2,3
00000000000000000000000000000a09,00000000000000000000000000000028,00000000000000000000000000000028,QT-SIM-040-3458,sim_openid_040_746434,change_sorting_option,2,1782928804074,"拖动B(3→2)，D,C,B,A → D,B,C,A",sorting,"""D,C,B,A""","""D,B,C,A""","""B""",3,2
00000000000000000000000000000a0a,00000000000000000000000000000028,00000000000000000000000000000028,QT-SIM-040-3458,sim_openid_040_746434,change_sorting_option,2,1782928807961,"拖动A(4→2)，D,B,C,A → D,A,B,C",sorting,"""D,B,C,A""","""D,A,B,C""","""A""",4,2
00000000000000000000000000000a0b,00000000000000000000000000000028,00000000000000000000000000000028,QT-SIM-040-3458,sim_openid_040_746434,change_sorting_option,2,1782928811185,"拖动A(2→4)，D,A,B,C → D,B,C,A",sorting,"""D,A,B,C""","""D,B,C,A""","""A""",2,4
00000000000000000000000000000a0c,00000000000000000000000000000028,00000000000000000000000000000028,QT-SIM-040-3458,sim_openid_040_746434,leave_question,2,1782928814397,离开第4题,,,,,,
00000000000000000000000000000a0d,00000000000000000000000000000028,00000000000000000000000000000028,QT-SIM-040-3458,sim_openid_040_746434,enter_question,5,1782928817454,进入第5题,sorting,,,,,
00000000000000000000000000000a0e,00000000000000000000000000000028,00000000000000000000000000000028,QT-SIM-040-3458,sim_openid_040_746434,change_sorting_option,5,1782928828804,"拖动B(2→1)，A,B,C,D → B,A,C,D",sorting,"""A,B,C,D""","""B,A,C,D""","""B""",2,1
00000000000000000000000000000a0f,00000000000000000000000000000028,00000000000000000000000000000028,QT-SIM-040-3458,sim_openid_040_746434,change_sorting_option,5,1782928832233,"拖动B(1→2)，B,A,C,D → A,B,C,D",sorting,"""B,A,C,D""","""A,B,C,D""","""B""",1,2
00000000000000000000000000000a10,00000000000000000000000000000028,00000000000000000000000000000028,QT-SIM-040-3458,sim_openid_040_746434,change_sorting_option,5,1782928838255,"拖动A(1→2)，A,B,C,D → B,A,C,D",sorting,"""A,B,C,D""","""B,A,C,D""","""A""",1,2
00000000000000000000000000000a11,00000000000000000000000000000028,00000000000000000000000000000028,QT-SIM-040-3458,sim_openid_040_746434,change_sorting_option,5,1782928840866,"拖动B(1→2)，B,A,C,D → A,B,C,D",sorting,"""B,A,C,D""","""A,B,C,D""","""B""",1,2
00000000000000000000000000000a12,00000000000000000000000000000028,00000000000000000000000000000028,QT-SIM-040-3458,sim_openid_040_746434,leave_question,5,1782928847380,离开第5题,,,,,,
00000000000000000000000000000a13,00000000000000000000000000000028,00000000000000000000000000000028,QT-SIM-040-3458,sim_openid_040_746434,enter_question,3,1782928849574,进入第6题,sorting,,,,,
00000000000000000000000000000a14,00000000000000000000000000000028,00000000000000000000000000000028,QT-SIM-040-3458,sim_openid_040_746434,change_sorting_option,3,1782928867653,"拖动A(1→4)，A,B,C,D → B,C,D,A",sorting,"""A,B,C,D""","""B,C,D,A""","""A""",1,4
00000000000000000000000000000a15,00000000000000000000000000000028,00000000000000000000000000000028,QT-SIM-040-3458,sim_openid_040_746434,change_sorting_option,3,1782928872557,"拖动D(3→2)，B,C,D,A → B,D,C,A",sorting,"""B,C,D,A""","""B,D,C,A""","""D""",3,2
00000000000000000000000000000a16,00000000000000000000000000000028,00000000000000000000000000000028,QT-SIM-040-3458,sim_openid_040_746434,change_sorting_option,3,1782928873575,"拖动A(4→2)，B,D,C,A → B,A,D,C",sorting,"""B,D,C,A""","""B,A,D,C""","""A""",4,2
00000000000000000000000000000a17,00000000000000000000000000000028,00000000000000000000000000000028,QT-SIM-040-3458,sim_openid_040_746434,change_sorting_option,3,1782928877670,"拖动C(4→3)，B,A,D,C → B,A,C,D",sorting,"""B,A,D,C""","""B,A,C,D""","""C""",4,3
00000000000000000000000000000a18,00000000000000000000000000000028,00000000000000000000000000000028,QT-SIM-040-3458,sim_openid_040_746434,change_sorting_option,3,1782928878856,"拖动D(4→2)，B,A,C,D → B,D,A,C",sorting,"""B,A,C,D""","""B,D,A,C""","""D""",4,2
00000000000000000000000000000a19,00000000000000000000000000000028,00000000000000000000000000000028,QT-SIM-040-3458,sim_openid_040_746434,change_sorting_option,3,1782928885320,"拖动A(3→4)，B,D,A,C → B,D,C,A",sorting,"""B,D,A,C""","""B,D,C,A""","""A""",3,4
00000000000000000000000000000a1a,00000000000000000000000000000028,00000000000000000000000000000028,QT-SIM-040-3458,sim_openid_040_746434,leave_question,3,1782928891426,离开第6题,,,,,,
00000000000000000000000000000a1b,00000000000000000000000000000028,00000000000000000000000000000028,QT-SIM-040-3458,sim_openid_040_746434,enter_question,9,1782928892560,进入第7题,sorting,,,,,
00000000000000000000000000000a1c,00000000000000000000000000000028,00000000000000000000000000000028,QT-SIM-040-3458,sim_openid_040_746434,change_sorting_option,9,1782928908058,"拖动D(4→3)，A,B,C,D → A,B,D,C",sorting,"""A,B,C,D""","""A,B,D,C""","""D""",4,3
00000000000000000000000000000a1d,00000000000000000000000000000028,00000000000000000000000000000028,QT-SIM-040-3458,sim_openid_040_746434,change_sorting_option,9,1782928911800,"拖动A(1→2)，A,B,D,C → B,A,D,C",sorting,"""A,B,D,C""","""B,A,D,C""","""A""",1,2
00000000000000000000000000000a1e,00000000000000000000000000000028,00000000000000000000000000000028,QT-SIM-040-3458,sim_openid_040_746434,change_sorting_option,9,1782928916184,"拖动B(1→4)，B,A,D,C → A,D,C,B",sorting,"""B,A,D,C""","""A,D,C,B""","""B""",1,4
00000000000000000000000000000a1f,00000000000000000000000000000028,00000000000000000000000000000028,QT-SIM-040-3458,sim_openid_040_746434,change_sorting_option,9,1782928920639,"拖动D(2→3)，A,D,C,B → A,C,D,B",sorting,"""A,D,C,B""","""A,C,D,B""","""D""",2,3
00000000000000000000000000000a20,00000000000000000000000000000028,00000000000000000000000000000028,QT-SIM-040-3458,sim_openid_040_746434,change_sorting_option,9,1782928923236,"拖动C(2→1)，A,C,D,B → C,A,D,B",sorting,"""A,C,D,B""","""C,A,D,B""","""C""",2,1
00000000000000000000000000000a21,00000000000000000000000000000028,00000000000000000000000000000028,QT-SIM-040-3458,sim_openid_040_746434,leave_question,9,1782928928820,离开第7题,,,,,,
00000000000000000000000000000a22,00000000000000000000000000000028,00000000000000000000000000000028,QT-SIM-040-3458,sim_openid_040_746434,enter_question,10,1782928931636,进入第8题,sorting,,,,,
00000000000000000000000000000a23,00000000000000000000000000000028,00000000000000000000000000000028,QT-SIM-040-3458,sim_openid_040_746434,change_sorting_option,10,1782928959153,"拖动A(1→3)，A,B,C,D → B,C,A,D",sorting,"""A,B,C,D""","""B,C,A,D""","""A""",1,3
00000000000000000000000000000a24,00000000000000000000000000000028,00000000000000000000000000000028,QT-SIM-040-3458,sim_openid_040_746434,change_sorting_option,10,1782928962544,"拖动A(3→4)，B,C,A,D → B,C,D,A",sorting,"""B,C,A,D""","""B,C,D,A""","""A""",3,4
00000000000000000000000000000a25,00000000000000000000000000000028,00000000000000000000000000000028,QT-SIM-040-3458,sim_openid_040_746434,change_sorting_option,10,1782928964529,"拖动C(2→1)，B,C,D,A → C,B,D,A",sorting,"""B,C,D,A""","""C,B,D,A""","""C""",2,1
00000000000000000000000000000a26,00000000000000000000000000000028,00000000000000000000000000000028,QT-SIM-040-3458,sim_openid_040_746434,leave_question,10,1782928969947,离开第8题,,,,,,
00000000000000000000000000000a27,00000000000000000000000000000028,00000000000000000000000000000028,QT-SIM-040-3458,sim_openid_040_746434,enter_question,7,1782928971279,进入第9题,sorting,,,,,
00000000000000000000000000000a28,00000000000000000000000000000028,00000000000000000000000000000028,QT-SIM-040-3458,sim_openid_040_746434,change_sorting_option,7,1782928983288,"拖动D(4→2)，A,B,C,D → A,D,B,C",sorting,"""A,B,C,D""","""A,D,B,C""","""D""",4,2
00000000000000000000000000000a29,00000000000000000000000000000028,00000000000000000000000000000028,QT-SIM-040-3458,sim_openid_040_746434,change_sorting_option,7,1782928988101,"拖动D(2→1)，A,D,B,C → D,A,B,C",sorting,"""A,D,B,C""","""D,A,B,C""","""D""",2,1
00000000000000000000000000000a2a,00000000000000000000000000000028,00000000000000000000000000000028,QT-SIM-040-3458,sim_openid_040_746434,change_sorting_option,7,1782928991695,"拖动D(1→2)，D,A,B,C → A,D,B,C",sorting,"""D,A,B,C""","""A,D,B,C""","""D""",1,2
00000000000000000000000000000a2b,00000000000000000000000000000028,00000000000000000000000000000028,QT-SIM-040-3458,sim_openid_040_746434,change_sorting_option,7,1782928997384,"拖动B(3→4)，A,D,B,C → A,D,C,B",sorting,"""A,D,B,C""","""A,D,C,B""","""B""",3,4
00000000000000000000000000000a2c,00000000000000000000000000000028,00000000000000000000000000000028,QT-SIM-040-3458,sim_openid_040_746434,leave_question,7,1782929005580,离开第9题,,,,,,
00000000000000000000000000000a2d,00000000000000000000000000000028,00000000000000000000000000000028,QT-SIM-040-3458,sim_openid_040_746434,enter_question,8,1782929007426,进入第10题,sorting,,,,,
00000000000000000000000000000a2e,00000000000000000000000000000028,00000000000000000000000000000028,QT-SIM-040-3458,sim_openid_040_746434,leave_question,8,1782929037314,离开第10题,,,,,,
00000000000000000000000000000a2f,00000000000000000000000000000028,00000000000000000000000000000028,QT-SIM-040-3458,sim_openid_040_746434,submit_exam,-1,1782929038209,提交试卷,,,,,,
00000000000000000000000000000a30,00000000000000000000000000000029,00000000000000000000000000000029,QT-SIM-041-6383,sim_openid_041_881030,start_exam,-1,1782929551776,开始答题,,,,,,
00000000000000000000000000000a31,00000000000000000000000000000029,00000000000000000000000000000029,QT-SIM-041-6383,sim_openid_041_881030,enter_exam,-1,1782929551817,进入试卷页面,,,,,,
00000000000000000000000000000a32,00000000000000000000000000000029,00000000000000000000000000000029,QT-SIM-041-6383,sim_openid_041_881030,enter_question,1,1782929553312,进入第1题,sorting,,,,,
00000000000000000000000000000a33,00000000000000000000000000000029,00000000000000000000000000000029,QT-SIM-041-6383,sim_openid_041_881030,change_sorting_option,1,1782929572815,"拖动D(4→2)，A,B,C,D → A,D,B,C",sorting,"""A,B,C,D""","""A,D,B,C""","""D""",4,2
00000000000000000000000000000a34,00000000000000000000000000000029,00000000000000000000000000000029,QT-SIM-041-6383,sim_openid_041_881030,change_sorting_option,1,1782929578538,"拖动C(4→3)，A,D,B,C → A,D,C,B",sorting,"""A,D,B,C""","""A,D,C,B""","""C""",4,3
00000000000000000000000000000a35,00000000000000000000000000000029,00000000000000000000000000000029,QT-SIM-041-6383,sim_openid_041_881030,change_sorting_option,1,1782929582258,"拖动C(3→1)，A,D,C,B → C,A,D,B",sorting,"""A,D,C,B""","""C,A,D,B""","""C""",3,1
00000000000000000000000000000a36,00000000000000000000000000000029,00000000000000000000000000000029,QT-SIM-041-6383,sim_openid_041_881030,change_sorting_option,1,1782929586061,"拖动A(2→1)，C,A,D,B → A,C,D,B",sorting,"""C,A,D,B""","""A,C,D,B""","""A""",2,1
00000000000000000000000000000a37,00000000000000000000000000000029,00000000000000000000000000000029,QT-SIM-041-6383,sim_openid_041_881030,change_sorting_option,1,1782929587130,"拖动C(2→3)，A,C,D,B → A,D,C,B",sorting,"""A,C,D,B""","""A,D,C,B""","""C""",2,3
00000000000000000000000000000a38,00000000000000000000000000000029,00000000000000000000000000000029,QT-SIM-041-6383,sim_openid_041_881030,leave_question,1,1782929591625,离开第1题,,,,,,
00000000000000000000000000000a39,00000000000000000000000000000029,00000000000000000000000000000029,QT-SIM-041-6383,sim_openid_041_881030,enter_question,4,1782929592738,进入第2题,sorting,,,,,
00000000000000000000000000000a3a,00000000000000000000000000000029,00000000000000000000000000000029,QT-SIM-041-6383,sim_openid_041_881030,change_sorting_option,4,1782929611153,"拖动C(3→2)，A,B,C,D → A,C,B,D",sorting,"""A,B,C,D""","""A,C,B,D""","""C""",3,2
00000000000000000000000000000a3b,00000000000000000000000000000029,00000000000000000000000000000029,QT-SIM-041-6383,sim_openid_041_881030,change_sorting_option,4,1782929614196,"拖动A(1→4)，A,C,B,D → C,B,D,A",sorting,"""A,C,B,D""","""C,B,D,A""","""A""",1,4
00000000000000000000000000000a3c,00000000000000000000000000000029,00000000000000000000000000000029,QT-SIM-041-6383,sim_openid_041_881030,change_sorting_option,4,1782929617645,"拖动A(4→1)，C,B,D,A → A,C,B,D",sorting,"""C,B,D,A""","""A,C,B,D""","""A""",4,1
00000000000000000000000000000a3d,00000000000000000000000000000029,00000000000000000000000000000029,QT-SIM-041-6383,sim_openid_041_881030,change_sorting_option,4,1782929621389,"拖动D(4→3)，A,C,B,D → A,C,D,B",sorting,"""A,C,B,D""","""A,C,D,B""","""D""",4,3
00000000000000000000000000000a3e,00000000000000000000000000000029,00000000000000000000000000000029,QT-SIM-041-6383,sim_openid_041_881030,leave_question,4,1782929625908,离开第2题,,,,,,
00000000000000000000000000000a3f,00000000000000000000000000000029,00000000000000000000000000000029,QT-SIM-041-6383,sim_openid_041_881030,enter_question,6,1782929628906,进入第3题,sorting,,,,,
00000000000000000000000000000a40,00000000000000000000000000000029,00000000000000000000000000000029,QT-SIM-041-6383,sim_openid_041_881030,change_sorting_option,6,1782929635514,"拖动C(3→4)，A,B,C,D → A,B,D,C",sorting,"""A,B,C,D""","""A,B,D,C""","""C""",3,4
00000000000000000000000000000a41,00000000000000000000000000000029,00000000000000000000000000000029,QT-SIM-041-6383,sim_openid_041_881030,leave_question,6,1782929642994,离开第3题,,,,,,
00000000000000000000000000000a42,00000000000000000000000000000029,00000000000000000000000000000029,QT-SIM-041-6383,sim_openid_041_881030,enter_question,2,1782929644531,进入第4题,sorting,,,,,
00000000000000000000000000000a43,00000000000000000000000000000029,00000000000000000000000000000029,QT-SIM-041-6383,sim_openid_041_881030,change_sorting_option,2,1782929655076,"拖动A(1→2)，A,B,C,D → B,A,C,D",sorting,"""A,B,C,D""","""B,A,C,D""","""A""",1,2
00000000000000000000000000000a44,00000000000000000000000000000029,00000000000000000000000000000029,QT-SIM-041-6383,sim_openid_041_881030,change_sorting_option,2,1782929661048,"拖动A(2→1)，B,A,C,D → A,B,C,D",sorting,"""B,A,C,D""","""A,B,C,D""","""A""",2,1
00000000000000000000000000000a45,00000000000000000000000000000029,00000000000000000000000000000029,QT-SIM-041-6383,sim_openid_041_881030,change_sorting_option,2,1782929662499,"拖动D(4→3)，A,B,C,D → A,B,D,C",sorting,"""A,B,C,D""","""A,B,D,C""","""D""",4,3
00000000000000000000000000000a46,00000000000000000000000000000029,00000000000000000000000000000029,QT-SIM-041-6383,sim_openid_041_881030,change_sorting_option,2,1782929665828,"拖动C(4→2)，A,B,D,C → A,C,B,D",sorting,"""A,B,D,C""","""A,C,B,D""","""C""",4,2
00000000000000000000000000000a47,00000000000000000000000000000029,00000000000000000000000000000029,QT-SIM-041-6383,sim_openid_041_881030,change_sorting_option,2,1782929670801,"拖动B(3→4)，A,C,B,D → A,C,D,B",sorting,"""A,C,B,D""","""A,C,D,B""","""B""",3,4
00000000000000000000000000000a48,00000000000000000000000000000029,00000000000000000000000000000029,QT-SIM-041-6383,sim_openid_041_881030,leave_question,2,1782929676704,离开第4题,,,,,,
00000000000000000000000000000a49,00000000000000000000000000000029,00000000000000000000000000000029,QT-SIM-041-6383,sim_openid_041_881030,enter_question,5,1782929679427,进入第5题,sorting,,,,,
00000000000000000000000000000a4a,00000000000000000000000000000029,00000000000000000000000000000029,QT-SIM-041-6383,sim_openid_041_881030,change_sorting_option,5,1782929697727,"拖动B(2→3)，A,B,C,D → A,C,B,D",sorting,"""A,B,C,D""","""A,C,B,D""","""B""",2,3
00000000000000000000000000000a4b,00000000000000000000000000000029,00000000000000000000000000000029,QT-SIM-041-6383,sim_openid_041_881030,change_sorting_option,5,1782929701980,"拖动A(1→4)，A,C,B,D → C,B,D,A",sorting,"""A,C,B,D""","""C,B,D,A""","""A""",1,4
00000000000000000000000000000a4c,00000000000000000000000000000029,00000000000000000000000000000029,QT-SIM-041-6383,sim_openid_041_881030,change_sorting_option,5,1782929704259,"拖动B(2→3)，C,B,D,A → C,D,B,A",sorting,"""C,B,D,A""","""C,D,B,A""","""B""",2,3
00000000000000000000000000000a4d,00000000000000000000000000000029,00000000000000000000000000000029,QT-SIM-041-6383,sim_openid_041_881030,change_sorting_option,5,1782929709920,"拖动C(1→2)，C,D,B,A → D,C,B,A",sorting,"""C,D,B,A""","""D,C,B,A""","""C""",1,2
00000000000000000000000000000a4e,00000000000000000000000000000029,00000000000000000000000000000029,QT-SIM-041-6383,sim_openid_041_881030,leave_question,5,1782929717863,离开第5题,,,,,,
00000000000000000000000000000a4f,00000000000000000000000000000029,00000000000000000000000000000029,QT-SIM-041-6383,sim_openid_041_881030,enter_question,3,1782929720714,进入第6题,sorting,,,,,
00000000000000000000000000000a50,00000000000000000000000000000029,00000000000000000000000000000029,QT-SIM-041-6383,sim_openid_041_881030,change_sorting_option,3,1782929745641,"拖动A(1→3)，A,B,C,D → B,C,A,D",sorting,"""A,B,C,D""","""B,C,A,D""","""A""",1,3
00000000000000000000000000000a51,00000000000000000000000000000029,00000000000000000000000000000029,QT-SIM-041-6383,sim_openid_041_881030,change_sorting_option,3,1782929746947,"拖动B(1→3)，B,C,A,D → C,A,B,D",sorting,"""B,C,A,D""","""C,A,B,D""","""B""",1,3
00000000000000000000000000000a52,00000000000000000000000000000029,00000000000000000000000000000029,QT-SIM-041-6383,sim_openid_041_881030,change_sorting_option,3,1782929748511,"拖动C(1→2)，C,A,B,D → A,C,B,D",sorting,"""C,A,B,D""","""A,C,B,D""","""C""",1,2
00000000000000000000000000000a53,00000000000000000000000000000029,00000000000000000000000000000029,QT-SIM-041-6383,sim_openid_041_881030,leave_question,3,1782929753741,离开第6题,,,,,,
00000000000000000000000000000a54,00000000000000000000000000000029,00000000000000000000000000000029,QT-SIM-041-6383,sim_openid_041_881030,enter_question,9,1782929755619,进入第7题,sorting,,,,,
00000000000000000000000000000a55,00000000000000000000000000000029,00000000000000000000000000000029,QT-SIM-041-6383,sim_openid_041_881030,change_sorting_option,9,1782929780586,"拖动D(4→3)，A,B,C,D → A,B,D,C",sorting,"""A,B,C,D""","""A,B,D,C""","""D""",4,3
00000000000000000000000000000a56,00000000000000000000000000000029,00000000000000000000000000000029,QT-SIM-041-6383,sim_openid_041_881030,leave_question,9,1782929787776,离开第7题,,,,,,
00000000000000000000000000000a57,00000000000000000000000000000029,00000000000000000000000000000029,QT-SIM-041-6383,sim_openid_041_881030,enter_question,10,1782929790774,进入第8题,sorting,,,,,
00000000000000000000000000000a58,00000000000000000000000000000029,00000000000000000000000000000029,QT-SIM-041-6383,sim_openid_041_881030,change_sorting_option,10,1782929801948,"拖动C(3→1)，A,B,C,D → C,A,B,D",sorting,"""A,B,C,D""","""C,A,B,D""","""C""",3,1
00000000000000000000000000000a59,00000000000000000000000000000029,00000000000000000000000000000029,QT-SIM-041-6383,sim_openid_041_881030,change_sorting_option,10,1782929807632,"拖动D(4→3)，C,A,B,D → C,A,D,B",sorting,"""C,A,B,D""","""C,A,D,B""","""D""",4,3
00000000000000000000000000000a5a,00000000000000000000000000000029,00000000000000000000000000000029,QT-SIM-041-6383,sim_openid_041_881030,change_sorting_option,10,1782929810253,"拖动D(3→1)，C,A,D,B → D,C,A,B",sorting,"""C,A,D,B""","""D,C,A,B""","""D""",3,1
00000000000000000000000000000a5b,00000000000000000000000000000029,00000000000000000000000000000029,QT-SIM-041-6383,sim_openid_041_881030,change_sorting_option,10,1782929815964,"拖动D(1→3)，D,C,A,B → C,A,D,B",sorting,"""D,C,A,B""","""C,A,D,B""","""D""",1,3
00000000000000000000000000000a5c,00000000000000000000000000000029,00000000000000000000000000000029,QT-SIM-041-6383,sim_openid_041_881030,leave_question,10,1782929820134,离开第8题,,,,,,
00000000000000000000000000000a5d,00000000000000000000000000000029,00000000000000000000000000000029,QT-SIM-041-6383,sim_openid_041_881030,enter_question,7,1782929821795,进入第9题,sorting,,,,,
00000000000000000000000000000a5e,00000000000000000000000000000029,00000000000000000000000000000029,QT-SIM-041-6383,sim_openid_041_881030,change_sorting_option,7,1782929835625,"拖动C(3→1)，A,B,C,D → C,A,B,D",sorting,"""A,B,C,D""","""C,A,B,D""","""C""",3,1
00000000000000000000000000000a5f,00000000000000000000000000000029,00000000000000000000000000000029,QT-SIM-041-6383,sim_openid_041_881030,change_sorting_option,7,1782929839905,"拖动B(3→4)，C,A,B,D → C,A,D,B",sorting,"""C,A,B,D""","""C,A,D,B""","""B""",3,4
00000000000000000000000000000a60,00000000000000000000000000000029,00000000000000000000000000000029,QT-SIM-041-6383,sim_openid_041_881030,leave_question,7,1782929849057,离开第9题,,,,,,
00000000000000000000000000000a61,00000000000000000000000000000029,00000000000000000000000000000029,QT-SIM-041-6383,sim_openid_041_881030,enter_question,8,1782929850696,进入第10题,sorting,,,,,
00000000000000000000000000000a62,00000000000000000000000000000029,00000000000000000000000000000029,QT-SIM-041-6383,sim_openid_041_881030,change_sorting_option,8,1782929863980,"拖动C(3→1)，A,B,C,D → C,A,B,D",sorting,"""A,B,C,D""","""C,A,B,D""","""C""",3,1
00000000000000000000000000000a63,00000000000000000000000000000029,00000000000000000000000000000029,QT-SIM-041-6383,sim_openid_041_881030,change_sorting_option,8,1782929870031,"拖动A(2→3)，C,A,B,D → C,B,A,D",sorting,"""C,A,B,D""","""C,B,A,D""","""A""",2,3
00000000000000000000000000000a64,00000000000000000000000000000029,00000000000000000000000000000029,QT-SIM-041-6383,sim_openid_041_881030,leave_question,8,1782929878641,离开第10题,,,,,,
00000000000000000000000000000a65,00000000000000000000000000000029,00000000000000000000000000000029,QT-SIM-041-6383,sim_openid_041_881030,submit_exam,-1,1782929879041,提交试卷,,,,,,
00000000000000000000000000000a66,0000000000000000000000000000002a,0000000000000000000000000000002a,QT-SIM-042-4743,sim_openid_042_480037,start_exam,-1,1782930453610,开始答题,,,,,,
00000000000000000000000000000a67,0000000000000000000000000000002a,0000000000000000000000000000002a,QT-SIM-042-4743,sim_openid_042_480037,enter_exam,-1,1782930453698,进入试卷页面,,,,,,
00000000000000000000000000000a68,0000000000000000000000000000002a,0000000000000000000000000000002a,QT-SIM-042-4743,sim_openid_042_480037,enter_question,1,1782930454743,进入第1题,sorting,,,,,
00000000000000000000000000000a69,0000000000000000000000000000002a,0000000000000000000000000000002a,QT-SIM-042-4743,sim_openid_042_480037,change_sorting_option,1,1782930478510,"拖动B(2→1)，A,B,C,D → B,A,C,D",sorting,"""A,B,C,D""","""B,A,C,D""","""B""",2,1
00000000000000000000000000000a6a,0000000000000000000000000000002a,0000000000000000000000000000002a,QT-SIM-042-4743,sim_openid_042_480037,change_sorting_option,1,1782930482518,"拖动C(3→4)，B,A,C,D → B,A,D,C",sorting,"""B,A,C,D""","""B,A,D,C""","""C""",3,4
00000000000000000000000000000a6b,0000000000000000000000000000002a,0000000000000000000000000000002a,QT-SIM-042-4743,sim_openid_042_480037,change_sorting_option,1,1782930485888,"拖动C(4→1)，B,A,D,C → C,B,A,D",sorting,"""B,A,D,C""","""C,B,A,D""","""C""",4,1
00000000000000000000000000000a6c,0000000000000000000000000000002a,0000000000000000000000000000002a,QT-SIM-042-4743,sim_openid_042_480037,change_sorting_option,1,1782930488789,"拖动A(3→2)，C,B,A,D → C,A,B,D",sorting,"""C,B,A,D""","""C,A,B,D""","""A""",3,2
00000000000000000000000000000a6d,0000000000000000000000000000002a,0000000000000000000000000000002a,QT-SIM-042-4743,sim_openid_042_480037,change_sorting_option,1,1782930497044,"拖动B(3→1)，C,A,B,D → B,C,A,D",sorting,"""C,A,B,D""","""B,C,A,D""","""B""",3,1
00000000000000000000000000000a6e,0000000000000000000000000000002a,0000000000000000000000000000002a,QT-SIM-042-4743,sim_openid_042_480037,change_sorting_option,1,1782930504756,"拖动D(4→3)，B,C,A,D → B,C,D,A",sorting,"""B,C,A,D""","""B,C,D,A""","""D""",4,3
00000000000000000000000000000a6f,0000000000000000000000000000002a,0000000000000000000000000000002a,QT-SIM-042-4743,sim_openid_042_480037,change_sorting_option,1,1782930512503,"拖动A(4→2)，B,C,D,A → B,A,C,D",sorting,"""B,C,D,A""","""B,A,C,D""","""A""",4,2
00000000000000000000000000000a70,0000000000000000000000000000002a,0000000000000000000000000000002a,QT-SIM-042-4743,sim_openid_042_480037,change_sorting_option,1,1782930518941,"拖动C(3→4)，B,A,C,D → B,A,D,C",sorting,"""B,A,C,D""","""B,A,D,C""","""C""",3,4
00000000000000000000000000000a71,0000000000000000000000000000002a,0000000000000000000000000000002a,QT-SIM-042-4743,sim_openid_042_480037,leave_question,1,1782930528612,离开第1题,,,,,,
00000000000000000000000000000a72,0000000000000000000000000000002a,0000000000000000000000000000002a,QT-SIM-042-4743,sim_openid_042_480037,enter_question,4,1782930530852,进入第2题,sorting,,,,,
00000000000000000000000000000a73,0000000000000000000000000000002a,0000000000000000000000000000002a,QT-SIM-042-4743,sim_openid_042_480037,change_sorting_option,4,1782930569495,"拖动A(1→4)，A,B,C,D → B,C,D,A",sorting,"""A,B,C,D""","""B,C,D,A""","""A""",1,4
00000000000000000000000000000a74,0000000000000000000000000000002a,0000000000000000000000000000002a,QT-SIM-042-4743,sim_openid_042_480037,change_sorting_option,4,1782930574849,"拖动C(2→3)，B,C,D,A → B,D,C,A",sorting,"""B,C,D,A""","""B,D,C,A""","""C""",2,3
00000000000000000000000000000a75,0000000000000000000000000000002a,0000000000000000000000000000002a,QT-SIM-042-4743,sim_openid_042_480037,change_sorting_option,4,1782930581600,"拖动D(2→1)，B,D,C,A → D,B,C,A",sorting,"""B,D,C,A""","""D,B,C,A""","""D""",2,1
00000000000000000000000000000a76,0000000000000000000000000000002a,0000000000000000000000000000002a,QT-SIM-042-4743,sim_openid_042_480037,change_sorting_option,4,1782930586977,"拖动D(1→3)，D,B,C,A → B,C,D,A",sorting,"""D,B,C,A""","""B,C,D,A""","""D""",1,3
00000000000000000000000000000a77,0000000000000000000000000000002a,0000000000000000000000000000002a,QT-SIM-042-4743,sim_openid_042_480037,change_sorting_option,4,1782930595372,"拖动B(1→2)，B,C,D,A → C,B,D,A",sorting,"""B,C,D,A""","""C,B,D,A""","""B""",1,2
00000000000000000000000000000a78,0000000000000000000000000000002a,0000000000000000000000000000002a,QT-SIM-042-4743,sim_openid_042_480037,change_sorting_option,4,1782930599849,"拖动D(3→1)，C,B,D,A → D,C,B,A",sorting,"""C,B,D,A""","""D,C,B,A""","""D""",3,1
00000000000000000000000000000a79,0000000000000000000000000000002a,0000000000000000000000000000002a,QT-SIM-042-4743,sim_openid_042_480037,change_sorting_option,4,1782930604821,"拖动B(3→2)，D,C,B,A → D,B,C,A",sorting,"""D,C,B,A""","""D,B,C,A""","""B""",3,2
00000000000000000000000000000a7a,0000000000000000000000000000002a,0000000000000000000000000000002a,QT-SIM-042-4743,sim_openid_042_480037,leave_question,4,1782930612764,离开第2题,,,,,,
00000000000000000000000000000a7b,0000000000000000000000000000002a,0000000000000000000000000000002a,QT-SIM-042-4743,sim_openid_042_480037,enter_question,6,1782930615092,进入第3题,sorting,,,,,
00000000000000000000000000000a7c,0000000000000000000000000000002a,0000000000000000000000000000002a,QT-SIM-042-4743,sim_openid_042_480037,change_sorting_option,6,1782930631207,"拖动C(3→2)，A,B,C,D → A,C,B,D",sorting,"""A,B,C,D""","""A,C,B,D""","""C""",3,2
00000000000000000000000000000a7d,0000000000000000000000000000002a,0000000000000000000000000000002a,QT-SIM-042-4743,sim_openid_042_480037,change_sorting_option,6,1782930636622,"拖动B(3→1)，A,C,B,D → B,A,C,D",sorting,"""A,C,B,D""","""B,A,C,D""","""B""",3,1
00000000000000000000000000000a7e,0000000000000000000000000000002a,0000000000000000000000000000002a,QT-SIM-042-4743,sim_openid_042_480037,change_sorting_option,6,1782930638944,"拖动A(2→3)，B,A,C,D → B,C,A,D",sorting,"""B,A,C,D""","""B,C,A,D""","""A""",2,3
00000000000000000000000000000a7f,0000000000000000000000000000002a,0000000000000000000000000000002a,QT-SIM-042-4743,sim_openid_042_480037,change_sorting_option,6,1782930640920,"拖动D(4→1)，B,C,A,D → D,B,C,A",sorting,"""B,C,A,D""","""D,B,C,A""","""D""",4,1
00000000000000000000000000000a80,0000000000000000000000000000002a,0000000000000000000000000000002a,QT-SIM-042-4743,sim_openid_042_480037,change_sorting_option,6,1782930649438,"拖动C(3→2)，D,B,C,A → D,C,B,A",sorting,"""D,B,C,A""","""D,C,B,A""","""C""",3,2
00000000000000000000000000000a81,0000000000000000000000000000002a,0000000000000000000000000000002a,QT-SIM-042-4743,sim_openid_042_480037,change_sorting_option,6,1782930658029,"拖动D(1→3)，D,C,B,A → C,B,D,A",sorting,"""D,C,B,A""","""C,B,D,A""","""D""",1,3
00000000000000000000000000000a82,0000000000000000000000000000002a,0000000000000000000000000000002a,QT-SIM-042-4743,sim_openid_042_480037,change_sorting_option,6,1782930661356,"拖动C(1→2)，C,B,D,A → B,C,D,A",sorting,"""C,B,D,A""","""B,C,D,A""","""C""",1,2
00000000000000000000000000000a83,0000000000000000000000000000002a,0000000000000000000000000000002a,QT-SIM-042-4743,sim_openid_042_480037,change_sorting_option,6,1782930667322,"拖动D(3→4)，B,C,D,A → B,C,A,D",sorting,"""B,C,D,A""","""B,C,A,D""","""D""",3,4
00000000000000000000000000000a84,0000000000000000000000000000002a,0000000000000000000000000000002a,QT-SIM-042-4743,sim_openid_042_480037,leave_question,6,1782930676079,离开第3题,,,,,,
00000000000000000000000000000a85,0000000000000000000000000000002a,0000000000000000000000000000002a,QT-SIM-042-4743,sim_openid_042_480037,enter_question,2,1782930678430,进入第4题,sorting,,,,,
00000000000000000000000000000a86,0000000000000000000000000000002a,0000000000000000000000000000002a,QT-SIM-042-4743,sim_openid_042_480037,leave_question,2,1782930702593,离开第4题,,,,,,
00000000000000000000000000000a87,0000000000000000000000000000002a,0000000000000000000000000000002a,QT-SIM-042-4743,sim_openid_042_480037,enter_question,5,1782930704581,进入第5题,sorting,,,,,
00000000000000000000000000000a88,0000000000000000000000000000002a,0000000000000000000000000000002a,QT-SIM-042-4743,sim_openid_042_480037,leave_question,5,1782930741344,离开第5题,,,,,,
00000000000000000000000000000a89,0000000000000000000000000000002a,0000000000000000000000000000002a,QT-SIM-042-4743,sim_openid_042_480037,enter_question,3,1782930743595,进入第6题,sorting,,,,,
00000000000000000000000000000a8a,0000000000000000000000000000002a,0000000000000000000000000000002a,QT-SIM-042-4743,sim_openid_042_480037,change_sorting_option,3,1782930770290,"拖动C(3→1)，A,B,C,D → C,A,B,D",sorting,"""A,B,C,D""","""C,A,B,D""","""C""",3,1
00000000000000000000000000000a8b,0000000000000000000000000000002a,0000000000000000000000000000002a,QT-SIM-042-4743,sim_openid_042_480037,change_sorting_option,3,1782930775097,"拖动B(3→4)，C,A,B,D → C,A,D,B",sorting,"""C,A,B,D""","""C,A,D,B""","""B""",3,4
00000000000000000000000000000a8c,0000000000000000000000000000002a,0000000000000000000000000000002a,QT-SIM-042-4743,sim_openid_042_480037,change_sorting_option,3,1782930780718,"拖动C(1→3)，C,A,D,B → A,D,C,B",sorting,"""C,A,D,B""","""A,D,C,B""","""C""",1,3
00000000000000000000000000000a8d,0000000000000000000000000000002a,0000000000000000000000000000002a,QT-SIM-042-4743,sim_openid_042_480037,change_sorting_option,3,1782930785332,"拖动C(3→1)，A,D,C,B → C,A,D,B",sorting,"""A,D,C,B""","""C,A,D,B""","""C""",3,1
00000000000000000000000000000a8e,0000000000000000000000000000002a,0000000000000000000000000000002a,QT-SIM-042-4743,sim_openid_042_480037,leave_question,3,1782930795611,离开第6题,,,,,,
00000000000000000000000000000a8f,0000000000000000000000000000002a,0000000000000000000000000000002a,QT-SIM-042-4743,sim_openid_042_480037,enter_question,9,1782930797211,进入第7题,sorting,,,,,
00000000000000000000000000000a90,0000000000000000000000000000002a,0000000000000000000000000000002a,QT-SIM-042-4743,sim_openid_042_480037,change_sorting_option,9,1782930834832,"拖动C(3→4)，A,B,C,D → A,B,D,C",sorting,"""A,B,C,D""","""A,B,D,C""","""C""",3,4
00000000000000000000000000000a91,0000000000000000000000000000002a,0000000000000000000000000000002a,QT-SIM-042-4743,sim_openid_042_480037,change_sorting_option,9,1782930841018,"拖动B(2→4)，A,B,D,C → A,D,C,B",sorting,"""A,B,D,C""","""A,D,C,B""","""B""",2,4
00000000000000000000000000000a92,0000000000000000000000000000002a,0000000000000000000000000000002a,QT-SIM-042-4743,sim_openid_042_480037,change_sorting_option,9,1782930848280,"拖动B(4→1)，A,D,C,B → B,A,D,C",sorting,"""A,D,C,B""","""B,A,D,C""","""B""",4,1
00000000000000000000000000000a93,0000000000000000000000000000002a,0000000000000000000000000000002a,QT-SIM-042-4743,sim_openid_042_480037,change_sorting_option,9,1782930855003,"拖动B(1→2)，B,A,D,C → A,B,D,C",sorting,"""B,A,D,C""","""A,B,D,C""","""B""",1,2
00000000000000000000000000000a94,0000000000000000000000000000002a,0000000000000000000000000000002a,QT-SIM-042-4743,sim_openid_042_480037,leave_question,9,1782930864604,离开第7题,,,,,,
00000000000000000000000000000a95,0000000000000000000000000000002a,0000000000000000000000000000002a,QT-SIM-042-4743,sim_openid_042_480037,enter_question,10,1782930866943,进入第8题,sorting,,,,,
00000000000000000000000000000a96,0000000000000000000000000000002a,0000000000000000000000000000002a,QT-SIM-042-4743,sim_openid_042_480037,change_sorting_option,10,1782930879057,"拖动B(2→4)，A,B,C,D → A,C,D,B",sorting,"""A,B,C,D""","""A,C,D,B""","""B""",2,4
00000000000000000000000000000a97,0000000000000000000000000000002a,0000000000000000000000000000002a,QT-SIM-042-4743,sim_openid_042_480037,change_sorting_option,10,1782930885187,"拖动A(1→2)，A,C,D,B → C,A,D,B",sorting,"""A,C,D,B""","""C,A,D,B""","""A""",1,2
00000000000000000000000000000a98,0000000000000000000000000000002a,0000000000000000000000000000002a,QT-SIM-042-4743,sim_openid_042_480037,change_sorting_option,10,1782930889343,"拖动B(4→2)，C,A,D,B → C,B,A,D",sorting,"""C,A,D,B""","""C,B,A,D""","""B""",4,2
00000000000000000000000000000a99,0000000000000000000000000000002a,0000000000000000000000000000002a,QT-SIM-042-4743,sim_openid_042_480037,change_sorting_option,10,1782930891405,"拖动D(4→3)，C,B,A,D → C,B,D,A",sorting,"""C,B,A,D""","""C,B,D,A""","""D""",4,3
00000000000000000000000000000a9a,0000000000000000000000000000002a,0000000000000000000000000000002a,QT-SIM-042-4743,sim_openid_042_480037,change_sorting_option,10,1782930899961,"拖动B(2→4)，C,B,D,A → C,D,A,B",sorting,"""C,B,D,A""","""C,D,A,B""","""B""",2,4
00000000000000000000000000000a9b,0000000000000000000000000000002a,0000000000000000000000000000002a,QT-SIM-042-4743,sim_openid_042_480037,change_sorting_option,10,1782930902136,"拖动D(2→3)，C,D,A,B → C,A,D,B",sorting,"""C,D,A,B""","""C,A,D,B""","""D""",2,3
00000000000000000000000000000a9c,0000000000000000000000000000002a,0000000000000000000000000000002a,QT-SIM-042-4743,sim_openid_042_480037,leave_question,10,1782930911551,离开第8题,,,,,,
00000000000000000000000000000a9d,0000000000000000000000000000002a,0000000000000000000000000000002a,QT-SIM-042-4743,sim_openid_042_480037,enter_question,7,1782930913755,进入第9题,sorting,,,,,
00000000000000000000000000000a9e,0000000000000000000000000000002a,0000000000000000000000000000002a,QT-SIM-042-4743,sim_openid_042_480037,change_sorting_option,7,1782930939879,"拖动B(2→1)，A,B,C,D → B,A,C,D",sorting,"""A,B,C,D""","""B,A,C,D""","""B""",2,1
00000000000000000000000000000a9f,0000000000000000000000000000002a,0000000000000000000000000000002a,QT-SIM-042-4743,sim_openid_042_480037,change_sorting_option,7,1782930942243,"拖动C(3→1)，B,A,C,D → C,B,A,D",sorting,"""B,A,C,D""","""C,B,A,D""","""C""",3,1
00000000000000000000000000000aa0,0000000000000000000000000000002a,0000000000000000000000000000002a,QT-SIM-042-4743,sim_openid_042_480037,change_sorting_option,7,1782930950283,"拖动D(4→3)，C,B,A,D → C,B,D,A",sorting,"""C,B,A,D""","""C,B,D,A""","""D""",4,3
00000000000000000000000000000aa1,0000000000000000000000000000002a,0000000000000000000000000000002a,QT-SIM-042-4743,sim_openid_042_480037,change_sorting_option,7,1782930952787,"拖动D(3→1)，C,B,D,A → D,C,B,A",sorting,"""C,B,D,A""","""D,C,B,A""","""D""",3,1
00000000000000000000000000000aa2,0000000000000000000000000000002a,0000000000000000000000000000002a,QT-SIM-042-4743,sim_openid_042_480037,change_sorting_option,7,1782930955094,"拖动B(3→1)，D,C,B,A → B,D,C,A",sorting,"""D,C,B,A""","""B,D,C,A""","""B""",3,1
00000000000000000000000000000aa3,0000000000000000000000000000002a,0000000000000000000000000000002a,QT-SIM-042-4743,sim_openid_042_480037,change_sorting_option,7,1782930963850,"拖动D(2→3)，B,D,C,A → B,C,D,A",sorting,"""B,D,C,A""","""B,C,D,A""","""D""",2,3
00000000000000000000000000000aa4,0000000000000000000000000000002a,0000000000000000000000000000002a,QT-SIM-042-4743,sim_openid_042_480037,leave_question,7,1782930971924,离开第9题,,,,,,
00000000000000000000000000000aa5,0000000000000000000000000000002a,0000000000000000000000000000002a,QT-SIM-042-4743,sim_openid_042_480037,enter_question,8,1782930973801,进入第10题,sorting,,,,,
00000000000000000000000000000aa6,0000000000000000000000000000002a,0000000000000000000000000000002a,QT-SIM-042-4743,sim_openid_042_480037,change_sorting_option,8,1782930996499,"拖动C(3→1)，A,B,C,D → C,A,B,D",sorting,"""A,B,C,D""","""C,A,B,D""","""C""",3,1
00000000000000000000000000000aa7,0000000000000000000000000000002a,0000000000000000000000000000002a,QT-SIM-042-4743,sim_openid_042_480037,change_sorting_option,8,1782930999067,"拖动C(1→3)，C,A,B,D → A,B,C,D",sorting,"""C,A,B,D""","""A,B,C,D""","""C""",1,3
00000000000000000000000000000aa8,0000000000000000000000000000002a,0000000000000000000000000000002a,QT-SIM-042-4743,sim_openid_042_480037,change_sorting_option,8,1782931001199,"拖动C(3→4)，A,B,C,D → A,B,D,C",sorting,"""A,B,C,D""","""A,B,D,C""","""C""",3,4
00000000000000000000000000000aa9,0000000000000000000000000000002a,0000000000000000000000000000002a,QT-SIM-042-4743,sim_openid_042_480037,change_sorting_option,8,1782931005908,"拖动D(3→1)，A,B,D,C → D,A,B,C",sorting,"""A,B,D,C""","""D,A,B,C""","""D""",3,1
00000000000000000000000000000aaa,0000000000000000000000000000002a,0000000000000000000000000000002a,QT-SIM-042-4743,sim_openid_042_480037,change_sorting_option,8,1782931009336,"拖动C(4→2)，D,A,B,C → D,C,A,B",sorting,"""D,A,B,C""","""D,C,A,B""","""C""",4,2
00000000000000000000000000000aab,0000000000000000000000000000002a,0000000000000000000000000000002a,QT-SIM-042-4743,sim_openid_042_480037,change_sorting_option,8,1782931013088,"拖动A(3→2)，D,C,A,B → D,A,C,B",sorting,"""D,C,A,B""","""D,A,C,B""","""A""",3,2
00000000000000000000000000000aac,0000000000000000000000000000002a,0000000000000000000000000000002a,QT-SIM-042-4743,sim_openid_042_480037,leave_question,8,1782931019907,离开第10题,,,,,,
00000000000000000000000000000aad,0000000000000000000000000000002a,0000000000000000000000000000002a,QT-SIM-042-4743,sim_openid_042_480037,submit_exam,-1,1782931020299,提交试卷,,,,,,
00000000000000000000000000000aae,0000000000000000000000000000002b,0000000000000000000000000000002b,QT-SIM-043-8748,sim_openid_043_506613,start_exam,-1,1782931352787,开始答题,,,,,,
00000000000000000000000000000aaf,0000000000000000000000000000002b,0000000000000000000000000000002b,QT-SIM-043-8748,sim_openid_043_506613,enter_exam,-1,1782931352809,进入试卷页面,,,,,,
00000000000000000000000000000ab0,0000000000000000000000000000002b,0000000000000000000000000000002b,QT-SIM-043-8748,sim_openid_043_506613,enter_question,1,1782931355709,进入第1题,sorting,,,,,
00000000000000000000000000000ab1,0000000000000000000000000000002b,0000000000000000000000000000002b,QT-SIM-043-8748,sim_openid_043_506613,change_sorting_option,1,1782931370265,"拖动B(2→1)，A,B,C,D → B,A,C,D",sorting,"""A,B,C,D""","""B,A,C,D""","""B""",2,1
00000000000000000000000000000ab2,0000000000000000000000000000002b,0000000000000000000000000000002b,QT-SIM-043-8748,sim_openid_043_506613,change_sorting_option,1,1782931372547,"拖动C(3→4)，B,A,C,D → B,A,D,C",sorting,"""B,A,C,D""","""B,A,D,C""","""C""",3,4
00000000000000000000000000000ab3,0000000000000000000000000000002b,0000000000000000000000000000002b,QT-SIM-043-8748,sim_openid_043_506613,change_sorting_option,1,1782931377307,"拖动D(3→2)，B,A,D,C → B,D,A,C",sorting,"""B,A,D,C""","""B,D,A,C""","""D""",3,2
00000000000000000000000000000ab4,0000000000000000000000000000002b,0000000000000000000000000000002b,QT-SIM-043-8748,sim_openid_043_506613,change_sorting_option,1,1782931385410,"拖动D(2→4)，B,D,A,C → B,A,C,D",sorting,"""B,D,A,C""","""B,A,C,D""","""D""",2,4
00000000000000000000000000000ab5,0000000000000000000000000000002b,0000000000000000000000000000002b,QT-SIM-043-8748,sim_openid_043_506613,change_sorting_option,1,1782931393474,"拖动C(3→4)，B,A,C,D → B,A,D,C",sorting,"""B,A,C,D""","""B,A,D,C""","""C""",3,4
00000000000000000000000000000ab6,0000000000000000000000000000002b,0000000000000000000000000000002b,QT-SIM-043-8748,sim_openid_043_506613,change_sorting_option,1,1782931397580,"拖动A(2→3)，B,A,D,C → B,D,A,C",sorting,"""B,A,D,C""","""B,D,A,C""","""A""",2,3
00000000000000000000000000000ab7,0000000000000000000000000000002b,0000000000000000000000000000002b,QT-SIM-043-8748,sim_openid_043_506613,leave_question,1,1782931407940,离开第1题,,,,,,
00000000000000000000000000000ab8,0000000000000000000000000000002b,0000000000000000000000000000002b,QT-SIM-043-8748,sim_openid_043_506613,enter_question,4,1782931411434,进入第2题,sorting,,,,,
00000000000000000000000000000ab9,0000000000000000000000000000002b,0000000000000000000000000000002b,QT-SIM-043-8748,sim_openid_043_506613,change_sorting_option,4,1782931426498,"拖动B(2→3)，A,B,C,D → A,C,B,D",sorting,"""A,B,C,D""","""A,C,B,D""","""B""",2,3
00000000000000000000000000000aba,0000000000000000000000000000002b,0000000000000000000000000000002b,QT-SIM-043-8748,sim_openid_043_506613,change_sorting_option,4,1782931432163,"拖动B(3→1)，A,C,B,D → B,A,C,D",sorting,"""A,C,B,D""","""B,A,C,D""","""B""",3,1
00000000000000000000000000000abb,0000000000000000000000000000002b,0000000000000000000000000000002b,QT-SIM-043-8748,sim_openid_043_506613,change_sorting_option,4,1782931439004,"拖动C(3→2)，B,A,C,D → B,C,A,D",sorting,"""B,A,C,D""","""B,C,A,D""","""C""",3,2
00000000000000000000000000000abc,0000000000000000000000000000002b,0000000000000000000000000000002b,QT-SIM-043-8748,sim_openid_043_506613,change_sorting_option,4,1782931442079,"拖动A(3→1)，B,C,A,D → A,B,C,D",sorting,"""B,C,A,D""","""A,B,C,D""","""A""",3,1
00000000000000000000000000000abd,0000000000000000000000000000002b,0000000000000000000000000000002b,QT-SIM-043-8748,sim_openid_043_506613,change_sorting_option,4,1782931446113,"拖动B(2→3)，A,B,C,D → A,C,B,D",sorting,"""A,B,C,D""","""A,C,B,D""","""B""",2,3
00000000000000000000000000000abe,0000000000000000000000000000002b,0000000000000000000000000000002b,QT-SIM-043-8748,sim_openid_043_506613,leave_question,4,1782931455221,离开第2题,,,,,,
00000000000000000000000000000abf,0000000000000000000000000000002b,0000000000000000000000000000002b,QT-SIM-043-8748,sim_openid_043_506613,enter_question,6,1782931457596,进入第3题,sorting,,,,,
00000000000000000000000000000ac0,0000000000000000000000000000002b,0000000000000000000000000000002b,QT-SIM-043-8748,sim_openid_043_506613,change_sorting_option,6,1782931501127,"拖动A(1→4)，A,B,C,D → B,C,D,A",sorting,"""A,B,C,D""","""B,C,D,A""","""A""",1,4
00000000000000000000000000000ac1,0000000000000000000000000000002b,0000000000000000000000000000002b,QT-SIM-043-8748,sim_openid_043_506613,change_sorting_option,6,1782931506387,"拖动C(2→1)，B,C,D,A → C,B,D,A",sorting,"""B,C,D,A""","""C,B,D,A""","""C""",2,1
00000000000000000000000000000ac2,0000000000000000000000000000002b,0000000000000000000000000000002b,QT-SIM-043-8748,sim_openid_043_506613,leave_question,6,1782931510768,离开第3题,,,,,,
00000000000000000000000000000ac3,0000000000000000000000000000002b,0000000000000000000000000000002b,QT-SIM-043-8748,sim_openid_043_506613,enter_question,2,1782931513325,进入第4题,sorting,,,,,
00000000000000000000000000000ac4,0000000000000000000000000000002b,0000000000000000000000000000002b,QT-SIM-043-8748,sim_openid_043_506613,change_sorting_option,2,1782931544463,"拖动D(4→2)，A,B,C,D → A,D,B,C",sorting,"""A,B,C,D""","""A,D,B,C""","""D""",4,2
00000000000000000000000000000ac5,0000000000000000000000000000002b,0000000000000000000000000000002b,QT-SIM-043-8748,sim_openid_043_506613,change_sorting_option,2,1782931551402,"拖动C(4→2)，A,D,B,C → A,C,D,B",sorting,"""A,D,B,C""","""A,C,D,B""","""C""",4,2
00000000000000000000000000000ac6,0000000000000000000000000000002b,0000000000000000000000000000002b,QT-SIM-043-8748,sim_openid_043_506613,change_sorting_option,2,1782931556002,"拖动D(3→4)，A,C,D,B → A,C,B,D",sorting,"""A,C,D,B""","""A,C,B,D""","""D""",3,4
00000000000000000000000000000ac7,0000000000000000000000000000002b,0000000000000000000000000000002b,QT-SIM-043-8748,sim_openid_043_506613,change_sorting_option,2,1782931562672,"拖动D(4→3)，A,C,B,D → A,C,D,B",sorting,"""A,C,B,D""","""A,C,D,B""","""D""",4,3
00000000000000000000000000000ac8,0000000000000000000000000000002b,0000000000000000000000000000002b,QT-SIM-043-8748,sim_openid_043_506613,leave_question,2,1782931568987,离开第4题,,,,,,
00000000000000000000000000000ac9,0000000000000000000000000000002b,0000000000000000000000000000002b,QT-SIM-043-8748,sim_openid_043_506613,enter_question,5,1782931571411,进入第5题,sorting,,,,,
00000000000000000000000000000aca,0000000000000000000000000000002b,0000000000000000000000000000002b,QT-SIM-043-8748,sim_openid_043_506613,change_sorting_option,5,1782931615265,"拖动B(2→4)，A,B,C,D → A,C,D,B",sorting,"""A,B,C,D""","""A,C,D,B""","""B""",2,4
00000000000000000000000000000acb,0000000000000000000000000000002b,0000000000000000000000000000002b,QT-SIM-043-8748,sim_openid_043_506613,change_sorting_option,5,1782931622476,"拖动B(4→1)，A,C,D,B → B,A,C,D",sorting,"""A,C,D,B""","""B,A,C,D""","""B""",4,1
00000000000000000000000000000acc,0000000000000000000000000000002b,0000000000000000000000000000002b,QT-SIM-043-8748,sim_openid_043_506613,change_sorting_option,5,1782931626824,"拖动D(4→3)，B,A,C,D → B,A,D,C",sorting,"""B,A,C,D""","""B,A,D,C""","""D""",4,3
00000000000000000000000000000acd,0000000000000000000000000000002b,0000000000000000000000000000002b,QT-SIM-043-8748,sim_openid_043_506613,change_sorting_option,5,1782931629480,"拖动C(4→3)，B,A,D,C → B,A,C,D",sorting,"""B,A,D,C""","""B,A,C,D""","""C""",4,3
00000000000000000000000000000ace,0000000000000000000000000000002b,0000000000000000000000000000002b,QT-SIM-043-8748,sim_openid_043_506613,change_sorting_option,5,1782931636398,"拖动C(3→1)，B,A,C,D → C,B,A,D",sorting,"""B,A,C,D""","""C,B,A,D""","""C""",3,1
00000000000000000000000000000acf,0000000000000000000000000000002b,0000000000000000000000000000002b,QT-SIM-043-8748,sim_openid_043_506613,change_sorting_option,5,1782931643121,"拖动A(3→2)，C,B,A,D → C,A,B,D",sorting,"""C,B,A,D""","""C,A,B,D""","""A""",3,2
00000000000000000000000000000ad0,0000000000000000000000000000002b,0000000000000000000000000000002b,QT-SIM-043-8748,sim_openid_043_506613,change_sorting_option,5,1782931650082,"拖动B(3→1)，C,A,B,D → B,C,A,D",sorting,"""C,A,B,D""","""B,C,A,D""","""B""",3,1
00000000000000000000000000000ad1,0000000000000000000000000000002b,0000000000000000000000000000002b,QT-SIM-043-8748,sim_openid_043_506613,change_sorting_option,5,1782931658097,"拖动C(2→3)，B,C,A,D → B,A,C,D",sorting,"""B,C,A,D""","""B,A,C,D""","""C""",2,3
00000000000000000000000000000ad2,0000000000000000000000000000002b,0000000000000000000000000000002b,QT-SIM-043-8748,sim_openid_043_506613,leave_question,5,1782931667322,离开第5题,,,,,,
00000000000000000000000000000ad3,0000000000000000000000000000002b,0000000000000000000000000000002b,QT-SIM-043-8748,sim_openid_043_506613,enter_question,3,1782931670592,进入第6题,sorting,,,,,
00000000000000000000000000000ad4,0000000000000000000000000000002b,0000000000000000000000000000002b,QT-SIM-043-8748,sim_openid_043_506613,change_sorting_option,3,1782931683326,"拖动C(3→1)，A,B,C,D → C,A,B,D",sorting,"""A,B,C,D""","""C,A,B,D""","""C""",3,1
00000000000000000000000000000ad5,0000000000000000000000000000002b,0000000000000000000000000000002b,QT-SIM-043-8748,sim_openid_043_506613,change_sorting_option,3,1782931691240,"拖动A(2→3)，C,A,B,D → C,B,A,D",sorting,"""C,A,B,D""","""C,B,A,D""","""A""",2,3
00000000000000000000000000000ad6,0000000000000000000000000000002b,0000000000000000000000000000002b,QT-SIM-043-8748,sim_openid_043_506613,change_sorting_option,3,1782931695658,"拖动A(3→2)，C,B,A,D → C,A,B,D",sorting,"""C,B,A,D""","""C,A,B,D""","""A""",3,2
00000000000000000000000000000ad7,0000000000000000000000000000002b,0000000000000000000000000000002b,QT-SIM-043-8748,sim_openid_043_506613,leave_question,3,1782931703539,离开第6题,,,,,,
00000000000000000000000000000ad8,0000000000000000000000000000002b,0000000000000000000000000000002b,QT-SIM-043-8748,sim_openid_043_506613,enter_question,9,1782931706387,进入第7题,sorting,,,,,
00000000000000000000000000000ad9,0000000000000000000000000000002b,0000000000000000000000000000002b,QT-SIM-043-8748,sim_openid_043_506613,change_sorting_option,9,1782931738789,"拖动C(3→2)，A,B,C,D → A,C,B,D",sorting,"""A,B,C,D""","""A,C,B,D""","""C""",3,2
00000000000000000000000000000ada,0000000000000000000000000000002b,0000000000000000000000000000002b,QT-SIM-043-8748,sim_openid_043_506613,change_sorting_option,9,1782931746762,"拖动B(3→1)，A,C,B,D → B,A,C,D",sorting,"""A,C,B,D""","""B,A,C,D""","""B""",3,1
00000000000000000000000000000adb,0000000000000000000000000000002b,0000000000000000000000000000002b,QT-SIM-043-8748,sim_openid_043_506613,change_sorting_option,9,1782931749823,"拖动A(2→1)，B,A,C,D → A,B,C,D",sorting,"""B,A,C,D""","""A,B,C,D""","""A""",2,1
00000000000000000000000000000adc,0000000000000000000000000000002b,0000000000000000000000000000002b,QT-SIM-043-8748,sim_openid_043_506613,change_sorting_option,9,1782931757262,"拖动C(3→2)，A,B,C,D → A,C,B,D",sorting,"""A,B,C,D""","""A,C,B,D""","""C""",3,2
00000000000000000000000000000add,0000000000000000000000000000002b,0000000000000000000000000000002b,QT-SIM-043-8748,sim_openid_043_506613,change_sorting_option,9,1782931764647,"拖动D(4→3)，A,C,B,D → A,C,D,B",sorting,"""A,C,B,D""","""A,C,D,B""","""D""",4,3
00000000000000000000000000000ade,0000000000000000000000000000002b,0000000000000000000000000000002b,QT-SIM-043-8748,sim_openid_043_506613,change_sorting_option,9,1782931768167,"拖动D(3→4)，A,C,D,B → A,C,B,D",sorting,"""A,C,D,B""","""A,C,B,D""","""D""",3,4
00000000000000000000000000000adf,0000000000000000000000000000002b,0000000000000000000000000000002b,QT-SIM-043-8748,sim_openid_043_506613,leave_question,9,1782931780550,离开第7题,,,,,,
00000000000000000000000000000ae0,0000000000000000000000000000002b,0000000000000000000000000000002b,QT-SIM-043-8748,sim_openid_043_506613,enter_question,10,1782931781842,进入第8题,sorting,,,,,
00000000000000000000000000000ae1,0000000000000000000000000000002b,0000000000000000000000000000002b,QT-SIM-043-8748,sim_openid_043_506613,change_sorting_option,10,1782931823923,"拖动A(1→4)，A,B,C,D → B,C,D,A",sorting,"""A,B,C,D""","""B,C,D,A""","""A""",1,4
00000000000000000000000000000ae2,0000000000000000000000000000002b,0000000000000000000000000000002b,QT-SIM-043-8748,sim_openid_043_506613,change_sorting_option,10,1782931832178,"拖动D(3→2)，B,C,D,A → B,D,C,A",sorting,"""B,C,D,A""","""B,D,C,A""","""D""",3,2
00000000000000000000000000000ae3,0000000000000000000000000000002b,0000000000000000000000000000002b,QT-SIM-043-8748,sim_openid_043_506613,change_sorting_option,10,1782931835656,"拖动B(1→4)，B,D,C,A → D,C,A,B",sorting,"""B,D,C,A""","""D,C,A,B""","""B""",1,4
00000000000000000000000000000ae4,0000000000000000000000000000002b,0000000000000000000000000000002b,QT-SIM-043-8748,sim_openid_043_506613,change_sorting_option,10,1782931838865,"拖动D(1→2)，D,C,A,B → C,D,A,B",sorting,"""D,C,A,B""","""C,D,A,B""","""D""",1,2
00000000000000000000000000000ae5,0000000000000000000000000000002b,0000000000000000000000000000002b,QT-SIM-043-8748,sim_openid_043_506613,change_sorting_option,10,1782931845998,"拖动A(3→2)，C,D,A,B → C,A,D,B",sorting,"""C,D,A,B""","""C,A,D,B""","""A""",3,2
00000000000000000000000000000ae6,0000000000000000000000000000002b,0000000000000000000000000000002b,QT-SIM-043-8748,sim_openid_043_506613,change_sorting_option,10,1782931850338,"拖动D(3→2)，C,A,D,B → C,D,A,B",sorting,"""C,A,D,B""","""C,D,A,B""","""D""",3,2
00000000000000000000000000000ae7,0000000000000000000000000000002b,0000000000000000000000000000002b,QT-SIM-043-8748,sim_openid_043_506613,leave_question,10,1782931859417,离开第8题,,,,,,
00000000000000000000000000000ae8,0000000000000000000000000000002b,0000000000000000000000000000002b,QT-SIM-043-8748,sim_openid_043_506613,enter_question,7,1782931862846,进入第9题,sorting,,,,,
00000000000000000000000000000ae9,0000000000000000000000000000002b,0000000000000000000000000000002b,QT-SIM-043-8748,sim_openid_043_506613,change_sorting_option,7,1782931884516,"拖动B(2→3)，A,B,C,D → A,C,B,D",sorting,"""A,B,C,D""","""A,C,B,D""","""B""",2,3
00000000000000000000000000000aea,0000000000000000000000000000002b,0000000000000000000000000000002b,QT-SIM-043-8748,sim_openid_043_506613,change_sorting_option,7,1782931889939,"拖动D(4→1)，A,C,B,D → D,A,C,B",sorting,"""A,C,B,D""","""D,A,C,B""","""D""",4,1
00000000000000000000000000000aeb,0000000000000000000000000000002b,0000000000000000000000000000002b,QT-SIM-043-8748,sim_openid_043_506613,change_sorting_option,7,1782931893413,"拖动B(4→3)，D,A,C,B → D,A,B,C",sorting,"""D,A,C,B""","""D,A,B,C""","""B""",4,3
00000000000000000000000000000aec,0000000000000000000000000000002b,0000000000000000000000000000002b,QT-SIM-043-8748,sim_openid_043_506613,change_sorting_option,7,1782931896950,"拖动A(2→1)，D,A,B,C → A,D,B,C",sorting,"""D,A,B,C""","""A,D,B,C""","""A""",2,1
00000000000000000000000000000aed,0000000000000000000000000000002b,0000000000000000000000000000002b,QT-SIM-043-8748,sim_openid_043_506613,leave_question,7,1782931909163,离开第9题,,,,,,
00000000000000000000000000000aee,0000000000000000000000000000002b,0000000000000000000000000000002b,QT-SIM-043-8748,sim_openid_043_506613,enter_question,8,1782931911308,进入第10题,sorting,,,,,
00000000000000000000000000000aef,0000000000000000000000000000002b,0000000000000000000000000000002b,QT-SIM-043-8748,sim_openid_043_506613,change_sorting_option,8,1782931947779,"拖动A(1→3)，A,B,C,D → B,C,A,D",sorting,"""A,B,C,D""","""B,C,A,D""","""A""",1,3
00000000000000000000000000000af0,0000000000000000000000000000002b,0000000000000000000000000000002b,QT-SIM-043-8748,sim_openid_043_506613,change_sorting_option,8,1782931953149,"拖动B(1→3)，B,C,A,D → C,A,B,D",sorting,"""B,C,A,D""","""C,A,B,D""","""B""",1,3
00000000000000000000000000000af1,0000000000000000000000000000002b,0000000000000000000000000000002b,QT-SIM-043-8748,sim_openid_043_506613,change_sorting_option,8,1782931961985,"拖动A(2→3)，C,A,B,D → C,B,A,D",sorting,"""C,A,B,D""","""C,B,A,D""","""A""",2,3
00000000000000000000000000000af2,0000000000000000000000000000002b,0000000000000000000000000000002b,QT-SIM-043-8748,sim_openid_043_506613,leave_question,8,1782931969907,离开第10题,,,,,,
00000000000000000000000000000af3,0000000000000000000000000000002b,0000000000000000000000000000002b,QT-SIM-043-8748,sim_openid_043_506613,submit_exam,-1,1782931970523,提交试卷,,,,,,
00000000000000000000000000000af4,0000000000000000000000000000002c,0000000000000000000000000000002c,QT-SIM-044-4592,sim_openid_044_185936,start_exam,-1,1782932251194,开始答题,,,,,,
00000000000000000000000000000af5,0000000000000000000000000000002c,0000000000000000000000000000002c,QT-SIM-044-4592,sim_openid_044_185936,enter_exam,-1,1782932251219,进入试卷页面,,,,,,
00000000000000000000000000000af6,0000000000000000000000000000002c,0000000000000000000000000000002c,QT-SIM-044-4592,sim_openid_044_185936,enter_question,1,1782932254242,进入第1题,sorting,,,,,
00000000000000000000000000000af7,0000000000000000000000000000002c,0000000000000000000000000000002c,QT-SIM-044-4592,sim_openid_044_185936,change_sorting_option,1,1782932279163,"拖动A(1→4)，A,B,C,D → B,C,D,A",sorting,"""A,B,C,D""","""B,C,D,A""","""A""",1,4
00000000000000000000000000000af8,0000000000000000000000000000002c,0000000000000000000000000000002c,QT-SIM-044-4592,sim_openid_044_185936,change_sorting_option,1,1782932283807,"拖动B(1→4)，B,C,D,A → C,D,A,B",sorting,"""B,C,D,A""","""C,D,A,B""","""B""",1,4
00000000000000000000000000000af9,0000000000000000000000000000002c,0000000000000000000000000000002c,QT-SIM-044-4592,sim_openid_044_185936,change_sorting_option,1,1782932289913,"拖动D(2→3)，C,D,A,B → C,A,D,B",sorting,"""C,D,A,B""","""C,A,D,B""","""D""",2,3
00000000000000000000000000000afa,0000000000000000000000000000002c,0000000000000000000000000000002c,QT-SIM-044-4592,sim_openid_044_185936,change_sorting_option,1,1782932295351,"拖动A(2→1)，C,A,D,B → A,C,D,B",sorting,"""C,A,D,B""","""A,C,D,B""","""A""",2,1
00000000000000000000000000000afb,0000000000000000000000000000002c,0000000000000000000000000000002c,QT-SIM-044-4592,sim_openid_044_185936,leave_question,1,1782932299631,离开第1题,,,,,,
00000000000000000000000000000afc,0000000000000000000000000000002c,0000000000000000000000000000002c,QT-SIM-044-4592,sim_openid_044_185936,enter_question,4,1782932300701,进入第2题,sorting,,,,,
00000000000000000000000000000afd,0000000000000000000000000000002c,0000000000000000000000000000002c,QT-SIM-044-4592,sim_openid_044_185936,change_sorting_option,4,1782932324911,"拖动D(4→1)，A,B,C,D → D,A,B,C",sorting,"""A,B,C,D""","""D,A,B,C""","""D""",4,1
00000000000000000000000000000afe,0000000000000000000000000000002c,0000000000000000000000000000002c,QT-SIM-044-4592,sim_openid_044_185936,change_sorting_option,4,1782932328769,"拖动A(2→3)，D,A,B,C → D,B,A,C",sorting,"""D,A,B,C""","""D,B,A,C""","""A""",2,3
00000000000000000000000000000aff,0000000000000000000000000000002c,0000000000000000000000000000002c,QT-SIM-044-4592,sim_openid_044_185936,change_sorting_option,4,1782932335202,"拖动C(4→2)，D,B,A,C → D,C,B,A",sorting,"""D,B,A,C""","""D,C,B,A""","""C""",4,2
00000000000000000000000000000b00,0000000000000000000000000000002c,0000000000000000000000000000002c,QT-SIM-044-4592,sim_openid_044_185936,change_sorting_option,4,1782932341361,"拖动A(4→3)，D,C,B,A → D,C,A,B",sorting,"""D,C,B,A""","""D,C,A,B""","""A""",4,3
00000000000000000000000000000b01,0000000000000000000000000000002c,0000000000000000000000000000002c,QT-SIM-044-4592,sim_openid_044_185936,leave_question,4,1782932343858,离开第2题,,,,,,
00000000000000000000000000000b02,0000000000000000000000000000002c,0000000000000000000000000000002c,QT-SIM-044-4592,sim_openid_044_185936,enter_question,6,1782932346515,进入第3题,sorting,,,,,
00000000000000000000000000000b03,0000000000000000000000000000002c,0000000000000000000000000000002c,QT-SIM-044-4592,sim_openid_044_185936,change_sorting_option,6,1782932371392,"拖动D(4→1)，A,B,C,D → D,A,B,C",sorting,"""A,B,C,D""","""D,A,B,C""","""D""",4,1
00000000000000000000000000000b04,0000000000000000000000000000002c,0000000000000000000000000000002c,QT-SIM-044-4592,sim_openid_044_185936,change_sorting_option,6,1782932376401,"拖动A(2→4)，D,A,B,C → D,B,C,A",sorting,"""D,A,B,C""","""D,B,C,A""","""A""",2,4
00000000000000000000000000000b05,0000000000000000000000000000002c,0000000000000000000000000000002c,QT-SIM-044-4592,sim_openid_044_185936,change_sorting_option,6,1782932381555,"拖动C(3→2)，D,B,C,A → D,C,B,A",sorting,"""D,B,C,A""","""D,C,B,A""","""C""",3,2
00000000000000000000000000000b06,0000000000000000000000000000002c,0000000000000000000000000000002c,QT-SIM-044-4592,sim_openid_044_185936,leave_question,6,1782932388252,离开第3题,,,,,,
00000000000000000000000000000b07,0000000000000000000000000000002c,0000000000000000000000000000002c,QT-SIM-044-4592,sim_openid_044_185936,enter_question,2,1782932390472,进入第4题,sorting,,,,,
00000000000000000000000000000b08,0000000000000000000000000000002c,0000000000000000000000000000002c,QT-SIM-044-4592,sim_openid_044_185936,change_sorting_option,2,1782932397050,"拖动B(2→4)，A,B,C,D → A,C,D,B",sorting,"""A,B,C,D""","""A,C,D,B""","""B""",2,4
00000000000000000000000000000b09,0000000000000000000000000000002c,0000000000000000000000000000002c,QT-SIM-044-4592,sim_openid_044_185936,leave_question,2,1782932401825,离开第4题,,,,,,
00000000000000000000000000000b0a,0000000000000000000000000000002c,0000000000000000000000000000002c,QT-SIM-044-4592,sim_openid_044_185936,enter_question,5,1782932403083,进入第5题,sorting,,,,,
00000000000000000000000000000b0b,0000000000000000000000000000002c,0000000000000000000000000000002c,QT-SIM-044-4592,sim_openid_044_185936,change_sorting_option,5,1782932426154,"拖动B(2→1)，A,B,C,D → B,A,C,D",sorting,"""A,B,C,D""","""B,A,C,D""","""B""",2,1
00000000000000000000000000000b0c,0000000000000000000000000000002c,0000000000000000000000000000002c,QT-SIM-044-4592,sim_openid_044_185936,change_sorting_option,5,1782932431071,"拖动A(2→3)，B,A,C,D → B,C,A,D",sorting,"""B,A,C,D""","""B,C,A,D""","""A""",2,3
00000000000000000000000000000b0d,0000000000000000000000000000002c,0000000000000000000000000000002c,QT-SIM-044-4592,sim_openid_044_185936,leave_question,5,1782932437425,离开第5题,,,,,,
00000000000000000000000000000b0e,0000000000000000000000000000002c,0000000000000000000000000000002c,QT-SIM-044-4592,sim_openid_044_185936,enter_question,3,1782932440383,进入第6题,sorting,,,,,
00000000000000000000000000000b0f,0000000000000000000000000000002c,0000000000000000000000000000002c,QT-SIM-044-4592,sim_openid_044_185936,change_sorting_option,3,1782932456961,"拖动D(4→1)，A,B,C,D → D,A,B,C",sorting,"""A,B,C,D""","""D,A,B,C""","""D""",4,1
00000000000000000000000000000b10,0000000000000000000000000000002c,0000000000000000000000000000002c,QT-SIM-044-4592,sim_openid_044_185936,change_sorting_option,3,1782932458662,"拖动A(2→3)，D,A,B,C → D,B,A,C",sorting,"""D,A,B,C""","""D,B,A,C""","""A""",2,3
00000000000000000000000000000b11,0000000000000000000000000000002c,0000000000000000000000000000002c,QT-SIM-044-4592,sim_openid_044_185936,leave_question,3,1782932465426,离开第6题,,,,,,
00000000000000000000000000000b12,0000000000000000000000000000002c,0000000000000000000000000000002c,QT-SIM-044-4592,sim_openid_044_185936,enter_question,9,1782932466569,进入第7题,sorting,,,,,
00000000000000000000000000000b13,0000000000000000000000000000002c,0000000000000000000000000000002c,QT-SIM-044-4592,sim_openid_044_185936,change_sorting_option,9,1782932480625,"拖动B(2→4)，A,B,C,D → A,C,D,B",sorting,"""A,B,C,D""","""A,C,D,B""","""B""",2,4
00000000000000000000000000000b14,0000000000000000000000000000002c,0000000000000000000000000000002c,QT-SIM-044-4592,sim_openid_044_185936,change_sorting_option,9,1782932484329,"拖动A(1→3)，A,C,D,B → C,D,A,B",sorting,"""A,C,D,B""","""C,D,A,B""","""A""",1,3
00000000000000000000000000000b15,0000000000000000000000000000002c,0000000000000000000000000000002c,QT-SIM-044-4592,sim_openid_044_185936,leave_question,9,1782932493468,离开第7题,,,,,,
00000000000000000000000000000b16,0000000000000000000000000000002c,0000000000000000000000000000002c,QT-SIM-044-4592,sim_openid_044_185936,enter_question,10,1782932496135,进入第8题,sorting,,,,,
00000000000000000000000000000b17,0000000000000000000000000000002c,0000000000000000000000000000002c,QT-SIM-044-4592,sim_openid_044_185936,change_sorting_option,10,1782932516397,"拖动D(4→1)，A,B,C,D → D,A,B,C",sorting,"""A,B,C,D""","""D,A,B,C""","""D""",4,1
00000000000000000000000000000b18,0000000000000000000000000000002c,0000000000000000000000000000002c,QT-SIM-044-4592,sim_openid_044_185936,change_sorting_option,10,1782932522341,"拖动A(2→4)，D,A,B,C → D,B,C,A",sorting,"""D,A,B,C""","""D,B,C,A""","""A""",2,4
00000000000000000000000000000b19,0000000000000000000000000000002c,0000000000000000000000000000002c,QT-SIM-044-4592,sim_openid_044_185936,leave_question,10,1782932530169,离开第8题,,,,,,
00000000000000000000000000000b1a,0000000000000000000000000000002c,0000000000000000000000000000002c,QT-SIM-044-4592,sim_openid_044_185936,enter_question,7,1782932531635,进入第9题,sorting,,,,,
00000000000000000000000000000b1b,0000000000000000000000000000002c,0000000000000000000000000000002c,QT-SIM-044-4592,sim_openid_044_185936,change_sorting_option,7,1782932558395,"拖动D(4→2)，A,B,C,D → A,D,B,C",sorting,"""A,B,C,D""","""A,D,B,C""","""D""",4,2
00000000000000000000000000000b1c,0000000000000000000000000000002c,0000000000000000000000000000002c,QT-SIM-044-4592,sim_openid_044_185936,change_sorting_option,7,1782932561105,"拖动C(4→3)，A,D,B,C → A,D,C,B",sorting,"""A,D,B,C""","""A,D,C,B""","""C""",4,3
00000000000000000000000000000b1d,0000000000000000000000000000002c,0000000000000000000000000000002c,QT-SIM-044-4592,sim_openid_044_185936,leave_question,7,1782932567567,离开第9题,,,,,,
00000000000000000000000000000b1e,0000000000000000000000000000002c,0000000000000000000000000000002c,QT-SIM-044-4592,sim_openid_044_185936,enter_question,8,1782932568975,进入第10题,sorting,,,,,
00000000000000000000000000000b1f,0000000000000000000000000000002c,0000000000000000000000000000002c,QT-SIM-044-4592,sim_openid_044_185936,change_sorting_option,8,1782932589695,"拖动D(4→3)，A,B,C,D → A,B,D,C",sorting,"""A,B,C,D""","""A,B,D,C""","""D""",4,3
00000000000000000000000000000b20,0000000000000000000000000000002c,0000000000000000000000000000002c,QT-SIM-044-4592,sim_openid_044_185936,change_sorting_option,8,1782932590815,"拖动B(2→1)，A,B,D,C → B,A,D,C",sorting,"""A,B,D,C""","""B,A,D,C""","""B""",2,1
00000000000000000000000000000b21,0000000000000000000000000000002c,0000000000000000000000000000002c,QT-SIM-044-4592,sim_openid_044_185936,leave_question,8,1782932596357,离开第10题,,,,,,
00000000000000000000000000000b22,0000000000000000000000000000002c,0000000000000000000000000000002c,QT-SIM-044-4592,sim_openid_044_185936,submit_exam,-1,1782932597229,提交试卷,,,,,,
00000000000000000000000000000b23,0000000000000000000000000000002d,0000000000000000000000000000002d,QT-SIM-045-4020,sim_openid_045_327696,start_exam,-1,1782933158521,开始答题,,,,,,
00000000000000000000000000000b24,0000000000000000000000000000002d,0000000000000000000000000000002d,QT-SIM-045-4020,sim_openid_045_327696,enter_exam,-1,1782933158564,进入试卷页面,,,,,,
00000000000000000000000000000b25,0000000000000000000000000000002d,0000000000000000000000000000002d,QT-SIM-045-4020,sim_openid_045_327696,enter_question,1,1782933160385,进入第1题,sorting,,,,,
00000000000000000000000000000b26,0000000000000000000000000000002d,0000000000000000000000000000002d,QT-SIM-045-4020,sim_openid_045_327696,change_sorting_option,1,1782933166778,"拖动B(2→4)，A,B,C,D → A,C,D,B",sorting,"""A,B,C,D""","""A,C,D,B""","""B""",2,4
00000000000000000000000000000b27,0000000000000000000000000000002d,0000000000000000000000000000002d,QT-SIM-045-4020,sim_openid_045_327696,change_sorting_option,1,1782933169002,"拖动C(2→1)，A,C,D,B → C,A,D,B",sorting,"""A,C,D,B""","""C,A,D,B""","""C""",2,1
00000000000000000000000000000b28,0000000000000000000000000000002d,0000000000000000000000000000002d,QT-SIM-045-4020,sim_openid_045_327696,leave_question,1,1782933175597,离开第1题,,,,,,
00000000000000000000000000000b29,0000000000000000000000000000002d,0000000000000000000000000000002d,QT-SIM-045-4020,sim_openid_045_327696,enter_question,4,1782933176976,进入第2题,sorting,,,,,
00000000000000000000000000000b2a,0000000000000000000000000000002d,0000000000000000000000000000002d,QT-SIM-045-4020,sim_openid_045_327696,change_sorting_option,4,1782933190141,"拖动B(2→4)，A,B,C,D → A,C,D,B",sorting,"""A,B,C,D""","""A,C,D,B""","""B""",2,4
00000000000000000000000000000b2b,0000000000000000000000000000002d,0000000000000000000000000000002d,QT-SIM-045-4020,sim_openid_045_327696,leave_question,4,1782933195956,离开第2题,,,,,,
00000000000000000000000000000b2c,0000000000000000000000000000002d,0000000000000000000000000000002d,QT-SIM-045-4020,sim_openid_045_327696,enter_question,6,1782933198281,进入第3题,sorting,,,,,
00000000000000000000000000000b2d,0000000000000000000000000000002d,0000000000000000000000000000002d,QT-SIM-045-4020,sim_openid_045_327696,change_sorting_option,6,1782933211539,"拖动B(2→4)，A,B,C,D → A,C,D,B",sorting,"""A,B,C,D""","""A,C,D,B""","""B""",2,4
00000000000000000000000000000b2e,0000000000000000000000000000002d,0000000000000000000000000000002d,QT-SIM-045-4020,sim_openid_045_327696,change_sorting_option,6,1782933214462,"拖动D(3→1)，A,C,D,B → D,A,C,B",sorting,"""A,C,D,B""","""D,A,C,B""","""D""",3,1
00000000000000000000000000000b2f,0000000000000000000000000000002d,0000000000000000000000000000002d,QT-SIM-045-4020,sim_openid_045_327696,change_sorting_option,6,1782933216639,"拖动C(3→4)，D,A,C,B → D,A,B,C",sorting,"""D,A,C,B""","""D,A,B,C""","""C""",3,4
00000000000000000000000000000b30,0000000000000000000000000000002d,0000000000000000000000000000002d,QT-SIM-045-4020,sim_openid_045_327696,change_sorting_option,6,1782933218462,"拖动C(4→2)，D,A,B,C → D,C,A,B",sorting,"""D,A,B,C""","""D,C,A,B""","""C""",4,2
00000000000000000000000000000b31,0000000000000000000000000000002d,0000000000000000000000000000002d,QT-SIM-045-4020,sim_openid_045_327696,leave_question,6,1782933225651,离开第3题,,,,,,
00000000000000000000000000000b32,0000000000000000000000000000002d,0000000000000000000000000000002d,QT-SIM-045-4020,sim_openid_045_327696,enter_question,2,1782933228216,进入第4题,sorting,,,,,
00000000000000000000000000000b33,0000000000000000000000000000002d,0000000000000000000000000000002d,QT-SIM-045-4020,sim_openid_045_327696,change_sorting_option,2,1782933237185,"拖动A(1→2)，A,B,C,D → B,A,C,D",sorting,"""A,B,C,D""","""B,A,C,D""","""A""",1,2
00000000000000000000000000000b34,0000000000000000000000000000002d,0000000000000000000000000000002d,QT-SIM-045-4020,sim_openid_045_327696,leave_question,2,1782933242295,离开第4题,,,,,,
00000000000000000000000000000b35,0000000000000000000000000000002d,0000000000000000000000000000002d,QT-SIM-045-4020,sim_openid_045_327696,enter_question,5,1782933245581,进入第5题,sorting,,,,,
00000000000000000000000000000b36,0000000000000000000000000000002d,0000000000000000000000000000002d,QT-SIM-045-4020,sim_openid_045_327696,change_sorting_option,5,1782933251050,"拖动B(2→3)，A,B,C,D → A,C,B,D",sorting,"""A,B,C,D""","""A,C,B,D""","""B""",2,3
00000000000000000000000000000b37,0000000000000000000000000000002d,0000000000000000000000000000002d,QT-SIM-045-4020,sim_openid_045_327696,change_sorting_option,5,1782933254772,"拖动C(2→1)，A,C,B,D → C,A,B,D",sorting,"""A,C,B,D""","""C,A,B,D""","""C""",2,1
00000000000000000000000000000b38,0000000000000000000000000000002d,0000000000000000000000000000002d,QT-SIM-045-4020,sim_openid_045_327696,leave_question,5,1782933260294,离开第5题,,,,,,
00000000000000000000000000000b39,0000000000000000000000000000002d,0000000000000000000000000000002d,QT-SIM-045-4020,sim_openid_045_327696,enter_question,3,1782933263714,进入第6题,sorting,,,,,
00000000000000000000000000000b3a,0000000000000000000000000000002d,0000000000000000000000000000002d,QT-SIM-045-4020,sim_openid_045_327696,change_sorting_option,3,1782933277473,"拖动C(3→1)，A,B,C,D → C,A,B,D",sorting,"""A,B,C,D""","""C,A,B,D""","""C""",3,1
00000000000000000000000000000b3b,0000000000000000000000000000002d,0000000000000000000000000000002d,QT-SIM-045-4020,sim_openid_045_327696,change_sorting_option,3,1782933279133,"拖动A(2→4)，C,A,B,D → C,B,D,A",sorting,"""C,A,B,D""","""C,B,D,A""","""A""",2,4
00000000000000000000000000000b3c,0000000000000000000000000000002d,0000000000000000000000000000002d,QT-SIM-045-4020,sim_openid_045_327696,change_sorting_option,3,1782933281088,"拖动C(1→3)，C,B,D,A → B,D,C,A",sorting,"""C,B,D,A""","""B,D,C,A""","""C""",1,3
00000000000000000000000000000b3d,0000000000000000000000000000002d,0000000000000000000000000000002d,QT-SIM-045-4020,sim_openid_045_327696,change_sorting_option,3,1782933282347,"拖动C(3→1)，B,D,C,A → C,B,D,A",sorting,"""B,D,C,A""","""C,B,D,A""","""C""",3,1
00000000000000000000000000000b3e,0000000000000000000000000000002d,0000000000000000000000000000002d,QT-SIM-045-4020,sim_openid_045_327696,leave_question,3,1782933287250,离开第6题,,,,,,
00000000000000000000000000000b3f,0000000000000000000000000000002d,0000000000000000000000000000002d,QT-SIM-045-4020,sim_openid_045_327696,enter_question,9,1782933290398,进入第7题,sorting,,,,,
00000000000000000000000000000b40,0000000000000000000000000000002d,0000000000000000000000000000002d,QT-SIM-045-4020,sim_openid_045_327696,change_sorting_option,9,1782933299112,"拖动B(2→1)，A,B,C,D → B,A,C,D",sorting,"""A,B,C,D""","""B,A,C,D""","""B""",2,1
00000000000000000000000000000b41,0000000000000000000000000000002d,0000000000000000000000000000002d,QT-SIM-045-4020,sim_openid_045_327696,change_sorting_option,9,1782933301531,"拖动D(4→2)，B,A,C,D → B,D,A,C",sorting,"""B,A,C,D""","""B,D,A,C""","""D""",4,2
00000000000000000000000000000b42,0000000000000000000000000000002d,0000000000000000000000000000002d,QT-SIM-045-4020,sim_openid_045_327696,leave_question,9,1782933309584,离开第7题,,,,,,
00000000000000000000000000000b43,0000000000000000000000000000002d,0000000000000000000000000000002d,QT-SIM-045-4020,sim_openid_045_327696,enter_question,10,1782933312692,进入第8题,sorting,,,,,
00000000000000000000000000000b44,0000000000000000000000000000002d,0000000000000000000000000000002d,QT-SIM-045-4020,sim_openid_045_327696,change_sorting_option,10,1782933318889,"拖动B(2→3)，A,B,C,D → A,C,B,D",sorting,"""A,B,C,D""","""A,C,B,D""","""B""",2,3
00000000000000000000000000000b45,0000000000000000000000000000002d,0000000000000000000000000000002d,QT-SIM-045-4020,sim_openid_045_327696,change_sorting_option,10,1782933320658,"拖动C(2→4)，A,C,B,D → A,B,D,C",sorting,"""A,C,B,D""","""A,B,D,C""","""C""",2,4
00000000000000000000000000000b46,0000000000000000000000000000002d,0000000000000000000000000000002d,QT-SIM-045-4020,sim_openid_045_327696,change_sorting_option,10,1782933323172,"拖动B(2→3)，A,B,D,C → A,D,B,C",sorting,"""A,B,D,C""","""A,D,B,C""","""B""",2,3
00000000000000000000000000000b47,0000000000000000000000000000002d,0000000000000000000000000000002d,QT-SIM-045-4020,sim_openid_045_327696,leave_question,10,1782933326594,离开第8题,,,,,,
00000000000000000000000000000b48,0000000000000000000000000000002d,0000000000000000000000000000002d,QT-SIM-045-4020,sim_openid_045_327696,enter_question,7,1782933329908,进入第9题,sorting,,,,,
00000000000000000000000000000b49,0000000000000000000000000000002d,0000000000000000000000000000002d,QT-SIM-045-4020,sim_openid_045_327696,change_sorting_option,7,1782933341154,"拖动B(2→1)，A,B,C,D → B,A,C,D",sorting,"""A,B,C,D""","""B,A,C,D""","""B""",2,1
00000000000000000000000000000b4a,0000000000000000000000000000002d,0000000000000000000000000000002d,QT-SIM-045-4020,sim_openid_045_327696,change_sorting_option,7,1782933342889,"拖动C(3→4)，B,A,C,D → B,A,D,C",sorting,"""B,A,C,D""","""B,A,D,C""","""C""",3,4
00000000000000000000000000000b4b,0000000000000000000000000000002d,0000000000000000000000000000002d,QT-SIM-045-4020,sim_openid_045_327696,leave_question,7,1782933348205,离开第9题,,,,,,
00000000000000000000000000000b4c,0000000000000000000000000000002d,0000000000000000000000000000002d,QT-SIM-045-4020,sim_openid_045_327696,enter_question,8,1782933350865,进入第10题,sorting,,,,,
00000000000000000000000000000b4d,0000000000000000000000000000002d,0000000000000000000000000000002d,QT-SIM-045-4020,sim_openid_045_327696,change_sorting_option,8,1782933357974,"拖动D(4→1)，A,B,C,D → D,A,B,C",sorting,"""A,B,C,D""","""D,A,B,C""","""D""",4,1
00000000000000000000000000000b4e,0000000000000000000000000000002d,0000000000000000000000000000002d,QT-SIM-045-4020,sim_openid_045_327696,change_sorting_option,8,1782933360051,"拖动B(3→4)，D,A,B,C → D,A,C,B",sorting,"""D,A,B,C""","""D,A,C,B""","""B""",3,4
00000000000000000000000000000b4f,0000000000000000000000000000002d,0000000000000000000000000000002d,QT-SIM-045-4020,sim_openid_045_327696,leave_question,8,1782933366213,离开第10题,,,,,,
00000000000000000000000000000b50,0000000000000000000000000000002d,0000000000000000000000000000002d,QT-SIM-045-4020,sim_openid_045_327696,submit_exam,-1,1782933366854,提交试卷,,,,,,
